# corpus.txt 行号	教材文件（固定提交见 sources.json）
1	chapter_attention-mechanisms/attention-cues.md
2	chapter_attention-mechanisms/attention-cues.md
3	chapter_attention-mechanisms/attention-cues.md
4	chapter_attention-mechanisms/attention-cues.md
5	chapter_attention-mechanisms/attention-cues.md
6	chapter_attention-mechanisms/attention-cues.md
7	chapter_attention-mechanisms/attention-cues.md
8	chapter_attention-mechanisms/attention-cues.md
9	chapter_attention-mechanisms/attention-cues.md
10	chapter_attention-mechanisms/attention-cues.md
11	chapter_attention-mechanisms/attention-cues.md
12	chapter_attention-mechanisms/attention-cues.md
13	chapter_attention-mechanisms/attention-cues.md
14	chapter_attention-mechanisms/attention-cues.md
15	chapter_attention-mechanisms/attention-cues.md
16	chapter_attention-mechanisms/attention-scoring-functions.md
17	chapter_attention-mechanisms/attention-scoring-functions.md
18	chapter_attention-mechanisms/attention-scoring-functions.md
19	chapter_attention-mechanisms/attention-scoring-functions.md
20	chapter_attention-mechanisms/attention-scoring-functions.md
21	chapter_attention-mechanisms/attention-scoring-functions.md
22	chapter_attention-mechanisms/attention-scoring-functions.md
23	chapter_attention-mechanisms/attention-scoring-functions.md
24	chapter_attention-mechanisms/attention-scoring-functions.md
25	chapter_attention-mechanisms/attention-scoring-functions.md
26	chapter_attention-mechanisms/attention-scoring-functions.md
27	chapter_attention-mechanisms/attention-scoring-functions.md
28	chapter_attention-mechanisms/attention-scoring-functions.md
29	chapter_attention-mechanisms/attention-scoring-functions.md
30	chapter_attention-mechanisms/attention-scoring-functions.md
31	chapter_attention-mechanisms/attention-scoring-functions.md
32	chapter_attention-mechanisms/bahdanau-attention.md
33	chapter_attention-mechanisms/bahdanau-attention.md
34	chapter_attention-mechanisms/bahdanau-attention.md
35	chapter_attention-mechanisms/bahdanau-attention.md
36	chapter_attention-mechanisms/bahdanau-attention.md
37	chapter_attention-mechanisms/bahdanau-attention.md
38	chapter_attention-mechanisms/bahdanau-attention.md
39	chapter_attention-mechanisms/bahdanau-attention.md
40	chapter_attention-mechanisms/bahdanau-attention.md
41	chapter_attention-mechanisms/bahdanau-attention.md
42	chapter_attention-mechanisms/bahdanau-attention.md
43	chapter_attention-mechanisms/bahdanau-attention.md
44	chapter_attention-mechanisms/index.md
45	chapter_attention-mechanisms/index.md
46	chapter_attention-mechanisms/index.md
47	chapter_attention-mechanisms/index.md
48	chapter_attention-mechanisms/index.md
49	chapter_attention-mechanisms/multihead-attention.md
50	chapter_attention-mechanisms/multihead-attention.md
51	chapter_attention-mechanisms/multihead-attention.md
52	chapter_attention-mechanisms/multihead-attention.md
53	chapter_attention-mechanisms/multihead-attention.md
54	chapter_attention-mechanisms/multihead-attention.md
55	chapter_attention-mechanisms/multihead-attention.md
56	chapter_attention-mechanisms/multihead-attention.md
57	chapter_attention-mechanisms/multihead-attention.md
58	chapter_attention-mechanisms/multihead-attention.md
59	chapter_attention-mechanisms/nadaraya-waston.md
60	chapter_attention-mechanisms/nadaraya-waston.md
61	chapter_attention-mechanisms/nadaraya-waston.md
62	chapter_attention-mechanisms/nadaraya-waston.md
63	chapter_attention-mechanisms/nadaraya-waston.md
64	chapter_attention-mechanisms/nadaraya-waston.md
65	chapter_attention-mechanisms/nadaraya-waston.md
66	chapter_attention-mechanisms/nadaraya-waston.md
67	chapter_attention-mechanisms/nadaraya-waston.md
68	chapter_attention-mechanisms/nadaraya-waston.md
69	chapter_attention-mechanisms/nadaraya-waston.md
70	chapter_attention-mechanisms/nadaraya-waston.md
71	chapter_attention-mechanisms/nadaraya-waston.md
72	chapter_attention-mechanisms/nadaraya-waston.md
73	chapter_attention-mechanisms/nadaraya-waston.md
74	chapter_attention-mechanisms/nadaraya-waston.md
75	chapter_attention-mechanisms/nadaraya-waston.md
76	chapter_attention-mechanisms/nadaraya-waston.md
77	chapter_attention-mechanisms/nadaraya-waston.md
78	chapter_attention-mechanisms/nadaraya-waston.md
79	chapter_attention-mechanisms/nadaraya-waston.md
80	chapter_attention-mechanisms/self-attention-and-positional-encoding.md
81	chapter_attention-mechanisms/self-attention-and-positional-encoding.md
82	chapter_attention-mechanisms/self-attention-and-positional-encoding.md
83	chapter_attention-mechanisms/self-attention-and-positional-encoding.md
84	chapter_attention-mechanisms/self-attention-and-positional-encoding.md
85	chapter_attention-mechanisms/self-attention-and-positional-encoding.md
86	chapter_attention-mechanisms/self-attention-and-positional-encoding.md
87	chapter_attention-mechanisms/self-attention-and-positional-encoding.md
88	chapter_attention-mechanisms/self-attention-and-positional-encoding.md
89	chapter_attention-mechanisms/self-attention-and-positional-encoding.md
90	chapter_attention-mechanisms/self-attention-and-positional-encoding.md
91	chapter_attention-mechanisms/self-attention-and-positional-encoding.md
92	chapter_attention-mechanisms/self-attention-and-positional-encoding.md
93	chapter_attention-mechanisms/self-attention-and-positional-encoding.md
94	chapter_attention-mechanisms/self-attention-and-positional-encoding.md
95	chapter_attention-mechanisms/self-attention-and-positional-encoding.md
96	chapter_attention-mechanisms/self-attention-and-positional-encoding.md
97	chapter_attention-mechanisms/self-attention-and-positional-encoding.md
98	chapter_attention-mechanisms/transformer.md
99	chapter_attention-mechanisms/transformer.md
100	chapter_attention-mechanisms/transformer.md
101	chapter_attention-mechanisms/transformer.md
102	chapter_attention-mechanisms/transformer.md
103	chapter_attention-mechanisms/transformer.md
104	chapter_attention-mechanisms/transformer.md
105	chapter_attention-mechanisms/transformer.md
106	chapter_attention-mechanisms/transformer.md
107	chapter_attention-mechanisms/transformer.md
108	chapter_attention-mechanisms/transformer.md
109	chapter_attention-mechanisms/transformer.md
110	chapter_attention-mechanisms/transformer.md
111	chapter_attention-mechanisms/transformer.md
112	chapter_attention-mechanisms/transformer.md
113	chapter_attention-mechanisms/transformer.md
114	chapter_attention-mechanisms/transformer.md
115	chapter_attention-mechanisms/transformer.md
116	chapter_attention-mechanisms/transformer.md
117	chapter_attention-mechanisms/transformer.md
118	chapter_attention-mechanisms/transformer.md
119	chapter_attention-mechanisms/transformer.md
120	chapter_attention-mechanisms/transformer.md
121	chapter_attention-mechanisms/transformer.md
122	chapter_attention-mechanisms/transformer.md
123	chapter_attention-mechanisms/transformer.md
124	chapter_computational-performance/async-computation.md
125	chapter_computational-performance/async-computation.md
126	chapter_computational-performance/async-computation.md
127	chapter_computational-performance/async-computation.md
128	chapter_computational-performance/async-computation.md
129	chapter_computational-performance/async-computation.md
130	chapter_computational-performance/async-computation.md
131	chapter_computational-performance/async-computation.md
132	chapter_computational-performance/auto-parallelism.md
133	chapter_computational-performance/auto-parallelism.md
134	chapter_computational-performance/auto-parallelism.md
135	chapter_computational-performance/auto-parallelism.md
136	chapter_computational-performance/auto-parallelism.md
137	chapter_computational-performance/auto-parallelism.md
138	chapter_computational-performance/auto-parallelism.md
139	chapter_computational-performance/auto-parallelism.md
140	chapter_computational-performance/auto-parallelism.md
141	chapter_computational-performance/hardware.md
142	chapter_computational-performance/hardware.md
143	chapter_computational-performance/hardware.md
144	chapter_computational-performance/hardware.md
145	chapter_computational-performance/hardware.md
146	chapter_computational-performance/hardware.md
147	chapter_computational-performance/hardware.md
148	chapter_computational-performance/hardware.md
149	chapter_computational-performance/hardware.md
150	chapter_computational-performance/hardware.md
151	chapter_computational-performance/hardware.md
152	chapter_computational-performance/hardware.md
153	chapter_computational-performance/hardware.md
154	chapter_computational-performance/hardware.md
155	chapter_computational-performance/hardware.md
156	chapter_computational-performance/hardware.md
157	chapter_computational-performance/hardware.md
158	chapter_computational-performance/hardware.md
159	chapter_computational-performance/hardware.md
160	chapter_computational-performance/hardware.md
161	chapter_computational-performance/hardware.md
162	chapter_computational-performance/hardware.md
163	chapter_computational-performance/hardware.md
164	chapter_computational-performance/hardware.md
165	chapter_computational-performance/hardware.md
166	chapter_computational-performance/hardware.md
167	chapter_computational-performance/hardware.md
168	chapter_computational-performance/hardware.md
169	chapter_computational-performance/hardware.md
170	chapter_computational-performance/hardware.md
171	chapter_computational-performance/hardware.md
172	chapter_computational-performance/hardware.md
173	chapter_computational-performance/hardware.md
174	chapter_computational-performance/hardware.md
175	chapter_computational-performance/hardware.md
176	chapter_computational-performance/hybridize.md
177	chapter_computational-performance/hybridize.md
178	chapter_computational-performance/hybridize.md
179	chapter_computational-performance/hybridize.md
180	chapter_computational-performance/hybridize.md
181	chapter_computational-performance/hybridize.md
182	chapter_computational-performance/hybridize.md
183	chapter_computational-performance/hybridize.md
184	chapter_computational-performance/hybridize.md
185	chapter_computational-performance/hybridize.md
186	chapter_computational-performance/hybridize.md
187	chapter_computational-performance/hybridize.md
188	chapter_computational-performance/index.md
189	chapter_computational-performance/multiple-gpus-concise.md
190	chapter_computational-performance/multiple-gpus-concise.md
191	chapter_computational-performance/multiple-gpus-concise.md
192	chapter_computational-performance/multiple-gpus-concise.md
193	chapter_computational-performance/multiple-gpus-concise.md
194	chapter_computational-performance/multiple-gpus-concise.md
195	chapter_computational-performance/multiple-gpus.md
196	chapter_computational-performance/multiple-gpus.md
197	chapter_computational-performance/multiple-gpus.md
198	chapter_computational-performance/multiple-gpus.md
199	chapter_computational-performance/multiple-gpus.md
200	chapter_computational-performance/multiple-gpus.md
201	chapter_computational-performance/multiple-gpus.md
202	chapter_computational-performance/multiple-gpus.md
203	chapter_computational-performance/multiple-gpus.md
204	chapter_computational-performance/multiple-gpus.md
205	chapter_computational-performance/multiple-gpus.md
206	chapter_computational-performance/multiple-gpus.md
207	chapter_computational-performance/multiple-gpus.md
208	chapter_computational-performance/multiple-gpus.md
209	chapter_computational-performance/multiple-gpus.md
210	chapter_computational-performance/multiple-gpus.md
211	chapter_computational-performance/multiple-gpus.md
212	chapter_computational-performance/multiple-gpus.md
213	chapter_computational-performance/multiple-gpus.md
214	chapter_computational-performance/multiple-gpus.md
215	chapter_computational-performance/parameterserver.md
216	chapter_computational-performance/parameterserver.md
217	chapter_computational-performance/parameterserver.md
218	chapter_computational-performance/parameterserver.md
219	chapter_computational-performance/parameterserver.md
220	chapter_computational-performance/parameterserver.md
221	chapter_computational-performance/parameterserver.md
222	chapter_computational-performance/parameterserver.md
223	chapter_computational-performance/parameterserver.md
224	chapter_computational-performance/parameterserver.md
225	chapter_computational-performance/parameterserver.md
226	chapter_computational-performance/parameterserver.md
227	chapter_computational-performance/parameterserver.md
228	chapter_computational-performance/parameterserver.md
229	chapter_computational-performance/parameterserver.md
230	chapter_computational-performance/parameterserver.md
231	chapter_computational-performance/parameterserver.md
232	chapter_computational-performance/parameterserver.md
233	chapter_computational-performance/parameterserver.md
234	chapter_computational-performance/parameterserver.md
235	chapter_computational-performance/parameterserver.md
236	chapter_computer-vision/anchor.md
237	chapter_computer-vision/anchor.md
238	chapter_computer-vision/anchor.md
239	chapter_computer-vision/anchor.md
240	chapter_computer-vision/anchor.md
241	chapter_computer-vision/anchor.md
242	chapter_computer-vision/anchor.md
243	chapter_computer-vision/anchor.md
244	chapter_computer-vision/anchor.md
245	chapter_computer-vision/anchor.md
246	chapter_computer-vision/anchor.md
247	chapter_computer-vision/anchor.md
248	chapter_computer-vision/anchor.md
249	chapter_computer-vision/anchor.md
250	chapter_computer-vision/anchor.md
251	chapter_computer-vision/anchor.md
252	chapter_computer-vision/anchor.md
253	chapter_computer-vision/anchor.md
254	chapter_computer-vision/anchor.md
255	chapter_computer-vision/anchor.md
256	chapter_computer-vision/anchor.md
257	chapter_computer-vision/anchor.md
258	chapter_computer-vision/anchor.md
259	chapter_computer-vision/anchor.md
260	chapter_computer-vision/anchor.md
261	chapter_computer-vision/anchor.md
262	chapter_computer-vision/anchor.md
263	chapter_computer-vision/anchor.md
264	chapter_computer-vision/anchor.md
265	chapter_computer-vision/anchor.md
266	chapter_computer-vision/anchor.md
267	chapter_computer-vision/anchor.md
268	chapter_computer-vision/anchor.md
269	chapter_computer-vision/anchor.md
270	chapter_computer-vision/anchor.md
271	chapter_computer-vision/anchor.md
272	chapter_computer-vision/bounding-box.md
273	chapter_computer-vision/bounding-box.md
274	chapter_computer-vision/bounding-box.md
275	chapter_computer-vision/bounding-box.md
276	chapter_computer-vision/bounding-box.md
277	chapter_computer-vision/bounding-box.md
278	chapter_computer-vision/bounding-box.md
279	chapter_computer-vision/bounding-box.md
280	chapter_computer-vision/bounding-box.md
281	chapter_computer-vision/bounding-box.md
282	chapter_computer-vision/bounding-box.md
283	chapter_computer-vision/fcn.md
284	chapter_computer-vision/fcn.md
285	chapter_computer-vision/fcn.md
286	chapter_computer-vision/fcn.md
287	chapter_computer-vision/fcn.md
288	chapter_computer-vision/fcn.md
289	chapter_computer-vision/fcn.md
290	chapter_computer-vision/fcn.md
291	chapter_computer-vision/fcn.md
292	chapter_computer-vision/fcn.md
293	chapter_computer-vision/fcn.md
294	chapter_computer-vision/fcn.md
295	chapter_computer-vision/fcn.md
296	chapter_computer-vision/fcn.md
297	chapter_computer-vision/fcn.md
298	chapter_computer-vision/fcn.md
299	chapter_computer-vision/fcn.md
300	chapter_computer-vision/fcn.md
301	chapter_computer-vision/fcn.md
302	chapter_computer-vision/fcn.md
303	chapter_computer-vision/fcn.md
304	chapter_computer-vision/fcn.md
305	chapter_computer-vision/fine-tuning.md
306	chapter_computer-vision/fine-tuning.md
307	chapter_computer-vision/fine-tuning.md
308	chapter_computer-vision/fine-tuning.md
309	chapter_computer-vision/fine-tuning.md
310	chapter_computer-vision/fine-tuning.md
311	chapter_computer-vision/fine-tuning.md
312	chapter_computer-vision/fine-tuning.md
313	chapter_computer-vision/fine-tuning.md
314	chapter_computer-vision/fine-tuning.md
315	chapter_computer-vision/fine-tuning.md
316	chapter_computer-vision/fine-tuning.md
317	chapter_computer-vision/fine-tuning.md
318	chapter_computer-vision/fine-tuning.md
319	chapter_computer-vision/fine-tuning.md
320	chapter_computer-vision/fine-tuning.md
321	chapter_computer-vision/fine-tuning.md
322	chapter_computer-vision/fine-tuning.md
323	chapter_computer-vision/fine-tuning.md
324	chapter_computer-vision/image-augmentation.md
325	chapter_computer-vision/image-augmentation.md
326	chapter_computer-vision/image-augmentation.md
327	chapter_computer-vision/image-augmentation.md
328	chapter_computer-vision/image-augmentation.md
329	chapter_computer-vision/image-augmentation.md
330	chapter_computer-vision/image-augmentation.md
331	chapter_computer-vision/image-augmentation.md
332	chapter_computer-vision/image-augmentation.md
333	chapter_computer-vision/image-augmentation.md
334	chapter_computer-vision/image-augmentation.md
335	chapter_computer-vision/image-augmentation.md
336	chapter_computer-vision/image-augmentation.md
337	chapter_computer-vision/image-augmentation.md
338	chapter_computer-vision/image-augmentation.md
339	chapter_computer-vision/index.md
340	chapter_computer-vision/index.md
341	chapter_computer-vision/kaggle-cifar10.md
342	chapter_computer-vision/kaggle-cifar10.md
343	chapter_computer-vision/kaggle-cifar10.md
344	chapter_computer-vision/kaggle-cifar10.md
345	chapter_computer-vision/kaggle-cifar10.md
346	chapter_computer-vision/kaggle-cifar10.md
347	chapter_computer-vision/kaggle-cifar10.md
348	chapter_computer-vision/kaggle-cifar10.md
349	chapter_computer-vision/kaggle-cifar10.md
350	chapter_computer-vision/kaggle-cifar10.md
351	chapter_computer-vision/kaggle-cifar10.md
352	chapter_computer-vision/kaggle-cifar10.md
353	chapter_computer-vision/kaggle-cifar10.md
354	chapter_computer-vision/kaggle-cifar10.md
355	chapter_computer-vision/kaggle-cifar10.md
356	chapter_computer-vision/kaggle-cifar10.md
357	chapter_computer-vision/kaggle-cifar10.md
358	chapter_computer-vision/kaggle-dog.md
359	chapter_computer-vision/kaggle-dog.md
360	chapter_computer-vision/kaggle-dog.md
361	chapter_computer-vision/kaggle-dog.md
362	chapter_computer-vision/kaggle-dog.md
363	chapter_computer-vision/kaggle-dog.md
364	chapter_computer-vision/kaggle-dog.md
365	chapter_computer-vision/kaggle-dog.md
366	chapter_computer-vision/kaggle-dog.md
367	chapter_computer-vision/kaggle-dog.md
368	chapter_computer-vision/kaggle-dog.md
369	chapter_computer-vision/kaggle-dog.md
370	chapter_computer-vision/kaggle-dog.md
371	chapter_computer-vision/kaggle-dog.md
372	chapter_computer-vision/kaggle-dog.md
373	chapter_computer-vision/kaggle-dog.md
374	chapter_computer-vision/multiscale-object-detection.md
375	chapter_computer-vision/multiscale-object-detection.md
376	chapter_computer-vision/multiscale-object-detection.md
377	chapter_computer-vision/multiscale-object-detection.md
378	chapter_computer-vision/multiscale-object-detection.md
379	chapter_computer-vision/multiscale-object-detection.md
380	chapter_computer-vision/multiscale-object-detection.md
381	chapter_computer-vision/multiscale-object-detection.md
382	chapter_computer-vision/multiscale-object-detection.md
383	chapter_computer-vision/multiscale-object-detection.md
384	chapter_computer-vision/multiscale-object-detection.md
385	chapter_computer-vision/multiscale-object-detection.md
386	chapter_computer-vision/multiscale-object-detection.md
387	chapter_computer-vision/multiscale-object-detection.md
388	chapter_computer-vision/multiscale-object-detection.md
389	chapter_computer-vision/multiscale-object-detection.md
390	chapter_computer-vision/neural-style.md
391	chapter_computer-vision/neural-style.md
392	chapter_computer-vision/neural-style.md
393	chapter_computer-vision/neural-style.md
394	chapter_computer-vision/neural-style.md
395	chapter_computer-vision/neural-style.md
396	chapter_computer-vision/neural-style.md
397	chapter_computer-vision/neural-style.md
398	chapter_computer-vision/neural-style.md
399	chapter_computer-vision/neural-style.md
400	chapter_computer-vision/neural-style.md
401	chapter_computer-vision/neural-style.md
402	chapter_computer-vision/neural-style.md
403	chapter_computer-vision/neural-style.md
404	chapter_computer-vision/neural-style.md
405	chapter_computer-vision/neural-style.md
406	chapter_computer-vision/neural-style.md
407	chapter_computer-vision/neural-style.md
408	chapter_computer-vision/neural-style.md
409	chapter_computer-vision/neural-style.md
410	chapter_computer-vision/neural-style.md
411	chapter_computer-vision/neural-style.md
412	chapter_computer-vision/neural-style.md
413	chapter_computer-vision/neural-style.md
414	chapter_computer-vision/neural-style.md
415	chapter_computer-vision/object-detection-dataset.md
416	chapter_computer-vision/object-detection-dataset.md
417	chapter_computer-vision/object-detection-dataset.md
418	chapter_computer-vision/object-detection-dataset.md
419	chapter_computer-vision/object-detection-dataset.md
420	chapter_computer-vision/object-detection-dataset.md
421	chapter_computer-vision/object-detection-dataset.md
422	chapter_computer-vision/object-detection-dataset.md
423	chapter_computer-vision/object-detection-dataset.md
424	chapter_computer-vision/rcnn.md
425	chapter_computer-vision/rcnn.md
426	chapter_computer-vision/rcnn.md
427	chapter_computer-vision/rcnn.md
428	chapter_computer-vision/rcnn.md
429	chapter_computer-vision/rcnn.md
430	chapter_computer-vision/rcnn.md
431	chapter_computer-vision/rcnn.md
432	chapter_computer-vision/rcnn.md
433	chapter_computer-vision/rcnn.md
434	chapter_computer-vision/rcnn.md
435	chapter_computer-vision/rcnn.md
436	chapter_computer-vision/rcnn.md
437	chapter_computer-vision/rcnn.md
438	chapter_computer-vision/rcnn.md
439	chapter_computer-vision/rcnn.md
440	chapter_computer-vision/rcnn.md
441	chapter_computer-vision/rcnn.md
442	chapter_computer-vision/rcnn.md
443	chapter_computer-vision/semantic-segmentation-and-dataset.md
444	chapter_computer-vision/semantic-segmentation-and-dataset.md
445	chapter_computer-vision/semantic-segmentation-and-dataset.md
446	chapter_computer-vision/semantic-segmentation-and-dataset.md
447	chapter_computer-vision/semantic-segmentation-and-dataset.md
448	chapter_computer-vision/semantic-segmentation-and-dataset.md
449	chapter_computer-vision/semantic-segmentation-and-dataset.md
450	chapter_computer-vision/semantic-segmentation-and-dataset.md
451	chapter_computer-vision/semantic-segmentation-and-dataset.md
452	chapter_computer-vision/semantic-segmentation-and-dataset.md
453	chapter_computer-vision/semantic-segmentation-and-dataset.md
454	chapter_computer-vision/semantic-segmentation-and-dataset.md
455	chapter_computer-vision/semantic-segmentation-and-dataset.md
456	chapter_computer-vision/semantic-segmentation-and-dataset.md
457	chapter_computer-vision/ssd.md
458	chapter_computer-vision/ssd.md
459	chapter_computer-vision/ssd.md
460	chapter_computer-vision/ssd.md
461	chapter_computer-vision/ssd.md
462	chapter_computer-vision/ssd.md
463	chapter_computer-vision/ssd.md
464	chapter_computer-vision/ssd.md
465	chapter_computer-vision/ssd.md
466	chapter_computer-vision/ssd.md
467	chapter_computer-vision/ssd.md
468	chapter_computer-vision/ssd.md
469	chapter_computer-vision/ssd.md
470	chapter_computer-vision/ssd.md
471	chapter_computer-vision/ssd.md
472	chapter_computer-vision/ssd.md
473	chapter_computer-vision/ssd.md
474	chapter_computer-vision/ssd.md
475	chapter_computer-vision/ssd.md
476	chapter_computer-vision/ssd.md
477	chapter_computer-vision/ssd.md
478	chapter_computer-vision/ssd.md
479	chapter_computer-vision/ssd.md
480	chapter_computer-vision/ssd.md
481	chapter_computer-vision/ssd.md
482	chapter_computer-vision/ssd.md
483	chapter_computer-vision/ssd.md
484	chapter_computer-vision/ssd.md
485	chapter_computer-vision/ssd.md
486	chapter_computer-vision/ssd.md
487	chapter_computer-vision/ssd.md
488	chapter_computer-vision/ssd.md
489	chapter_computer-vision/transposed-conv.md
490	chapter_computer-vision/transposed-conv.md
491	chapter_computer-vision/transposed-conv.md
492	chapter_computer-vision/transposed-conv.md
493	chapter_computer-vision/transposed-conv.md
494	chapter_computer-vision/transposed-conv.md
495	chapter_computer-vision/transposed-conv.md
496	chapter_computer-vision/transposed-conv.md
497	chapter_computer-vision/transposed-conv.md
498	chapter_computer-vision/transposed-conv.md
499	chapter_computer-vision/transposed-conv.md
500	chapter_computer-vision/transposed-conv.md
501	chapter_computer-vision/transposed-conv.md
502	chapter_computer-vision/transposed-conv.md
503	chapter_computer-vision/transposed-conv.md
504	chapter_computer-vision/transposed-conv.md
505	chapter_convolutional-modern/alexnet.md
506	chapter_convolutional-modern/alexnet.md
507	chapter_convolutional-modern/alexnet.md
508	chapter_convolutional-modern/alexnet.md
509	chapter_convolutional-modern/alexnet.md
510	chapter_convolutional-modern/alexnet.md
511	chapter_convolutional-modern/alexnet.md
512	chapter_convolutional-modern/alexnet.md
513	chapter_convolutional-modern/alexnet.md
514	chapter_convolutional-modern/alexnet.md
515	chapter_convolutional-modern/alexnet.md
516	chapter_convolutional-modern/alexnet.md
517	chapter_convolutional-modern/alexnet.md
518	chapter_convolutional-modern/alexnet.md
519	chapter_convolutional-modern/alexnet.md
520	chapter_convolutional-modern/alexnet.md
521	chapter_convolutional-modern/alexnet.md
522	chapter_convolutional-modern/alexnet.md
523	chapter_convolutional-modern/alexnet.md
524	chapter_convolutional-modern/alexnet.md
525	chapter_convolutional-modern/alexnet.md
526	chapter_convolutional-modern/alexnet.md
527	chapter_convolutional-modern/alexnet.md
528	chapter_convolutional-modern/alexnet.md
529	chapter_convolutional-modern/alexnet.md
530	chapter_convolutional-modern/alexnet.md
531	chapter_convolutional-modern/alexnet.md
532	chapter_convolutional-modern/batch-norm.md
533	chapter_convolutional-modern/batch-norm.md
534	chapter_convolutional-modern/batch-norm.md
535	chapter_convolutional-modern/batch-norm.md
536	chapter_convolutional-modern/batch-norm.md
537	chapter_convolutional-modern/batch-norm.md
538	chapter_convolutional-modern/batch-norm.md
539	chapter_convolutional-modern/batch-norm.md
540	chapter_convolutional-modern/batch-norm.md
541	chapter_convolutional-modern/batch-norm.md
542	chapter_convolutional-modern/batch-norm.md
543	chapter_convolutional-modern/batch-norm.md
544	chapter_convolutional-modern/batch-norm.md
545	chapter_convolutional-modern/batch-norm.md
546	chapter_convolutional-modern/batch-norm.md
547	chapter_convolutional-modern/batch-norm.md
548	chapter_convolutional-modern/batch-norm.md
549	chapter_convolutional-modern/batch-norm.md
550	chapter_convolutional-modern/batch-norm.md
551	chapter_convolutional-modern/batch-norm.md
552	chapter_convolutional-modern/batch-norm.md
553	chapter_convolutional-modern/batch-norm.md
554	chapter_convolutional-modern/batch-norm.md
555	chapter_convolutional-modern/batch-norm.md
556	chapter_convolutional-modern/batch-norm.md
557	chapter_convolutional-modern/batch-norm.md
558	chapter_convolutional-modern/batch-norm.md
559	chapter_convolutional-modern/batch-norm.md
560	chapter_convolutional-modern/densenet.md
561	chapter_convolutional-modern/densenet.md
562	chapter_convolutional-modern/densenet.md
563	chapter_convolutional-modern/densenet.md
564	chapter_convolutional-modern/densenet.md
565	chapter_convolutional-modern/densenet.md
566	chapter_convolutional-modern/densenet.md
567	chapter_convolutional-modern/densenet.md
568	chapter_convolutional-modern/densenet.md
569	chapter_convolutional-modern/densenet.md
570	chapter_convolutional-modern/densenet.md
571	chapter_convolutional-modern/densenet.md
572	chapter_convolutional-modern/densenet.md
573	chapter_convolutional-modern/densenet.md
574	chapter_convolutional-modern/densenet.md
575	chapter_convolutional-modern/densenet.md
576	chapter_convolutional-modern/googlenet.md
577	chapter_convolutional-modern/googlenet.md
578	chapter_convolutional-modern/googlenet.md
579	chapter_convolutional-modern/googlenet.md
580	chapter_convolutional-modern/googlenet.md
581	chapter_convolutional-modern/googlenet.md
582	chapter_convolutional-modern/googlenet.md
583	chapter_convolutional-modern/googlenet.md
584	chapter_convolutional-modern/googlenet.md
585	chapter_convolutional-modern/googlenet.md
586	chapter_convolutional-modern/googlenet.md
587	chapter_convolutional-modern/googlenet.md
588	chapter_convolutional-modern/googlenet.md
589	chapter_convolutional-modern/index.md
590	chapter_convolutional-modern/index.md
591	chapter_convolutional-modern/index.md
592	chapter_convolutional-modern/nin.md
593	chapter_convolutional-modern/nin.md
594	chapter_convolutional-modern/nin.md
595	chapter_convolutional-modern/nin.md
596	chapter_convolutional-modern/nin.md
597	chapter_convolutional-modern/nin.md
598	chapter_convolutional-modern/resnet.md
599	chapter_convolutional-modern/resnet.md
600	chapter_convolutional-modern/resnet.md
601	chapter_convolutional-modern/resnet.md
602	chapter_convolutional-modern/resnet.md
603	chapter_convolutional-modern/resnet.md
604	chapter_convolutional-modern/resnet.md
605	chapter_convolutional-modern/resnet.md
606	chapter_convolutional-modern/resnet.md
607	chapter_convolutional-modern/resnet.md
608	chapter_convolutional-modern/resnet.md
609	chapter_convolutional-modern/resnet.md
610	chapter_convolutional-modern/resnet.md
611	chapter_convolutional-modern/resnet.md
612	chapter_convolutional-modern/vgg.md
613	chapter_convolutional-modern/vgg.md
614	chapter_convolutional-modern/vgg.md
615	chapter_convolutional-modern/vgg.md
616	chapter_convolutional-modern/vgg.md
617	chapter_convolutional-modern/vgg.md
618	chapter_convolutional-modern/vgg.md
619	chapter_convolutional-modern/vgg.md
620	chapter_convolutional-modern/vgg.md
621	chapter_convolutional-modern/vgg.md
622	chapter_convolutional-modern/vgg.md
623	chapter_convolutional-modern/vgg.md
624	chapter_convolutional-modern/vgg.md
625	chapter_convolutional-neural-networks/channels.md
626	chapter_convolutional-neural-networks/channels.md
627	chapter_convolutional-neural-networks/channels.md
628	chapter_convolutional-neural-networks/channels.md
629	chapter_convolutional-neural-networks/channels.md
630	chapter_convolutional-neural-networks/channels.md
631	chapter_convolutional-neural-networks/channels.md
632	chapter_convolutional-neural-networks/channels.md
633	chapter_convolutional-neural-networks/channels.md
634	chapter_convolutional-neural-networks/channels.md
635	chapter_convolutional-neural-networks/channels.md
636	chapter_convolutional-neural-networks/channels.md
637	chapter_convolutional-neural-networks/channels.md
638	chapter_convolutional-neural-networks/channels.md
639	chapter_convolutional-neural-networks/channels.md
640	chapter_convolutional-neural-networks/channels.md
641	chapter_convolutional-neural-networks/channels.md
642	chapter_convolutional-neural-networks/conv-layer.md
643	chapter_convolutional-neural-networks/conv-layer.md
644	chapter_convolutional-neural-networks/conv-layer.md
645	chapter_convolutional-neural-networks/conv-layer.md
646	chapter_convolutional-neural-networks/conv-layer.md
647	chapter_convolutional-neural-networks/conv-layer.md
648	chapter_convolutional-neural-networks/conv-layer.md
649	chapter_convolutional-neural-networks/conv-layer.md
650	chapter_convolutional-neural-networks/conv-layer.md
651	chapter_convolutional-neural-networks/conv-layer.md
652	chapter_convolutional-neural-networks/conv-layer.md
653	chapter_convolutional-neural-networks/conv-layer.md
654	chapter_convolutional-neural-networks/conv-layer.md
655	chapter_convolutional-neural-networks/conv-layer.md
656	chapter_convolutional-neural-networks/conv-layer.md
657	chapter_convolutional-neural-networks/conv-layer.md
658	chapter_convolutional-neural-networks/conv-layer.md
659	chapter_convolutional-neural-networks/conv-layer.md
660	chapter_convolutional-neural-networks/conv-layer.md
661	chapter_convolutional-neural-networks/conv-layer.md
662	chapter_convolutional-neural-networks/conv-layer.md
663	chapter_convolutional-neural-networks/conv-layer.md
664	chapter_convolutional-neural-networks/conv-layer.md
665	chapter_convolutional-neural-networks/conv-layer.md
666	chapter_convolutional-neural-networks/conv-layer.md
667	chapter_convolutional-neural-networks/index.md
668	chapter_convolutional-neural-networks/index.md
669	chapter_convolutional-neural-networks/index.md
670	chapter_convolutional-neural-networks/index.md
671	chapter_convolutional-neural-networks/lenet.md
672	chapter_convolutional-neural-networks/lenet.md
673	chapter_convolutional-neural-networks/lenet.md
674	chapter_convolutional-neural-networks/lenet.md
675	chapter_convolutional-neural-networks/lenet.md
676	chapter_convolutional-neural-networks/lenet.md
677	chapter_convolutional-neural-networks/lenet.md
678	chapter_convolutional-neural-networks/lenet.md
679	chapter_convolutional-neural-networks/lenet.md
680	chapter_convolutional-neural-networks/lenet.md
681	chapter_convolutional-neural-networks/lenet.md
682	chapter_convolutional-neural-networks/lenet.md
683	chapter_convolutional-neural-networks/lenet.md
684	chapter_convolutional-neural-networks/lenet.md
685	chapter_convolutional-neural-networks/padding-and-strides.md
686	chapter_convolutional-neural-networks/padding-and-strides.md
687	chapter_convolutional-neural-networks/padding-and-strides.md
688	chapter_convolutional-neural-networks/padding-and-strides.md
689	chapter_convolutional-neural-networks/padding-and-strides.md
690	chapter_convolutional-neural-networks/padding-and-strides.md
691	chapter_convolutional-neural-networks/padding-and-strides.md
692	chapter_convolutional-neural-networks/padding-and-strides.md
693	chapter_convolutional-neural-networks/padding-and-strides.md
694	chapter_convolutional-neural-networks/padding-and-strides.md
695	chapter_convolutional-neural-networks/padding-and-strides.md
696	chapter_convolutional-neural-networks/padding-and-strides.md
697	chapter_convolutional-neural-networks/padding-and-strides.md
698	chapter_convolutional-neural-networks/padding-and-strides.md
699	chapter_convolutional-neural-networks/padding-and-strides.md
700	chapter_convolutional-neural-networks/padding-and-strides.md
701	chapter_convolutional-neural-networks/pooling.md
702	chapter_convolutional-neural-networks/pooling.md
703	chapter_convolutional-neural-networks/pooling.md
704	chapter_convolutional-neural-networks/pooling.md
705	chapter_convolutional-neural-networks/pooling.md
706	chapter_convolutional-neural-networks/pooling.md
707	chapter_convolutional-neural-networks/pooling.md
708	chapter_convolutional-neural-networks/pooling.md
709	chapter_convolutional-neural-networks/pooling.md
710	chapter_convolutional-neural-networks/pooling.md
711	chapter_convolutional-neural-networks/pooling.md
712	chapter_convolutional-neural-networks/pooling.md
713	chapter_convolutional-neural-networks/pooling.md
714	chapter_convolutional-neural-networks/why-conv.md
715	chapter_convolutional-neural-networks/why-conv.md
716	chapter_convolutional-neural-networks/why-conv.md
717	chapter_convolutional-neural-networks/why-conv.md
718	chapter_convolutional-neural-networks/why-conv.md
719	chapter_convolutional-neural-networks/why-conv.md
720	chapter_convolutional-neural-networks/why-conv.md
721	chapter_convolutional-neural-networks/why-conv.md
722	chapter_convolutional-neural-networks/why-conv.md
723	chapter_convolutional-neural-networks/why-conv.md
724	chapter_convolutional-neural-networks/why-conv.md
725	chapter_convolutional-neural-networks/why-conv.md
726	chapter_convolutional-neural-networks/why-conv.md
727	chapter_convolutional-neural-networks/why-conv.md
728	chapter_convolutional-neural-networks/why-conv.md
729	chapter_convolutional-neural-networks/why-conv.md
730	chapter_convolutional-neural-networks/why-conv.md
731	chapter_convolutional-neural-networks/why-conv.md
732	chapter_convolutional-neural-networks/why-conv.md
733	chapter_convolutional-neural-networks/why-conv.md
734	chapter_convolutional-neural-networks/why-conv.md
735	chapter_convolutional-neural-networks/why-conv.md
736	chapter_convolutional-neural-networks/why-conv.md
737	chapter_convolutional-neural-networks/why-conv.md
738	chapter_deep-learning-computation/custom-layer.md
739	chapter_deep-learning-computation/custom-layer.md
740	chapter_deep-learning-computation/custom-layer.md
741	chapter_deep-learning-computation/custom-layer.md
742	chapter_deep-learning-computation/custom-layer.md
743	chapter_deep-learning-computation/custom-layer.md
744	chapter_deep-learning-computation/custom-layer.md
745	chapter_deep-learning-computation/custom-layer.md
746	chapter_deep-learning-computation/deferred-init.md
747	chapter_deep-learning-computation/deferred-init.md
748	chapter_deep-learning-computation/deferred-init.md
749	chapter_deep-learning-computation/deferred-init.md
750	chapter_deep-learning-computation/deferred-init.md
751	chapter_deep-learning-computation/deferred-init.md
752	chapter_deep-learning-computation/deferred-init.md
753	chapter_deep-learning-computation/index.md
754	chapter_deep-learning-computation/index.md
755	chapter_deep-learning-computation/model-construction.md
756	chapter_deep-learning-computation/model-construction.md
757	chapter_deep-learning-computation/model-construction.md
758	chapter_deep-learning-computation/model-construction.md
759	chapter_deep-learning-computation/model-construction.md
760	chapter_deep-learning-computation/model-construction.md
761	chapter_deep-learning-computation/model-construction.md
762	chapter_deep-learning-computation/model-construction.md
763	chapter_deep-learning-computation/model-construction.md
764	chapter_deep-learning-computation/model-construction.md
765	chapter_deep-learning-computation/model-construction.md
766	chapter_deep-learning-computation/model-construction.md
767	chapter_deep-learning-computation/model-construction.md
768	chapter_deep-learning-computation/model-construction.md
769	chapter_deep-learning-computation/model-construction.md
770	chapter_deep-learning-computation/model-construction.md
771	chapter_deep-learning-computation/model-construction.md
772	chapter_deep-learning-computation/model-construction.md
773	chapter_deep-learning-computation/model-construction.md
774	chapter_deep-learning-computation/model-construction.md
775	chapter_deep-learning-computation/model-construction.md
776	chapter_deep-learning-computation/model-construction.md
777	chapter_deep-learning-computation/model-construction.md
778	chapter_deep-learning-computation/parameters.md
779	chapter_deep-learning-computation/parameters.md
780	chapter_deep-learning-computation/parameters.md
781	chapter_deep-learning-computation/parameters.md
782	chapter_deep-learning-computation/parameters.md
783	chapter_deep-learning-computation/parameters.md
784	chapter_deep-learning-computation/parameters.md
785	chapter_deep-learning-computation/parameters.md
786	chapter_deep-learning-computation/parameters.md
787	chapter_deep-learning-computation/parameters.md
788	chapter_deep-learning-computation/parameters.md
789	chapter_deep-learning-computation/parameters.md
790	chapter_deep-learning-computation/parameters.md
791	chapter_deep-learning-computation/parameters.md
792	chapter_deep-learning-computation/parameters.md
793	chapter_deep-learning-computation/parameters.md
794	chapter_deep-learning-computation/read-write.md
795	chapter_deep-learning-computation/read-write.md
796	chapter_deep-learning-computation/read-write.md
797	chapter_deep-learning-computation/read-write.md
798	chapter_deep-learning-computation/read-write.md
799	chapter_deep-learning-computation/read-write.md
800	chapter_deep-learning-computation/read-write.md
801	chapter_deep-learning-computation/read-write.md
802	chapter_deep-learning-computation/use-gpu.md
803	chapter_deep-learning-computation/use-gpu.md
804	chapter_deep-learning-computation/use-gpu.md
805	chapter_deep-learning-computation/use-gpu.md
806	chapter_deep-learning-computation/use-gpu.md
807	chapter_deep-learning-computation/use-gpu.md
808	chapter_deep-learning-computation/use-gpu.md
809	chapter_deep-learning-computation/use-gpu.md
810	chapter_deep-learning-computation/use-gpu.md
811	chapter_deep-learning-computation/use-gpu.md
812	chapter_deep-learning-computation/use-gpu.md
813	chapter_deep-learning-computation/use-gpu.md
814	chapter_deep-learning-computation/use-gpu.md
815	chapter_deep-learning-computation/use-gpu.md
816	chapter_deep-learning-computation/use-gpu.md
817	chapter_deep-learning-computation/use-gpu.md
818	chapter_deep-learning-computation/use-gpu.md
819	chapter_deep-learning-computation/use-gpu.md
820	chapter_introduction/index.md
821	chapter_introduction/index.md
822	chapter_introduction/index.md
823	chapter_introduction/index.md
824	chapter_introduction/index.md
825	chapter_introduction/index.md
826	chapter_introduction/index.md
827	chapter_introduction/index.md
828	chapter_introduction/index.md
829	chapter_introduction/index.md
830	chapter_introduction/index.md
831	chapter_introduction/index.md
832	chapter_introduction/index.md
833	chapter_introduction/index.md
834	chapter_introduction/index.md
835	chapter_introduction/index.md
836	chapter_introduction/index.md
837	chapter_introduction/index.md
838	chapter_introduction/index.md
839	chapter_introduction/index.md
840	chapter_introduction/index.md
841	chapter_introduction/index.md
842	chapter_introduction/index.md
843	chapter_introduction/index.md
844	chapter_introduction/index.md
845	chapter_introduction/index.md
846	chapter_introduction/index.md
847	chapter_introduction/index.md
848	chapter_introduction/index.md
849	chapter_introduction/index.md
850	chapter_introduction/index.md
851	chapter_introduction/index.md
852	chapter_introduction/index.md
853	chapter_introduction/index.md
854	chapter_introduction/index.md
855	chapter_introduction/index.md
856	chapter_introduction/index.md
857	chapter_introduction/index.md
858	chapter_introduction/index.md
859	chapter_introduction/index.md
860	chapter_introduction/index.md
861	chapter_introduction/index.md
862	chapter_introduction/index.md
863	chapter_introduction/index.md
864	chapter_introduction/index.md
865	chapter_introduction/index.md
866	chapter_introduction/index.md
867	chapter_introduction/index.md
868	chapter_introduction/index.md
869	chapter_introduction/index.md
870	chapter_introduction/index.md
871	chapter_introduction/index.md
872	chapter_introduction/index.md
873	chapter_introduction/index.md
874	chapter_introduction/index.md
875	chapter_introduction/index.md
876	chapter_introduction/index.md
877	chapter_introduction/index.md
878	chapter_introduction/index.md
879	chapter_introduction/index.md
880	chapter_introduction/index.md
881	chapter_introduction/index.md
882	chapter_introduction/index.md
883	chapter_introduction/index.md
884	chapter_introduction/index.md
885	chapter_introduction/index.md
886	chapter_introduction/index.md
887	chapter_introduction/index.md
888	chapter_introduction/index.md
889	chapter_introduction/index.md
890	chapter_introduction/index.md
891	chapter_introduction/index.md
892	chapter_introduction/index.md
893	chapter_introduction/index.md
894	chapter_introduction/index.md
895	chapter_introduction/index.md
896	chapter_introduction/index.md
897	chapter_introduction/index.md
898	chapter_introduction/index.md
899	chapter_introduction/index.md
900	chapter_introduction/index.md
901	chapter_introduction/index.md
902	chapter_introduction/index.md
903	chapter_introduction/index.md
904	chapter_introduction/index.md
905	chapter_introduction/index.md
906	chapter_introduction/index.md
907	chapter_introduction/index.md
908	chapter_introduction/index.md
909	chapter_introduction/index.md
910	chapter_introduction/index.md
911	chapter_introduction/index.md
912	chapter_introduction/index.md
913	chapter_introduction/index.md
914	chapter_introduction/index.md
915	chapter_introduction/index.md
916	chapter_introduction/index.md
917	chapter_introduction/index.md
918	chapter_introduction/index.md
919	chapter_introduction/index.md
920	chapter_introduction/index.md
921	chapter_introduction/index.md
922	chapter_introduction/index.md
923	chapter_introduction/index.md
924	chapter_introduction/index.md
925	chapter_introduction/index.md
926	chapter_introduction/index.md
927	chapter_introduction/index.md
928	chapter_introduction/index.md
929	chapter_linear-networks/image-classification-dataset.md
930	chapter_linear-networks/image-classification-dataset.md
931	chapter_linear-networks/image-classification-dataset.md
932	chapter_linear-networks/image-classification-dataset.md
933	chapter_linear-networks/image-classification-dataset.md
934	chapter_linear-networks/image-classification-dataset.md
935	chapter_linear-networks/image-classification-dataset.md
936	chapter_linear-networks/image-classification-dataset.md
937	chapter_linear-networks/image-classification-dataset.md
938	chapter_linear-networks/index.md
939	chapter_linear-networks/linear-regression-concise.md
940	chapter_linear-networks/linear-regression-concise.md
941	chapter_linear-networks/linear-regression-concise.md
942	chapter_linear-networks/linear-regression-concise.md
943	chapter_linear-networks/linear-regression-concise.md
944	chapter_linear-networks/linear-regression-concise.md
945	chapter_linear-networks/linear-regression-concise.md
946	chapter_linear-networks/linear-regression-concise.md
947	chapter_linear-networks/linear-regression-concise.md
948	chapter_linear-networks/linear-regression-concise.md
949	chapter_linear-networks/linear-regression-concise.md
950	chapter_linear-networks/linear-regression-concise.md
951	chapter_linear-networks/linear-regression-concise.md
952	chapter_linear-networks/linear-regression-concise.md
953	chapter_linear-networks/linear-regression-concise.md
954	chapter_linear-networks/linear-regression-concise.md
955	chapter_linear-networks/linear-regression-scratch.md
956	chapter_linear-networks/linear-regression-scratch.md
957	chapter_linear-networks/linear-regression-scratch.md
958	chapter_linear-networks/linear-regression-scratch.md
959	chapter_linear-networks/linear-regression-scratch.md
960	chapter_linear-networks/linear-regression-scratch.md
961	chapter_linear-networks/linear-regression-scratch.md
962	chapter_linear-networks/linear-regression-scratch.md
963	chapter_linear-networks/linear-regression-scratch.md
964	chapter_linear-networks/linear-regression-scratch.md
965	chapter_linear-networks/linear-regression-scratch.md
966	chapter_linear-networks/linear-regression-scratch.md
967	chapter_linear-networks/linear-regression-scratch.md
968	chapter_linear-networks/linear-regression-scratch.md
969	chapter_linear-networks/linear-regression-scratch.md
970	chapter_linear-networks/linear-regression-scratch.md
971	chapter_linear-networks/linear-regression-scratch.md
972	chapter_linear-networks/linear-regression-scratch.md
973	chapter_linear-networks/linear-regression-scratch.md
974	chapter_linear-networks/linear-regression-scratch.md
975	chapter_linear-networks/linear-regression-scratch.md
976	chapter_linear-networks/linear-regression-scratch.md
977	chapter_linear-networks/linear-regression.md
978	chapter_linear-networks/linear-regression.md
979	chapter_linear-networks/linear-regression.md
980	chapter_linear-networks/linear-regression.md
981	chapter_linear-networks/linear-regression.md
982	chapter_linear-networks/linear-regression.md
983	chapter_linear-networks/linear-regression.md
984	chapter_linear-networks/linear-regression.md
985	chapter_linear-networks/linear-regression.md
986	chapter_linear-networks/linear-regression.md
987	chapter_linear-networks/linear-regression.md
988	chapter_linear-networks/linear-regression.md
989	chapter_linear-networks/linear-regression.md
990	chapter_linear-networks/linear-regression.md
991	chapter_linear-networks/linear-regression.md
992	chapter_linear-networks/linear-regression.md
993	chapter_linear-networks/linear-regression.md
994	chapter_linear-networks/linear-regression.md
995	chapter_linear-networks/linear-regression.md
996	chapter_linear-networks/linear-regression.md
997	chapter_linear-networks/linear-regression.md
998	chapter_linear-networks/linear-regression.md
999	chapter_linear-networks/linear-regression.md
1000	chapter_linear-networks/linear-regression.md
1001	chapter_linear-networks/linear-regression.md
1002	chapter_linear-networks/linear-regression.md
1003	chapter_linear-networks/linear-regression.md
1004	chapter_linear-networks/linear-regression.md
1005	chapter_linear-networks/linear-regression.md
1006	chapter_linear-networks/linear-regression.md
1007	chapter_linear-networks/linear-regression.md
1008	chapter_linear-networks/linear-regression.md
1009	chapter_linear-networks/linear-regression.md
1010	chapter_linear-networks/linear-regression.md
1011	chapter_linear-networks/linear-regression.md
1012	chapter_linear-networks/linear-regression.md
1013	chapter_linear-networks/linear-regression.md
1014	chapter_linear-networks/linear-regression.md
1015	chapter_linear-networks/linear-regression.md
1016	chapter_linear-networks/linear-regression.md
1017	chapter_linear-networks/linear-regression.md
1018	chapter_linear-networks/linear-regression.md
1019	chapter_linear-networks/linear-regression.md
1020	chapter_linear-networks/linear-regression.md
1021	chapter_linear-networks/linear-regression.md
1022	chapter_linear-networks/linear-regression.md
1023	chapter_linear-networks/linear-regression.md
1024	chapter_linear-networks/linear-regression.md
1025	chapter_linear-networks/linear-regression.md
1026	chapter_linear-networks/softmax-regression-concise.md
1027	chapter_linear-networks/softmax-regression-concise.md
1028	chapter_linear-networks/softmax-regression-concise.md
1029	chapter_linear-networks/softmax-regression-concise.md
1030	chapter_linear-networks/softmax-regression-concise.md
1031	chapter_linear-networks/softmax-regression-concise.md
1032	chapter_linear-networks/softmax-regression-concise.md
1033	chapter_linear-networks/softmax-regression-concise.md
1034	chapter_linear-networks/softmax-regression-concise.md
1035	chapter_linear-networks/softmax-regression-concise.md
1036	chapter_linear-networks/softmax-regression-concise.md
1037	chapter_linear-networks/softmax-regression-concise.md
1038	chapter_linear-networks/softmax-regression-scratch.md
1039	chapter_linear-networks/softmax-regression-scratch.md
1040	chapter_linear-networks/softmax-regression-scratch.md
1041	chapter_linear-networks/softmax-regression-scratch.md
1042	chapter_linear-networks/softmax-regression-scratch.md
1043	chapter_linear-networks/softmax-regression-scratch.md
1044	chapter_linear-networks/softmax-regression-scratch.md
1045	chapter_linear-networks/softmax-regression-scratch.md
1046	chapter_linear-networks/softmax-regression-scratch.md
1047	chapter_linear-networks/softmax-regression-scratch.md
1048	chapter_linear-networks/softmax-regression-scratch.md
1049	chapter_linear-networks/softmax-regression-scratch.md
1050	chapter_linear-networks/softmax-regression-scratch.md
1051	chapter_linear-networks/softmax-regression-scratch.md
1052	chapter_linear-networks/softmax-regression-scratch.md
1053	chapter_linear-networks/softmax-regression-scratch.md
1054	chapter_linear-networks/softmax-regression-scratch.md
1055	chapter_linear-networks/softmax-regression-scratch.md
1056	chapter_linear-networks/softmax-regression-scratch.md
1057	chapter_linear-networks/softmax-regression-scratch.md
1058	chapter_linear-networks/softmax-regression-scratch.md
1059	chapter_linear-networks/softmax-regression-scratch.md
1060	chapter_linear-networks/softmax-regression-scratch.md
1061	chapter_linear-networks/softmax-regression-scratch.md
1062	chapter_linear-networks/softmax-regression-scratch.md
1063	chapter_linear-networks/softmax-regression-scratch.md
1064	chapter_linear-networks/softmax-regression.md
1065	chapter_linear-networks/softmax-regression.md
1066	chapter_linear-networks/softmax-regression.md
1067	chapter_linear-networks/softmax-regression.md
1068	chapter_linear-networks/softmax-regression.md
1069	chapter_linear-networks/softmax-regression.md
1070	chapter_linear-networks/softmax-regression.md
1071	chapter_linear-networks/softmax-regression.md
1072	chapter_linear-networks/softmax-regression.md
1073	chapter_linear-networks/softmax-regression.md
1074	chapter_linear-networks/softmax-regression.md
1075	chapter_linear-networks/softmax-regression.md
1076	chapter_linear-networks/softmax-regression.md
1077	chapter_linear-networks/softmax-regression.md
1078	chapter_linear-networks/softmax-regression.md
1079	chapter_linear-networks/softmax-regression.md
1080	chapter_linear-networks/softmax-regression.md
1081	chapter_linear-networks/softmax-regression.md
1082	chapter_linear-networks/softmax-regression.md
1083	chapter_linear-networks/softmax-regression.md
1084	chapter_linear-networks/softmax-regression.md
1085	chapter_linear-networks/softmax-regression.md
1086	chapter_linear-networks/softmax-regression.md
1087	chapter_linear-networks/softmax-regression.md
1088	chapter_linear-networks/softmax-regression.md
1089	chapter_linear-networks/softmax-regression.md
1090	chapter_linear-networks/softmax-regression.md
1091	chapter_linear-networks/softmax-regression.md
1092	chapter_linear-networks/softmax-regression.md
1093	chapter_linear-networks/softmax-regression.md
1094	chapter_linear-networks/softmax-regression.md
1095	chapter_linear-networks/softmax-regression.md
1096	chapter_linear-networks/softmax-regression.md
1097	chapter_linear-networks/softmax-regression.md
1098	chapter_linear-networks/softmax-regression.md
1099	chapter_multilayer-perceptrons/backprop.md
1100	chapter_multilayer-perceptrons/backprop.md
1101	chapter_multilayer-perceptrons/backprop.md
1102	chapter_multilayer-perceptrons/backprop.md
1103	chapter_multilayer-perceptrons/backprop.md
1104	chapter_multilayer-perceptrons/backprop.md
1105	chapter_multilayer-perceptrons/backprop.md
1106	chapter_multilayer-perceptrons/backprop.md
1107	chapter_multilayer-perceptrons/backprop.md
1108	chapter_multilayer-perceptrons/backprop.md
1109	chapter_multilayer-perceptrons/backprop.md
1110	chapter_multilayer-perceptrons/backprop.md
1111	chapter_multilayer-perceptrons/backprop.md
1112	chapter_multilayer-perceptrons/backprop.md
1113	chapter_multilayer-perceptrons/backprop.md
1114	chapter_multilayer-perceptrons/backprop.md
1115	chapter_multilayer-perceptrons/backprop.md
1116	chapter_multilayer-perceptrons/backprop.md
1117	chapter_multilayer-perceptrons/backprop.md
1118	chapter_multilayer-perceptrons/backprop.md
1119	chapter_multilayer-perceptrons/dropout.md
1120	chapter_multilayer-perceptrons/dropout.md
1121	chapter_multilayer-perceptrons/dropout.md
1122	chapter_multilayer-perceptrons/dropout.md
1123	chapter_multilayer-perceptrons/dropout.md
1124	chapter_multilayer-perceptrons/dropout.md
1125	chapter_multilayer-perceptrons/dropout.md
1126	chapter_multilayer-perceptrons/dropout.md
1127	chapter_multilayer-perceptrons/dropout.md
1128	chapter_multilayer-perceptrons/dropout.md
1129	chapter_multilayer-perceptrons/dropout.md
1130	chapter_multilayer-perceptrons/dropout.md
1131	chapter_multilayer-perceptrons/dropout.md
1132	chapter_multilayer-perceptrons/dropout.md
1133	chapter_multilayer-perceptrons/dropout.md
1134	chapter_multilayer-perceptrons/dropout.md
1135	chapter_multilayer-perceptrons/dropout.md
1136	chapter_multilayer-perceptrons/dropout.md
1137	chapter_multilayer-perceptrons/dropout.md
1138	chapter_multilayer-perceptrons/dropout.md
1139	chapter_multilayer-perceptrons/dropout.md
1140	chapter_multilayer-perceptrons/dropout.md
1141	chapter_multilayer-perceptrons/dropout.md
1142	chapter_multilayer-perceptrons/dropout.md
1143	chapter_multilayer-perceptrons/environment.md
1144	chapter_multilayer-perceptrons/environment.md
1145	chapter_multilayer-perceptrons/environment.md
1146	chapter_multilayer-perceptrons/environment.md
1147	chapter_multilayer-perceptrons/environment.md
1148	chapter_multilayer-perceptrons/environment.md
1149	chapter_multilayer-perceptrons/environment.md
1150	chapter_multilayer-perceptrons/environment.md
1151	chapter_multilayer-perceptrons/environment.md
1152	chapter_multilayer-perceptrons/environment.md
1153	chapter_multilayer-perceptrons/environment.md
1154	chapter_multilayer-perceptrons/environment.md
1155	chapter_multilayer-perceptrons/environment.md
1156	chapter_multilayer-perceptrons/environment.md
1157	chapter_multilayer-perceptrons/environment.md
1158	chapter_multilayer-perceptrons/environment.md
1159	chapter_multilayer-perceptrons/environment.md
1160	chapter_multilayer-perceptrons/environment.md
1161	chapter_multilayer-perceptrons/environment.md
1162	chapter_multilayer-perceptrons/environment.md
1163	chapter_multilayer-perceptrons/environment.md
1164	chapter_multilayer-perceptrons/environment.md
1165	chapter_multilayer-perceptrons/environment.md
1166	chapter_multilayer-perceptrons/environment.md
1167	chapter_multilayer-perceptrons/environment.md
1168	chapter_multilayer-perceptrons/environment.md
1169	chapter_multilayer-perceptrons/environment.md
1170	chapter_multilayer-perceptrons/environment.md
1171	chapter_multilayer-perceptrons/environment.md
1172	chapter_multilayer-perceptrons/environment.md
1173	chapter_multilayer-perceptrons/environment.md
1174	chapter_multilayer-perceptrons/environment.md
1175	chapter_multilayer-perceptrons/environment.md
1176	chapter_multilayer-perceptrons/environment.md
1177	chapter_multilayer-perceptrons/environment.md
1178	chapter_multilayer-perceptrons/environment.md
1179	chapter_multilayer-perceptrons/environment.md
1180	chapter_multilayer-perceptrons/environment.md
1181	chapter_multilayer-perceptrons/environment.md
1182	chapter_multilayer-perceptrons/environment.md
1183	chapter_multilayer-perceptrons/environment.md
1184	chapter_multilayer-perceptrons/environment.md
1185	chapter_multilayer-perceptrons/environment.md
1186	chapter_multilayer-perceptrons/environment.md
1187	chapter_multilayer-perceptrons/environment.md
1188	chapter_multilayer-perceptrons/environment.md
1189	chapter_multilayer-perceptrons/environment.md
1190	chapter_multilayer-perceptrons/environment.md
1191	chapter_multilayer-perceptrons/environment.md
1192	chapter_multilayer-perceptrons/environment.md
1193	chapter_multilayer-perceptrons/environment.md
1194	chapter_multilayer-perceptrons/environment.md
1195	chapter_multilayer-perceptrons/environment.md
1196	chapter_multilayer-perceptrons/environment.md
1197	chapter_multilayer-perceptrons/environment.md
1198	chapter_multilayer-perceptrons/environment.md
1199	chapter_multilayer-perceptrons/environment.md
1200	chapter_multilayer-perceptrons/environment.md
1201	chapter_multilayer-perceptrons/environment.md
1202	chapter_multilayer-perceptrons/index.md
1203	chapter_multilayer-perceptrons/kaggle-house-price.md
1204	chapter_multilayer-perceptrons/kaggle-house-price.md
1205	chapter_multilayer-perceptrons/kaggle-house-price.md
1206	chapter_multilayer-perceptrons/kaggle-house-price.md
1207	chapter_multilayer-perceptrons/kaggle-house-price.md
1208	chapter_multilayer-perceptrons/kaggle-house-price.md
1209	chapter_multilayer-perceptrons/kaggle-house-price.md
1210	chapter_multilayer-perceptrons/kaggle-house-price.md
1211	chapter_multilayer-perceptrons/kaggle-house-price.md
1212	chapter_multilayer-perceptrons/kaggle-house-price.md
1213	chapter_multilayer-perceptrons/kaggle-house-price.md
1214	chapter_multilayer-perceptrons/kaggle-house-price.md
1215	chapter_multilayer-perceptrons/kaggle-house-price.md
1216	chapter_multilayer-perceptrons/kaggle-house-price.md
1217	chapter_multilayer-perceptrons/kaggle-house-price.md
1218	chapter_multilayer-perceptrons/kaggle-house-price.md
1219	chapter_multilayer-perceptrons/kaggle-house-price.md
1220	chapter_multilayer-perceptrons/kaggle-house-price.md
1221	chapter_multilayer-perceptrons/kaggle-house-price.md
1222	chapter_multilayer-perceptrons/kaggle-house-price.md
1223	chapter_multilayer-perceptrons/kaggle-house-price.md
1224	chapter_multilayer-perceptrons/kaggle-house-price.md
1225	chapter_multilayer-perceptrons/kaggle-house-price.md
1226	chapter_multilayer-perceptrons/kaggle-house-price.md
1227	chapter_multilayer-perceptrons/kaggle-house-price.md
1228	chapter_multilayer-perceptrons/kaggle-house-price.md
1229	chapter_multilayer-perceptrons/kaggle-house-price.md
1230	chapter_multilayer-perceptrons/kaggle-house-price.md
1231	chapter_multilayer-perceptrons/mlp-concise.md
1232	chapter_multilayer-perceptrons/mlp-concise.md
1233	chapter_multilayer-perceptrons/mlp-concise.md
1234	chapter_multilayer-perceptrons/mlp-concise.md
1235	chapter_multilayer-perceptrons/mlp-scratch.md
1236	chapter_multilayer-perceptrons/mlp-scratch.md
1237	chapter_multilayer-perceptrons/mlp-scratch.md
1238	chapter_multilayer-perceptrons/mlp-scratch.md
1239	chapter_multilayer-perceptrons/mlp-scratch.md
1240	chapter_multilayer-perceptrons/mlp-scratch.md
1241	chapter_multilayer-perceptrons/mlp-scratch.md
1242	chapter_multilayer-perceptrons/mlp-scratch.md
1243	chapter_multilayer-perceptrons/mlp-scratch.md
1244	chapter_multilayer-perceptrons/mlp-scratch.md
1245	chapter_multilayer-perceptrons/mlp.md
1246	chapter_multilayer-perceptrons/mlp.md
1247	chapter_multilayer-perceptrons/mlp.md
1248	chapter_multilayer-perceptrons/mlp.md
1249	chapter_multilayer-perceptrons/mlp.md
1250	chapter_multilayer-perceptrons/mlp.md
1251	chapter_multilayer-perceptrons/mlp.md
1252	chapter_multilayer-perceptrons/mlp.md
1253	chapter_multilayer-perceptrons/mlp.md
1254	chapter_multilayer-perceptrons/mlp.md
1255	chapter_multilayer-perceptrons/mlp.md
1256	chapter_multilayer-perceptrons/mlp.md
1257	chapter_multilayer-perceptrons/mlp.md
1258	chapter_multilayer-perceptrons/mlp.md
1259	chapter_multilayer-perceptrons/mlp.md
1260	chapter_multilayer-perceptrons/mlp.md
1261	chapter_multilayer-perceptrons/mlp.md
1262	chapter_multilayer-perceptrons/mlp.md
1263	chapter_multilayer-perceptrons/mlp.md
1264	chapter_multilayer-perceptrons/mlp.md
1265	chapter_multilayer-perceptrons/mlp.md
1266	chapter_multilayer-perceptrons/mlp.md
1267	chapter_multilayer-perceptrons/mlp.md
1268	chapter_multilayer-perceptrons/mlp.md
1269	chapter_multilayer-perceptrons/mlp.md
1270	chapter_multilayer-perceptrons/mlp.md
1271	chapter_multilayer-perceptrons/mlp.md
1272	chapter_multilayer-perceptrons/mlp.md
1273	chapter_multilayer-perceptrons/mlp.md
1274	chapter_multilayer-perceptrons/mlp.md
1275	chapter_multilayer-perceptrons/mlp.md
1276	chapter_multilayer-perceptrons/mlp.md
1277	chapter_multilayer-perceptrons/mlp.md
1278	chapter_multilayer-perceptrons/numerical-stability-and-init.md
1279	chapter_multilayer-perceptrons/numerical-stability-and-init.md
1280	chapter_multilayer-perceptrons/numerical-stability-and-init.md
1281	chapter_multilayer-perceptrons/numerical-stability-and-init.md
1282	chapter_multilayer-perceptrons/numerical-stability-and-init.md
1283	chapter_multilayer-perceptrons/numerical-stability-and-init.md
1284	chapter_multilayer-perceptrons/numerical-stability-and-init.md
1285	chapter_multilayer-perceptrons/numerical-stability-and-init.md
1286	chapter_multilayer-perceptrons/numerical-stability-and-init.md
1287	chapter_multilayer-perceptrons/numerical-stability-and-init.md
1288	chapter_multilayer-perceptrons/numerical-stability-and-init.md
1289	chapter_multilayer-perceptrons/numerical-stability-and-init.md
1290	chapter_multilayer-perceptrons/numerical-stability-and-init.md
1291	chapter_multilayer-perceptrons/numerical-stability-and-init.md
1292	chapter_multilayer-perceptrons/numerical-stability-and-init.md
1293	chapter_multilayer-perceptrons/numerical-stability-and-init.md
1294	chapter_multilayer-perceptrons/numerical-stability-and-init.md
1295	chapter_multilayer-perceptrons/numerical-stability-and-init.md
1296	chapter_multilayer-perceptrons/numerical-stability-and-init.md
1297	chapter_multilayer-perceptrons/numerical-stability-and-init.md
1298	chapter_multilayer-perceptrons/numerical-stability-and-init.md
1299	chapter_multilayer-perceptrons/underfit-overfit.md
1300	chapter_multilayer-perceptrons/underfit-overfit.md
1301	chapter_multilayer-perceptrons/underfit-overfit.md
1302	chapter_multilayer-perceptrons/underfit-overfit.md
1303	chapter_multilayer-perceptrons/underfit-overfit.md
1304	chapter_multilayer-perceptrons/underfit-overfit.md
1305	chapter_multilayer-perceptrons/underfit-overfit.md
1306	chapter_multilayer-perceptrons/underfit-overfit.md
1307	chapter_multilayer-perceptrons/underfit-overfit.md
1308	chapter_multilayer-perceptrons/underfit-overfit.md
1309	chapter_multilayer-perceptrons/underfit-overfit.md
1310	chapter_multilayer-perceptrons/underfit-overfit.md
1311	chapter_multilayer-perceptrons/underfit-overfit.md
1312	chapter_multilayer-perceptrons/underfit-overfit.md
1313	chapter_multilayer-perceptrons/underfit-overfit.md
1314	chapter_multilayer-perceptrons/underfit-overfit.md
1315	chapter_multilayer-perceptrons/underfit-overfit.md
1316	chapter_multilayer-perceptrons/underfit-overfit.md
1317	chapter_multilayer-perceptrons/underfit-overfit.md
1318	chapter_multilayer-perceptrons/underfit-overfit.md
1319	chapter_multilayer-perceptrons/underfit-overfit.md
1320	chapter_multilayer-perceptrons/underfit-overfit.md
1321	chapter_multilayer-perceptrons/underfit-overfit.md
1322	chapter_multilayer-perceptrons/underfit-overfit.md
1323	chapter_multilayer-perceptrons/underfit-overfit.md
1324	chapter_multilayer-perceptrons/underfit-overfit.md
1325	chapter_multilayer-perceptrons/underfit-overfit.md
1326	chapter_multilayer-perceptrons/underfit-overfit.md
1327	chapter_multilayer-perceptrons/underfit-overfit.md
1328	chapter_multilayer-perceptrons/underfit-overfit.md
1329	chapter_multilayer-perceptrons/underfit-overfit.md
1330	chapter_multilayer-perceptrons/underfit-overfit.md
1331	chapter_multilayer-perceptrons/underfit-overfit.md
1332	chapter_multilayer-perceptrons/underfit-overfit.md
1333	chapter_multilayer-perceptrons/underfit-overfit.md
1334	chapter_multilayer-perceptrons/underfit-overfit.md
1335	chapter_multilayer-perceptrons/underfit-overfit.md
1336	chapter_multilayer-perceptrons/underfit-overfit.md
1337	chapter_multilayer-perceptrons/underfit-overfit.md
1338	chapter_multilayer-perceptrons/underfit-overfit.md
1339	chapter_multilayer-perceptrons/underfit-overfit.md
1340	chapter_multilayer-perceptrons/underfit-overfit.md
1341	chapter_multilayer-perceptrons/underfit-overfit.md
1342	chapter_multilayer-perceptrons/weight-decay.md
1343	chapter_multilayer-perceptrons/weight-decay.md
1344	chapter_multilayer-perceptrons/weight-decay.md
1345	chapter_multilayer-perceptrons/weight-decay.md
1346	chapter_multilayer-perceptrons/weight-decay.md
1347	chapter_multilayer-perceptrons/weight-decay.md
1348	chapter_multilayer-perceptrons/weight-decay.md
1349	chapter_multilayer-perceptrons/weight-decay.md
1350	chapter_multilayer-perceptrons/weight-decay.md
1351	chapter_multilayer-perceptrons/weight-decay.md
1352	chapter_multilayer-perceptrons/weight-decay.md
1353	chapter_multilayer-perceptrons/weight-decay.md
1354	chapter_multilayer-perceptrons/weight-decay.md
1355	chapter_multilayer-perceptrons/weight-decay.md
1356	chapter_multilayer-perceptrons/weight-decay.md
1357	chapter_multilayer-perceptrons/weight-decay.md
1358	chapter_multilayer-perceptrons/weight-decay.md
1359	chapter_multilayer-perceptrons/weight-decay.md
1360	chapter_multilayer-perceptrons/weight-decay.md
1361	chapter_multilayer-perceptrons/weight-decay.md
1362	chapter_natural-language-processing-applications/finetuning-bert.md
1363	chapter_natural-language-processing-applications/finetuning-bert.md
1364	chapter_natural-language-processing-applications/finetuning-bert.md
1365	chapter_natural-language-processing-applications/finetuning-bert.md
1366	chapter_natural-language-processing-applications/finetuning-bert.md
1367	chapter_natural-language-processing-applications/finetuning-bert.md
1368	chapter_natural-language-processing-applications/finetuning-bert.md
1369	chapter_natural-language-processing-applications/finetuning-bert.md
1370	chapter_natural-language-processing-applications/finetuning-bert.md
1371	chapter_natural-language-processing-applications/finetuning-bert.md
1372	chapter_natural-language-processing-applications/finetuning-bert.md
1373	chapter_natural-language-processing-applications/finetuning-bert.md
1374	chapter_natural-language-processing-applications/finetuning-bert.md
1375	chapter_natural-language-processing-applications/index.md
1376	chapter_natural-language-processing-applications/index.md
1377	chapter_natural-language-processing-applications/index.md
1378	chapter_natural-language-processing-applications/index.md
1379	chapter_natural-language-processing-applications/index.md
1380	chapter_natural-language-processing-applications/natural-language-inference-and-dataset.md
1381	chapter_natural-language-processing-applications/natural-language-inference-and-dataset.md
1382	chapter_natural-language-processing-applications/natural-language-inference-and-dataset.md
1383	chapter_natural-language-processing-applications/natural-language-inference-and-dataset.md
1384	chapter_natural-language-processing-applications/natural-language-inference-and-dataset.md
1385	chapter_natural-language-processing-applications/natural-language-inference-and-dataset.md
1386	chapter_natural-language-processing-applications/natural-language-inference-and-dataset.md
1387	chapter_natural-language-processing-applications/natural-language-inference-and-dataset.md
1388	chapter_natural-language-processing-applications/natural-language-inference-and-dataset.md
1389	chapter_natural-language-processing-applications/natural-language-inference-and-dataset.md
1390	chapter_natural-language-processing-applications/natural-language-inference-and-dataset.md
1391	chapter_natural-language-processing-applications/natural-language-inference-and-dataset.md
1392	chapter_natural-language-processing-applications/natural-language-inference-and-dataset.md
1393	chapter_natural-language-processing-applications/natural-language-inference-and-dataset.md
1394	chapter_natural-language-processing-applications/natural-language-inference-and-dataset.md
1395	chapter_natural-language-processing-applications/natural-language-inference-and-dataset.md
1396	chapter_natural-language-processing-applications/natural-language-inference-attention.md
1397	chapter_natural-language-processing-applications/natural-language-inference-attention.md
1398	chapter_natural-language-processing-applications/natural-language-inference-attention.md
1399	chapter_natural-language-processing-applications/natural-language-inference-attention.md
1400	chapter_natural-language-processing-applications/natural-language-inference-attention.md
1401	chapter_natural-language-processing-applications/natural-language-inference-attention.md
1402	chapter_natural-language-processing-applications/natural-language-inference-attention.md
1403	chapter_natural-language-processing-applications/natural-language-inference-attention.md
1404	chapter_natural-language-processing-applications/natural-language-inference-attention.md
1405	chapter_natural-language-processing-applications/natural-language-inference-attention.md
1406	chapter_natural-language-processing-applications/natural-language-inference-attention.md
1407	chapter_natural-language-processing-applications/natural-language-inference-attention.md
1408	chapter_natural-language-processing-applications/natural-language-inference-attention.md
1409	chapter_natural-language-processing-applications/natural-language-inference-attention.md
1410	chapter_natural-language-processing-applications/natural-language-inference-attention.md
1411	chapter_natural-language-processing-applications/natural-language-inference-attention.md
1412	chapter_natural-language-processing-applications/natural-language-inference-attention.md
1413	chapter_natural-language-processing-applications/natural-language-inference-attention.md
1414	chapter_natural-language-processing-applications/natural-language-inference-attention.md
1415	chapter_natural-language-processing-applications/natural-language-inference-attention.md
1416	chapter_natural-language-processing-applications/natural-language-inference-bert.md
1417	chapter_natural-language-processing-applications/natural-language-inference-bert.md
1418	chapter_natural-language-processing-applications/natural-language-inference-bert.md
1419	chapter_natural-language-processing-applications/natural-language-inference-bert.md
1420	chapter_natural-language-processing-applications/natural-language-inference-bert.md
1421	chapter_natural-language-processing-applications/natural-language-inference-bert.md
1422	chapter_natural-language-processing-applications/natural-language-inference-bert.md
1423	chapter_natural-language-processing-applications/natural-language-inference-bert.md
1424	chapter_natural-language-processing-applications/natural-language-inference-bert.md
1425	chapter_natural-language-processing-applications/natural-language-inference-bert.md
1426	chapter_natural-language-processing-applications/natural-language-inference-bert.md
1427	chapter_natural-language-processing-applications/natural-language-inference-bert.md
1428	chapter_natural-language-processing-applications/natural-language-inference-bert.md
1429	chapter_natural-language-processing-applications/sentiment-analysis-and-dataset.md
1430	chapter_natural-language-processing-applications/sentiment-analysis-and-dataset.md
1431	chapter_natural-language-processing-applications/sentiment-analysis-and-dataset.md
1432	chapter_natural-language-processing-applications/sentiment-analysis-and-dataset.md
1433	chapter_natural-language-processing-applications/sentiment-analysis-and-dataset.md
1434	chapter_natural-language-processing-applications/sentiment-analysis-and-dataset.md
1435	chapter_natural-language-processing-applications/sentiment-analysis-and-dataset.md
1436	chapter_natural-language-processing-applications/sentiment-analysis-and-dataset.md
1437	chapter_natural-language-processing-applications/sentiment-analysis-and-dataset.md
1438	chapter_natural-language-processing-applications/sentiment-analysis-cnn.md
1439	chapter_natural-language-processing-applications/sentiment-analysis-cnn.md
1440	chapter_natural-language-processing-applications/sentiment-analysis-cnn.md
1441	chapter_natural-language-processing-applications/sentiment-analysis-cnn.md
1442	chapter_natural-language-processing-applications/sentiment-analysis-cnn.md
1443	chapter_natural-language-processing-applications/sentiment-analysis-cnn.md
1444	chapter_natural-language-processing-applications/sentiment-analysis-cnn.md
1445	chapter_natural-language-processing-applications/sentiment-analysis-cnn.md
1446	chapter_natural-language-processing-applications/sentiment-analysis-cnn.md
1447	chapter_natural-language-processing-applications/sentiment-analysis-cnn.md
1448	chapter_natural-language-processing-applications/sentiment-analysis-cnn.md
1449	chapter_natural-language-processing-applications/sentiment-analysis-cnn.md
1450	chapter_natural-language-processing-applications/sentiment-analysis-cnn.md
1451	chapter_natural-language-processing-applications/sentiment-analysis-cnn.md
1452	chapter_natural-language-processing-applications/sentiment-analysis-cnn.md
1453	chapter_natural-language-processing-applications/sentiment-analysis-cnn.md
1454	chapter_natural-language-processing-applications/sentiment-analysis-cnn.md
1455	chapter_natural-language-processing-applications/sentiment-analysis-rnn.md
1456	chapter_natural-language-processing-applications/sentiment-analysis-rnn.md
1457	chapter_natural-language-processing-applications/sentiment-analysis-rnn.md
1458	chapter_natural-language-processing-applications/sentiment-analysis-rnn.md
1459	chapter_natural-language-processing-applications/sentiment-analysis-rnn.md
1460	chapter_natural-language-processing-applications/sentiment-analysis-rnn.md
1461	chapter_natural-language-processing-pretraining/approx-training.md
1462	chapter_natural-language-processing-pretraining/approx-training.md
1463	chapter_natural-language-processing-pretraining/approx-training.md
1464	chapter_natural-language-processing-pretraining/approx-training.md
1465	chapter_natural-language-processing-pretraining/approx-training.md
1466	chapter_natural-language-processing-pretraining/approx-training.md
1467	chapter_natural-language-processing-pretraining/approx-training.md
1468	chapter_natural-language-processing-pretraining/approx-training.md
1469	chapter_natural-language-processing-pretraining/approx-training.md
1470	chapter_natural-language-processing-pretraining/approx-training.md
1471	chapter_natural-language-processing-pretraining/approx-training.md
1472	chapter_natural-language-processing-pretraining/approx-training.md
1473	chapter_natural-language-processing-pretraining/approx-training.md
1474	chapter_natural-language-processing-pretraining/approx-training.md
1475	chapter_natural-language-processing-pretraining/approx-training.md
1476	chapter_natural-language-processing-pretraining/bert-dataset.md
1477	chapter_natural-language-processing-pretraining/bert-dataset.md
1478	chapter_natural-language-processing-pretraining/bert-dataset.md
1479	chapter_natural-language-processing-pretraining/bert-dataset.md
1480	chapter_natural-language-processing-pretraining/bert-dataset.md
1481	chapter_natural-language-processing-pretraining/bert-dataset.md
1482	chapter_natural-language-processing-pretraining/bert-dataset.md
1483	chapter_natural-language-processing-pretraining/bert-dataset.md
1484	chapter_natural-language-processing-pretraining/bert-dataset.md
1485	chapter_natural-language-processing-pretraining/bert-dataset.md
1486	chapter_natural-language-processing-pretraining/bert-dataset.md
1487	chapter_natural-language-processing-pretraining/bert-dataset.md
1488	chapter_natural-language-processing-pretraining/bert-dataset.md
1489	chapter_natural-language-processing-pretraining/bert-dataset.md
1490	chapter_natural-language-processing-pretraining/bert-dataset.md
1491	chapter_natural-language-processing-pretraining/bert-pretraining.md
1492	chapter_natural-language-processing-pretraining/bert-pretraining.md
1493	chapter_natural-language-processing-pretraining/bert-pretraining.md
1494	chapter_natural-language-processing-pretraining/bert-pretraining.md
1495	chapter_natural-language-processing-pretraining/bert-pretraining.md
1496	chapter_natural-language-processing-pretraining/bert-pretraining.md
1497	chapter_natural-language-processing-pretraining/bert-pretraining.md
1498	chapter_natural-language-processing-pretraining/bert-pretraining.md
1499	chapter_natural-language-processing-pretraining/bert-pretraining.md
1500	chapter_natural-language-processing-pretraining/bert-pretraining.md
1501	chapter_natural-language-processing-pretraining/bert-pretraining.md
1502	chapter_natural-language-processing-pretraining/bert.md
1503	chapter_natural-language-processing-pretraining/bert.md
1504	chapter_natural-language-processing-pretraining/bert.md
1505	chapter_natural-language-processing-pretraining/bert.md
1506	chapter_natural-language-processing-pretraining/bert.md
1507	chapter_natural-language-processing-pretraining/bert.md
1508	chapter_natural-language-processing-pretraining/bert.md
1509	chapter_natural-language-processing-pretraining/bert.md
1510	chapter_natural-language-processing-pretraining/bert.md
1511	chapter_natural-language-processing-pretraining/bert.md
1512	chapter_natural-language-processing-pretraining/bert.md
1513	chapter_natural-language-processing-pretraining/bert.md
1514	chapter_natural-language-processing-pretraining/bert.md
1515	chapter_natural-language-processing-pretraining/bert.md
1516	chapter_natural-language-processing-pretraining/bert.md
1517	chapter_natural-language-processing-pretraining/bert.md
1518	chapter_natural-language-processing-pretraining/bert.md
1519	chapter_natural-language-processing-pretraining/bert.md
1520	chapter_natural-language-processing-pretraining/bert.md
1521	chapter_natural-language-processing-pretraining/bert.md
1522	chapter_natural-language-processing-pretraining/bert.md
1523	chapter_natural-language-processing-pretraining/bert.md
1524	chapter_natural-language-processing-pretraining/bert.md
1525	chapter_natural-language-processing-pretraining/bert.md
1526	chapter_natural-language-processing-pretraining/bert.md
1527	chapter_natural-language-processing-pretraining/bert.md
1528	chapter_natural-language-processing-pretraining/bert.md
1529	chapter_natural-language-processing-pretraining/bert.md
1530	chapter_natural-language-processing-pretraining/bert.md
1531	chapter_natural-language-processing-pretraining/bert.md
1532	chapter_natural-language-processing-pretraining/glove.md
1533	chapter_natural-language-processing-pretraining/glove.md
1534	chapter_natural-language-processing-pretraining/glove.md
1535	chapter_natural-language-processing-pretraining/glove.md
1536	chapter_natural-language-processing-pretraining/glove.md
1537	chapter_natural-language-processing-pretraining/glove.md
1538	chapter_natural-language-processing-pretraining/glove.md
1539	chapter_natural-language-processing-pretraining/glove.md
1540	chapter_natural-language-processing-pretraining/glove.md
1541	chapter_natural-language-processing-pretraining/glove.md
1542	chapter_natural-language-processing-pretraining/glove.md
1543	chapter_natural-language-processing-pretraining/glove.md
1544	chapter_natural-language-processing-pretraining/glove.md
1545	chapter_natural-language-processing-pretraining/glove.md
1546	chapter_natural-language-processing-pretraining/glove.md
1547	chapter_natural-language-processing-pretraining/glove.md
1548	chapter_natural-language-processing-pretraining/glove.md
1549	chapter_natural-language-processing-pretraining/index.md
1550	chapter_natural-language-processing-pretraining/index.md
1551	chapter_natural-language-processing-pretraining/index.md
1552	chapter_natural-language-processing-pretraining/index.md
1553	chapter_natural-language-processing-pretraining/similarity-analogy.md
1554	chapter_natural-language-processing-pretraining/similarity-analogy.md
1555	chapter_natural-language-processing-pretraining/similarity-analogy.md
1556	chapter_natural-language-processing-pretraining/similarity-analogy.md
1557	chapter_natural-language-processing-pretraining/similarity-analogy.md
1558	chapter_natural-language-processing-pretraining/similarity-analogy.md
1559	chapter_natural-language-processing-pretraining/similarity-analogy.md
1560	chapter_natural-language-processing-pretraining/similarity-analogy.md
1561	chapter_natural-language-processing-pretraining/similarity-analogy.md
1562	chapter_natural-language-processing-pretraining/similarity-analogy.md
1563	chapter_natural-language-processing-pretraining/similarity-analogy.md
1564	chapter_natural-language-processing-pretraining/subword-embedding.md
1565	chapter_natural-language-processing-pretraining/subword-embedding.md
1566	chapter_natural-language-processing-pretraining/subword-embedding.md
1567	chapter_natural-language-processing-pretraining/subword-embedding.md
1568	chapter_natural-language-processing-pretraining/subword-embedding.md
1569	chapter_natural-language-processing-pretraining/subword-embedding.md
1570	chapter_natural-language-processing-pretraining/subword-embedding.md
1571	chapter_natural-language-processing-pretraining/subword-embedding.md
1572	chapter_natural-language-processing-pretraining/subword-embedding.md
1573	chapter_natural-language-processing-pretraining/subword-embedding.md
1574	chapter_natural-language-processing-pretraining/subword-embedding.md
1575	chapter_natural-language-processing-pretraining/subword-embedding.md
1576	chapter_natural-language-processing-pretraining/subword-embedding.md
1577	chapter_natural-language-processing-pretraining/subword-embedding.md
1578	chapter_natural-language-processing-pretraining/subword-embedding.md
1579	chapter_natural-language-processing-pretraining/subword-embedding.md
1580	chapter_natural-language-processing-pretraining/subword-embedding.md
1581	chapter_natural-language-processing-pretraining/subword-embedding.md
1582	chapter_natural-language-processing-pretraining/word-embedding-dataset.md
1583	chapter_natural-language-processing-pretraining/word-embedding-dataset.md
1584	chapter_natural-language-processing-pretraining/word-embedding-dataset.md
1585	chapter_natural-language-processing-pretraining/word-embedding-dataset.md
1586	chapter_natural-language-processing-pretraining/word-embedding-dataset.md
1587	chapter_natural-language-processing-pretraining/word-embedding-dataset.md
1588	chapter_natural-language-processing-pretraining/word-embedding-dataset.md
1589	chapter_natural-language-processing-pretraining/word-embedding-dataset.md
1590	chapter_natural-language-processing-pretraining/word-embedding-dataset.md
1591	chapter_natural-language-processing-pretraining/word-embedding-dataset.md
1592	chapter_natural-language-processing-pretraining/word-embedding-dataset.md
1593	chapter_natural-language-processing-pretraining/word-embedding-dataset.md
1594	chapter_natural-language-processing-pretraining/word-embedding-dataset.md
1595	chapter_natural-language-processing-pretraining/word-embedding-dataset.md
1596	chapter_natural-language-processing-pretraining/word-embedding-dataset.md
1597	chapter_natural-language-processing-pretraining/word-embedding-dataset.md
1598	chapter_natural-language-processing-pretraining/word-embedding-dataset.md
1599	chapter_natural-language-processing-pretraining/word2vec-pretraining.md
1600	chapter_natural-language-processing-pretraining/word2vec-pretraining.md
1601	chapter_natural-language-processing-pretraining/word2vec-pretraining.md
1602	chapter_natural-language-processing-pretraining/word2vec-pretraining.md
1603	chapter_natural-language-processing-pretraining/word2vec-pretraining.md
1604	chapter_natural-language-processing-pretraining/word2vec-pretraining.md
1605	chapter_natural-language-processing-pretraining/word2vec-pretraining.md
1606	chapter_natural-language-processing-pretraining/word2vec-pretraining.md
1607	chapter_natural-language-processing-pretraining/word2vec-pretraining.md
1608	chapter_natural-language-processing-pretraining/word2vec-pretraining.md
1609	chapter_natural-language-processing-pretraining/word2vec-pretraining.md
1610	chapter_natural-language-processing-pretraining/word2vec-pretraining.md
1611	chapter_natural-language-processing-pretraining/word2vec.md
1612	chapter_natural-language-processing-pretraining/word2vec.md
1613	chapter_natural-language-processing-pretraining/word2vec.md
1614	chapter_natural-language-processing-pretraining/word2vec.md
1615	chapter_natural-language-processing-pretraining/word2vec.md
1616	chapter_natural-language-processing-pretraining/word2vec.md
1617	chapter_natural-language-processing-pretraining/word2vec.md
1618	chapter_natural-language-processing-pretraining/word2vec.md
1619	chapter_natural-language-processing-pretraining/word2vec.md
1620	chapter_natural-language-processing-pretraining/word2vec.md
1621	chapter_natural-language-processing-pretraining/word2vec.md
1622	chapter_natural-language-processing-pretraining/word2vec.md
1623	chapter_natural-language-processing-pretraining/word2vec.md
1624	chapter_natural-language-processing-pretraining/word2vec.md
1625	chapter_natural-language-processing-pretraining/word2vec.md
1626	chapter_natural-language-processing-pretraining/word2vec.md
1627	chapter_natural-language-processing-pretraining/word2vec.md
1628	chapter_natural-language-processing-pretraining/word2vec.md
1629	chapter_natural-language-processing-pretraining/word2vec.md
1630	chapter_natural-language-processing-pretraining/word2vec.md
1631	chapter_notation/index.md
1632	chapter_notation/index.md
1633	chapter_notation/index.md
1634	chapter_notation/index.md
1635	chapter_optimization/adadelta.md
1636	chapter_optimization/adadelta.md
1637	chapter_optimization/adadelta.md
1638	chapter_optimization/adadelta.md
1639	chapter_optimization/adadelta.md
1640	chapter_optimization/adagrad.md
1641	chapter_optimization/adagrad.md
1642	chapter_optimization/adagrad.md
1643	chapter_optimization/adagrad.md
1644	chapter_optimization/adagrad.md
1645	chapter_optimization/adagrad.md
1646	chapter_optimization/adagrad.md
1647	chapter_optimization/adagrad.md
1648	chapter_optimization/adagrad.md
1649	chapter_optimization/adagrad.md
1650	chapter_optimization/adagrad.md
1651	chapter_optimization/adagrad.md
1652	chapter_optimization/adagrad.md
1653	chapter_optimization/adagrad.md
1654	chapter_optimization/adagrad.md
1655	chapter_optimization/adagrad.md
1656	chapter_optimization/adagrad.md
1657	chapter_optimization/adagrad.md
1658	chapter_optimization/adagrad.md
1659	chapter_optimization/adagrad.md
1660	chapter_optimization/adagrad.md
1661	chapter_optimization/adam.md
1662	chapter_optimization/adam.md
1663	chapter_optimization/adam.md
1664	chapter_optimization/adam.md
1665	chapter_optimization/adam.md
1666	chapter_optimization/adam.md
1667	chapter_optimization/adam.md
1668	chapter_optimization/adam.md
1669	chapter_optimization/adam.md
1670	chapter_optimization/adam.md
1671	chapter_optimization/adam.md
1672	chapter_optimization/adam.md
1673	chapter_optimization/adam.md
1674	chapter_optimization/adam.md
1675	chapter_optimization/adam.md
1676	chapter_optimization/convexity.md
1677	chapter_optimization/convexity.md
1678	chapter_optimization/convexity.md
1679	chapter_optimization/convexity.md
1680	chapter_optimization/convexity.md
1681	chapter_optimization/convexity.md
1682	chapter_optimization/convexity.md
1683	chapter_optimization/convexity.md
1684	chapter_optimization/convexity.md
1685	chapter_optimization/convexity.md
1686	chapter_optimization/convexity.md
1687	chapter_optimization/convexity.md
1688	chapter_optimization/convexity.md
1689	chapter_optimization/convexity.md
1690	chapter_optimization/convexity.md
1691	chapter_optimization/convexity.md
1692	chapter_optimization/convexity.md
1693	chapter_optimization/convexity.md
1694	chapter_optimization/convexity.md
1695	chapter_optimization/convexity.md
1696	chapter_optimization/convexity.md
1697	chapter_optimization/convexity.md
1698	chapter_optimization/convexity.md
1699	chapter_optimization/convexity.md
1700	chapter_optimization/convexity.md
1701	chapter_optimization/convexity.md
1702	chapter_optimization/convexity.md
1703	chapter_optimization/convexity.md
1704	chapter_optimization/convexity.md
1705	chapter_optimization/convexity.md
1706	chapter_optimization/convexity.md
1707	chapter_optimization/convexity.md
1708	chapter_optimization/convexity.md
1709	chapter_optimization/convexity.md
1710	chapter_optimization/convexity.md
1711	chapter_optimization/gd.md
1712	chapter_optimization/gd.md
1713	chapter_optimization/gd.md
1714	chapter_optimization/gd.md
1715	chapter_optimization/gd.md
1716	chapter_optimization/gd.md
1717	chapter_optimization/gd.md
1718	chapter_optimization/gd.md
1719	chapter_optimization/gd.md
1720	chapter_optimization/gd.md
1721	chapter_optimization/gd.md
1722	chapter_optimization/gd.md
1723	chapter_optimization/gd.md
1724	chapter_optimization/gd.md
1725	chapter_optimization/gd.md
1726	chapter_optimization/gd.md
1727	chapter_optimization/gd.md
1728	chapter_optimization/gd.md
1729	chapter_optimization/gd.md
1730	chapter_optimization/gd.md
1731	chapter_optimization/gd.md
1732	chapter_optimization/gd.md
1733	chapter_optimization/gd.md
1734	chapter_optimization/gd.md
1735	chapter_optimization/gd.md
1736	chapter_optimization/gd.md
1737	chapter_optimization/gd.md
1738	chapter_optimization/gd.md
1739	chapter_optimization/gd.md
1740	chapter_optimization/gd.md
1741	chapter_optimization/gd.md
1742	chapter_optimization/gd.md
1743	chapter_optimization/index.md
1744	chapter_optimization/index.md
1745	chapter_optimization/index.md
1746	chapter_optimization/lr-scheduler.md
1747	chapter_optimization/lr-scheduler.md
1748	chapter_optimization/lr-scheduler.md
1749	chapter_optimization/lr-scheduler.md
1750	chapter_optimization/lr-scheduler.md
1751	chapter_optimization/lr-scheduler.md
1752	chapter_optimization/lr-scheduler.md
1753	chapter_optimization/lr-scheduler.md
1754	chapter_optimization/lr-scheduler.md
1755	chapter_optimization/lr-scheduler.md
1756	chapter_optimization/lr-scheduler.md
1757	chapter_optimization/lr-scheduler.md
1758	chapter_optimization/lr-scheduler.md
1759	chapter_optimization/lr-scheduler.md
1760	chapter_optimization/lr-scheduler.md
1761	chapter_optimization/lr-scheduler.md
1762	chapter_optimization/lr-scheduler.md
1763	chapter_optimization/lr-scheduler.md
1764	chapter_optimization/lr-scheduler.md
1765	chapter_optimization/lr-scheduler.md
1766	chapter_optimization/lr-scheduler.md
1767	chapter_optimization/minibatch-sgd.md
1768	chapter_optimization/minibatch-sgd.md
1769	chapter_optimization/minibatch-sgd.md
1770	chapter_optimization/minibatch-sgd.md
1771	chapter_optimization/minibatch-sgd.md
1772	chapter_optimization/minibatch-sgd.md
1773	chapter_optimization/minibatch-sgd.md
1774	chapter_optimization/minibatch-sgd.md
1775	chapter_optimization/minibatch-sgd.md
1776	chapter_optimization/minibatch-sgd.md
1777	chapter_optimization/minibatch-sgd.md
1778	chapter_optimization/minibatch-sgd.md
1779	chapter_optimization/minibatch-sgd.md
1780	chapter_optimization/minibatch-sgd.md
1781	chapter_optimization/minibatch-sgd.md
1782	chapter_optimization/minibatch-sgd.md
1783	chapter_optimization/minibatch-sgd.md
1784	chapter_optimization/minibatch-sgd.md
1785	chapter_optimization/minibatch-sgd.md
1786	chapter_optimization/minibatch-sgd.md
1787	chapter_optimization/minibatch-sgd.md
1788	chapter_optimization/minibatch-sgd.md
1789	chapter_optimization/minibatch-sgd.md
1790	chapter_optimization/minibatch-sgd.md
1791	chapter_optimization/minibatch-sgd.md
1792	chapter_optimization/momentum.md
1793	chapter_optimization/momentum.md
1794	chapter_optimization/momentum.md
1795	chapter_optimization/momentum.md
1796	chapter_optimization/momentum.md
1797	chapter_optimization/momentum.md
1798	chapter_optimization/momentum.md
1799	chapter_optimization/momentum.md
1800	chapter_optimization/momentum.md
1801	chapter_optimization/momentum.md
1802	chapter_optimization/momentum.md
1803	chapter_optimization/momentum.md
1804	chapter_optimization/momentum.md
1805	chapter_optimization/momentum.md
1806	chapter_optimization/momentum.md
1807	chapter_optimization/momentum.md
1808	chapter_optimization/momentum.md
1809	chapter_optimization/momentum.md
1810	chapter_optimization/momentum.md
1811	chapter_optimization/momentum.md
1812	chapter_optimization/momentum.md
1813	chapter_optimization/momentum.md
1814	chapter_optimization/momentum.md
1815	chapter_optimization/momentum.md
1816	chapter_optimization/momentum.md
1817	chapter_optimization/momentum.md
1818	chapter_optimization/momentum.md
1819	chapter_optimization/momentum.md
1820	chapter_optimization/momentum.md
1821	chapter_optimization/momentum.md
1822	chapter_optimization/momentum.md
1823	chapter_optimization/momentum.md
1824	chapter_optimization/momentum.md
1825	chapter_optimization/momentum.md
1826	chapter_optimization/optimization-intro.md
1827	chapter_optimization/optimization-intro.md
1828	chapter_optimization/optimization-intro.md
1829	chapter_optimization/optimization-intro.md
1830	chapter_optimization/optimization-intro.md
1831	chapter_optimization/optimization-intro.md
1832	chapter_optimization/optimization-intro.md
1833	chapter_optimization/optimization-intro.md
1834	chapter_optimization/optimization-intro.md
1835	chapter_optimization/optimization-intro.md
1836	chapter_optimization/optimization-intro.md
1837	chapter_optimization/optimization-intro.md
1838	chapter_optimization/optimization-intro.md
1839	chapter_optimization/optimization-intro.md
1840	chapter_optimization/optimization-intro.md
1841	chapter_optimization/optimization-intro.md
1842	chapter_optimization/rmsprop.md
1843	chapter_optimization/rmsprop.md
1844	chapter_optimization/rmsprop.md
1845	chapter_optimization/rmsprop.md
1846	chapter_optimization/rmsprop.md
1847	chapter_optimization/rmsprop.md
1848	chapter_optimization/rmsprop.md
1849	chapter_optimization/sgd.md
1850	chapter_optimization/sgd.md
1851	chapter_optimization/sgd.md
1852	chapter_optimization/sgd.md
1853	chapter_optimization/sgd.md
1854	chapter_optimization/sgd.md
1855	chapter_optimization/sgd.md
1856	chapter_optimization/sgd.md
1857	chapter_optimization/sgd.md
1858	chapter_optimization/sgd.md
1859	chapter_optimization/sgd.md
1860	chapter_optimization/sgd.md
1861	chapter_optimization/sgd.md
1862	chapter_optimization/sgd.md
1863	chapter_optimization/sgd.md
1864	chapter_optimization/sgd.md
1865	chapter_optimization/sgd.md
1866	chapter_optimization/sgd.md
1867	chapter_optimization/sgd.md
1868	chapter_optimization/sgd.md
1869	chapter_optimization/sgd.md
1870	chapter_optimization/sgd.md
1871	chapter_optimization/sgd.md
1872	chapter_optimization/sgd.md
1873	chapter_preliminaries/autograd.md
1874	chapter_preliminaries/autograd.md
1875	chapter_preliminaries/autograd.md
1876	chapter_preliminaries/autograd.md
1877	chapter_preliminaries/autograd.md
1878	chapter_preliminaries/autograd.md
1879	chapter_preliminaries/autograd.md
1880	chapter_preliminaries/autograd.md
1881	chapter_preliminaries/autograd.md
1882	chapter_preliminaries/autograd.md
1883	chapter_preliminaries/autograd.md
1884	chapter_preliminaries/autograd.md
1885	chapter_preliminaries/autograd.md
1886	chapter_preliminaries/autograd.md
1887	chapter_preliminaries/calculus.md
1888	chapter_preliminaries/calculus.md
1889	chapter_preliminaries/calculus.md
1890	chapter_preliminaries/calculus.md
1891	chapter_preliminaries/calculus.md
1892	chapter_preliminaries/calculus.md
1893	chapter_preliminaries/calculus.md
1894	chapter_preliminaries/calculus.md
1895	chapter_preliminaries/calculus.md
1896	chapter_preliminaries/calculus.md
1897	chapter_preliminaries/calculus.md
1898	chapter_preliminaries/calculus.md
1899	chapter_preliminaries/calculus.md
1900	chapter_preliminaries/calculus.md
1901	chapter_preliminaries/calculus.md
1902	chapter_preliminaries/calculus.md
1903	chapter_preliminaries/calculus.md
1904	chapter_preliminaries/calculus.md
1905	chapter_preliminaries/calculus.md
1906	chapter_preliminaries/calculus.md
1907	chapter_preliminaries/calculus.md
1908	chapter_preliminaries/calculus.md
1909	chapter_preliminaries/calculus.md
1910	chapter_preliminaries/calculus.md
1911	chapter_preliminaries/calculus.md
1912	chapter_preliminaries/index.md
1913	chapter_preliminaries/index.md
1914	chapter_preliminaries/index.md
1915	chapter_preliminaries/index.md
1916	chapter_preliminaries/index.md
1917	chapter_preliminaries/index.md
1918	chapter_preliminaries/linear-algebra.md
1919	chapter_preliminaries/linear-algebra.md
1920	chapter_preliminaries/linear-algebra.md
1921	chapter_preliminaries/linear-algebra.md
1922	chapter_preliminaries/linear-algebra.md
1923	chapter_preliminaries/linear-algebra.md
1924	chapter_preliminaries/linear-algebra.md
1925	chapter_preliminaries/linear-algebra.md
1926	chapter_preliminaries/linear-algebra.md
1927	chapter_preliminaries/linear-algebra.md
1928	chapter_preliminaries/linear-algebra.md
1929	chapter_preliminaries/linear-algebra.md
1930	chapter_preliminaries/linear-algebra.md
1931	chapter_preliminaries/linear-algebra.md
1932	chapter_preliminaries/linear-algebra.md
1933	chapter_preliminaries/linear-algebra.md
1934	chapter_preliminaries/linear-algebra.md
1935	chapter_preliminaries/linear-algebra.md
1936	chapter_preliminaries/linear-algebra.md
1937	chapter_preliminaries/linear-algebra.md
1938	chapter_preliminaries/linear-algebra.md
1939	chapter_preliminaries/linear-algebra.md
1940	chapter_preliminaries/linear-algebra.md
1941	chapter_preliminaries/linear-algebra.md
1942	chapter_preliminaries/linear-algebra.md
1943	chapter_preliminaries/linear-algebra.md
1944	chapter_preliminaries/linear-algebra.md
1945	chapter_preliminaries/linear-algebra.md
1946	chapter_preliminaries/linear-algebra.md
1947	chapter_preliminaries/linear-algebra.md
1948	chapter_preliminaries/linear-algebra.md
1949	chapter_preliminaries/linear-algebra.md
1950	chapter_preliminaries/linear-algebra.md
1951	chapter_preliminaries/linear-algebra.md
1952	chapter_preliminaries/linear-algebra.md
1953	chapter_preliminaries/linear-algebra.md
1954	chapter_preliminaries/linear-algebra.md
1955	chapter_preliminaries/linear-algebra.md
1956	chapter_preliminaries/linear-algebra.md
1957	chapter_preliminaries/linear-algebra.md
1958	chapter_preliminaries/linear-algebra.md
1959	chapter_preliminaries/linear-algebra.md
1960	chapter_preliminaries/linear-algebra.md
1961	chapter_preliminaries/linear-algebra.md
1962	chapter_preliminaries/linear-algebra.md
1963	chapter_preliminaries/linear-algebra.md
1964	chapter_preliminaries/linear-algebra.md
1965	chapter_preliminaries/linear-algebra.md
1966	chapter_preliminaries/linear-algebra.md
1967	chapter_preliminaries/linear-algebra.md
1968	chapter_preliminaries/lookup-api.md
1969	chapter_preliminaries/lookup-api.md
1970	chapter_preliminaries/lookup-api.md
1971	chapter_preliminaries/lookup-api.md
1972	chapter_preliminaries/lookup-api.md
1973	chapter_preliminaries/lookup-api.md
1974	chapter_preliminaries/lookup-api.md
1975	chapter_preliminaries/ndarray.md
1976	chapter_preliminaries/ndarray.md
1977	chapter_preliminaries/ndarray.md
1978	chapter_preliminaries/ndarray.md
1979	chapter_preliminaries/ndarray.md
1980	chapter_preliminaries/ndarray.md
1981	chapter_preliminaries/ndarray.md
1982	chapter_preliminaries/ndarray.md
1983	chapter_preliminaries/ndarray.md
1984	chapter_preliminaries/ndarray.md
1985	chapter_preliminaries/ndarray.md
1986	chapter_preliminaries/ndarray.md
1987	chapter_preliminaries/ndarray.md
1988	chapter_preliminaries/ndarray.md
1989	chapter_preliminaries/ndarray.md
1990	chapter_preliminaries/ndarray.md
1991	chapter_preliminaries/ndarray.md
1992	chapter_preliminaries/ndarray.md
1993	chapter_preliminaries/ndarray.md
1994	chapter_preliminaries/ndarray.md
1995	chapter_preliminaries/ndarray.md
1996	chapter_preliminaries/ndarray.md
1997	chapter_preliminaries/ndarray.md
1998	chapter_preliminaries/ndarray.md
1999	chapter_preliminaries/ndarray.md
2000	chapter_preliminaries/ndarray.md
2001	chapter_preliminaries/ndarray.md
2002	chapter_preliminaries/ndarray.md
2003	chapter_preliminaries/ndarray.md
2004	chapter_preliminaries/ndarray.md
2005	chapter_preliminaries/ndarray.md
2006	chapter_preliminaries/pandas.md
2007	chapter_preliminaries/pandas.md
2008	chapter_preliminaries/pandas.md
2009	chapter_preliminaries/pandas.md
2010	chapter_preliminaries/pandas.md
2011	chapter_preliminaries/pandas.md
2012	chapter_preliminaries/pandas.md
2013	chapter_preliminaries/pandas.md
2014	chapter_preliminaries/probability.md
2015	chapter_preliminaries/probability.md
2016	chapter_preliminaries/probability.md
2017	chapter_preliminaries/probability.md
2018	chapter_preliminaries/probability.md
2019	chapter_preliminaries/probability.md
2020	chapter_preliminaries/probability.md
2021	chapter_preliminaries/probability.md
2022	chapter_preliminaries/probability.md
2023	chapter_preliminaries/probability.md
2024	chapter_preliminaries/probability.md
2025	chapter_preliminaries/probability.md
2026	chapter_preliminaries/probability.md
2027	chapter_preliminaries/probability.md
2028	chapter_preliminaries/probability.md
2029	chapter_preliminaries/probability.md
2030	chapter_preliminaries/probability.md
2031	chapter_preliminaries/probability.md
2032	chapter_preliminaries/probability.md
2033	chapter_preliminaries/probability.md
2034	chapter_preliminaries/probability.md
2035	chapter_preliminaries/probability.md
2036	chapter_preliminaries/probability.md
2037	chapter_preliminaries/probability.md
2038	chapter_preliminaries/probability.md
2039	chapter_preliminaries/probability.md
2040	chapter_preliminaries/probability.md
2041	chapter_preliminaries/probability.md
2042	chapter_preliminaries/probability.md
2043	chapter_preliminaries/probability.md
2044	chapter_preliminaries/probability.md
2045	chapter_preliminaries/probability.md
2046	chapter_preliminaries/probability.md
2047	chapter_preliminaries/probability.md
2048	chapter_preliminaries/probability.md
2049	chapter_preliminaries/probability.md
2050	chapter_preliminaries/probability.md
2051	chapter_preliminaries/probability.md
2052	chapter_preliminaries/probability.md
2053	chapter_preliminaries/probability.md
2054	chapter_recurrent-modern/beam-search.md
2055	chapter_recurrent-modern/beam-search.md
2056	chapter_recurrent-modern/beam-search.md
2057	chapter_recurrent-modern/beam-search.md
2058	chapter_recurrent-modern/beam-search.md
2059	chapter_recurrent-modern/beam-search.md
2060	chapter_recurrent-modern/beam-search.md
2061	chapter_recurrent-modern/beam-search.md
2062	chapter_recurrent-modern/beam-search.md
2063	chapter_recurrent-modern/beam-search.md
2064	chapter_recurrent-modern/beam-search.md
2065	chapter_recurrent-modern/beam-search.md
2066	chapter_recurrent-modern/beam-search.md
2067	chapter_recurrent-modern/beam-search.md
2068	chapter_recurrent-modern/bi-rnn.md
2069	chapter_recurrent-modern/bi-rnn.md
2070	chapter_recurrent-modern/bi-rnn.md
2071	chapter_recurrent-modern/bi-rnn.md
2072	chapter_recurrent-modern/bi-rnn.md
2073	chapter_recurrent-modern/bi-rnn.md
2074	chapter_recurrent-modern/bi-rnn.md
2075	chapter_recurrent-modern/bi-rnn.md
2076	chapter_recurrent-modern/bi-rnn.md
2077	chapter_recurrent-modern/bi-rnn.md
2078	chapter_recurrent-modern/bi-rnn.md
2079	chapter_recurrent-modern/bi-rnn.md
2080	chapter_recurrent-modern/bi-rnn.md
2081	chapter_recurrent-modern/bi-rnn.md
2082	chapter_recurrent-modern/bi-rnn.md
2083	chapter_recurrent-modern/bi-rnn.md
2084	chapter_recurrent-modern/bi-rnn.md
2085	chapter_recurrent-modern/bi-rnn.md
2086	chapter_recurrent-modern/bi-rnn.md
2087	chapter_recurrent-modern/bi-rnn.md
2088	chapter_recurrent-modern/bi-rnn.md
2089	chapter_recurrent-modern/bi-rnn.md
2090	chapter_recurrent-modern/bi-rnn.md
2091	chapter_recurrent-modern/bi-rnn.md
2092	chapter_recurrent-modern/deep-rnn.md
2093	chapter_recurrent-modern/deep-rnn.md
2094	chapter_recurrent-modern/deep-rnn.md
2095	chapter_recurrent-modern/deep-rnn.md
2096	chapter_recurrent-modern/deep-rnn.md
2097	chapter_recurrent-modern/deep-rnn.md
2098	chapter_recurrent-modern/deep-rnn.md
2099	chapter_recurrent-modern/deep-rnn.md
2100	chapter_recurrent-modern/deep-rnn.md
2101	chapter_recurrent-modern/deep-rnn.md
2102	chapter_recurrent-modern/encoder-decoder.md
2103	chapter_recurrent-modern/encoder-decoder.md
2104	chapter_recurrent-modern/encoder-decoder.md
2105	chapter_recurrent-modern/encoder-decoder.md
2106	chapter_recurrent-modern/encoder-decoder.md
2107	chapter_recurrent-modern/encoder-decoder.md
2108	chapter_recurrent-modern/encoder-decoder.md
2109	chapter_recurrent-modern/encoder-decoder.md
2110	chapter_recurrent-modern/gru.md
2111	chapter_recurrent-modern/gru.md
2112	chapter_recurrent-modern/gru.md
2113	chapter_recurrent-modern/gru.md
2114	chapter_recurrent-modern/gru.md
2115	chapter_recurrent-modern/gru.md
2116	chapter_recurrent-modern/gru.md
2117	chapter_recurrent-modern/gru.md
2118	chapter_recurrent-modern/gru.md
2119	chapter_recurrent-modern/gru.md
2120	chapter_recurrent-modern/gru.md
2121	chapter_recurrent-modern/gru.md
2122	chapter_recurrent-modern/gru.md
2123	chapter_recurrent-modern/gru.md
2124	chapter_recurrent-modern/gru.md
2125	chapter_recurrent-modern/gru.md
2126	chapter_recurrent-modern/gru.md
2127	chapter_recurrent-modern/gru.md
2128	chapter_recurrent-modern/gru.md
2129	chapter_recurrent-modern/gru.md
2130	chapter_recurrent-modern/gru.md
2131	chapter_recurrent-modern/gru.md
2132	chapter_recurrent-modern/index.md
2133	chapter_recurrent-modern/index.md
2134	chapter_recurrent-modern/index.md
2135	chapter_recurrent-modern/lstm.md
2136	chapter_recurrent-modern/lstm.md
2137	chapter_recurrent-modern/lstm.md
2138	chapter_recurrent-modern/lstm.md
2139	chapter_recurrent-modern/lstm.md
2140	chapter_recurrent-modern/lstm.md
2141	chapter_recurrent-modern/lstm.md
2142	chapter_recurrent-modern/lstm.md
2143	chapter_recurrent-modern/lstm.md
2144	chapter_recurrent-modern/lstm.md
2145	chapter_recurrent-modern/lstm.md
2146	chapter_recurrent-modern/lstm.md
2147	chapter_recurrent-modern/lstm.md
2148	chapter_recurrent-modern/lstm.md
2149	chapter_recurrent-modern/lstm.md
2150	chapter_recurrent-modern/lstm.md
2151	chapter_recurrent-modern/lstm.md
2152	chapter_recurrent-modern/lstm.md
2153	chapter_recurrent-modern/machine-translation-and-dataset.md
2154	chapter_recurrent-modern/machine-translation-and-dataset.md
2155	chapter_recurrent-modern/machine-translation-and-dataset.md
2156	chapter_recurrent-modern/machine-translation-and-dataset.md
2157	chapter_recurrent-modern/machine-translation-and-dataset.md
2158	chapter_recurrent-modern/machine-translation-and-dataset.md
2159	chapter_recurrent-modern/machine-translation-and-dataset.md
2160	chapter_recurrent-modern/machine-translation-and-dataset.md
2161	chapter_recurrent-modern/machine-translation-and-dataset.md
2162	chapter_recurrent-modern/machine-translation-and-dataset.md
2163	chapter_recurrent-modern/machine-translation-and-dataset.md
2164	chapter_recurrent-modern/machine-translation-and-dataset.md
2165	chapter_recurrent-modern/machine-translation-and-dataset.md
2166	chapter_recurrent-modern/machine-translation-and-dataset.md
2167	chapter_recurrent-modern/seq2seq.md
2168	chapter_recurrent-modern/seq2seq.md
2169	chapter_recurrent-modern/seq2seq.md
2170	chapter_recurrent-modern/seq2seq.md
2171	chapter_recurrent-modern/seq2seq.md
2172	chapter_recurrent-modern/seq2seq.md
2173	chapter_recurrent-modern/seq2seq.md
2174	chapter_recurrent-modern/seq2seq.md
2175	chapter_recurrent-modern/seq2seq.md
2176	chapter_recurrent-modern/seq2seq.md
2177	chapter_recurrent-modern/seq2seq.md
2178	chapter_recurrent-modern/seq2seq.md
2179	chapter_recurrent-modern/seq2seq.md
2180	chapter_recurrent-modern/seq2seq.md
2181	chapter_recurrent-modern/seq2seq.md
2182	chapter_recurrent-modern/seq2seq.md
2183	chapter_recurrent-modern/seq2seq.md
2184	chapter_recurrent-modern/seq2seq.md
2185	chapter_recurrent-modern/seq2seq.md
2186	chapter_recurrent-modern/seq2seq.md
2187	chapter_recurrent-modern/seq2seq.md
2188	chapter_recurrent-modern/seq2seq.md
2189	chapter_recurrent-modern/seq2seq.md
2190	chapter_recurrent-modern/seq2seq.md
2191	chapter_recurrent-modern/seq2seq.md
2192	chapter_recurrent-modern/seq2seq.md
2193	chapter_recurrent-modern/seq2seq.md
2194	chapter_recurrent-modern/seq2seq.md
2195	chapter_recurrent-modern/seq2seq.md
2196	chapter_recurrent-modern/seq2seq.md
2197	chapter_recurrent-modern/seq2seq.md
2198	chapter_recurrent-neural-networks/bptt.md
2199	chapter_recurrent-neural-networks/bptt.md
2200	chapter_recurrent-neural-networks/bptt.md
2201	chapter_recurrent-neural-networks/bptt.md
2202	chapter_recurrent-neural-networks/bptt.md
2203	chapter_recurrent-neural-networks/bptt.md
2204	chapter_recurrent-neural-networks/bptt.md
2205	chapter_recurrent-neural-networks/bptt.md
2206	chapter_recurrent-neural-networks/bptt.md
2207	chapter_recurrent-neural-networks/bptt.md
2208	chapter_recurrent-neural-networks/bptt.md
2209	chapter_recurrent-neural-networks/bptt.md
2210	chapter_recurrent-neural-networks/bptt.md
2211	chapter_recurrent-neural-networks/bptt.md
2212	chapter_recurrent-neural-networks/bptt.md
2213	chapter_recurrent-neural-networks/bptt.md
2214	chapter_recurrent-neural-networks/bptt.md
2215	chapter_recurrent-neural-networks/bptt.md
2216	chapter_recurrent-neural-networks/bptt.md
2217	chapter_recurrent-neural-networks/bptt.md
2218	chapter_recurrent-neural-networks/bptt.md
2219	chapter_recurrent-neural-networks/bptt.md
2220	chapter_recurrent-neural-networks/bptt.md
2221	chapter_recurrent-neural-networks/bptt.md
2222	chapter_recurrent-neural-networks/bptt.md
2223	chapter_recurrent-neural-networks/bptt.md
2224	chapter_recurrent-neural-networks/bptt.md
2225	chapter_recurrent-neural-networks/bptt.md
2226	chapter_recurrent-neural-networks/bptt.md
2227	chapter_recurrent-neural-networks/index.md
2228	chapter_recurrent-neural-networks/index.md
2229	chapter_recurrent-neural-networks/index.md
2230	chapter_recurrent-neural-networks/index.md
2231	chapter_recurrent-neural-networks/index.md
2232	chapter_recurrent-neural-networks/language-models-and-dataset.md
2233	chapter_recurrent-neural-networks/language-models-and-dataset.md
2234	chapter_recurrent-neural-networks/language-models-and-dataset.md
2235	chapter_recurrent-neural-networks/language-models-and-dataset.md
2236	chapter_recurrent-neural-networks/language-models-and-dataset.md
2237	chapter_recurrent-neural-networks/language-models-and-dataset.md
2238	chapter_recurrent-neural-networks/language-models-and-dataset.md
2239	chapter_recurrent-neural-networks/language-models-and-dataset.md
2240	chapter_recurrent-neural-networks/language-models-and-dataset.md
2241	chapter_recurrent-neural-networks/language-models-and-dataset.md
2242	chapter_recurrent-neural-networks/language-models-and-dataset.md
2243	chapter_recurrent-neural-networks/language-models-and-dataset.md
2244	chapter_recurrent-neural-networks/language-models-and-dataset.md
2245	chapter_recurrent-neural-networks/language-models-and-dataset.md
2246	chapter_recurrent-neural-networks/language-models-and-dataset.md
2247	chapter_recurrent-neural-networks/language-models-and-dataset.md
2248	chapter_recurrent-neural-networks/language-models-and-dataset.md
2249	chapter_recurrent-neural-networks/language-models-and-dataset.md
2250	chapter_recurrent-neural-networks/language-models-and-dataset.md
2251	chapter_recurrent-neural-networks/language-models-and-dataset.md
2252	chapter_recurrent-neural-networks/language-models-and-dataset.md
2253	chapter_recurrent-neural-networks/language-models-and-dataset.md
2254	chapter_recurrent-neural-networks/language-models-and-dataset.md
2255	chapter_recurrent-neural-networks/language-models-and-dataset.md
2256	chapter_recurrent-neural-networks/language-models-and-dataset.md
2257	chapter_recurrent-neural-networks/language-models-and-dataset.md
2258	chapter_recurrent-neural-networks/language-models-and-dataset.md
2259	chapter_recurrent-neural-networks/language-models-and-dataset.md
2260	chapter_recurrent-neural-networks/language-models-and-dataset.md
2261	chapter_recurrent-neural-networks/language-models-and-dataset.md
2262	chapter_recurrent-neural-networks/language-models-and-dataset.md
2263	chapter_recurrent-neural-networks/language-models-and-dataset.md
2264	chapter_recurrent-neural-networks/rnn-concise.md
2265	chapter_recurrent-neural-networks/rnn-concise.md
2266	chapter_recurrent-neural-networks/rnn-concise.md
2267	chapter_recurrent-neural-networks/rnn-concise.md
2268	chapter_recurrent-neural-networks/rnn-concise.md
2269	chapter_recurrent-neural-networks/rnn-concise.md
2270	chapter_recurrent-neural-networks/rnn-concise.md
2271	chapter_recurrent-neural-networks/rnn-concise.md
2272	chapter_recurrent-neural-networks/rnn-scratch.md
2273	chapter_recurrent-neural-networks/rnn-scratch.md
2274	chapter_recurrent-neural-networks/rnn-scratch.md
2275	chapter_recurrent-neural-networks/rnn-scratch.md
2276	chapter_recurrent-neural-networks/rnn-scratch.md
2277	chapter_recurrent-neural-networks/rnn-scratch.md
2278	chapter_recurrent-neural-networks/rnn-scratch.md
2279	chapter_recurrent-neural-networks/rnn-scratch.md
2280	chapter_recurrent-neural-networks/rnn-scratch.md
2281	chapter_recurrent-neural-networks/rnn-scratch.md
2282	chapter_recurrent-neural-networks/rnn-scratch.md
2283	chapter_recurrent-neural-networks/rnn-scratch.md
2284	chapter_recurrent-neural-networks/rnn-scratch.md
2285	chapter_recurrent-neural-networks/rnn-scratch.md
2286	chapter_recurrent-neural-networks/rnn-scratch.md
2287	chapter_recurrent-neural-networks/rnn-scratch.md
2288	chapter_recurrent-neural-networks/rnn-scratch.md
2289	chapter_recurrent-neural-networks/rnn-scratch.md
2290	chapter_recurrent-neural-networks/rnn-scratch.md
2291	chapter_recurrent-neural-networks/rnn-scratch.md
2292	chapter_recurrent-neural-networks/rnn-scratch.md
2293	chapter_recurrent-neural-networks/rnn-scratch.md
2294	chapter_recurrent-neural-networks/rnn-scratch.md
2295	chapter_recurrent-neural-networks/rnn-scratch.md
2296	chapter_recurrent-neural-networks/rnn-scratch.md
2297	chapter_recurrent-neural-networks/rnn-scratch.md
2298	chapter_recurrent-neural-networks/rnn-scratch.md
2299	chapter_recurrent-neural-networks/rnn.md
2300	chapter_recurrent-neural-networks/rnn.md
2301	chapter_recurrent-neural-networks/rnn.md
2302	chapter_recurrent-neural-networks/rnn.md
2303	chapter_recurrent-neural-networks/rnn.md
2304	chapter_recurrent-neural-networks/rnn.md
2305	chapter_recurrent-neural-networks/rnn.md
2306	chapter_recurrent-neural-networks/rnn.md
2307	chapter_recurrent-neural-networks/rnn.md
2308	chapter_recurrent-neural-networks/rnn.md
2309	chapter_recurrent-neural-networks/rnn.md
2310	chapter_recurrent-neural-networks/rnn.md
2311	chapter_recurrent-neural-networks/rnn.md
2312	chapter_recurrent-neural-networks/rnn.md
2313	chapter_recurrent-neural-networks/rnn.md
2314	chapter_recurrent-neural-networks/rnn.md
2315	chapter_recurrent-neural-networks/rnn.md
2316	chapter_recurrent-neural-networks/rnn.md
2317	chapter_recurrent-neural-networks/rnn.md
2318	chapter_recurrent-neural-networks/rnn.md
2319	chapter_recurrent-neural-networks/rnn.md
2320	chapter_recurrent-neural-networks/rnn.md
2321	chapter_recurrent-neural-networks/rnn.md
2322	chapter_recurrent-neural-networks/rnn.md
2323	chapter_recurrent-neural-networks/rnn.md
2324	chapter_recurrent-neural-networks/rnn.md
2325	chapter_recurrent-neural-networks/rnn.md
2326	chapter_recurrent-neural-networks/rnn.md
2327	chapter_recurrent-neural-networks/rnn.md
2328	chapter_recurrent-neural-networks/rnn.md
2329	chapter_recurrent-neural-networks/sequence.md
2330	chapter_recurrent-neural-networks/sequence.md
2331	chapter_recurrent-neural-networks/sequence.md
2332	chapter_recurrent-neural-networks/sequence.md
2333	chapter_recurrent-neural-networks/sequence.md
2334	chapter_recurrent-neural-networks/sequence.md
2335	chapter_recurrent-neural-networks/sequence.md
2336	chapter_recurrent-neural-networks/sequence.md
2337	chapter_recurrent-neural-networks/sequence.md
2338	chapter_recurrent-neural-networks/sequence.md
2339	chapter_recurrent-neural-networks/sequence.md
2340	chapter_recurrent-neural-networks/sequence.md
2341	chapter_recurrent-neural-networks/sequence.md
2342	chapter_recurrent-neural-networks/sequence.md
2343	chapter_recurrent-neural-networks/sequence.md
2344	chapter_recurrent-neural-networks/sequence.md
2345	chapter_recurrent-neural-networks/sequence.md
2346	chapter_recurrent-neural-networks/sequence.md
2347	chapter_recurrent-neural-networks/sequence.md
2348	chapter_recurrent-neural-networks/sequence.md
2349	chapter_recurrent-neural-networks/sequence.md
2350	chapter_recurrent-neural-networks/sequence.md
2351	chapter_recurrent-neural-networks/sequence.md
2352	chapter_recurrent-neural-networks/sequence.md
2353	chapter_recurrent-neural-networks/sequence.md
2354	chapter_recurrent-neural-networks/sequence.md
2355	chapter_recurrent-neural-networks/sequence.md
2356	chapter_recurrent-neural-networks/sequence.md
2357	chapter_recurrent-neural-networks/text-preprocessing.md
2358	chapter_recurrent-neural-networks/text-preprocessing.md
2359	chapter_recurrent-neural-networks/text-preprocessing.md
2360	chapter_recurrent-neural-networks/text-preprocessing.md
2361	chapter_recurrent-neural-networks/text-preprocessing.md
2362	chapter_recurrent-neural-networks/text-preprocessing.md
2363	chapter_recurrent-neural-networks/text-preprocessing.md
2364	chapter_recurrent-neural-networks/text-preprocessing.md
2365	chapter_recurrent-neural-networks/text-preprocessing.md
2366	chapter_recurrent-neural-networks/text-preprocessing.md
2367	contrib/chapter_recommender-systems/autorec.md
2368	contrib/chapter_recommender-systems/autorec.md
2369	contrib/chapter_recommender-systems/autorec.md
2370	contrib/chapter_recommender-systems/autorec.md
2371	contrib/chapter_recommender-systems/autorec.md
2372	contrib/chapter_recommender-systems/autorec.md
2373	contrib/chapter_recommender-systems/autorec.md
2374	contrib/chapter_recommender-systems/autorec.md
2375	contrib/chapter_recommender-systems/autorec.md
2376	contrib/chapter_recommender-systems/autorec.md
2377	contrib/chapter_recommender-systems/autorec.md
2378	contrib/chapter_recommender-systems/autorec.md
2379	contrib/chapter_recommender-systems/ctr.md
2380	contrib/chapter_recommender-systems/ctr.md
2381	contrib/chapter_recommender-systems/ctr.md
2382	contrib/chapter_recommender-systems/ctr.md
2383	contrib/chapter_recommender-systems/ctr.md
2384	contrib/chapter_recommender-systems/ctr.md
2385	contrib/chapter_recommender-systems/ctr.md
2386	contrib/chapter_recommender-systems/ctr.md
2387	contrib/chapter_recommender-systems/ctr.md
2388	contrib/chapter_recommender-systems/fm.md
2389	contrib/chapter_recommender-systems/fm.md
2390	contrib/chapter_recommender-systems/fm.md
2391	contrib/chapter_recommender-systems/fm.md
2392	contrib/chapter_recommender-systems/fm.md
2393	contrib/chapter_recommender-systems/fm.md
2394	contrib/chapter_recommender-systems/fm.md
2395	contrib/chapter_recommender-systems/fm.md
2396	contrib/chapter_recommender-systems/fm.md
2397	contrib/chapter_recommender-systems/fm.md
2398	contrib/chapter_recommender-systems/index.md
2399	contrib/chapter_recommender-systems/index.md
2400	contrib/chapter_recommender-systems/index.md
2401	contrib/chapter_recommender-systems/mf.md
2402	contrib/chapter_recommender-systems/mf.md
2403	contrib/chapter_recommender-systems/mf.md
2404	contrib/chapter_recommender-systems/mf.md
2405	contrib/chapter_recommender-systems/mf.md
2406	contrib/chapter_recommender-systems/mf.md
2407	contrib/chapter_recommender-systems/mf.md
2408	contrib/chapter_recommender-systems/mf.md
2409	contrib/chapter_recommender-systems/mf.md
2410	contrib/chapter_recommender-systems/mf.md
2411	contrib/chapter_recommender-systems/mf.md
2412	contrib/chapter_recommender-systems/mf.md
2413	contrib/chapter_recommender-systems/mf.md
2414	contrib/chapter_recommender-systems/mf.md
2415	contrib/chapter_recommender-systems/movielens.md
2416	contrib/chapter_recommender-systems/movielens.md
2417	contrib/chapter_recommender-systems/movielens.md
2418	contrib/chapter_recommender-systems/movielens.md
2419	contrib/chapter_recommender-systems/movielens.md
2420	contrib/chapter_recommender-systems/movielens.md
2421	contrib/chapter_recommender-systems/movielens.md
2422	contrib/chapter_recommender-systems/movielens.md
2423	contrib/chapter_recommender-systems/movielens.md
2424	contrib/chapter_recommender-systems/movielens.md
2425	contrib/chapter_recommender-systems/movielens.md
2426	contrib/to-rm-mx-contrib-text/chapter_natural-language-processing/machine-translation.md
2427	contrib/to-rm-mx-contrib-text/chapter_natural-language-processing/machine-translation.md
2428	contrib/to-rm-mx-contrib-text/chapter_natural-language-processing/machine-translation.md
2429	contrib/to-rm-mx-contrib-text/chapter_natural-language-processing/machine-translation.md
2430	contrib/to-rm-mx-contrib-text/chapter_natural-language-processing/machine-translation.md
2431	contrib/to-rm-mx-contrib-text/chapter_natural-language-processing/machine-translation.md
2432	contrib/to-rm-mx-contrib-text/chapter_natural-language-processing/machine-translation.md
2433	contrib/to-rm-mx-contrib-text/chapter_natural-language-processing/machine-translation.md
2434	contrib/to-rm-mx-contrib-text/chapter_natural-language-processing/machine-translation.md
2435	contrib/to-rm-mx-contrib-text/chapter_natural-language-processing/machine-translation.md
2436	contrib/to-rm-mx-contrib-text/chapter_natural-language-processing/machine-translation.md
2437	contrib/to-rm-mx-contrib-text/chapter_natural-language-processing/machine-translation.md
2438	contrib/to-rm-mx-contrib-text/chapter_natural-language-processing/machine-translation.md
2439	contrib/to-rm-mx-contrib-text/chapter_natural-language-processing/machine-translation.md
2440	contrib/to-rm-mx-contrib-text/chapter_natural-language-processing/machine-translation.md
2441	contrib/to-rm-mx-contrib-text/chapter_natural-language-processing/machine-translation.md
2442	contrib/to-rm-mx-contrib-text/chapter_natural-language-processing/machine-translation.md
2443	contrib/to-rm-mx-contrib-text/chapter_natural-language-processing/machine-translation.md
2444	contrib/to-rm-mx-contrib-text/chapter_natural-language-processing/machine-translation.md
2445	contrib/to-rm-mx-contrib-text/chapter_natural-language-processing/machine-translation.md
2446	contrib/to-rm-mx-contrib-text/chapter_natural-language-processing/machine-translation.md
2447	contrib/to-rm-mx-contrib-text/chapter_natural-language-processing/sentiment-analysis-cnn.md
2448	contrib/to-rm-mx-contrib-text/chapter_natural-language-processing/sentiment-analysis-cnn.md
2449	contrib/to-rm-mx-contrib-text/chapter_natural-language-processing/sentiment-analysis-cnn.md
2450	contrib/to-rm-mx-contrib-text/chapter_natural-language-processing/sentiment-analysis-cnn.md
2451	contrib/to-rm-mx-contrib-text/chapter_natural-language-processing/sentiment-analysis-cnn.md
2452	contrib/to-rm-mx-contrib-text/chapter_natural-language-processing/sentiment-analysis-cnn.md
2453	contrib/to-rm-mx-contrib-text/chapter_natural-language-processing/sentiment-analysis-cnn.md
2454	contrib/to-rm-mx-contrib-text/chapter_natural-language-processing/sentiment-analysis-cnn.md
2455	contrib/to-rm-mx-contrib-text/chapter_natural-language-processing/sentiment-analysis-cnn.md
2456	contrib/to-rm-mx-contrib-text/chapter_natural-language-processing/sentiment-analysis-cnn.md
2457	contrib/to-rm-mx-contrib-text/chapter_natural-language-processing/sentiment-analysis-cnn.md
2458	contrib/to-rm-mx-contrib-text/chapter_natural-language-processing/sentiment-analysis-cnn.md
2459	contrib/to-rm-mx-contrib-text/chapter_natural-language-processing/sentiment-analysis-cnn.md
2460	contrib/to-rm-mx-contrib-text/chapter_natural-language-processing/sentiment-analysis-cnn.md
2461	contrib/to-rm-mx-contrib-text/chapter_natural-language-processing/sentiment-analysis-cnn.md
2462	contrib/to-rm-mx-contrib-text/chapter_natural-language-processing/sentiment-analysis-cnn.md
2463	contrib/to-rm-mx-contrib-text/chapter_natural-language-processing/sentiment-analysis-rnn.md
2464	contrib/to-rm-mx-contrib-text/chapter_natural-language-processing/sentiment-analysis-rnn.md
2465	contrib/to-rm-mx-contrib-text/chapter_natural-language-processing/sentiment-analysis-rnn.md
2466	contrib/to-rm-mx-contrib-text/chapter_natural-language-processing/sentiment-analysis-rnn.md
2467	contrib/to-rm-mx-contrib-text/chapter_natural-language-processing/sentiment-analysis-rnn.md
2468	contrib/to-rm-mx-contrib-text/chapter_natural-language-processing/sentiment-analysis-rnn.md
2469	contrib/to-rm-mx-contrib-text/chapter_natural-language-processing/sentiment-analysis-rnn.md
2470	contrib/to-rm-mx-contrib-text/chapter_natural-language-processing/sentiment-analysis-rnn.md
2471	contrib/to-rm-mx-contrib-text/chapter_natural-language-processing/sentiment-analysis-rnn.md
2472	contrib/to-rm-mx-contrib-text/chapter_natural-language-processing/sentiment-analysis-rnn.md
2473	contrib/to-rm-mx-contrib-text/chapter_natural-language-processing/sentiment-analysis-rnn.md
2474	contrib/to-rm-mx-contrib-text/chapter_natural-language-processing/sentiment-analysis-rnn.md
2475	contrib/to-rm-mx-contrib-text/chapter_natural-language-processing/sentiment-analysis-rnn.md
2476	contrib/to-rm-mx-contrib-text/chapter_natural-language-processing/similarity-analogy.md
2477	contrib/to-rm-mx-contrib-text/chapter_natural-language-processing/similarity-analogy.md
2478	contrib/to-rm-mx-contrib-text/chapter_natural-language-processing/similarity-analogy.md
2479	contrib/to-rm-mx-contrib-text/chapter_natural-language-processing/similarity-analogy.md
2480	contrib/to-rm-mx-contrib-text/chapter_natural-language-processing/similarity-analogy.md
2481	contrib/to-rm-mx-contrib-text/chapter_natural-language-processing/similarity-analogy.md
2482	contrib/to-rm-mx-contrib-text/chapter_natural-language-processing/similarity-analogy.md
2483	contrib/to-rm-mx-contrib-text/chapter_natural-language-processing/similarity-analogy.md
2484	contrib/to-rm-mx-contrib-text/chapter_natural-language-processing/similarity-analogy.md
2485	contrib/to-rm-mx-contrib-text/chapter_natural-language-processing/similarity-analogy.md
2486	contrib/to-rm-mx-contrib-text/chapter_natural-language-processing/similarity-analogy.md
