# development.txt 行号	来源 ID（固定提交见 sources.json）	原文件
1	vue	src/api/application.md
2	vue	src/api/application.md
3	vue	src/api/application.md
4	vue	src/api/application.md
5	vue	src/api/application.md
6	vue	src/api/application.md
7	vue	src/api/application.md
8	vue	src/api/application.md
9	vue	src/api/application.md
10	vue	src/api/application.md
11	vue	src/api/application.md
12	vue	src/api/application.md
13	vue	src/api/application.md
14	vue	src/api/application.md
15	vue	src/api/application.md
16	vue	src/api/application.md
17	vue	src/api/application.md
18	vue	src/api/application.md
19	vue	src/api/application.md
20	vue	src/api/application.md
21	vue	src/api/application.md
22	vue	src/api/application.md
23	vue	src/api/application.md
24	vue	src/api/application.md
25	vue	src/api/application.md
26	vue	src/api/application.md
27	vue	src/api/application.md
28	vue	src/api/application.md
29	vue	src/api/application.md
30	vue	src/api/application.md
31	vue	src/api/application.md
32	vue	src/api/application.md
33	vue	src/api/built-in-components.md
34	vue	src/api/built-in-components.md
35	vue	src/api/built-in-components.md
36	vue	src/api/built-in-components.md
37	vue	src/api/built-in-directives.md
38	vue	src/api/built-in-directives.md
39	vue	src/api/built-in-directives.md
40	vue	src/api/built-in-directives.md
41	vue	src/api/built-in-directives.md
42	vue	src/api/built-in-directives.md
43	vue	src/api/built-in-directives.md
44	vue	src/api/built-in-directives.md
45	vue	src/api/built-in-directives.md
46	vue	src/api/built-in-directives.md
47	vue	src/api/built-in-directives.md
48	vue	src/api/built-in-directives.md
49	vue	src/api/built-in-directives.md
50	vue	src/api/built-in-directives.md
51	vue	src/api/built-in-directives.md
52	vue	src/api/built-in-directives.md
53	vue	src/api/built-in-directives.md
54	vue	src/api/built-in-directives.md
55	vue	src/api/built-in-directives.md
56	vue	src/api/built-in-directives.md
57	vue	src/api/built-in-directives.md
58	vue	src/api/built-in-directives.md
59	vue	src/api/built-in-directives.md
60	vue	src/api/built-in-directives.md
61	vue	src/api/built-in-directives.md
62	vue	src/api/built-in-directives.md
63	vue	src/api/built-in-special-attributes.md
64	vue	src/api/built-in-special-attributes.md
65	vue	src/api/built-in-special-attributes.md
66	vue	src/api/built-in-special-attributes.md
67	vue	src/api/built-in-special-attributes.md
68	vue	src/api/built-in-special-attributes.md
69	vue	src/api/built-in-special-attributes.md
70	vue	src/api/built-in-special-elements.md
71	vue	src/api/built-in-special-elements.md
72	vue	src/api/built-in-special-elements.md
73	vue	src/api/built-in-special-elements.md
74	vue	src/api/built-in-special-elements.md
75	vue	src/api/built-in-special-elements.md
76	vue	src/api/compile-time-flags.md
77	vue	src/api/compile-time-flags.md
78	vue	src/api/compile-time-flags.md
79	vue	src/api/compile-time-flags.md
80	vue	src/api/compile-time-flags.md
81	vue	src/api/component-instance.md
82	vue	src/api/component-instance.md
83	vue	src/api/component-instance.md
84	vue	src/api/component-instance.md
85	vue	src/api/component-instance.md
86	vue	src/api/component-instance.md
87	vue	src/api/component-instance.md
88	vue	src/api/component-instance.md
89	vue	src/api/component-instance.md
90	vue	src/api/component-instance.md
91	vue	src/api/component-instance.md
92	vue	src/api/component-instance.md
93	vue	src/api/component-instance.md
94	vue	src/api/composition-api-dependency-injection.md
95	vue	src/api/composition-api-dependency-injection.md
96	vue	src/api/composition-api-dependency-injection.md
97	vue	src/api/composition-api-dependency-injection.md
98	vue	src/api/composition-api-dependency-injection.md
99	vue	src/api/composition-api-dependency-injection.md
100	vue	src/api/composition-api-helpers.md
101	vue	src/api/composition-api-helpers.md
102	vue	src/api/composition-api-helpers.md
103	vue	src/api/composition-api-helpers.md
104	vue	src/api/composition-api-helpers.md
105	vue	src/api/composition-api-helpers.md
106	vue	src/api/composition-api-lifecycle.md
107	vue	src/api/composition-api-lifecycle.md
108	vue	src/api/composition-api-lifecycle.md
109	vue	src/api/composition-api-lifecycle.md
110	vue	src/api/composition-api-lifecycle.md
111	vue	src/api/composition-api-lifecycle.md
112	vue	src/api/composition-api-lifecycle.md
113	vue	src/api/composition-api-lifecycle.md
114	vue	src/api/composition-api-lifecycle.md
115	vue	src/api/composition-api-lifecycle.md
116	vue	src/api/composition-api-lifecycle.md
117	vue	src/api/composition-api-lifecycle.md
118	vue	src/api/composition-api-lifecycle.md
119	vue	src/api/composition-api-lifecycle.md
120	vue	src/api/composition-api-lifecycle.md
121	vue	src/api/composition-api-lifecycle.md
122	vue	src/api/composition-api-lifecycle.md
123	vue	src/api/composition-api-lifecycle.md
124	vue	src/api/composition-api-setup.md
125	vue	src/api/composition-api-setup.md
126	vue	src/api/composition-api-setup.md
127	vue	src/api/composition-api-setup.md
128	vue	src/api/composition-api-setup.md
129	vue	src/api/composition-api-setup.md
130	vue	src/api/composition-api-setup.md
131	vue	src/api/composition-api-setup.md
132	vue	src/api/composition-api-setup.md
133	vue	src/api/composition-api-setup.md
134	vue	src/api/composition-api-setup.md
135	vue	src/api/composition-api-setup.md
136	vue	src/api/composition-api-setup.md
137	vue	src/api/custom-elements.md
138	vue	src/api/custom-elements.md
139	vue	src/api/custom-renderer.md
140	vue	src/api/custom-renderer.md
141	vue	src/api/general.md
142	vue	src/api/general.md
143	vue	src/api/general.md
144	vue	src/api/general.md
145	vue	src/api/general.md
146	vue	src/api/general.md
147	vue	src/api/general.md
148	vue	src/api/general.md
149	vue	src/api/general.md
150	vue	src/api/general.md
151	vue	src/api/general.md
152	vue	src/api/options-composition.md
153	vue	src/api/options-composition.md
154	vue	src/api/options-composition.md
155	vue	src/api/options-composition.md
156	vue	src/api/options-composition.md
157	vue	src/api/options-composition.md
158	vue	src/api/options-composition.md
159	vue	src/api/options-composition.md
160	vue	src/api/options-composition.md
161	vue	src/api/options-composition.md
162	vue	src/api/options-composition.md
163	vue	src/api/options-lifecycle.md
164	vue	src/api/options-lifecycle.md
165	vue	src/api/options-lifecycle.md
166	vue	src/api/options-lifecycle.md
167	vue	src/api/options-lifecycle.md
168	vue	src/api/options-lifecycle.md
169	vue	src/api/options-lifecycle.md
170	vue	src/api/options-misc.md
171	vue	src/api/options-misc.md
172	vue	src/api/options-misc.md
173	vue	src/api/options-misc.md
174	vue	src/api/options-misc.md
175	vue	src/api/options-misc.md
176	vue	src/api/options-rendering.md
177	vue	src/api/options-rendering.md
178	vue	src/api/options-rendering.md
179	vue	src/api/options-rendering.md
180	vue	src/api/options-rendering.md
181	vue	src/api/options-rendering.md
182	vue	src/api/options-rendering.md
183	vue	src/api/options-state.md
184	vue	src/api/options-state.md
185	vue	src/api/options-state.md
186	vue	src/api/options-state.md
187	vue	src/api/options-state.md
188	vue	src/api/options-state.md
189	vue	src/api/options-state.md
190	vue	src/api/options-state.md
191	vue	src/api/options-state.md
192	vue	src/api/options-state.md
193	vue	src/api/options-state.md
194	vue	src/api/options-state.md
195	vue	src/api/options-state.md
196	vue	src/api/options-state.md
197	vue	src/api/options-state.md
198	vue	src/api/options-state.md
199	vue	src/api/options-state.md
200	vue	src/api/options-state.md
201	vue	src/api/options-state.md
202	vue	src/api/options-state.md
203	vue	src/api/options-state.md
204	vue	src/api/options-state.md
205	vue	src/api/options-state.md
206	vue	src/api/options-state.md
207	vue	src/api/reactivity-advanced.md
208	vue	src/api/reactivity-advanced.md
209	vue	src/api/reactivity-advanced.md
210	vue	src/api/reactivity-advanced.md
211	vue	src/api/reactivity-advanced.md
212	vue	src/api/reactivity-advanced.md
213	vue	src/api/reactivity-advanced.md
214	vue	src/api/reactivity-advanced.md
215	vue	src/api/reactivity-advanced.md
216	vue	src/api/reactivity-advanced.md
217	vue	src/api/reactivity-advanced.md
218	vue	src/api/reactivity-advanced.md
219	vue	src/api/reactivity-advanced.md
220	vue	src/api/reactivity-advanced.md
221	vue	src/api/reactivity-advanced.md
222	vue	src/api/reactivity-advanced.md
223	vue	src/api/reactivity-core.md
224	vue	src/api/reactivity-core.md
225	vue	src/api/reactivity-core.md
226	vue	src/api/reactivity-core.md
227	vue	src/api/reactivity-core.md
228	vue	src/api/reactivity-core.md
229	vue	src/api/reactivity-core.md
230	vue	src/api/reactivity-core.md
231	vue	src/api/reactivity-core.md
232	vue	src/api/reactivity-core.md
233	vue	src/api/reactivity-core.md
234	vue	src/api/reactivity-core.md
235	vue	src/api/reactivity-core.md
236	vue	src/api/reactivity-core.md
237	vue	src/api/reactivity-core.md
238	vue	src/api/reactivity-core.md
239	vue	src/api/reactivity-core.md
240	vue	src/api/reactivity-core.md
241	vue	src/api/reactivity-core.md
242	vue	src/api/reactivity-core.md
243	vue	src/api/reactivity-core.md
244	vue	src/api/reactivity-core.md
245	vue	src/api/reactivity-core.md
246	vue	src/api/reactivity-core.md
247	vue	src/api/reactivity-core.md
248	vue	src/api/reactivity-utilities.md
249	vue	src/api/reactivity-utilities.md
250	vue	src/api/reactivity-utilities.md
251	vue	src/api/reactivity-utilities.md
252	vue	src/api/reactivity-utilities.md
253	vue	src/api/reactivity-utilities.md
254	vue	src/api/reactivity-utilities.md
255	vue	src/api/reactivity-utilities.md
256	vue	src/api/render-function.md
257	vue	src/api/render-function.md
258	vue	src/api/render-function.md
259	vue	src/api/render-function.md
260	vue	src/api/render-function.md
261	vue	src/api/sfc-css-features.md
262	vue	src/api/sfc-css-features.md
263	vue	src/api/sfc-css-features.md
264	vue	src/api/sfc-css-features.md
265	vue	src/api/sfc-css-features.md
266	vue	src/api/sfc-css-features.md
267	vue	src/api/sfc-css-features.md
268	vue	src/api/sfc-css-features.md
269	vue	src/api/sfc-css-features.md
270	vue	src/api/sfc-css-features.md
271	vue	src/api/sfc-script-setup.md
272	vue	src/api/sfc-script-setup.md
273	vue	src/api/sfc-script-setup.md
274	vue	src/api/sfc-script-setup.md
275	vue	src/api/sfc-script-setup.md
276	vue	src/api/sfc-script-setup.md
277	vue	src/api/sfc-script-setup.md
278	vue	src/api/sfc-script-setup.md
279	vue	src/api/sfc-script-setup.md
280	vue	src/api/sfc-script-setup.md
281	vue	src/api/sfc-script-setup.md
282	vue	src/api/sfc-script-setup.md
283	vue	src/api/sfc-script-setup.md
284	vue	src/api/sfc-script-setup.md
285	vue	src/api/sfc-script-setup.md
286	vue	src/api/sfc-script-setup.md
287	vue	src/api/sfc-script-setup.md
288	vue	src/api/sfc-script-setup.md
289	vue	src/api/sfc-script-setup.md
290	vue	src/api/sfc-script-setup.md
291	vue	src/api/sfc-script-setup.md
292	vue	src/api/sfc-script-setup.md
293	vue	src/api/sfc-script-setup.md
294	vue	src/api/sfc-script-setup.md
295	vue	src/api/sfc-script-setup.md
296	vue	src/api/sfc-script-setup.md
297	vue	src/api/sfc-script-setup.md
298	vue	src/api/sfc-script-setup.md
299	vue	src/api/sfc-script-setup.md
300	vue	src/api/sfc-script-setup.md
301	vue	src/api/sfc-script-setup.md
302	vue	src/api/sfc-script-setup.md
303	vue	src/api/sfc-script-setup.md
304	vue	src/api/sfc-script-setup.md
305	vue	src/api/sfc-script-setup.md
306	vue	src/api/sfc-script-setup.md
307	vue	src/api/sfc-script-setup.md
308	vue	src/api/sfc-script-setup.md
309	vue	src/api/sfc-script-setup.md
310	vue	src/api/sfc-script-setup.md
311	vue	src/api/sfc-script-setup.md
312	vue	src/api/sfc-script-setup.md
313	vue	src/api/sfc-spec.md
314	vue	src/api/sfc-spec.md
315	vue	src/api/sfc-spec.md
316	vue	src/api/sfc-spec.md
317	vue	src/api/sfc-spec.md
318	vue	src/api/sfc-spec.md
319	vue	src/api/sfc-spec.md
320	vue	src/api/sfc-spec.md
321	vue	src/api/sfc-spec.md
322	vue	src/api/sfc-spec.md
323	vue	src/api/sfc-spec.md
324	vue	src/api/sfc-spec.md
325	vue	src/api/ssr.md
326	vue	src/api/ssr.md
327	vue	src/api/utility-types.md
328	vue	src/api/utility-types.md
329	vue	src/guide/best-practices/accessibility.md
330	vue	src/guide/best-practices/accessibility.md
331	vue	src/guide/best-practices/accessibility.md
332	vue	src/guide/best-practices/accessibility.md
333	vue	src/guide/best-practices/accessibility.md
334	vue	src/guide/best-practices/accessibility.md
335	vue	src/guide/best-practices/accessibility.md
336	vue	src/guide/best-practices/accessibility.md
337	vue	src/guide/best-practices/accessibility.md
338	vue	src/guide/best-practices/accessibility.md
339	vue	src/guide/best-practices/accessibility.md
340	vue	src/guide/best-practices/accessibility.md
341	vue	src/guide/best-practices/accessibility.md
342	vue	src/guide/best-practices/accessibility.md
343	vue	src/guide/best-practices/accessibility.md
344	vue	src/guide/best-practices/accessibility.md
345	vue	src/guide/best-practices/accessibility.md
346	vue	src/guide/best-practices/accessibility.md
347	vue	src/guide/best-practices/accessibility.md
348	vue	src/guide/best-practices/accessibility.md
349	vue	src/guide/best-practices/accessibility.md
350	vue	src/guide/best-practices/performance.md
351	vue	src/guide/best-practices/performance.md
352	vue	src/guide/best-practices/performance.md
353	vue	src/guide/best-practices/performance.md
354	vue	src/guide/best-practices/performance.md
355	vue	src/guide/best-practices/performance.md
356	vue	src/guide/best-practices/performance.md
357	vue	src/guide/best-practices/performance.md
358	vue	src/guide/best-practices/performance.md
359	vue	src/guide/best-practices/performance.md
360	vue	src/guide/best-practices/performance.md
361	vue	src/guide/best-practices/performance.md
362	vue	src/guide/best-practices/performance.md
363	vue	src/guide/best-practices/performance.md
364	vue	src/guide/best-practices/performance.md
365	vue	src/guide/best-practices/performance.md
366	vue	src/guide/best-practices/performance.md
367	vue	src/guide/best-practices/performance.md
368	vue	src/guide/best-practices/performance.md
369	vue	src/guide/best-practices/performance.md
370	vue	src/guide/best-practices/performance.md
371	vue	src/guide/best-practices/performance.md
372	vue	src/guide/best-practices/performance.md
373	vue	src/guide/best-practices/performance.md
374	vue	src/guide/best-practices/performance.md
375	vue	src/guide/best-practices/performance.md
376	vue	src/guide/best-practices/performance.md
377	vue	src/guide/best-practices/performance.md
378	vue	src/guide/best-practices/performance.md
379	vue	src/guide/best-practices/performance.md
380	vue	src/guide/best-practices/performance.md
381	vue	src/guide/best-practices/performance.md
382	vue	src/guide/best-practices/performance.md
383	vue	src/guide/best-practices/performance.md
384	vue	src/guide/best-practices/performance.md
385	vue	src/guide/best-practices/performance.md
386	vue	src/guide/best-practices/production-deployment.md
387	vue	src/guide/best-practices/production-deployment.md
388	vue	src/guide/best-practices/production-deployment.md
389	vue	src/guide/best-practices/production-deployment.md
390	vue	src/guide/best-practices/production-deployment.md
391	vue	src/guide/best-practices/security.md
392	vue	src/guide/best-practices/security.md
393	vue	src/guide/best-practices/security.md
394	vue	src/guide/best-practices/security.md
395	vue	src/guide/best-practices/security.md
396	vue	src/guide/best-practices/security.md
397	vue	src/guide/best-practices/security.md
398	vue	src/guide/best-practices/security.md
399	vue	src/guide/best-practices/security.md
400	vue	src/guide/best-practices/security.md
401	vue	src/guide/best-practices/security.md
402	vue	src/guide/best-practices/security.md
403	vue	src/guide/best-practices/security.md
404	vue	src/guide/best-practices/security.md
405	vue	src/guide/best-practices/security.md
406	vue	src/guide/best-practices/security.md
407	vue	src/guide/best-practices/security.md
408	vue	src/guide/best-practices/security.md
409	vue	src/guide/best-practices/security.md
410	vue	src/guide/best-practices/security.md
411	vue	src/guide/best-practices/security.md
412	vue	src/guide/best-practices/security.md
413	vue	src/guide/best-practices/security.md
414	vue	src/guide/best-practices/security.md
415	vue	src/guide/built-ins/keep-alive.md
416	vue	src/guide/built-ins/keep-alive.md
417	vue	src/guide/built-ins/keep-alive.md
418	vue	src/guide/built-ins/keep-alive.md
419	vue	src/guide/built-ins/keep-alive.md
420	vue	src/guide/built-ins/keep-alive.md
421	vue	src/guide/built-ins/keep-alive.md
422	vue	src/guide/built-ins/keep-alive.md
423	vue	src/guide/built-ins/keep-alive.md
424	vue	src/guide/built-ins/keep-alive.md
425	vue	src/guide/built-ins/keep-alive.md
426	vue	src/guide/built-ins/suspense.md
427	vue	src/guide/built-ins/suspense.md
428	vue	src/guide/built-ins/suspense.md
429	vue	src/guide/built-ins/suspense.md
430	vue	src/guide/built-ins/suspense.md
431	vue	src/guide/built-ins/suspense.md
432	vue	src/guide/built-ins/suspense.md
433	vue	src/guide/built-ins/suspense.md
434	vue	src/guide/built-ins/suspense.md
435	vue	src/guide/built-ins/suspense.md
436	vue	src/guide/built-ins/suspense.md
437	vue	src/guide/built-ins/suspense.md
438	vue	src/guide/built-ins/suspense.md
439	vue	src/guide/built-ins/suspense.md
440	vue	src/guide/built-ins/suspense.md
441	vue	src/guide/built-ins/suspense.md
442	vue	src/guide/built-ins/suspense.md
443	vue	src/guide/built-ins/suspense.md
444	vue	src/guide/built-ins/suspense.md
445	vue	src/guide/built-ins/suspense.md
446	vue	src/guide/built-ins/teleport.md
447	vue	src/guide/built-ins/teleport.md
448	vue	src/guide/built-ins/teleport.md
449	vue	src/guide/built-ins/teleport.md
450	vue	src/guide/built-ins/teleport.md
451	vue	src/guide/built-ins/teleport.md
452	vue	src/guide/built-ins/teleport.md
453	vue	src/guide/built-ins/teleport.md
454	vue	src/guide/built-ins/teleport.md
455	vue	src/guide/built-ins/teleport.md
456	vue	src/guide/built-ins/teleport.md
457	vue	src/guide/built-ins/teleport.md
458	vue	src/guide/built-ins/teleport.md
459	vue	src/guide/built-ins/teleport.md
460	vue	src/guide/built-ins/teleport.md
461	vue	src/guide/built-ins/teleport.md
462	vue	src/guide/built-ins/transition-group.md
463	vue	src/guide/built-ins/transition-group.md
464	vue	src/guide/built-ins/transition-group.md
465	vue	src/guide/built-ins/transition-group.md
466	vue	src/guide/built-ins/transition-group.md
467	vue	src/guide/built-ins/transition.md
468	vue	src/guide/built-ins/transition.md
469	vue	src/guide/built-ins/transition.md
470	vue	src/guide/built-ins/transition.md
471	vue	src/guide/built-ins/transition.md
472	vue	src/guide/built-ins/transition.md
473	vue	src/guide/built-ins/transition.md
474	vue	src/guide/built-ins/transition.md
475	vue	src/guide/built-ins/transition.md
476	vue	src/guide/built-ins/transition.md
477	vue	src/guide/built-ins/transition.md
478	vue	src/guide/built-ins/transition.md
479	vue	src/guide/built-ins/transition.md
480	vue	src/guide/built-ins/transition.md
481	vue	src/guide/built-ins/transition.md
482	vue	src/guide/built-ins/transition.md
483	vue	src/guide/built-ins/transition.md
484	vue	src/guide/built-ins/transition.md
485	vue	src/guide/built-ins/transition.md
486	vue	src/guide/built-ins/transition.md
487	vue	src/guide/built-ins/transition.md
488	vue	src/guide/built-ins/transition.md
489	vue	src/guide/built-ins/transition.md
490	vue	src/guide/built-ins/transition.md
491	vue	src/guide/built-ins/transition.md
492	vue	src/guide/built-ins/transition.md
493	vue	src/guide/built-ins/transition.md
494	vue	src/guide/built-ins/transition.md
495	vue	src/guide/built-ins/transition.md
496	vue	src/guide/built-ins/transition.md
497	vue	src/guide/built-ins/transition.md
498	vue	src/guide/built-ins/transition.md
499	vue	src/guide/built-ins/transition.md
500	vue	src/guide/built-ins/transition.md
501	vue	src/guide/built-ins/transition.md
502	vue	src/guide/built-ins/transition.md
503	vue	src/guide/built-ins/transition.md
504	vue	src/guide/built-ins/transition.md
505	vue	src/guide/built-ins/transition.md
506	vue	src/guide/components/async.md
507	vue	src/guide/components/async.md
508	vue	src/guide/components/async.md
509	vue	src/guide/components/async.md
510	vue	src/guide/components/async.md
511	vue	src/guide/components/async.md
512	vue	src/guide/components/async.md
513	vue	src/guide/components/async.md
514	vue	src/guide/components/async.md
515	vue	src/guide/components/async.md
516	vue	src/guide/components/attrs.md
517	vue	src/guide/components/attrs.md
518	vue	src/guide/components/attrs.md
519	vue	src/guide/components/attrs.md
520	vue	src/guide/components/attrs.md
521	vue	src/guide/components/attrs.md
522	vue	src/guide/components/attrs.md
523	vue	src/guide/components/attrs.md
524	vue	src/guide/components/attrs.md
525	vue	src/guide/components/attrs.md
526	vue	src/guide/components/attrs.md
527	vue	src/guide/components/attrs.md
528	vue	src/guide/components/attrs.md
529	vue	src/guide/components/attrs.md
530	vue	src/guide/components/attrs.md
531	vue	src/guide/components/attrs.md
532	vue	src/guide/components/events.md
533	vue	src/guide/components/events.md
534	vue	src/guide/components/events.md
535	vue	src/guide/components/events.md
536	vue	src/guide/components/events.md
537	vue	src/guide/components/events.md
538	vue	src/guide/components/events.md
539	vue	src/guide/components/events.md
540	vue	src/guide/components/events.md
541	vue	src/guide/components/events.md
542	vue	src/guide/components/props.md
543	vue	src/guide/components/props.md
544	vue	src/guide/components/props.md
545	vue	src/guide/components/props.md
546	vue	src/guide/components/props.md
547	vue	src/guide/components/props.md
548	vue	src/guide/components/props.md
549	vue	src/guide/components/props.md
550	vue	src/guide/components/props.md
551	vue	src/guide/components/props.md
552	vue	src/guide/components/props.md
553	vue	src/guide/components/props.md
554	vue	src/guide/components/props.md
555	vue	src/guide/components/props.md
556	vue	src/guide/components/props.md
557	vue	src/guide/components/props.md
558	vue	src/guide/components/props.md
559	vue	src/guide/components/props.md
560	vue	src/guide/components/props.md
561	vue	src/guide/components/props.md
562	vue	src/guide/components/props.md
563	vue	src/guide/components/props.md
564	vue	src/guide/components/props.md
565	vue	src/guide/components/props.md
566	vue	src/guide/components/props.md
567	vue	src/guide/components/props.md
568	vue	src/guide/components/props.md
569	vue	src/guide/components/props.md
570	vue	src/guide/components/props.md
571	vue	src/guide/components/props.md
572	vue	src/guide/components/props.md
573	vue	src/guide/components/provide-inject.md
574	vue	src/guide/components/provide-inject.md
575	vue	src/guide/components/provide-inject.md
576	vue	src/guide/components/provide-inject.md
577	vue	src/guide/components/provide-inject.md
578	vue	src/guide/components/provide-inject.md
579	vue	src/guide/components/provide-inject.md
580	vue	src/guide/components/provide-inject.md
581	vue	src/guide/components/provide-inject.md
582	vue	src/guide/components/provide-inject.md
583	vue	src/guide/components/provide-inject.md
584	vue	src/guide/components/provide-inject.md
585	vue	src/guide/components/provide-inject.md
586	vue	src/guide/components/provide-inject.md
587	vue	src/guide/components/provide-inject.md
588	vue	src/guide/components/provide-inject.md
589	vue	src/guide/components/provide-inject.md
590	vue	src/guide/components/provide-inject.md
591	vue	src/guide/components/provide-inject.md
592	vue	src/guide/components/provide-inject.md
593	vue	src/guide/components/provide-inject.md
594	vue	src/guide/components/provide-inject.md
595	vue	src/guide/components/provide-inject.md
596	vue	src/guide/components/registration.md
597	vue	src/guide/components/registration.md
598	vue	src/guide/components/registration.md
599	vue	src/guide/components/registration.md
600	vue	src/guide/components/registration.md
601	vue	src/guide/components/registration.md
602	vue	src/guide/components/registration.md
603	vue	src/guide/components/registration.md
604	vue	src/guide/components/registration.md
605	vue	src/guide/components/registration.md
606	vue	src/guide/components/registration.md
607	vue	src/guide/components/slots.md
608	vue	src/guide/components/slots.md
609	vue	src/guide/components/slots.md
610	vue	src/guide/components/slots.md
611	vue	src/guide/components/slots.md
612	vue	src/guide/components/slots.md
613	vue	src/guide/components/slots.md
614	vue	src/guide/components/slots.md
615	vue	src/guide/components/slots.md
616	vue	src/guide/components/slots.md
617	vue	src/guide/components/slots.md
618	vue	src/guide/components/slots.md
619	vue	src/guide/components/slots.md
620	vue	src/guide/components/slots.md
621	vue	src/guide/components/slots.md
622	vue	src/guide/components/slots.md
623	vue	src/guide/components/slots.md
624	vue	src/guide/components/slots.md
625	vue	src/guide/components/slots.md
626	vue	src/guide/components/slots.md
627	vue	src/guide/components/slots.md
628	vue	src/guide/components/slots.md
629	vue	src/guide/components/slots.md
630	vue	src/guide/components/slots.md
631	vue	src/guide/components/slots.md
632	vue	src/guide/components/slots.md
633	vue	src/guide/components/slots.md
634	vue	src/guide/components/slots.md
635	vue	src/guide/components/slots.md
636	vue	src/guide/components/slots.md
637	vue	src/guide/components/slots.md
638	vue	src/guide/components/slots.md
639	vue	src/guide/components/slots.md
640	vue	src/guide/components/slots.md
641	vue	src/guide/components/slots.md
642	vue	src/guide/components/slots.md
643	vue	src/guide/components/v-model.md
644	vue	src/guide/components/v-model.md
645	vue	src/guide/components/v-model.md
646	vue	src/guide/components/v-model.md
647	vue	src/guide/components/v-model.md
648	vue	src/guide/components/v-model.md
649	vue	src/guide/components/v-model.md
650	vue	src/guide/components/v-model.md
651	vue	src/guide/components/v-model.md
652	vue	src/guide/components/v-model.md
653	vue	src/guide/components/v-model.md
654	vue	src/guide/components/v-model.md
655	vue	src/guide/components/v-model.md
656	vue	src/guide/components/v-model.md
657	vue	src/guide/components/v-model.md
658	vue	src/guide/essentials/application.md
659	vue	src/guide/essentials/application.md
660	vue	src/guide/essentials/application.md
661	vue	src/guide/essentials/application.md
662	vue	src/guide/essentials/application.md
663	vue	src/guide/essentials/application.md
664	vue	src/guide/essentials/application.md
665	vue	src/guide/essentials/application.md
666	vue	src/guide/essentials/application.md
667	vue	src/guide/essentials/application.md
668	vue	src/guide/essentials/application.md
669	vue	src/guide/essentials/application.md
670	vue	src/guide/essentials/application.md
671	vue	src/guide/essentials/application.md
672	vue	src/guide/essentials/class-and-style.md
673	vue	src/guide/essentials/class-and-style.md
674	vue	src/guide/essentials/class-and-style.md
675	vue	src/guide/essentials/class-and-style.md
676	vue	src/guide/essentials/class-and-style.md
677	vue	src/guide/essentials/class-and-style.md
678	vue	src/guide/essentials/class-and-style.md
679	vue	src/guide/essentials/class-and-style.md
680	vue	src/guide/essentials/class-and-style.md
681	vue	src/guide/essentials/class-and-style.md
682	vue	src/guide/essentials/class-and-style.md
683	vue	src/guide/essentials/class-and-style.md
684	vue	src/guide/essentials/component-basics.md
685	vue	src/guide/essentials/component-basics.md
686	vue	src/guide/essentials/component-basics.md
687	vue	src/guide/essentials/component-basics.md
688	vue	src/guide/essentials/component-basics.md
689	vue	src/guide/essentials/component-basics.md
690	vue	src/guide/essentials/component-basics.md
691	vue	src/guide/essentials/component-basics.md
692	vue	src/guide/essentials/component-basics.md
693	vue	src/guide/essentials/component-basics.md
694	vue	src/guide/essentials/component-basics.md
695	vue	src/guide/essentials/component-basics.md
696	vue	src/guide/essentials/component-basics.md
697	vue	src/guide/essentials/component-basics.md
698	vue	src/guide/essentials/component-basics.md
699	vue	src/guide/essentials/component-basics.md
700	vue	src/guide/essentials/component-basics.md
701	vue	src/guide/essentials/component-basics.md
702	vue	src/guide/essentials/component-basics.md
703	vue	src/guide/essentials/component-basics.md
704	vue	src/guide/essentials/component-basics.md
705	vue	src/guide/essentials/component-basics.md
706	vue	src/guide/essentials/component-basics.md
707	vue	src/guide/essentials/component-basics.md
708	vue	src/guide/essentials/component-basics.md
709	vue	src/guide/essentials/component-basics.md
710	vue	src/guide/essentials/component-basics.md
711	vue	src/guide/essentials/component-basics.md
712	vue	src/guide/essentials/component-basics.md
713	vue	src/guide/essentials/component-basics.md
714	vue	src/guide/essentials/component-basics.md
715	vue	src/guide/essentials/component-basics.md
716	vue	src/guide/essentials/component-basics.md
717	vue	src/guide/essentials/component-basics.md
718	vue	src/guide/essentials/computed.md
719	vue	src/guide/essentials/computed.md
720	vue	src/guide/essentials/computed.md
721	vue	src/guide/essentials/computed.md
722	vue	src/guide/essentials/computed.md
723	vue	src/guide/essentials/computed.md
724	vue	src/guide/essentials/computed.md
725	vue	src/guide/essentials/computed.md
726	vue	src/guide/essentials/computed.md
727	vue	src/guide/essentials/computed.md
728	vue	src/guide/essentials/computed.md
729	vue	src/guide/essentials/computed.md
730	vue	src/guide/essentials/computed.md
731	vue	src/guide/essentials/conditional.md
732	vue	src/guide/essentials/conditional.md
733	vue	src/guide/essentials/conditional.md
734	vue	src/guide/essentials/conditional.md
735	vue	src/guide/essentials/conditional.md
736	vue	src/guide/essentials/conditional.md
737	vue	src/guide/essentials/conditional.md
738	vue	src/guide/essentials/event-handling.md
739	vue	src/guide/essentials/event-handling.md
740	vue	src/guide/essentials/event-handling.md
741	vue	src/guide/essentials/event-handling.md
742	vue	src/guide/essentials/event-handling.md
743	vue	src/guide/essentials/event-handling.md
744	vue	src/guide/essentials/event-handling.md
745	vue	src/guide/essentials/event-handling.md
746	vue	src/guide/essentials/event-handling.md
747	vue	src/guide/essentials/event-handling.md
748	vue	src/guide/essentials/event-handling.md
749	vue	src/guide/essentials/event-handling.md
750	vue	src/guide/essentials/forms.md
751	vue	src/guide/essentials/forms.md
752	vue	src/guide/essentials/forms.md
753	vue	src/guide/essentials/forms.md
754	vue	src/guide/essentials/forms.md
755	vue	src/guide/essentials/forms.md
756	vue	src/guide/essentials/forms.md
757	vue	src/guide/essentials/forms.md
758	vue	src/guide/essentials/forms.md
759	vue	src/guide/essentials/forms.md
760	vue	src/guide/essentials/forms.md
761	vue	src/guide/essentials/forms.md
762	vue	src/guide/essentials/lifecycle.md
763	vue	src/guide/essentials/lifecycle.md
764	vue	src/guide/essentials/lifecycle.md
765	vue	src/guide/essentials/lifecycle.md
766	vue	src/guide/essentials/lifecycle.md
767	vue	src/guide/essentials/lifecycle.md
768	vue	src/guide/essentials/lifecycle.md
769	vue	src/guide/essentials/list.md
770	vue	src/guide/essentials/list.md
771	vue	src/guide/essentials/list.md
772	vue	src/guide/essentials/list.md
773	vue	src/guide/essentials/list.md
774	vue	src/guide/essentials/list.md
775	vue	src/guide/essentials/list.md
776	vue	src/guide/essentials/list.md
777	vue	src/guide/essentials/list.md
778	vue	src/guide/essentials/list.md
779	vue	src/guide/essentials/list.md
780	vue	src/guide/essentials/list.md
781	vue	src/guide/essentials/list.md
782	vue	src/guide/essentials/list.md
783	vue	src/guide/essentials/list.md
784	vue	src/guide/essentials/list.md
785	vue	src/guide/essentials/list.md
786	vue	src/guide/essentials/list.md
787	vue	src/guide/essentials/list.md
788	vue	src/guide/essentials/list.md
789	vue	src/guide/essentials/list.md
790	vue	src/guide/essentials/list.md
791	vue	src/guide/essentials/list.md
792	vue	src/guide/essentials/list.md
793	vue	src/guide/essentials/list.md
794	vue	src/guide/essentials/reactivity-fundamentals.md
795	vue	src/guide/essentials/reactivity-fundamentals.md
796	vue	src/guide/essentials/reactivity-fundamentals.md
797	vue	src/guide/essentials/reactivity-fundamentals.md
798	vue	src/guide/essentials/reactivity-fundamentals.md
799	vue	src/guide/essentials/reactivity-fundamentals.md
800	vue	src/guide/essentials/reactivity-fundamentals.md
801	vue	src/guide/essentials/reactivity-fundamentals.md
802	vue	src/guide/essentials/reactivity-fundamentals.md
803	vue	src/guide/essentials/reactivity-fundamentals.md
804	vue	src/guide/essentials/reactivity-fundamentals.md
805	vue	src/guide/essentials/reactivity-fundamentals.md
806	vue	src/guide/essentials/reactivity-fundamentals.md
807	vue	src/guide/essentials/reactivity-fundamentals.md
808	vue	src/guide/essentials/reactivity-fundamentals.md
809	vue	src/guide/essentials/reactivity-fundamentals.md
810	vue	src/guide/essentials/reactivity-fundamentals.md
811	vue	src/guide/essentials/reactivity-fundamentals.md
812	vue	src/guide/essentials/reactivity-fundamentals.md
813	vue	src/guide/essentials/reactivity-fundamentals.md
814	vue	src/guide/essentials/reactivity-fundamentals.md
815	vue	src/guide/essentials/reactivity-fundamentals.md
816	vue	src/guide/essentials/reactivity-fundamentals.md
817	vue	src/guide/essentials/reactivity-fundamentals.md
818	vue	src/guide/essentials/reactivity-fundamentals.md
819	vue	src/guide/essentials/reactivity-fundamentals.md
820	vue	src/guide/essentials/reactivity-fundamentals.md
821	vue	src/guide/essentials/reactivity-fundamentals.md
822	vue	src/guide/essentials/reactivity-fundamentals.md
823	vue	src/guide/essentials/reactivity-fundamentals.md
824	vue	src/guide/essentials/reactivity-fundamentals.md
825	vue	src/guide/essentials/reactivity-fundamentals.md
826	vue	src/guide/essentials/reactivity-fundamentals.md
827	vue	src/guide/essentials/reactivity-fundamentals.md
828	vue	src/guide/essentials/reactivity-fundamentals.md
829	vue	src/guide/essentials/reactivity-fundamentals.md
830	vue	src/guide/essentials/reactivity-fundamentals.md
831	vue	src/guide/essentials/reactivity-fundamentals.md
832	vue	src/guide/essentials/reactivity-fundamentals.md
833	vue	src/guide/essentials/reactivity-fundamentals.md
834	vue	src/guide/essentials/template-refs.md
835	vue	src/guide/essentials/template-refs.md
836	vue	src/guide/essentials/template-refs.md
837	vue	src/guide/essentials/template-refs.md
838	vue	src/guide/essentials/template-refs.md
839	vue	src/guide/essentials/template-refs.md
840	vue	src/guide/essentials/template-refs.md
841	vue	src/guide/essentials/template-refs.md
842	vue	src/guide/essentials/template-refs.md
843	vue	src/guide/essentials/template-refs.md
844	vue	src/guide/essentials/template-refs.md
845	vue	src/guide/essentials/template-refs.md
846	vue	src/guide/essentials/template-refs.md
847	vue	src/guide/essentials/template-syntax.md
848	vue	src/guide/essentials/template-syntax.md
849	vue	src/guide/essentials/template-syntax.md
850	vue	src/guide/essentials/template-syntax.md
851	vue	src/guide/essentials/template-syntax.md
852	vue	src/guide/essentials/template-syntax.md
853	vue	src/guide/essentials/template-syntax.md
854	vue	src/guide/essentials/template-syntax.md
855	vue	src/guide/essentials/template-syntax.md
856	vue	src/guide/essentials/template-syntax.md
857	vue	src/guide/essentials/template-syntax.md
858	vue	src/guide/essentials/template-syntax.md
859	vue	src/guide/essentials/template-syntax.md
860	vue	src/guide/essentials/template-syntax.md
861	vue	src/guide/essentials/template-syntax.md
862	vue	src/guide/essentials/template-syntax.md
863	vue	src/guide/essentials/template-syntax.md
864	vue	src/guide/essentials/template-syntax.md
865	vue	src/guide/essentials/template-syntax.md
866	vue	src/guide/essentials/template-syntax.md
867	vue	src/guide/essentials/template-syntax.md
868	vue	src/guide/essentials/template-syntax.md
869	vue	src/guide/essentials/template-syntax.md
870	vue	src/guide/essentials/template-syntax.md
871	vue	src/guide/essentials/template-syntax.md
872	vue	src/guide/essentials/template-syntax.md
873	vue	src/guide/essentials/template-syntax.md
874	vue	src/guide/essentials/template-syntax.md
875	vue	src/guide/essentials/watchers.md
876	vue	src/guide/essentials/watchers.md
877	vue	src/guide/essentials/watchers.md
878	vue	src/guide/essentials/watchers.md
879	vue	src/guide/essentials/watchers.md
880	vue	src/guide/essentials/watchers.md
881	vue	src/guide/essentials/watchers.md
882	vue	src/guide/essentials/watchers.md
883	vue	src/guide/essentials/watchers.md
884	vue	src/guide/essentials/watchers.md
885	vue	src/guide/essentials/watchers.md
886	vue	src/guide/essentials/watchers.md
887	vue	src/guide/essentials/watchers.md
888	vue	src/guide/essentials/watchers.md
889	vue	src/guide/essentials/watchers.md
890	vue	src/guide/essentials/watchers.md
891	vue	src/guide/essentials/watchers.md
892	vue	src/guide/essentials/watchers.md
893	vue	src/guide/essentials/watchers.md
894	vue	src/guide/essentials/watchers.md
895	vue	src/guide/essentials/watchers.md
896	vue	src/guide/essentials/watchers.md
897	vue	src/guide/essentials/watchers.md
898	vue	src/guide/essentials/watchers.md
899	vue	src/guide/essentials/watchers.md
900	vue	src/guide/essentials/watchers.md
901	vue	src/guide/essentials/watchers.md
902	vue	src/guide/essentials/watchers.md
903	vue	src/guide/essentials/watchers.md
904	vue	src/guide/essentials/watchers.md
905	vue	src/guide/essentials/watchers.md
906	vue	src/guide/essentials/watchers.md
907	vue	src/guide/essentials/watchers.md
908	vue	src/guide/extras/animation.md
909	vue	src/guide/extras/animation.md
910	vue	src/guide/extras/animation.md
911	vue	src/guide/extras/animation.md
912	vue	src/guide/extras/animation.md
913	vue	src/guide/extras/composition-api-faq.md
914	vue	src/guide/extras/composition-api-faq.md
915	vue	src/guide/extras/composition-api-faq.md
916	vue	src/guide/extras/composition-api-faq.md
917	vue	src/guide/extras/composition-api-faq.md
918	vue	src/guide/extras/composition-api-faq.md
919	vue	src/guide/extras/composition-api-faq.md
920	vue	src/guide/extras/composition-api-faq.md
921	vue	src/guide/extras/composition-api-faq.md
922	vue	src/guide/extras/composition-api-faq.md
923	vue	src/guide/extras/composition-api-faq.md
924	vue	src/guide/extras/composition-api-faq.md
925	vue	src/guide/extras/composition-api-faq.md
926	vue	src/guide/extras/composition-api-faq.md
927	vue	src/guide/extras/composition-api-faq.md
928	vue	src/guide/extras/composition-api-faq.md
929	vue	src/guide/extras/composition-api-faq.md
930	vue	src/guide/extras/composition-api-faq.md
931	vue	src/guide/extras/composition-api-faq.md
932	vue	src/guide/extras/composition-api-faq.md
933	vue	src/guide/extras/composition-api-faq.md
934	vue	src/guide/extras/composition-api-faq.md
935	vue	src/guide/extras/composition-api-faq.md
936	vue	src/guide/extras/composition-api-faq.md
937	vue	src/guide/extras/composition-api-faq.md
938	vue	src/guide/extras/composition-api-faq.md
939	vue	src/guide/extras/composition-api-faq.md
940	vue	src/guide/extras/composition-api-faq.md
941	vue	src/guide/extras/composition-api-faq.md
942	vue	src/guide/extras/composition-api-faq.md
943	vue	src/guide/extras/composition-api-faq.md
944	vue	src/guide/extras/composition-api-faq.md
945	vue	src/guide/extras/composition-api-faq.md
946	vue	src/guide/extras/reactivity-in-depth.md
947	vue	src/guide/extras/reactivity-in-depth.md
948	vue	src/guide/extras/reactivity-in-depth.md
949	vue	src/guide/extras/reactivity-in-depth.md
950	vue	src/guide/extras/reactivity-in-depth.md
951	vue	src/guide/extras/reactivity-in-depth.md
952	vue	src/guide/extras/reactivity-in-depth.md
953	vue	src/guide/extras/reactivity-in-depth.md
954	vue	src/guide/extras/reactivity-in-depth.md
955	vue	src/guide/extras/reactivity-in-depth.md
956	vue	src/guide/extras/reactivity-in-depth.md
957	vue	src/guide/extras/reactivity-in-depth.md
958	vue	src/guide/extras/reactivity-in-depth.md
959	vue	src/guide/extras/reactivity-in-depth.md
960	vue	src/guide/extras/reactivity-in-depth.md
961	vue	src/guide/extras/reactivity-in-depth.md
962	vue	src/guide/extras/reactivity-in-depth.md
963	vue	src/guide/extras/reactivity-in-depth.md
964	vue	src/guide/extras/reactivity-in-depth.md
965	vue	src/guide/extras/reactivity-in-depth.md
966	vue	src/guide/extras/reactivity-in-depth.md
967	vue	src/guide/extras/reactivity-in-depth.md
968	vue	src/guide/extras/reactivity-in-depth.md
969	vue	src/guide/extras/reactivity-in-depth.md
970	vue	src/guide/extras/reactivity-in-depth.md
971	vue	src/guide/extras/reactivity-in-depth.md
972	vue	src/guide/extras/reactivity-in-depth.md
973	vue	src/guide/extras/reactivity-in-depth.md
974	vue	src/guide/extras/reactivity-in-depth.md
975	vue	src/guide/extras/reactivity-in-depth.md
976	vue	src/guide/extras/reactivity-in-depth.md
977	vue	src/guide/extras/reactivity-in-depth.md
978	vue	src/guide/extras/reactivity-in-depth.md
979	vue	src/guide/extras/reactivity-in-depth.md
980	vue	src/guide/extras/reactivity-in-depth.md
981	vue	src/guide/extras/reactivity-in-depth.md
982	vue	src/guide/extras/reactivity-in-depth.md
983	vue	src/guide/extras/reactivity-in-depth.md
984	vue	src/guide/extras/reactivity-in-depth.md
985	vue	src/guide/extras/reactivity-in-depth.md
986	vue	src/guide/extras/reactivity-transform.md
987	vue	src/guide/extras/reactivity-transform.md
988	vue	src/guide/extras/reactivity-transform.md
989	vue	src/guide/extras/reactivity-transform.md
990	vue	src/guide/extras/reactivity-transform.md
991	vue	src/guide/extras/reactivity-transform.md
992	vue	src/guide/extras/reactivity-transform.md
993	vue	src/guide/extras/reactivity-transform.md
994	vue	src/guide/extras/reactivity-transform.md
995	vue	src/guide/extras/reactivity-transform.md
996	vue	src/guide/extras/reactivity-transform.md
997	vue	src/guide/extras/reactivity-transform.md
998	vue	src/guide/extras/reactivity-transform.md
999	vue	src/guide/extras/reactivity-transform.md
1000	vue	src/guide/extras/reactivity-transform.md
1001	vue	src/guide/extras/reactivity-transform.md
1002	vue	src/guide/extras/reactivity-transform.md
1003	vue	src/guide/extras/reactivity-transform.md
1004	vue	src/guide/extras/reactivity-transform.md
1005	vue	src/guide/extras/reactivity-transform.md
1006	vue	src/guide/extras/render-function.md
1007	vue	src/guide/extras/render-function.md
1008	vue	src/guide/extras/render-function.md
1009	vue	src/guide/extras/render-function.md
1010	vue	src/guide/extras/render-function.md
1011	vue	src/guide/extras/render-function.md
1012	vue	src/guide/extras/render-function.md
1013	vue	src/guide/extras/render-function.md
1014	vue	src/guide/extras/render-function.md
1015	vue	src/guide/extras/render-function.md
1016	vue	src/guide/extras/render-function.md
1017	vue	src/guide/extras/render-function.md
1018	vue	src/guide/extras/render-function.md
1019	vue	src/guide/extras/render-function.md
1020	vue	src/guide/extras/render-function.md
1021	vue	src/guide/extras/render-function.md
1022	vue	src/guide/extras/render-function.md
1023	vue	src/guide/extras/render-function.md
1024	vue	src/guide/extras/render-function.md
1025	vue	src/guide/extras/render-function.md
1026	vue	src/guide/extras/render-function.md
1027	vue	src/guide/extras/render-function.md
1028	vue	src/guide/extras/render-function.md
1029	vue	src/guide/extras/render-function.md
1030	vue	src/guide/extras/render-function.md
1031	vue	src/guide/extras/render-function.md
1032	vue	src/guide/extras/render-function.md
1033	vue	src/guide/extras/render-function.md
1034	vue	src/guide/extras/render-function.md
1035	vue	src/guide/extras/rendering-mechanism.md
1036	vue	src/guide/extras/rendering-mechanism.md
1037	vue	src/guide/extras/rendering-mechanism.md
1038	vue	src/guide/extras/rendering-mechanism.md
1039	vue	src/guide/extras/rendering-mechanism.md
1040	vue	src/guide/extras/rendering-mechanism.md
1041	vue	src/guide/extras/rendering-mechanism.md
1042	vue	src/guide/extras/rendering-mechanism.md
1043	vue	src/guide/extras/rendering-mechanism.md
1044	vue	src/guide/extras/rendering-mechanism.md
1045	vue	src/guide/extras/rendering-mechanism.md
1046	vue	src/guide/extras/rendering-mechanism.md
1047	vue	src/guide/extras/rendering-mechanism.md
1048	vue	src/guide/extras/rendering-mechanism.md
1049	vue	src/guide/extras/rendering-mechanism.md
1050	vue	src/guide/extras/rendering-mechanism.md
1051	vue	src/guide/extras/rendering-mechanism.md
1052	vue	src/guide/extras/rendering-mechanism.md
1053	vue	src/guide/extras/rendering-mechanism.md
1054	vue	src/guide/extras/rendering-mechanism.md
1055	vue	src/guide/extras/rendering-mechanism.md
1056	vue	src/guide/extras/rendering-mechanism.md
1057	vue	src/guide/extras/rendering-mechanism.md
1058	vue	src/guide/extras/rendering-mechanism.md
1059	vue	src/guide/extras/rendering-mechanism.md
1060	vue	src/guide/extras/rendering-mechanism.md
1061	vue	src/guide/extras/rendering-mechanism.md
1062	vue	src/guide/extras/rendering-mechanism.md
1063	vue	src/guide/extras/rendering-mechanism.md
1064	vue	src/guide/extras/ways-of-using-vue.md
1065	vue	src/guide/extras/ways-of-using-vue.md
1066	vue	src/guide/extras/ways-of-using-vue.md
1067	vue	src/guide/extras/ways-of-using-vue.md
1068	vue	src/guide/extras/ways-of-using-vue.md
1069	vue	src/guide/extras/ways-of-using-vue.md
1070	vue	src/guide/extras/ways-of-using-vue.md
1071	vue	src/guide/extras/ways-of-using-vue.md
1072	vue	src/guide/extras/ways-of-using-vue.md
1073	vue	src/guide/extras/ways-of-using-vue.md
1074	vue	src/guide/extras/ways-of-using-vue.md
1075	vue	src/guide/extras/ways-of-using-vue.md
1076	vue	src/guide/extras/ways-of-using-vue.md
1077	vue	src/guide/extras/ways-of-using-vue.md
1078	vue	src/guide/extras/ways-of-using-vue.md
1079	vue	src/guide/extras/ways-of-using-vue.md
1080	vue	src/guide/extras/ways-of-using-vue.md
1081	vue	src/guide/extras/ways-of-using-vue.md
1082	vue	src/guide/extras/web-components.md
1083	vue	src/guide/extras/web-components.md
1084	vue	src/guide/extras/web-components.md
1085	vue	src/guide/extras/web-components.md
1086	vue	src/guide/extras/web-components.md
1087	vue	src/guide/extras/web-components.md
1088	vue	src/guide/extras/web-components.md
1089	vue	src/guide/extras/web-components.md
1090	vue	src/guide/extras/web-components.md
1091	vue	src/guide/extras/web-components.md
1092	vue	src/guide/extras/web-components.md
1093	vue	src/guide/extras/web-components.md
1094	vue	src/guide/extras/web-components.md
1095	vue	src/guide/extras/web-components.md
1096	vue	src/guide/extras/web-components.md
1097	vue	src/guide/extras/web-components.md
1098	vue	src/guide/extras/web-components.md
1099	vue	src/guide/extras/web-components.md
1100	vue	src/guide/extras/web-components.md
1101	vue	src/guide/extras/web-components.md
1102	vue	src/guide/extras/web-components.md
1103	vue	src/guide/extras/web-components.md
1104	vue	src/guide/extras/web-components.md
1105	vue	src/guide/extras/web-components.md
1106	vue	src/guide/extras/web-components.md
1107	vue	src/guide/extras/web-components.md
1108	vue	src/guide/extras/web-components.md
1109	vue	src/guide/extras/web-components.md
1110	vue	src/guide/extras/web-components.md
1111	vue	src/guide/extras/web-components.md
1112	vue	src/guide/extras/web-components.md
1113	vue	src/guide/extras/web-components.md
1114	vue	src/guide/extras/web-components.md
1115	vue	src/guide/extras/web-components.md
1116	vue	src/guide/extras/web-components.md
1117	vue	src/guide/extras/web-components.md
1118	vue	src/guide/extras/web-components.md
1119	vue	src/guide/introduction.md
1120	vue	src/guide/introduction.md
1121	vue	src/guide/introduction.md
1122	vue	src/guide/introduction.md
1123	vue	src/guide/introduction.md
1124	vue	src/guide/introduction.md
1125	vue	src/guide/introduction.md
1126	vue	src/guide/introduction.md
1127	vue	src/guide/introduction.md
1128	vue	src/guide/introduction.md
1129	vue	src/guide/introduction.md
1130	vue	src/guide/introduction.md
1131	vue	src/guide/introduction.md
1132	vue	src/guide/introduction.md
1133	vue	src/guide/introduction.md
1134	vue	src/guide/introduction.md
1135	vue	src/guide/introduction.md
1136	vue	src/guide/introduction.md
1137	vue	src/guide/introduction.md
1138	vue	src/guide/introduction.md
1139	vue	src/guide/quick-start.md
1140	vue	src/guide/quick-start.md
1141	vue	src/guide/quick-start.md
1142	vue	src/guide/quick-start.md
1143	vue	src/guide/quick-start.md
1144	vue	src/guide/quick-start.md
1145	vue	src/guide/quick-start.md
1146	vue	src/guide/quick-start.md
1147	vue	src/guide/quick-start.md
1148	vue	src/guide/quick-start.md
1149	vue	src/guide/quick-start.md
1150	vue	src/guide/quick-start.md
1151	vue	src/guide/quick-start.md
1152	vue	src/guide/quick-start.md
1153	vue	src/guide/quick-start.md
1154	vue	src/guide/quick-start.md
1155	vue	src/guide/quick-start.md
1156	vue	src/guide/quick-start.md
1157	vue	src/guide/quick-start.md
1158	vue	src/guide/quick-start.md
1159	vue	src/guide/quick-start.md
1160	vue	src/guide/quick-start.md
1161	vue	src/guide/quick-start.md
1162	vue	src/guide/reusability/composables.md
1163	vue	src/guide/reusability/composables.md
1164	vue	src/guide/reusability/composables.md
1165	vue	src/guide/reusability/composables.md
1166	vue	src/guide/reusability/composables.md
1167	vue	src/guide/reusability/composables.md
1168	vue	src/guide/reusability/composables.md
1169	vue	src/guide/reusability/composables.md
1170	vue	src/guide/reusability/composables.md
1171	vue	src/guide/reusability/composables.md
1172	vue	src/guide/reusability/composables.md
1173	vue	src/guide/reusability/composables.md
1174	vue	src/guide/reusability/composables.md
1175	vue	src/guide/reusability/composables.md
1176	vue	src/guide/reusability/composables.md
1177	vue	src/guide/reusability/composables.md
1178	vue	src/guide/reusability/composables.md
1179	vue	src/guide/reusability/composables.md
1180	vue	src/guide/reusability/composables.md
1181	vue	src/guide/reusability/composables.md
1182	vue	src/guide/reusability/composables.md
1183	vue	src/guide/reusability/composables.md
1184	vue	src/guide/reusability/composables.md
1185	vue	src/guide/reusability/composables.md
1186	vue	src/guide/reusability/composables.md
1187	vue	src/guide/reusability/composables.md
1188	vue	src/guide/reusability/composables.md
1189	vue	src/guide/reusability/composables.md
1190	vue	src/guide/reusability/composables.md
1191	vue	src/guide/reusability/composables.md
1192	vue	src/guide/reusability/composables.md
1193	vue	src/guide/reusability/composables.md
1194	vue	src/guide/reusability/composables.md
1195	vue	src/guide/reusability/composables.md
1196	vue	src/guide/reusability/composables.md
1197	vue	src/guide/reusability/composables.md
1198	vue	src/guide/reusability/composables.md
1199	vue	src/guide/reusability/composables.md
1200	vue	src/guide/reusability/custom-directives.md
1201	vue	src/guide/reusability/custom-directives.md
1202	vue	src/guide/reusability/custom-directives.md
1203	vue	src/guide/reusability/custom-directives.md
1204	vue	src/guide/reusability/custom-directives.md
1205	vue	src/guide/reusability/custom-directives.md
1206	vue	src/guide/reusability/custom-directives.md
1207	vue	src/guide/reusability/custom-directives.md
1208	vue	src/guide/reusability/custom-directives.md
1209	vue	src/guide/reusability/custom-directives.md
1210	vue	src/guide/reusability/custom-directives.md
1211	vue	src/guide/reusability/custom-directives.md
1212	vue	src/guide/reusability/custom-directives.md
1213	vue	src/guide/reusability/plugins.md
1214	vue	src/guide/reusability/plugins.md
1215	vue	src/guide/reusability/plugins.md
1216	vue	src/guide/reusability/plugins.md
1217	vue	src/guide/reusability/plugins.md
1218	vue	src/guide/reusability/plugins.md
1219	vue	src/guide/reusability/plugins.md
1220	vue	src/guide/reusability/plugins.md
1221	vue	src/guide/reusability/plugins.md
1222	vue	src/guide/reusability/plugins.md
1223	vue	src/guide/reusability/plugins.md
1224	vue	src/guide/scaling-up/routing.md
1225	vue	src/guide/scaling-up/routing.md
1226	vue	src/guide/scaling-up/routing.md
1227	vue	src/guide/scaling-up/routing.md
1228	vue	src/guide/scaling-up/routing.md
1229	vue	src/guide/scaling-up/sfc.md
1230	vue	src/guide/scaling-up/sfc.md
1231	vue	src/guide/scaling-up/sfc.md
1232	vue	src/guide/scaling-up/sfc.md
1233	vue	src/guide/scaling-up/sfc.md
1234	vue	src/guide/scaling-up/sfc.md
1235	vue	src/guide/scaling-up/sfc.md
1236	vue	src/guide/scaling-up/sfc.md
1237	vue	src/guide/scaling-up/sfc.md
1238	vue	src/guide/scaling-up/sfc.md
1239	vue	src/guide/scaling-up/sfc.md
1240	vue	src/guide/scaling-up/sfc.md
1241	vue	src/guide/scaling-up/sfc.md
1242	vue	src/guide/scaling-up/sfc.md
1243	vue	src/guide/scaling-up/ssr.md
1244	vue	src/guide/scaling-up/ssr.md
1245	vue	src/guide/scaling-up/ssr.md
1246	vue	src/guide/scaling-up/ssr.md
1247	vue	src/guide/scaling-up/ssr.md
1248	vue	src/guide/scaling-up/ssr.md
1249	vue	src/guide/scaling-up/ssr.md
1250	vue	src/guide/scaling-up/ssr.md
1251	vue	src/guide/scaling-up/ssr.md
1252	vue	src/guide/scaling-up/ssr.md
1253	vue	src/guide/scaling-up/ssr.md
1254	vue	src/guide/scaling-up/ssr.md
1255	vue	src/guide/scaling-up/ssr.md
1256	vue	src/guide/scaling-up/ssr.md
1257	vue	src/guide/scaling-up/ssr.md
1258	vue	src/guide/scaling-up/ssr.md
1259	vue	src/guide/scaling-up/ssr.md
1260	vue	src/guide/scaling-up/ssr.md
1261	vue	src/guide/scaling-up/ssr.md
1262	vue	src/guide/scaling-up/ssr.md
1263	vue	src/guide/scaling-up/ssr.md
1264	vue	src/guide/scaling-up/ssr.md
1265	vue	src/guide/scaling-up/ssr.md
1266	vue	src/guide/scaling-up/ssr.md
1267	vue	src/guide/scaling-up/ssr.md
1268	vue	src/guide/scaling-up/ssr.md
1269	vue	src/guide/scaling-up/ssr.md
1270	vue	src/guide/scaling-up/ssr.md
1271	vue	src/guide/scaling-up/ssr.md
1272	vue	src/guide/scaling-up/ssr.md
1273	vue	src/guide/scaling-up/ssr.md
1274	vue	src/guide/scaling-up/ssr.md
1275	vue	src/guide/scaling-up/ssr.md
1276	vue	src/guide/scaling-up/ssr.md
1277	vue	src/guide/scaling-up/ssr.md
1278	vue	src/guide/scaling-up/ssr.md
1279	vue	src/guide/scaling-up/ssr.md
1280	vue	src/guide/scaling-up/ssr.md
1281	vue	src/guide/scaling-up/ssr.md
1282	vue	src/guide/scaling-up/ssr.md
1283	vue	src/guide/scaling-up/ssr.md
1284	vue	src/guide/scaling-up/ssr.md
1285	vue	src/guide/scaling-up/ssr.md
1286	vue	src/guide/scaling-up/ssr.md
1287	vue	src/guide/scaling-up/ssr.md
1288	vue	src/guide/scaling-up/ssr.md
1289	vue	src/guide/scaling-up/state-management.md
1290	vue	src/guide/scaling-up/state-management.md
1291	vue	src/guide/scaling-up/state-management.md
1292	vue	src/guide/scaling-up/state-management.md
1293	vue	src/guide/scaling-up/state-management.md
1294	vue	src/guide/scaling-up/state-management.md
1295	vue	src/guide/scaling-up/state-management.md
1296	vue	src/guide/scaling-up/state-management.md
1297	vue	src/guide/scaling-up/state-management.md
1298	vue	src/guide/scaling-up/state-management.md
1299	vue	src/guide/scaling-up/state-management.md
1300	vue	src/guide/scaling-up/state-management.md
1301	vue	src/guide/scaling-up/state-management.md
1302	vue	src/guide/scaling-up/state-management.md
1303	vue	src/guide/scaling-up/state-management.md
1304	vue	src/guide/scaling-up/state-management.md
1305	vue	src/guide/scaling-up/state-management.md
1306	vue	src/guide/scaling-up/testing.md
1307	vue	src/guide/scaling-up/testing.md
1308	vue	src/guide/scaling-up/testing.md
1309	vue	src/guide/scaling-up/testing.md
1310	vue	src/guide/scaling-up/testing.md
1311	vue	src/guide/scaling-up/testing.md
1312	vue	src/guide/scaling-up/testing.md
1313	vue	src/guide/scaling-up/testing.md
1314	vue	src/guide/scaling-up/testing.md
1315	vue	src/guide/scaling-up/testing.md
1316	vue	src/guide/scaling-up/testing.md
1317	vue	src/guide/scaling-up/testing.md
1318	vue	src/guide/scaling-up/testing.md
1319	vue	src/guide/scaling-up/testing.md
1320	vue	src/guide/scaling-up/testing.md
1321	vue	src/guide/scaling-up/testing.md
1322	vue	src/guide/scaling-up/testing.md
1323	vue	src/guide/scaling-up/testing.md
1324	vue	src/guide/scaling-up/testing.md
1325	vue	src/guide/scaling-up/testing.md
1326	vue	src/guide/scaling-up/testing.md
1327	vue	src/guide/scaling-up/testing.md
1328	vue	src/guide/scaling-up/testing.md
1329	vue	src/guide/scaling-up/testing.md
1330	vue	src/guide/scaling-up/testing.md
1331	vue	src/guide/scaling-up/testing.md
1332	vue	src/guide/scaling-up/testing.md
1333	vue	src/guide/scaling-up/testing.md
1334	vue	src/guide/scaling-up/testing.md
1335	vue	src/guide/scaling-up/testing.md
1336	vue	src/guide/scaling-up/testing.md
1337	vue	src/guide/scaling-up/testing.md
1338	vue	src/guide/scaling-up/testing.md
1339	vue	src/guide/scaling-up/testing.md
1340	vue	src/guide/scaling-up/testing.md
1341	vue	src/guide/scaling-up/testing.md
1342	vue	src/guide/scaling-up/testing.md
1343	vue	src/guide/scaling-up/testing.md
1344	vue	src/guide/scaling-up/testing.md
1345	vue	src/guide/scaling-up/testing.md
1346	vue	src/guide/scaling-up/testing.md
1347	vue	src/guide/scaling-up/testing.md
1348	vue	src/guide/scaling-up/testing.md
1349	vue	src/guide/scaling-up/testing.md
1350	vue	src/guide/scaling-up/testing.md
1351	vue	src/guide/scaling-up/testing.md
1352	vue	src/guide/scaling-up/testing.md
1353	vue	src/guide/scaling-up/testing.md
1354	vue	src/guide/scaling-up/testing.md
1355	vue	src/guide/scaling-up/testing.md
1356	vue	src/guide/scaling-up/testing.md
1357	vue	src/guide/scaling-up/testing.md
1358	vue	src/guide/scaling-up/testing.md
1359	vue	src/guide/scaling-up/testing.md
1360	vue	src/guide/scaling-up/testing.md
1361	vue	src/guide/scaling-up/tooling.md
1362	vue	src/guide/scaling-up/tooling.md
1363	vue	src/guide/scaling-up/tooling.md
1364	vue	src/guide/scaling-up/tooling.md
1365	vue	src/guide/scaling-up/tooling.md
1366	vue	src/guide/scaling-up/tooling.md
1367	vue	src/guide/scaling-up/tooling.md
1368	vue	src/guide/scaling-up/tooling.md
1369	vue	src/guide/scaling-up/tooling.md
1370	vue	src/guide/scaling-up/tooling.md
1371	vue	src/guide/scaling-up/tooling.md
1372	vue	src/guide/scaling-up/tooling.md
1373	vue	src/guide/scaling-up/tooling.md
1374	vue	src/guide/scaling-up/tooling.md
1375	vue	src/guide/scaling-up/tooling.md
1376	vue	src/guide/scaling-up/tooling.md
1377	vue	src/guide/scaling-up/tooling.md
1378	vue	src/guide/scaling-up/tooling.md
1379	vue	src/guide/scaling-up/tooling.md
1380	vue	src/guide/scaling-up/tooling.md
1381	vue	src/guide/scaling-up/tooling.md
1382	vue	src/guide/scaling-up/tooling.md
1383	vue	src/guide/scaling-up/tooling.md
1384	vue	src/guide/scaling-up/tooling.md
1385	vue	src/guide/scaling-up/tooling.md
1386	vue	src/guide/typescript/composition-api.md
1387	vue	src/guide/typescript/composition-api.md
1388	vue	src/guide/typescript/composition-api.md
1389	vue	src/guide/typescript/composition-api.md
1390	vue	src/guide/typescript/composition-api.md
1391	vue	src/guide/typescript/composition-api.md
1392	vue	src/guide/typescript/composition-api.md
1393	vue	src/guide/typescript/composition-api.md
1394	vue	src/guide/typescript/composition-api.md
1395	vue	src/guide/typescript/composition-api.md
1396	vue	src/guide/typescript/composition-api.md
1397	vue	src/guide/typescript/composition-api.md
1398	vue	src/guide/typescript/composition-api.md
1399	vue	src/guide/typescript/composition-api.md
1400	vue	src/guide/typescript/composition-api.md
1401	vue	src/guide/typescript/composition-api.md
1402	vue	src/guide/typescript/composition-api.md
1403	vue	src/guide/typescript/composition-api.md
1404	vue	src/guide/typescript/composition-api.md
1405	vue	src/guide/typescript/composition-api.md
1406	vue	src/guide/typescript/composition-api.md
1407	vue	src/guide/typescript/composition-api.md
1408	vue	src/guide/typescript/composition-api.md
1409	vue	src/guide/typescript/composition-api.md
1410	vue	src/guide/typescript/composition-api.md
1411	vue	src/guide/typescript/composition-api.md
1412	vue	src/guide/typescript/composition-api.md
1413	vue	src/guide/typescript/options-api.md
1414	vue	src/guide/typescript/options-api.md
1415	vue	src/guide/typescript/options-api.md
1416	vue	src/guide/typescript/options-api.md
1417	vue	src/guide/typescript/options-api.md
1418	vue	src/guide/typescript/options-api.md
1419	vue	src/guide/typescript/options-api.md
1420	vue	src/guide/typescript/options-api.md
1421	vue	src/guide/typescript/options-api.md
1422	vue	src/guide/typescript/options-api.md
1423	vue	src/guide/typescript/options-api.md
1424	vue	src/guide/typescript/options-api.md
1425	vue	src/guide/typescript/options-api.md
1426	vue	src/guide/typescript/overview.md
1427	vue	src/guide/typescript/overview.md
1428	vue	src/guide/typescript/overview.md
1429	vue	src/guide/typescript/overview.md
1430	vue	src/guide/typescript/overview.md
1431	vue	src/guide/typescript/overview.md
1432	vue	src/guide/typescript/overview.md
1433	vue	src/guide/typescript/overview.md
1434	vue	src/guide/typescript/overview.md
1435	vue	src/guide/typescript/overview.md
1436	vue	src/guide/typescript/overview.md
1437	vue	src/guide/typescript/overview.md
1438	vue	src/guide/typescript/overview.md
1439	vue	src/guide/typescript/overview.md
1440	vue	src/guide/typescript/overview.md
1441	vue	src/guide/typescript/overview.md
1442	vue	src/guide/typescript/overview.md
1443	vue	src/guide/typescript/overview.md
1444	vue	src/guide/typescript/overview.md
1445	rust-book	src/ch00-00-introduction.md
1446	rust-book	src/ch00-00-introduction.md
1447	rust-book	src/ch00-00-introduction.md
1448	rust-book	src/ch00-00-introduction.md
1449	rust-book	src/ch00-00-introduction.md
1450	rust-book	src/ch00-00-introduction.md
1451	rust-book	src/ch00-00-introduction.md
1452	rust-book	src/ch00-00-introduction.md
1453	rust-book	src/ch00-00-introduction.md
1454	rust-book	src/ch00-00-introduction.md
1455	rust-book	src/ch00-00-introduction.md
1456	rust-book	src/ch00-00-introduction.md
1457	rust-book	src/ch00-00-introduction.md
1458	rust-book	src/ch00-00-introduction.md
1459	rust-book	src/ch00-00-introduction.md
1460	rust-book	src/ch00-00-introduction.md
1461	rust-book	src/ch00-00-introduction.md
1462	rust-book	src/ch00-00-introduction.md
1463	rust-book	src/ch00-00-introduction.md
1464	rust-book	src/ch00-00-introduction.md
1465	rust-book	src/ch00-00-introduction.md
1466	rust-book	src/ch00-00-introduction.md
1467	rust-book	src/ch01-00-getting-started.md
1468	rust-book	src/ch01-01-installation.md
1469	rust-book	src/ch01-01-installation.md
1470	rust-book	src/ch01-01-installation.md
1471	rust-book	src/ch01-01-installation.md
1472	rust-book	src/ch01-01-installation.md
1473	rust-book	src/ch01-01-installation.md
1474	rust-book	src/ch01-01-installation.md
1475	rust-book	src/ch01-01-installation.md
1476	rust-book	src/ch01-01-installation.md
1477	rust-book	src/ch01-01-installation.md
1478	rust-book	src/ch01-01-installation.md
1479	rust-book	src/ch01-01-installation.md
1480	rust-book	src/ch01-01-installation.md
1481	rust-book	src/ch01-02-hello-world.md
1482	rust-book	src/ch01-02-hello-world.md
1483	rust-book	src/ch01-02-hello-world.md
1484	rust-book	src/ch01-02-hello-world.md
1485	rust-book	src/ch01-02-hello-world.md
1486	rust-book	src/ch01-02-hello-world.md
1487	rust-book	src/ch01-02-hello-world.md
1488	rust-book	src/ch01-02-hello-world.md
1489	rust-book	src/ch01-02-hello-world.md
1490	rust-book	src/ch01-02-hello-world.md
1491	rust-book	src/ch01-02-hello-world.md
1492	rust-book	src/ch01-02-hello-world.md
1493	rust-book	src/ch01-02-hello-world.md
1494	rust-book	src/ch01-02-hello-world.md
1495	rust-book	src/ch01-02-hello-world.md
1496	rust-book	src/ch01-02-hello-world.md
1497	rust-book	src/ch01-02-hello-world.md
1498	rust-book	src/ch01-02-hello-world.md
1499	rust-book	src/ch01-02-hello-world.md
1500	rust-book	src/ch01-02-hello-world.md
1501	rust-book	src/ch01-03-hello-cargo.md
1502	rust-book	src/ch01-03-hello-cargo.md
1503	rust-book	src/ch01-03-hello-cargo.md
1504	rust-book	src/ch01-03-hello-cargo.md
1505	rust-book	src/ch01-03-hello-cargo.md
1506	rust-book	src/ch01-03-hello-cargo.md
1507	rust-book	src/ch01-03-hello-cargo.md
1508	rust-book	src/ch01-03-hello-cargo.md
1509	rust-book	src/ch01-03-hello-cargo.md
1510	rust-book	src/ch01-03-hello-cargo.md
1511	rust-book	src/ch01-03-hello-cargo.md
1512	rust-book	src/ch01-03-hello-cargo.md
1513	rust-book	src/ch01-03-hello-cargo.md
1514	rust-book	src/ch01-03-hello-cargo.md
1515	rust-book	src/ch01-03-hello-cargo.md
1516	rust-book	src/ch01-03-hello-cargo.md
1517	rust-book	src/ch01-03-hello-cargo.md
1518	rust-book	src/ch01-03-hello-cargo.md
1519	rust-book	src/ch01-03-hello-cargo.md
1520	rust-book	src/ch01-03-hello-cargo.md
1521	rust-book	src/ch01-03-hello-cargo.md
1522	rust-book	src/ch01-03-hello-cargo.md
1523	rust-book	src/ch01-03-hello-cargo.md
1524	rust-book	src/ch01-03-hello-cargo.md
1525	rust-book	src/ch01-03-hello-cargo.md
1526	rust-book	src/ch01-03-hello-cargo.md
1527	rust-book	src/ch01-03-hello-cargo.md
1528	rust-book	src/ch01-03-hello-cargo.md
1529	rust-book	src/ch01-03-hello-cargo.md
1530	rust-book	src/ch02-00-guessing-game-tutorial.md
1531	rust-book	src/ch02-00-guessing-game-tutorial.md
1532	rust-book	src/ch02-00-guessing-game-tutorial.md
1533	rust-book	src/ch02-00-guessing-game-tutorial.md
1534	rust-book	src/ch02-00-guessing-game-tutorial.md
1535	rust-book	src/ch02-00-guessing-game-tutorial.md
1536	rust-book	src/ch02-00-guessing-game-tutorial.md
1537	rust-book	src/ch02-00-guessing-game-tutorial.md
1538	rust-book	src/ch02-00-guessing-game-tutorial.md
1539	rust-book	src/ch02-00-guessing-game-tutorial.md
1540	rust-book	src/ch02-00-guessing-game-tutorial.md
1541	rust-book	src/ch02-00-guessing-game-tutorial.md
1542	rust-book	src/ch02-00-guessing-game-tutorial.md
1543	rust-book	src/ch02-00-guessing-game-tutorial.md
1544	rust-book	src/ch02-00-guessing-game-tutorial.md
1545	rust-book	src/ch02-00-guessing-game-tutorial.md
1546	rust-book	src/ch02-00-guessing-game-tutorial.md
1547	rust-book	src/ch02-00-guessing-game-tutorial.md
1548	rust-book	src/ch02-00-guessing-game-tutorial.md
1549	rust-book	src/ch02-00-guessing-game-tutorial.md
1550	rust-book	src/ch02-00-guessing-game-tutorial.md
1551	rust-book	src/ch02-00-guessing-game-tutorial.md
1552	rust-book	src/ch02-00-guessing-game-tutorial.md
1553	rust-book	src/ch02-00-guessing-game-tutorial.md
1554	rust-book	src/ch02-00-guessing-game-tutorial.md
1555	rust-book	src/ch02-00-guessing-game-tutorial.md
1556	rust-book	src/ch02-00-guessing-game-tutorial.md
1557	rust-book	src/ch02-00-guessing-game-tutorial.md
1558	rust-book	src/ch02-00-guessing-game-tutorial.md
1559	rust-book	src/ch02-00-guessing-game-tutorial.md
1560	rust-book	src/ch02-00-guessing-game-tutorial.md
1561	rust-book	src/ch02-00-guessing-game-tutorial.md
1562	rust-book	src/ch02-00-guessing-game-tutorial.md
1563	rust-book	src/ch02-00-guessing-game-tutorial.md
1564	rust-book	src/ch02-00-guessing-game-tutorial.md
1565	rust-book	src/ch02-00-guessing-game-tutorial.md
1566	rust-book	src/ch02-00-guessing-game-tutorial.md
1567	rust-book	src/ch02-00-guessing-game-tutorial.md
1568	rust-book	src/ch02-00-guessing-game-tutorial.md
1569	rust-book	src/ch02-00-guessing-game-tutorial.md
1570	rust-book	src/ch02-00-guessing-game-tutorial.md
1571	rust-book	src/ch02-00-guessing-game-tutorial.md
1572	rust-book	src/ch02-00-guessing-game-tutorial.md
1573	rust-book	src/ch02-00-guessing-game-tutorial.md
1574	rust-book	src/ch02-00-guessing-game-tutorial.md
1575	rust-book	src/ch02-00-guessing-game-tutorial.md
1576	rust-book	src/ch02-00-guessing-game-tutorial.md
1577	rust-book	src/ch02-00-guessing-game-tutorial.md
1578	rust-book	src/ch02-00-guessing-game-tutorial.md
1579	rust-book	src/ch02-00-guessing-game-tutorial.md
1580	rust-book	src/ch02-00-guessing-game-tutorial.md
1581	rust-book	src/ch02-00-guessing-game-tutorial.md
1582	rust-book	src/ch02-00-guessing-game-tutorial.md
1583	rust-book	src/ch02-00-guessing-game-tutorial.md
1584	rust-book	src/ch02-00-guessing-game-tutorial.md
1585	rust-book	src/ch02-00-guessing-game-tutorial.md
1586	rust-book	src/ch02-00-guessing-game-tutorial.md
1587	rust-book	src/ch02-00-guessing-game-tutorial.md
1588	rust-book	src/ch02-00-guessing-game-tutorial.md
1589	rust-book	src/ch02-00-guessing-game-tutorial.md
1590	rust-book	src/ch02-00-guessing-game-tutorial.md
1591	rust-book	src/ch02-00-guessing-game-tutorial.md
1592	rust-book	src/ch02-00-guessing-game-tutorial.md
1593	rust-book	src/ch02-00-guessing-game-tutorial.md
1594	rust-book	src/ch02-00-guessing-game-tutorial.md
1595	rust-book	src/ch02-00-guessing-game-tutorial.md
1596	rust-book	src/ch02-00-guessing-game-tutorial.md
1597	rust-book	src/ch02-00-guessing-game-tutorial.md
1598	rust-book	src/ch02-00-guessing-game-tutorial.md
1599	rust-book	src/ch02-00-guessing-game-tutorial.md
1600	rust-book	src/ch02-00-guessing-game-tutorial.md
1601	rust-book	src/ch02-00-guessing-game-tutorial.md
1602	rust-book	src/ch03-00-common-programming-concepts.md
1603	rust-book	src/ch03-00-common-programming-concepts.md
1604	rust-book	src/ch03-00-common-programming-concepts.md
1605	rust-book	src/ch03-01-variables-and-mutability.md
1606	rust-book	src/ch03-01-variables-and-mutability.md
1607	rust-book	src/ch03-01-variables-and-mutability.md
1608	rust-book	src/ch03-01-variables-and-mutability.md
1609	rust-book	src/ch03-01-variables-and-mutability.md
1610	rust-book	src/ch03-01-variables-and-mutability.md
1611	rust-book	src/ch03-01-variables-and-mutability.md
1612	rust-book	src/ch03-01-variables-and-mutability.md
1613	rust-book	src/ch03-01-variables-and-mutability.md
1614	rust-book	src/ch03-01-variables-and-mutability.md
1615	rust-book	src/ch03-01-variables-and-mutability.md
1616	rust-book	src/ch03-01-variables-and-mutability.md
1617	rust-book	src/ch03-01-variables-and-mutability.md
1618	rust-book	src/ch03-01-variables-and-mutability.md
1619	rust-book	src/ch03-01-variables-and-mutability.md
1620	rust-book	src/ch03-01-variables-and-mutability.md
1621	rust-book	src/ch03-01-variables-and-mutability.md
1622	rust-book	src/ch03-01-variables-and-mutability.md
1623	rust-book	src/ch03-01-variables-and-mutability.md
1624	rust-book	src/ch03-01-variables-and-mutability.md
1625	rust-book	src/ch03-01-variables-and-mutability.md
1626	rust-book	src/ch03-02-data-types.md
1627	rust-book	src/ch03-02-data-types.md
1628	rust-book	src/ch03-02-data-types.md
1629	rust-book	src/ch03-02-data-types.md
1630	rust-book	src/ch03-02-data-types.md
1631	rust-book	src/ch03-02-data-types.md
1632	rust-book	src/ch03-02-data-types.md
1633	rust-book	src/ch03-02-data-types.md
1634	rust-book	src/ch03-02-data-types.md
1635	rust-book	src/ch03-02-data-types.md
1636	rust-book	src/ch03-02-data-types.md
1637	rust-book	src/ch03-02-data-types.md
1638	rust-book	src/ch03-02-data-types.md
1639	rust-book	src/ch03-02-data-types.md
1640	rust-book	src/ch03-02-data-types.md
1641	rust-book	src/ch03-02-data-types.md
1642	rust-book	src/ch03-02-data-types.md
1643	rust-book	src/ch03-02-data-types.md
1644	rust-book	src/ch03-02-data-types.md
1645	rust-book	src/ch03-02-data-types.md
1646	rust-book	src/ch03-02-data-types.md
1647	rust-book	src/ch03-02-data-types.md
1648	rust-book	src/ch03-02-data-types.md
1649	rust-book	src/ch03-02-data-types.md
1650	rust-book	src/ch03-02-data-types.md
1651	rust-book	src/ch03-02-data-types.md
1652	rust-book	src/ch03-02-data-types.md
1653	rust-book	src/ch03-02-data-types.md
1654	rust-book	src/ch03-02-data-types.md
1655	rust-book	src/ch03-02-data-types.md
1656	rust-book	src/ch03-02-data-types.md
1657	rust-book	src/ch03-02-data-types.md
1658	rust-book	src/ch03-02-data-types.md
1659	rust-book	src/ch03-02-data-types.md
1660	rust-book	src/ch03-02-data-types.md
1661	rust-book	src/ch03-02-data-types.md
1662	rust-book	src/ch03-02-data-types.md
1663	rust-book	src/ch03-03-how-functions-work.md
1664	rust-book	src/ch03-03-how-functions-work.md
1665	rust-book	src/ch03-03-how-functions-work.md
1666	rust-book	src/ch03-03-how-functions-work.md
1667	rust-book	src/ch03-03-how-functions-work.md
1668	rust-book	src/ch03-03-how-functions-work.md
1669	rust-book	src/ch03-03-how-functions-work.md
1670	rust-book	src/ch03-03-how-functions-work.md
1671	rust-book	src/ch03-03-how-functions-work.md
1672	rust-book	src/ch03-03-how-functions-work.md
1673	rust-book	src/ch03-03-how-functions-work.md
1674	rust-book	src/ch03-03-how-functions-work.md
1675	rust-book	src/ch03-03-how-functions-work.md
1676	rust-book	src/ch03-03-how-functions-work.md
1677	rust-book	src/ch03-03-how-functions-work.md
1678	rust-book	src/ch03-03-how-functions-work.md
1679	rust-book	src/ch03-03-how-functions-work.md
1680	rust-book	src/ch03-03-how-functions-work.md
1681	rust-book	src/ch03-03-how-functions-work.md
1682	rust-book	src/ch03-03-how-functions-work.md
1683	rust-book	src/ch03-03-how-functions-work.md
1684	rust-book	src/ch03-03-how-functions-work.md
1685	rust-book	src/ch03-03-how-functions-work.md
1686	rust-book	src/ch03-03-how-functions-work.md
1687	rust-book	src/ch03-03-how-functions-work.md
1688	rust-book	src/ch03-04-comments.md
1689	rust-book	src/ch03-04-comments.md
1690	rust-book	src/ch03-04-comments.md
1691	rust-book	src/ch03-04-comments.md
1692	rust-book	src/ch03-05-control-flow.md
1693	rust-book	src/ch03-05-control-flow.md
1694	rust-book	src/ch03-05-control-flow.md
1695	rust-book	src/ch03-05-control-flow.md
1696	rust-book	src/ch03-05-control-flow.md
1697	rust-book	src/ch03-05-control-flow.md
1698	rust-book	src/ch03-05-control-flow.md
1699	rust-book	src/ch03-05-control-flow.md
1700	rust-book	src/ch03-05-control-flow.md
1701	rust-book	src/ch03-05-control-flow.md
1702	rust-book	src/ch03-05-control-flow.md
1703	rust-book	src/ch03-05-control-flow.md
1704	rust-book	src/ch03-05-control-flow.md
1705	rust-book	src/ch03-05-control-flow.md
1706	rust-book	src/ch03-05-control-flow.md
1707	rust-book	src/ch03-05-control-flow.md
1708	rust-book	src/ch03-05-control-flow.md
1709	rust-book	src/ch03-05-control-flow.md
1710	rust-book	src/ch03-05-control-flow.md
1711	rust-book	src/ch03-05-control-flow.md
1712	rust-book	src/ch03-05-control-flow.md
1713	rust-book	src/ch03-05-control-flow.md
1714	rust-book	src/ch03-05-control-flow.md
1715	rust-book	src/ch03-05-control-flow.md
1716	rust-book	src/ch03-05-control-flow.md
1717	rust-book	src/ch03-05-control-flow.md
1718	rust-book	src/ch03-05-control-flow.md
1719	rust-book	src/ch03-05-control-flow.md
1720	rust-book	src/ch03-05-control-flow.md
1721	rust-book	src/ch03-05-control-flow.md
1722	rust-book	src/ch03-05-control-flow.md
1723	rust-book	src/ch03-05-control-flow.md
1724	rust-book	src/ch03-05-control-flow.md
1725	rust-book	src/ch03-05-control-flow.md
1726	rust-book	src/ch03-05-control-flow.md
1727	rust-book	src/ch03-05-control-flow.md
1728	rust-book	src/ch04-00-understanding-ownership.md
1729	rust-book	src/ch04-01-what-is-ownership.md
1730	rust-book	src/ch04-01-what-is-ownership.md
1731	rust-book	src/ch04-01-what-is-ownership.md
1732	rust-book	src/ch04-01-what-is-ownership.md
1733	rust-book	src/ch04-01-what-is-ownership.md
1734	rust-book	src/ch04-01-what-is-ownership.md
1735	rust-book	src/ch04-01-what-is-ownership.md
1736	rust-book	src/ch04-01-what-is-ownership.md
1737	rust-book	src/ch04-01-what-is-ownership.md
1738	rust-book	src/ch04-01-what-is-ownership.md
1739	rust-book	src/ch04-01-what-is-ownership.md
1740	rust-book	src/ch04-01-what-is-ownership.md
1741	rust-book	src/ch04-01-what-is-ownership.md
1742	rust-book	src/ch04-01-what-is-ownership.md
1743	rust-book	src/ch04-01-what-is-ownership.md
1744	rust-book	src/ch04-01-what-is-ownership.md
1745	rust-book	src/ch04-01-what-is-ownership.md
1746	rust-book	src/ch04-01-what-is-ownership.md
1747	rust-book	src/ch04-01-what-is-ownership.md
1748	rust-book	src/ch04-01-what-is-ownership.md
1749	rust-book	src/ch04-01-what-is-ownership.md
1750	rust-book	src/ch04-01-what-is-ownership.md
1751	rust-book	src/ch04-01-what-is-ownership.md
1752	rust-book	src/ch04-01-what-is-ownership.md
1753	rust-book	src/ch04-01-what-is-ownership.md
1754	rust-book	src/ch04-01-what-is-ownership.md
1755	rust-book	src/ch04-01-what-is-ownership.md
1756	rust-book	src/ch04-01-what-is-ownership.md
1757	rust-book	src/ch04-01-what-is-ownership.md
1758	rust-book	src/ch04-01-what-is-ownership.md
1759	rust-book	src/ch04-01-what-is-ownership.md
1760	rust-book	src/ch04-01-what-is-ownership.md
1761	rust-book	src/ch04-01-what-is-ownership.md
1762	rust-book	src/ch04-01-what-is-ownership.md
1763	rust-book	src/ch04-01-what-is-ownership.md
1764	rust-book	src/ch04-01-what-is-ownership.md
1765	rust-book	src/ch04-01-what-is-ownership.md
1766	rust-book	src/ch04-01-what-is-ownership.md
1767	rust-book	src/ch04-01-what-is-ownership.md
1768	rust-book	src/ch04-01-what-is-ownership.md
1769	rust-book	src/ch04-01-what-is-ownership.md
1770	rust-book	src/ch04-01-what-is-ownership.md
1771	rust-book	src/ch04-01-what-is-ownership.md
1772	rust-book	src/ch04-01-what-is-ownership.md
1773	rust-book	src/ch04-01-what-is-ownership.md
1774	rust-book	src/ch04-01-what-is-ownership.md
1775	rust-book	src/ch04-01-what-is-ownership.md
1776	rust-book	src/ch04-01-what-is-ownership.md
1777	rust-book	src/ch04-01-what-is-ownership.md
1778	rust-book	src/ch04-01-what-is-ownership.md
1779	rust-book	src/ch04-01-what-is-ownership.md
1780	rust-book	src/ch04-02-references-and-borrowing.md
1781	rust-book	src/ch04-02-references-and-borrowing.md
1782	rust-book	src/ch04-02-references-and-borrowing.md
1783	rust-book	src/ch04-02-references-and-borrowing.md
1784	rust-book	src/ch04-02-references-and-borrowing.md
1785	rust-book	src/ch04-02-references-and-borrowing.md
1786	rust-book	src/ch04-02-references-and-borrowing.md
1787	rust-book	src/ch04-02-references-and-borrowing.md
1788	rust-book	src/ch04-02-references-and-borrowing.md
1789	rust-book	src/ch04-02-references-and-borrowing.md
1790	rust-book	src/ch04-02-references-and-borrowing.md
1791	rust-book	src/ch04-02-references-and-borrowing.md
1792	rust-book	src/ch04-02-references-and-borrowing.md
1793	rust-book	src/ch04-02-references-and-borrowing.md
1794	rust-book	src/ch04-02-references-and-borrowing.md
1795	rust-book	src/ch04-02-references-and-borrowing.md
1796	rust-book	src/ch04-02-references-and-borrowing.md
1797	rust-book	src/ch04-02-references-and-borrowing.md
1798	rust-book	src/ch04-02-references-and-borrowing.md
1799	rust-book	src/ch04-02-references-and-borrowing.md
1800	rust-book	src/ch04-02-references-and-borrowing.md
1801	rust-book	src/ch04-02-references-and-borrowing.md
1802	rust-book	src/ch04-02-references-and-borrowing.md
1803	rust-book	src/ch04-02-references-and-borrowing.md
1804	rust-book	src/ch04-02-references-and-borrowing.md
1805	rust-book	src/ch04-02-references-and-borrowing.md
1806	rust-book	src/ch04-02-references-and-borrowing.md
1807	rust-book	src/ch04-03-slices.md
1808	rust-book	src/ch04-03-slices.md
1809	rust-book	src/ch04-03-slices.md
1810	rust-book	src/ch04-03-slices.md
1811	rust-book	src/ch04-03-slices.md
1812	rust-book	src/ch04-03-slices.md
1813	rust-book	src/ch04-03-slices.md
1814	rust-book	src/ch04-03-slices.md
1815	rust-book	src/ch04-03-slices.md
1816	rust-book	src/ch04-03-slices.md
1817	rust-book	src/ch04-03-slices.md
1818	rust-book	src/ch04-03-slices.md
1819	rust-book	src/ch04-03-slices.md
1820	rust-book	src/ch04-03-slices.md
1821	rust-book	src/ch04-03-slices.md
1822	rust-book	src/ch04-03-slices.md
1823	rust-book	src/ch04-03-slices.md
1824	rust-book	src/ch04-03-slices.md
1825	rust-book	src/ch04-03-slices.md
1826	rust-book	src/ch04-03-slices.md
1827	rust-book	src/ch04-03-slices.md
1828	rust-book	src/ch04-03-slices.md
1829	rust-book	src/ch04-03-slices.md
1830	rust-book	src/ch04-03-slices.md
1831	rust-book	src/ch04-03-slices.md
1832	rust-book	src/ch04-03-slices.md
1833	rust-book	src/ch04-03-slices.md
1834	rust-book	src/ch04-03-slices.md
1835	rust-book	src/ch04-03-slices.md
1836	rust-book	src/ch04-03-slices.md
1837	rust-book	src/ch05-00-structs.md
1838	rust-book	src/ch05-01-defining-structs.md
1839	rust-book	src/ch05-01-defining-structs.md
1840	rust-book	src/ch05-01-defining-structs.md
1841	rust-book	src/ch05-01-defining-structs.md
1842	rust-book	src/ch05-01-defining-structs.md
1843	rust-book	src/ch05-01-defining-structs.md
1844	rust-book	src/ch05-01-defining-structs.md
1845	rust-book	src/ch05-01-defining-structs.md
1846	rust-book	src/ch05-01-defining-structs.md
1847	rust-book	src/ch05-01-defining-structs.md
1848	rust-book	src/ch05-01-defining-structs.md
1849	rust-book	src/ch05-01-defining-structs.md
1850	rust-book	src/ch05-01-defining-structs.md
1851	rust-book	src/ch05-01-defining-structs.md
1852	rust-book	src/ch05-01-defining-structs.md
1853	rust-book	src/ch05-01-defining-structs.md
1854	rust-book	src/ch05-01-defining-structs.md
1855	rust-book	src/ch05-01-defining-structs.md
1856	rust-book	src/ch05-01-defining-structs.md
1857	rust-book	src/ch05-01-defining-structs.md
1858	rust-book	src/ch05-02-example-structs.md
1859	rust-book	src/ch05-02-example-structs.md
1860	rust-book	src/ch05-02-example-structs.md
1861	rust-book	src/ch05-02-example-structs.md
1862	rust-book	src/ch05-02-example-structs.md
1863	rust-book	src/ch05-02-example-structs.md
1864	rust-book	src/ch05-02-example-structs.md
1865	rust-book	src/ch05-02-example-structs.md
1866	rust-book	src/ch05-02-example-structs.md
1867	rust-book	src/ch05-02-example-structs.md
1868	rust-book	src/ch05-02-example-structs.md
1869	rust-book	src/ch05-02-example-structs.md
1870	rust-book	src/ch05-02-example-structs.md
1871	rust-book	src/ch05-02-example-structs.md
1872	rust-book	src/ch05-02-example-structs.md
1873	rust-book	src/ch05-02-example-structs.md
1874	rust-book	src/ch05-02-example-structs.md
1875	rust-book	src/ch05-02-example-structs.md
1876	rust-book	src/ch05-02-example-structs.md
1877	rust-book	src/ch05-02-example-structs.md
1878	rust-book	src/ch05-02-example-structs.md
1879	rust-book	src/ch05-03-method-syntax.md
1880	rust-book	src/ch05-03-method-syntax.md
1881	rust-book	src/ch05-03-method-syntax.md
1882	rust-book	src/ch05-03-method-syntax.md
1883	rust-book	src/ch05-03-method-syntax.md
1884	rust-book	src/ch05-03-method-syntax.md
1885	rust-book	src/ch05-03-method-syntax.md
1886	rust-book	src/ch05-03-method-syntax.md
1887	rust-book	src/ch05-03-method-syntax.md
1888	rust-book	src/ch05-03-method-syntax.md
1889	rust-book	src/ch05-03-method-syntax.md
1890	rust-book	src/ch05-03-method-syntax.md
1891	rust-book	src/ch05-03-method-syntax.md
1892	rust-book	src/ch05-03-method-syntax.md
1893	rust-book	src/ch05-03-method-syntax.md
1894	rust-book	src/ch05-03-method-syntax.md
1895	rust-book	src/ch05-03-method-syntax.md
1896	rust-book	src/ch05-03-method-syntax.md
1897	rust-book	src/ch05-03-method-syntax.md
1898	rust-book	src/ch05-03-method-syntax.md
1899	rust-book	src/ch06-00-enums.md
1900	rust-book	src/ch06-00-enums.md
1901	rust-book	src/ch06-01-defining-an-enum.md
1902	rust-book	src/ch06-01-defining-an-enum.md
1903	rust-book	src/ch06-01-defining-an-enum.md
1904	rust-book	src/ch06-01-defining-an-enum.md
1905	rust-book	src/ch06-01-defining-an-enum.md
1906	rust-book	src/ch06-01-defining-an-enum.md
1907	rust-book	src/ch06-01-defining-an-enum.md
1908	rust-book	src/ch06-01-defining-an-enum.md
1909	rust-book	src/ch06-01-defining-an-enum.md
1910	rust-book	src/ch06-01-defining-an-enum.md
1911	rust-book	src/ch06-01-defining-an-enum.md
1912	rust-book	src/ch06-01-defining-an-enum.md
1913	rust-book	src/ch06-01-defining-an-enum.md
1914	rust-book	src/ch06-01-defining-an-enum.md
1915	rust-book	src/ch06-01-defining-an-enum.md
1916	rust-book	src/ch06-01-defining-an-enum.md
1917	rust-book	src/ch06-01-defining-an-enum.md
1918	rust-book	src/ch06-01-defining-an-enum.md
1919	rust-book	src/ch06-01-defining-an-enum.md
1920	rust-book	src/ch06-01-defining-an-enum.md
1921	rust-book	src/ch06-01-defining-an-enum.md
1922	rust-book	src/ch06-01-defining-an-enum.md
1923	rust-book	src/ch06-01-defining-an-enum.md
1924	rust-book	src/ch06-01-defining-an-enum.md
1925	rust-book	src/ch06-01-defining-an-enum.md
1926	rust-book	src/ch06-01-defining-an-enum.md
1927	rust-book	src/ch06-01-defining-an-enum.md
1928	rust-book	src/ch06-01-defining-an-enum.md
1929	rust-book	src/ch06-01-defining-an-enum.md
1930	rust-book	src/ch06-01-defining-an-enum.md
1931	rust-book	src/ch06-01-defining-an-enum.md
1932	rust-book	src/ch06-01-defining-an-enum.md
1933	rust-book	src/ch06-01-defining-an-enum.md
1934	rust-book	src/ch06-02-match.md
1935	rust-book	src/ch06-02-match.md
1936	rust-book	src/ch06-02-match.md
1937	rust-book	src/ch06-02-match.md
1938	rust-book	src/ch06-02-match.md
1939	rust-book	src/ch06-02-match.md
1940	rust-book	src/ch06-02-match.md
1941	rust-book	src/ch06-02-match.md
1942	rust-book	src/ch06-02-match.md
1943	rust-book	src/ch06-02-match.md
1944	rust-book	src/ch06-02-match.md
1945	rust-book	src/ch06-02-match.md
1946	rust-book	src/ch06-02-match.md
1947	rust-book	src/ch06-02-match.md
1948	rust-book	src/ch06-02-match.md
1949	rust-book	src/ch06-02-match.md
1950	rust-book	src/ch06-02-match.md
1951	rust-book	src/ch06-02-match.md
1952	rust-book	src/ch06-02-match.md
1953	rust-book	src/ch06-02-match.md
1954	rust-book	src/ch06-02-match.md
1955	rust-book	src/ch06-02-match.md
1956	rust-book	src/ch06-02-match.md
1957	rust-book	src/ch06-02-match.md
1958	rust-book	src/ch06-02-match.md
1959	rust-book	src/ch06-02-match.md
1960	rust-book	src/ch06-02-match.md
1961	rust-book	src/ch06-02-match.md
1962	rust-book	src/ch06-02-match.md
1963	rust-book	src/ch06-02-match.md
1964	rust-book	src/ch06-02-match.md
1965	rust-book	src/ch06-02-match.md
1966	rust-book	src/ch06-03-if-let.md
1967	rust-book	src/ch06-03-if-let.md
1968	rust-book	src/ch06-03-if-let.md
1969	rust-book	src/ch06-03-if-let.md
1970	rust-book	src/ch06-03-if-let.md
1971	rust-book	src/ch06-03-if-let.md
1972	rust-book	src/ch06-03-if-let.md
1973	rust-book	src/ch06-03-if-let.md
1974	rust-book	src/ch06-03-if-let.md
1975	rust-book	src/ch06-03-if-let.md
1976	rust-book	src/ch06-03-if-let.md
1977	rust-book	src/ch07-00-managing-growing-projects-with-packages-crates-and-modules.md
1978	rust-book	src/ch07-00-managing-growing-projects-with-packages-crates-and-modules.md
1979	rust-book	src/ch07-00-managing-growing-projects-with-packages-crates-and-modules.md
1980	rust-book	src/ch07-00-managing-growing-projects-with-packages-crates-and-modules.md
1981	rust-book	src/ch07-00-managing-growing-projects-with-packages-crates-and-modules.md
1982	rust-book	src/ch07-00-managing-growing-projects-with-packages-crates-and-modules.md
1983	rust-book	src/ch07-00-managing-growing-projects-with-packages-crates-and-modules.md
1984	rust-book	src/ch07-01-packages-and-crates.md
1985	rust-book	src/ch07-01-packages-and-crates.md
1986	rust-book	src/ch07-01-packages-and-crates.md
1987	rust-book	src/ch07-01-packages-and-crates.md
1988	rust-book	src/ch07-01-packages-and-crates.md
1989	rust-book	src/ch07-01-packages-and-crates.md
1990	rust-book	src/ch07-02-defining-modules-to-control-scope-and-privacy.md
1991	rust-book	src/ch07-02-defining-modules-to-control-scope-and-privacy.md
1992	rust-book	src/ch07-02-defining-modules-to-control-scope-and-privacy.md
1993	rust-book	src/ch07-02-defining-modules-to-control-scope-and-privacy.md
1994	rust-book	src/ch07-02-defining-modules-to-control-scope-and-privacy.md
1995	rust-book	src/ch07-02-defining-modules-to-control-scope-and-privacy.md
1996	rust-book	src/ch07-02-defining-modules-to-control-scope-and-privacy.md
1997	rust-book	src/ch07-02-defining-modules-to-control-scope-and-privacy.md
1998	rust-book	src/ch07-02-defining-modules-to-control-scope-and-privacy.md
1999	rust-book	src/ch07-03-paths-for-referring-to-an-item-in-the-module-tree.md
2000	rust-book	src/ch07-03-paths-for-referring-to-an-item-in-the-module-tree.md
2001	rust-book	src/ch07-03-paths-for-referring-to-an-item-in-the-module-tree.md
2002	rust-book	src/ch07-03-paths-for-referring-to-an-item-in-the-module-tree.md
2003	rust-book	src/ch07-03-paths-for-referring-to-an-item-in-the-module-tree.md
2004	rust-book	src/ch07-03-paths-for-referring-to-an-item-in-the-module-tree.md
2005	rust-book	src/ch07-03-paths-for-referring-to-an-item-in-the-module-tree.md
2006	rust-book	src/ch07-03-paths-for-referring-to-an-item-in-the-module-tree.md
2007	rust-book	src/ch07-03-paths-for-referring-to-an-item-in-the-module-tree.md
2008	rust-book	src/ch07-03-paths-for-referring-to-an-item-in-the-module-tree.md
2009	rust-book	src/ch07-03-paths-for-referring-to-an-item-in-the-module-tree.md
2010	rust-book	src/ch07-03-paths-for-referring-to-an-item-in-the-module-tree.md
2011	rust-book	src/ch07-03-paths-for-referring-to-an-item-in-the-module-tree.md
2012	rust-book	src/ch07-03-paths-for-referring-to-an-item-in-the-module-tree.md
2013	rust-book	src/ch07-03-paths-for-referring-to-an-item-in-the-module-tree.md
2014	rust-book	src/ch07-03-paths-for-referring-to-an-item-in-the-module-tree.md
2015	rust-book	src/ch07-03-paths-for-referring-to-an-item-in-the-module-tree.md
2016	rust-book	src/ch07-03-paths-for-referring-to-an-item-in-the-module-tree.md
2017	rust-book	src/ch07-03-paths-for-referring-to-an-item-in-the-module-tree.md
2018	rust-book	src/ch07-03-paths-for-referring-to-an-item-in-the-module-tree.md
2019	rust-book	src/ch07-03-paths-for-referring-to-an-item-in-the-module-tree.md
2020	rust-book	src/ch07-03-paths-for-referring-to-an-item-in-the-module-tree.md
2021	rust-book	src/ch07-03-paths-for-referring-to-an-item-in-the-module-tree.md
2022	rust-book	src/ch07-03-paths-for-referring-to-an-item-in-the-module-tree.md
2023	rust-book	src/ch07-03-paths-for-referring-to-an-item-in-the-module-tree.md
2024	rust-book	src/ch07-03-paths-for-referring-to-an-item-in-the-module-tree.md
2025	rust-book	src/ch07-03-paths-for-referring-to-an-item-in-the-module-tree.md
2026	rust-book	src/ch07-04-bringing-paths-into-scope-with-the-use-keyword.md
2027	rust-book	src/ch07-04-bringing-paths-into-scope-with-the-use-keyword.md
2028	rust-book	src/ch07-04-bringing-paths-into-scope-with-the-use-keyword.md
2029	rust-book	src/ch07-04-bringing-paths-into-scope-with-the-use-keyword.md
2030	rust-book	src/ch07-04-bringing-paths-into-scope-with-the-use-keyword.md
2031	rust-book	src/ch07-04-bringing-paths-into-scope-with-the-use-keyword.md
2032	rust-book	src/ch07-04-bringing-paths-into-scope-with-the-use-keyword.md
2033	rust-book	src/ch07-04-bringing-paths-into-scope-with-the-use-keyword.md
2034	rust-book	src/ch07-04-bringing-paths-into-scope-with-the-use-keyword.md
2035	rust-book	src/ch07-04-bringing-paths-into-scope-with-the-use-keyword.md
2036	rust-book	src/ch07-04-bringing-paths-into-scope-with-the-use-keyword.md
2037	rust-book	src/ch07-04-bringing-paths-into-scope-with-the-use-keyword.md
2038	rust-book	src/ch07-04-bringing-paths-into-scope-with-the-use-keyword.md
2039	rust-book	src/ch07-04-bringing-paths-into-scope-with-the-use-keyword.md
2040	rust-book	src/ch07-04-bringing-paths-into-scope-with-the-use-keyword.md
2041	rust-book	src/ch07-04-bringing-paths-into-scope-with-the-use-keyword.md
2042	rust-book	src/ch07-04-bringing-paths-into-scope-with-the-use-keyword.md
2043	rust-book	src/ch07-04-bringing-paths-into-scope-with-the-use-keyword.md
2044	rust-book	src/ch07-04-bringing-paths-into-scope-with-the-use-keyword.md
2045	rust-book	src/ch07-04-bringing-paths-into-scope-with-the-use-keyword.md
2046	rust-book	src/ch07-04-bringing-paths-into-scope-with-the-use-keyword.md
2047	rust-book	src/ch07-04-bringing-paths-into-scope-with-the-use-keyword.md
2048	rust-book	src/ch07-04-bringing-paths-into-scope-with-the-use-keyword.md
2049	rust-book	src/ch07-04-bringing-paths-into-scope-with-the-use-keyword.md
2050	rust-book	src/ch07-04-bringing-paths-into-scope-with-the-use-keyword.md
2051	rust-book	src/ch07-04-bringing-paths-into-scope-with-the-use-keyword.md
2052	rust-book	src/ch07-05-separating-modules-into-different-files.md
2053	rust-book	src/ch07-05-separating-modules-into-different-files.md
2054	rust-book	src/ch07-05-separating-modules-into-different-files.md
2055	rust-book	src/ch07-05-separating-modules-into-different-files.md
2056	rust-book	src/ch07-05-separating-modules-into-different-files.md
2057	rust-book	src/ch07-05-separating-modules-into-different-files.md
2058	rust-book	src/ch07-05-separating-modules-into-different-files.md
2059	rust-book	src/ch08-00-common-collections.md
2060	rust-book	src/ch08-00-common-collections.md
2061	rust-book	src/ch08-01-vectors.md
2062	rust-book	src/ch08-01-vectors.md
2063	rust-book	src/ch08-01-vectors.md
2064	rust-book	src/ch08-01-vectors.md
2065	rust-book	src/ch08-01-vectors.md
2066	rust-book	src/ch08-01-vectors.md
2067	rust-book	src/ch08-01-vectors.md
2068	rust-book	src/ch08-01-vectors.md
2069	rust-book	src/ch08-01-vectors.md
2070	rust-book	src/ch08-01-vectors.md
2071	rust-book	src/ch08-01-vectors.md
2072	rust-book	src/ch08-01-vectors.md
2073	rust-book	src/ch08-01-vectors.md
2074	rust-book	src/ch08-01-vectors.md
2075	rust-book	src/ch08-01-vectors.md
2076	rust-book	src/ch08-01-vectors.md
2077	rust-book	src/ch08-01-vectors.md
2078	rust-book	src/ch08-01-vectors.md
2079	rust-book	src/ch08-01-vectors.md
2080	rust-book	src/ch08-01-vectors.md
2081	rust-book	src/ch08-01-vectors.md
2082	rust-book	src/ch08-02-strings.md
2083	rust-book	src/ch08-02-strings.md
2084	rust-book	src/ch08-02-strings.md
2085	rust-book	src/ch08-02-strings.md
2086	rust-book	src/ch08-02-strings.md
2087	rust-book	src/ch08-02-strings.md
2088	rust-book	src/ch08-02-strings.md
2089	rust-book	src/ch08-02-strings.md
2090	rust-book	src/ch08-02-strings.md
2091	rust-book	src/ch08-02-strings.md
2092	rust-book	src/ch08-02-strings.md
2093	rust-book	src/ch08-02-strings.md
2094	rust-book	src/ch08-02-strings.md
2095	rust-book	src/ch08-02-strings.md
2096	rust-book	src/ch08-02-strings.md
2097	rust-book	src/ch08-02-strings.md
2098	rust-book	src/ch08-02-strings.md
2099	rust-book	src/ch08-02-strings.md
2100	rust-book	src/ch08-02-strings.md
2101	rust-book	src/ch08-02-strings.md
2102	rust-book	src/ch08-02-strings.md
2103	rust-book	src/ch08-02-strings.md
2104	rust-book	src/ch08-02-strings.md
2105	rust-book	src/ch08-02-strings.md
2106	rust-book	src/ch08-02-strings.md
2107	rust-book	src/ch08-02-strings.md
2108	rust-book	src/ch08-02-strings.md
2109	rust-book	src/ch08-02-strings.md
2110	rust-book	src/ch08-02-strings.md
2111	rust-book	src/ch08-02-strings.md
2112	rust-book	src/ch08-02-strings.md
2113	rust-book	src/ch08-02-strings.md
2114	rust-book	src/ch08-02-strings.md
2115	rust-book	src/ch08-02-strings.md
2116	rust-book	src/ch08-02-strings.md
2117	rust-book	src/ch08-02-strings.md
2118	rust-book	src/ch08-02-strings.md
2119	rust-book	src/ch08-02-strings.md
2120	rust-book	src/ch08-03-hash-maps.md
2121	rust-book	src/ch08-03-hash-maps.md
2122	rust-book	src/ch08-03-hash-maps.md
2123	rust-book	src/ch08-03-hash-maps.md
2124	rust-book	src/ch08-03-hash-maps.md
2125	rust-book	src/ch08-03-hash-maps.md
2126	rust-book	src/ch08-03-hash-maps.md
2127	rust-book	src/ch08-03-hash-maps.md
2128	rust-book	src/ch08-03-hash-maps.md
2129	rust-book	src/ch08-03-hash-maps.md
2130	rust-book	src/ch08-03-hash-maps.md
2131	rust-book	src/ch08-03-hash-maps.md
2132	rust-book	src/ch08-03-hash-maps.md
2133	rust-book	src/ch08-03-hash-maps.md
2134	rust-book	src/ch08-03-hash-maps.md
2135	rust-book	src/ch08-03-hash-maps.md
2136	rust-book	src/ch08-03-hash-maps.md
2137	rust-book	src/ch08-03-hash-maps.md
2138	rust-book	src/ch08-03-hash-maps.md
2139	rust-book	src/ch08-03-hash-maps.md
2140	rust-book	src/ch08-03-hash-maps.md
2141	rust-book	src/ch08-03-hash-maps.md
2142	rust-book	src/ch09-00-error-handling.md
2143	rust-book	src/ch09-00-error-handling.md
2144	rust-book	src/ch09-00-error-handling.md
2145	rust-book	src/ch09-01-unrecoverable-errors-with-panic.md
2146	rust-book	src/ch09-01-unrecoverable-errors-with-panic.md
2147	rust-book	src/ch09-01-unrecoverable-errors-with-panic.md
2148	rust-book	src/ch09-01-unrecoverable-errors-with-panic.md
2149	rust-book	src/ch09-01-unrecoverable-errors-with-panic.md
2150	rust-book	src/ch09-01-unrecoverable-errors-with-panic.md
2151	rust-book	src/ch09-01-unrecoverable-errors-with-panic.md
2152	rust-book	src/ch09-01-unrecoverable-errors-with-panic.md
2153	rust-book	src/ch09-01-unrecoverable-errors-with-panic.md
2154	rust-book	src/ch09-01-unrecoverable-errors-with-panic.md
2155	rust-book	src/ch09-01-unrecoverable-errors-with-panic.md
2156	rust-book	src/ch09-01-unrecoverable-errors-with-panic.md
2157	rust-book	src/ch09-01-unrecoverable-errors-with-panic.md
2158	rust-book	src/ch09-02-recoverable-errors-with-result.md
2159	rust-book	src/ch09-02-recoverable-errors-with-result.md
2160	rust-book	src/ch09-02-recoverable-errors-with-result.md
2161	rust-book	src/ch09-02-recoverable-errors-with-result.md
2162	rust-book	src/ch09-02-recoverable-errors-with-result.md
2163	rust-book	src/ch09-02-recoverable-errors-with-result.md
2164	rust-book	src/ch09-02-recoverable-errors-with-result.md
2165	rust-book	src/ch09-02-recoverable-errors-with-result.md
2166	rust-book	src/ch09-02-recoverable-errors-with-result.md
2167	rust-book	src/ch09-02-recoverable-errors-with-result.md
2168	rust-book	src/ch09-02-recoverable-errors-with-result.md
2169	rust-book	src/ch09-02-recoverable-errors-with-result.md
2170	rust-book	src/ch09-02-recoverable-errors-with-result.md
2171	rust-book	src/ch09-02-recoverable-errors-with-result.md
2172	rust-book	src/ch09-02-recoverable-errors-with-result.md
2173	rust-book	src/ch09-02-recoverable-errors-with-result.md
2174	rust-book	src/ch09-02-recoverable-errors-with-result.md
2175	rust-book	src/ch09-02-recoverable-errors-with-result.md
2176	rust-book	src/ch09-02-recoverable-errors-with-result.md
2177	rust-book	src/ch09-02-recoverable-errors-with-result.md
2178	rust-book	src/ch09-02-recoverable-errors-with-result.md
2179	rust-book	src/ch09-02-recoverable-errors-with-result.md
2180	rust-book	src/ch09-02-recoverable-errors-with-result.md
2181	rust-book	src/ch09-02-recoverable-errors-with-result.md
2182	rust-book	src/ch09-02-recoverable-errors-with-result.md
2183	rust-book	src/ch09-02-recoverable-errors-with-result.md
2184	rust-book	src/ch09-02-recoverable-errors-with-result.md
2185	rust-book	src/ch09-02-recoverable-errors-with-result.md
2186	rust-book	src/ch09-02-recoverable-errors-with-result.md
2187	rust-book	src/ch09-02-recoverable-errors-with-result.md
2188	rust-book	src/ch09-02-recoverable-errors-with-result.md
2189	rust-book	src/ch09-02-recoverable-errors-with-result.md
2190	rust-book	src/ch09-02-recoverable-errors-with-result.md
2191	rust-book	src/ch09-02-recoverable-errors-with-result.md
2192	rust-book	src/ch09-02-recoverable-errors-with-result.md
2193	rust-book	src/ch09-02-recoverable-errors-with-result.md
2194	rust-book	src/ch09-02-recoverable-errors-with-result.md
2195	rust-book	src/ch09-02-recoverable-errors-with-result.md
2196	rust-book	src/ch09-02-recoverable-errors-with-result.md
2197	rust-book	src/ch09-02-recoverable-errors-with-result.md
2198	rust-book	src/ch09-02-recoverable-errors-with-result.md
2199	rust-book	src/ch09-02-recoverable-errors-with-result.md
2200	rust-book	src/ch09-03-to-panic-or-not-to-panic.md
2201	rust-book	src/ch09-03-to-panic-or-not-to-panic.md
2202	rust-book	src/ch09-03-to-panic-or-not-to-panic.md
2203	rust-book	src/ch09-03-to-panic-or-not-to-panic.md
2204	rust-book	src/ch09-03-to-panic-or-not-to-panic.md
2205	rust-book	src/ch09-03-to-panic-or-not-to-panic.md
2206	rust-book	src/ch09-03-to-panic-or-not-to-panic.md
2207	rust-book	src/ch09-03-to-panic-or-not-to-panic.md
2208	rust-book	src/ch09-03-to-panic-or-not-to-panic.md
2209	rust-book	src/ch09-03-to-panic-or-not-to-panic.md
2210	rust-book	src/ch09-03-to-panic-or-not-to-panic.md
2211	rust-book	src/ch09-03-to-panic-or-not-to-panic.md
2212	rust-book	src/ch09-03-to-panic-or-not-to-panic.md
2213	rust-book	src/ch09-03-to-panic-or-not-to-panic.md
2214	rust-book	src/ch09-03-to-panic-or-not-to-panic.md
2215	rust-book	src/ch09-03-to-panic-or-not-to-panic.md
2216	rust-book	src/ch09-03-to-panic-or-not-to-panic.md
2217	rust-book	src/ch09-03-to-panic-or-not-to-panic.md
2218	rust-book	src/ch09-03-to-panic-or-not-to-panic.md
2219	rust-book	src/ch09-03-to-panic-or-not-to-panic.md
2220	rust-book	src/ch09-03-to-panic-or-not-to-panic.md
2221	rust-book	src/ch09-03-to-panic-or-not-to-panic.md
2222	rust-book	src/ch09-03-to-panic-or-not-to-panic.md
2223	rust-book	src/ch09-03-to-panic-or-not-to-panic.md
2224	rust-book	src/ch10-00-generics.md
2225	rust-book	src/ch10-00-generics.md
2226	rust-book	src/ch10-00-generics.md
2227	rust-book	src/ch10-00-generics.md
2228	rust-book	src/ch10-00-generics.md
2229	rust-book	src/ch10-00-generics.md
2230	rust-book	src/ch10-00-generics.md
2231	rust-book	src/ch10-00-generics.md
2232	rust-book	src/ch10-00-generics.md
2233	rust-book	src/ch10-00-generics.md
2234	rust-book	src/ch10-00-generics.md
2235	rust-book	src/ch10-00-generics.md
2236	rust-book	src/ch10-00-generics.md
2237	rust-book	src/ch10-00-generics.md
2238	rust-book	src/ch10-00-generics.md
2239	rust-book	src/ch10-01-syntax.md
2240	rust-book	src/ch10-01-syntax.md
2241	rust-book	src/ch10-01-syntax.md
2242	rust-book	src/ch10-01-syntax.md
2243	rust-book	src/ch10-01-syntax.md
2244	rust-book	src/ch10-01-syntax.md
2245	rust-book	src/ch10-01-syntax.md
2246	rust-book	src/ch10-01-syntax.md
2247	rust-book	src/ch10-01-syntax.md
2248	rust-book	src/ch10-01-syntax.md
2249	rust-book	src/ch10-01-syntax.md
2250	rust-book	src/ch10-01-syntax.md
2251	rust-book	src/ch10-01-syntax.md
2252	rust-book	src/ch10-01-syntax.md
2253	rust-book	src/ch10-01-syntax.md
2254	rust-book	src/ch10-01-syntax.md
2255	rust-book	src/ch10-01-syntax.md
2256	rust-book	src/ch10-01-syntax.md
2257	rust-book	src/ch10-01-syntax.md
2258	rust-book	src/ch10-01-syntax.md
2259	rust-book	src/ch10-01-syntax.md
2260	rust-book	src/ch10-01-syntax.md
2261	rust-book	src/ch10-01-syntax.md
2262	rust-book	src/ch10-01-syntax.md
2263	rust-book	src/ch10-01-syntax.md
2264	rust-book	src/ch10-01-syntax.md
2265	rust-book	src/ch10-01-syntax.md
2266	rust-book	src/ch10-01-syntax.md
2267	rust-book	src/ch10-01-syntax.md
2268	rust-book	src/ch10-01-syntax.md
2269	rust-book	src/ch10-01-syntax.md
2270	rust-book	src/ch10-01-syntax.md
2271	rust-book	src/ch10-01-syntax.md
2272	rust-book	src/ch10-02-traits.md
2273	rust-book	src/ch10-02-traits.md
2274	rust-book	src/ch10-02-traits.md
2275	rust-book	src/ch10-02-traits.md
2276	rust-book	src/ch10-02-traits.md
2277	rust-book	src/ch10-02-traits.md
2278	rust-book	src/ch10-02-traits.md
2279	rust-book	src/ch10-02-traits.md
2280	rust-book	src/ch10-02-traits.md
2281	rust-book	src/ch10-02-traits.md
2282	rust-book	src/ch10-02-traits.md
2283	rust-book	src/ch10-02-traits.md
2284	rust-book	src/ch10-02-traits.md
2285	rust-book	src/ch10-02-traits.md
2286	rust-book	src/ch10-02-traits.md
2287	rust-book	src/ch10-02-traits.md
2288	rust-book	src/ch10-02-traits.md
2289	rust-book	src/ch10-02-traits.md
2290	rust-book	src/ch10-02-traits.md
2291	rust-book	src/ch10-02-traits.md
2292	rust-book	src/ch10-02-traits.md
2293	rust-book	src/ch10-02-traits.md
2294	rust-book	src/ch10-02-traits.md
2295	rust-book	src/ch10-02-traits.md
2296	rust-book	src/ch10-02-traits.md
2297	rust-book	src/ch10-02-traits.md
2298	rust-book	src/ch10-02-traits.md
2299	rust-book	src/ch10-02-traits.md
2300	rust-book	src/ch10-02-traits.md
2301	rust-book	src/ch10-02-traits.md
2302	rust-book	src/ch10-02-traits.md
2303	rust-book	src/ch10-02-traits.md
2304	rust-book	src/ch10-02-traits.md
2305	rust-book	src/ch10-02-traits.md
2306	rust-book	src/ch10-02-traits.md
2307	rust-book	src/ch10-02-traits.md
2308	rust-book	src/ch10-02-traits.md
2309	rust-book	src/ch10-02-traits.md
2310	rust-book	src/ch10-02-traits.md
2311	rust-book	src/ch10-02-traits.md
2312	rust-book	src/ch10-02-traits.md
2313	rust-book	src/ch10-02-traits.md
2314	rust-book	src/ch10-02-traits.md
2315	rust-book	src/ch10-02-traits.md
2316	rust-book	src/ch10-03-lifetime-syntax.md
2317	rust-book	src/ch10-03-lifetime-syntax.md
2318	rust-book	src/ch10-03-lifetime-syntax.md
2319	rust-book	src/ch10-03-lifetime-syntax.md
2320	rust-book	src/ch10-03-lifetime-syntax.md
2321	rust-book	src/ch10-03-lifetime-syntax.md
2322	rust-book	src/ch10-03-lifetime-syntax.md
2323	rust-book	src/ch10-03-lifetime-syntax.md
2324	rust-book	src/ch10-03-lifetime-syntax.md
2325	rust-book	src/ch10-03-lifetime-syntax.md
2326	rust-book	src/ch10-03-lifetime-syntax.md
2327	rust-book	src/ch10-03-lifetime-syntax.md
2328	rust-book	src/ch10-03-lifetime-syntax.md
2329	rust-book	src/ch10-03-lifetime-syntax.md
2330	rust-book	src/ch10-03-lifetime-syntax.md
2331	rust-book	src/ch10-03-lifetime-syntax.md
2332	rust-book	src/ch10-03-lifetime-syntax.md
2333	rust-book	src/ch10-03-lifetime-syntax.md
2334	rust-book	src/ch10-03-lifetime-syntax.md
2335	rust-book	src/ch10-03-lifetime-syntax.md
2336	rust-book	src/ch10-03-lifetime-syntax.md
2337	rust-book	src/ch10-03-lifetime-syntax.md
2338	rust-book	src/ch10-03-lifetime-syntax.md
2339	rust-book	src/ch10-03-lifetime-syntax.md
2340	rust-book	src/ch10-03-lifetime-syntax.md
2341	rust-book	src/ch10-03-lifetime-syntax.md
2342	rust-book	src/ch10-03-lifetime-syntax.md
2343	rust-book	src/ch10-03-lifetime-syntax.md
2344	rust-book	src/ch10-03-lifetime-syntax.md
2345	rust-book	src/ch10-03-lifetime-syntax.md
2346	rust-book	src/ch10-03-lifetime-syntax.md
2347	rust-book	src/ch10-03-lifetime-syntax.md
2348	rust-book	src/ch10-03-lifetime-syntax.md
2349	rust-book	src/ch10-03-lifetime-syntax.md
2350	rust-book	src/ch10-03-lifetime-syntax.md
2351	rust-book	src/ch10-03-lifetime-syntax.md
2352	rust-book	src/ch10-03-lifetime-syntax.md
2353	rust-book	src/ch10-03-lifetime-syntax.md
2354	rust-book	src/ch10-03-lifetime-syntax.md
2355	rust-book	src/ch10-03-lifetime-syntax.md
2356	rust-book	src/ch10-03-lifetime-syntax.md
2357	rust-book	src/ch10-03-lifetime-syntax.md
2358	rust-book	src/ch10-03-lifetime-syntax.md
2359	rust-book	src/ch10-03-lifetime-syntax.md
2360	rust-book	src/ch10-03-lifetime-syntax.md
2361	rust-book	src/ch10-03-lifetime-syntax.md
2362	rust-book	src/ch10-03-lifetime-syntax.md
2363	rust-book	src/ch10-03-lifetime-syntax.md
2364	rust-book	src/ch10-03-lifetime-syntax.md
2365	rust-book	src/ch10-03-lifetime-syntax.md
2366	rust-book	src/ch10-03-lifetime-syntax.md
2367	rust-book	src/ch10-03-lifetime-syntax.md
2368	rust-book	src/ch10-03-lifetime-syntax.md
2369	rust-book	src/ch10-03-lifetime-syntax.md
2370	rust-book	src/ch10-03-lifetime-syntax.md
2371	rust-book	src/ch10-03-lifetime-syntax.md
2372	rust-book	src/ch10-03-lifetime-syntax.md
2373	rust-book	src/ch10-03-lifetime-syntax.md
2374	rust-book	src/ch10-03-lifetime-syntax.md
2375	rust-book	src/ch10-03-lifetime-syntax.md
2376	rust-book	src/ch10-03-lifetime-syntax.md
2377	rust-book	src/ch10-03-lifetime-syntax.md
2378	rust-book	src/ch10-03-lifetime-syntax.md
2379	rust-book	src/ch10-03-lifetime-syntax.md
2380	rust-book	src/ch10-03-lifetime-syntax.md
2381	rust-book	src/ch10-03-lifetime-syntax.md
2382	rust-book	src/ch10-03-lifetime-syntax.md
2383	rust-book	src/ch10-03-lifetime-syntax.md
2384	rust-book	src/ch10-03-lifetime-syntax.md
2385	rust-book	src/ch10-03-lifetime-syntax.md
2386	rust-book	src/ch11-00-testing.md
2387	rust-book	src/ch11-00-testing.md
2388	rust-book	src/ch11-00-testing.md
2389	rust-book	src/ch11-00-testing.md
2390	rust-book	src/ch11-00-testing.md
2391	rust-book	src/ch11-01-writing-tests.md
2392	rust-book	src/ch11-01-writing-tests.md
2393	rust-book	src/ch11-01-writing-tests.md
2394	rust-book	src/ch11-01-writing-tests.md
2395	rust-book	src/ch11-01-writing-tests.md
2396	rust-book	src/ch11-01-writing-tests.md
2397	rust-book	src/ch11-01-writing-tests.md
2398	rust-book	src/ch11-01-writing-tests.md
2399	rust-book	src/ch11-01-writing-tests.md
2400	rust-book	src/ch11-01-writing-tests.md
2401	rust-book	src/ch11-01-writing-tests.md
2402	rust-book	src/ch11-01-writing-tests.md
2403	rust-book	src/ch11-01-writing-tests.md
2404	rust-book	src/ch11-01-writing-tests.md
2405	rust-book	src/ch11-01-writing-tests.md
2406	rust-book	src/ch11-01-writing-tests.md
2407	rust-book	src/ch11-01-writing-tests.md
2408	rust-book	src/ch11-01-writing-tests.md
2409	rust-book	src/ch11-01-writing-tests.md
2410	rust-book	src/ch11-01-writing-tests.md
2411	rust-book	src/ch11-01-writing-tests.md
2412	rust-book	src/ch11-01-writing-tests.md
2413	rust-book	src/ch11-01-writing-tests.md
2414	rust-book	src/ch11-01-writing-tests.md
2415	rust-book	src/ch11-01-writing-tests.md
2416	rust-book	src/ch11-01-writing-tests.md
2417	rust-book	src/ch11-01-writing-tests.md
2418	rust-book	src/ch11-01-writing-tests.md
2419	rust-book	src/ch11-01-writing-tests.md
2420	rust-book	src/ch11-01-writing-tests.md
2421	rust-book	src/ch11-01-writing-tests.md
2422	rust-book	src/ch11-01-writing-tests.md
2423	rust-book	src/ch11-01-writing-tests.md
2424	rust-book	src/ch11-01-writing-tests.md
2425	rust-book	src/ch11-01-writing-tests.md
2426	rust-book	src/ch11-01-writing-tests.md
2427	rust-book	src/ch11-01-writing-tests.md
2428	rust-book	src/ch11-01-writing-tests.md
2429	rust-book	src/ch11-01-writing-tests.md
2430	rust-book	src/ch11-01-writing-tests.md
2431	rust-book	src/ch11-01-writing-tests.md
2432	rust-book	src/ch11-01-writing-tests.md
2433	rust-book	src/ch11-01-writing-tests.md
2434	rust-book	src/ch11-01-writing-tests.md
2435	rust-book	src/ch11-01-writing-tests.md
2436	rust-book	src/ch11-01-writing-tests.md
2437	rust-book	src/ch11-01-writing-tests.md
2438	rust-book	src/ch11-01-writing-tests.md
2439	rust-book	src/ch11-01-writing-tests.md
2440	rust-book	src/ch11-01-writing-tests.md
2441	rust-book	src/ch11-02-running-tests.md
2442	rust-book	src/ch11-02-running-tests.md
2443	rust-book	src/ch11-02-running-tests.md
2444	rust-book	src/ch11-02-running-tests.md
2445	rust-book	src/ch11-02-running-tests.md
2446	rust-book	src/ch11-02-running-tests.md
2447	rust-book	src/ch11-02-running-tests.md
2448	rust-book	src/ch11-02-running-tests.md
2449	rust-book	src/ch11-02-running-tests.md
2450	rust-book	src/ch11-02-running-tests.md
2451	rust-book	src/ch11-02-running-tests.md
2452	rust-book	src/ch11-02-running-tests.md
2453	rust-book	src/ch11-02-running-tests.md
2454	rust-book	src/ch11-02-running-tests.md
2455	rust-book	src/ch11-02-running-tests.md
2456	rust-book	src/ch11-02-running-tests.md
2457	rust-book	src/ch11-02-running-tests.md
2458	rust-book	src/ch11-02-running-tests.md
2459	rust-book	src/ch11-02-running-tests.md
2460	rust-book	src/ch11-03-test-organization.md
2461	rust-book	src/ch11-03-test-organization.md
2462	rust-book	src/ch11-03-test-organization.md
2463	rust-book	src/ch11-03-test-organization.md
2464	rust-book	src/ch11-03-test-organization.md
2465	rust-book	src/ch11-03-test-organization.md
2466	rust-book	src/ch11-03-test-organization.md
2467	rust-book	src/ch11-03-test-organization.md
2468	rust-book	src/ch11-03-test-organization.md
2469	rust-book	src/ch11-03-test-organization.md
2470	rust-book	src/ch11-03-test-organization.md
2471	rust-book	src/ch11-03-test-organization.md
2472	rust-book	src/ch11-03-test-organization.md
2473	rust-book	src/ch11-03-test-organization.md
2474	rust-book	src/ch11-03-test-organization.md
2475	rust-book	src/ch11-03-test-organization.md
2476	rust-book	src/ch11-03-test-organization.md
2477	rust-book	src/ch11-03-test-organization.md
2478	rust-book	src/ch11-03-test-organization.md
2479	rust-book	src/ch11-03-test-organization.md
2480	rust-book	src/ch11-03-test-organization.md
2481	rust-book	src/ch11-03-test-organization.md
2482	rust-book	src/ch11-03-test-organization.md
2483	rust-book	src/ch11-03-test-organization.md
2484	rust-book	src/ch11-03-test-organization.md
2485	rust-book	src/ch11-03-test-organization.md
2486	rust-book	src/ch11-03-test-organization.md
2487	rust-book	src/ch11-03-test-organization.md
2488	rust-book	src/ch12-00-an-io-project.md
2489	rust-book	src/ch12-00-an-io-project.md
2490	rust-book	src/ch12-00-an-io-project.md
2491	rust-book	src/ch12-00-an-io-project.md
2492	rust-book	src/ch12-00-an-io-project.md
2493	rust-book	src/ch12-00-an-io-project.md
2494	rust-book	src/ch12-01-accepting-command-line-arguments.md
2495	rust-book	src/ch12-01-accepting-command-line-arguments.md
2496	rust-book	src/ch12-01-accepting-command-line-arguments.md
2497	rust-book	src/ch12-01-accepting-command-line-arguments.md
2498	rust-book	src/ch12-01-accepting-command-line-arguments.md
2499	rust-book	src/ch12-01-accepting-command-line-arguments.md
2500	rust-book	src/ch12-01-accepting-command-line-arguments.md
2501	rust-book	src/ch12-01-accepting-command-line-arguments.md
2502	rust-book	src/ch12-01-accepting-command-line-arguments.md
2503	rust-book	src/ch12-01-accepting-command-line-arguments.md
2504	rust-book	src/ch12-01-accepting-command-line-arguments.md
2505	rust-book	src/ch12-01-accepting-command-line-arguments.md
2506	rust-book	src/ch12-01-accepting-command-line-arguments.md
2507	rust-book	src/ch12-01-accepting-command-line-arguments.md
2508	rust-book	src/ch12-02-reading-a-file.md
2509	rust-book	src/ch12-02-reading-a-file.md
2510	rust-book	src/ch12-02-reading-a-file.md
2511	rust-book	src/ch12-02-reading-a-file.md
2512	rust-book	src/ch12-02-reading-a-file.md
2513	rust-book	src/ch12-03-improving-error-handling-and-modularity.md
2514	rust-book	src/ch12-03-improving-error-handling-and-modularity.md
2515	rust-book	src/ch12-03-improving-error-handling-and-modularity.md
2516	rust-book	src/ch12-03-improving-error-handling-and-modularity.md
2517	rust-book	src/ch12-03-improving-error-handling-and-modularity.md
2518	rust-book	src/ch12-03-improving-error-handling-and-modularity.md
2519	rust-book	src/ch12-03-improving-error-handling-and-modularity.md
2520	rust-book	src/ch12-03-improving-error-handling-and-modularity.md
2521	rust-book	src/ch12-03-improving-error-handling-and-modularity.md
2522	rust-book	src/ch12-03-improving-error-handling-and-modularity.md
2523	rust-book	src/ch12-03-improving-error-handling-and-modularity.md
2524	rust-book	src/ch12-03-improving-error-handling-and-modularity.md
2525	rust-book	src/ch12-03-improving-error-handling-and-modularity.md
2526	rust-book	src/ch12-03-improving-error-handling-and-modularity.md
2527	rust-book	src/ch12-03-improving-error-handling-and-modularity.md
2528	rust-book	src/ch12-03-improving-error-handling-and-modularity.md
2529	rust-book	src/ch12-03-improving-error-handling-and-modularity.md
2530	rust-book	src/ch12-03-improving-error-handling-and-modularity.md
2531	rust-book	src/ch12-03-improving-error-handling-and-modularity.md
2532	rust-book	src/ch12-03-improving-error-handling-and-modularity.md
2533	rust-book	src/ch12-03-improving-error-handling-and-modularity.md
2534	rust-book	src/ch12-03-improving-error-handling-and-modularity.md
2535	rust-book	src/ch12-03-improving-error-handling-and-modularity.md
2536	rust-book	src/ch12-03-improving-error-handling-and-modularity.md
2537	rust-book	src/ch12-03-improving-error-handling-and-modularity.md
2538	rust-book	src/ch12-03-improving-error-handling-and-modularity.md
2539	rust-book	src/ch12-03-improving-error-handling-and-modularity.md
2540	rust-book	src/ch12-03-improving-error-handling-and-modularity.md
2541	rust-book	src/ch12-03-improving-error-handling-and-modularity.md
2542	rust-book	src/ch12-03-improving-error-handling-and-modularity.md
2543	rust-book	src/ch12-03-improving-error-handling-and-modularity.md
2544	rust-book	src/ch12-03-improving-error-handling-and-modularity.md
2545	rust-book	src/ch12-03-improving-error-handling-and-modularity.md
2546	rust-book	src/ch12-03-improving-error-handling-and-modularity.md
2547	rust-book	src/ch12-03-improving-error-handling-and-modularity.md
2548	rust-book	src/ch12-03-improving-error-handling-and-modularity.md
2549	rust-book	src/ch12-03-improving-error-handling-and-modularity.md
2550	rust-book	src/ch12-03-improving-error-handling-and-modularity.md
2551	rust-book	src/ch12-03-improving-error-handling-and-modularity.md
2552	rust-book	src/ch12-03-improving-error-handling-and-modularity.md
2553	rust-book	src/ch12-03-improving-error-handling-and-modularity.md
2554	rust-book	src/ch12-03-improving-error-handling-and-modularity.md
2555	rust-book	src/ch12-03-improving-error-handling-and-modularity.md
2556	rust-book	src/ch12-03-improving-error-handling-and-modularity.md
2557	rust-book	src/ch12-03-improving-error-handling-and-modularity.md
2558	rust-book	src/ch12-03-improving-error-handling-and-modularity.md
2559	rust-book	src/ch12-03-improving-error-handling-and-modularity.md
2560	rust-book	src/ch12-03-improving-error-handling-and-modularity.md
2561	rust-book	src/ch12-03-improving-error-handling-and-modularity.md
2562	rust-book	src/ch12-03-improving-error-handling-and-modularity.md
2563	rust-book	src/ch12-03-improving-error-handling-and-modularity.md
2564	rust-book	src/ch12-03-improving-error-handling-and-modularity.md
2565	rust-book	src/ch12-03-improving-error-handling-and-modularity.md
2566	rust-book	src/ch12-03-improving-error-handling-and-modularity.md
2567	rust-book	src/ch12-04-testing-the-librarys-functionality.md
2568	rust-book	src/ch12-04-testing-the-librarys-functionality.md
2569	rust-book	src/ch12-04-testing-the-librarys-functionality.md
2570	rust-book	src/ch12-04-testing-the-librarys-functionality.md
2571	rust-book	src/ch12-04-testing-the-librarys-functionality.md
2572	rust-book	src/ch12-04-testing-the-librarys-functionality.md
2573	rust-book	src/ch12-04-testing-the-librarys-functionality.md
2574	rust-book	src/ch12-04-testing-the-librarys-functionality.md
2575	rust-book	src/ch12-04-testing-the-librarys-functionality.md
2576	rust-book	src/ch12-04-testing-the-librarys-functionality.md
2577	rust-book	src/ch12-04-testing-the-librarys-functionality.md
2578	rust-book	src/ch12-04-testing-the-librarys-functionality.md
2579	rust-book	src/ch12-04-testing-the-librarys-functionality.md
2580	rust-book	src/ch12-04-testing-the-librarys-functionality.md
2581	rust-book	src/ch12-04-testing-the-librarys-functionality.md
2582	rust-book	src/ch12-04-testing-the-librarys-functionality.md
2583	rust-book	src/ch12-04-testing-the-librarys-functionality.md
2584	rust-book	src/ch12-04-testing-the-librarys-functionality.md
2585	rust-book	src/ch12-04-testing-the-librarys-functionality.md
2586	rust-book	src/ch12-04-testing-the-librarys-functionality.md
2587	rust-book	src/ch12-04-testing-the-librarys-functionality.md
2588	rust-book	src/ch12-04-testing-the-librarys-functionality.md
2589	rust-book	src/ch12-04-testing-the-librarys-functionality.md
2590	rust-book	src/ch12-04-testing-the-librarys-functionality.md
2591	rust-book	src/ch12-04-testing-the-librarys-functionality.md
2592	rust-book	src/ch12-05-working-with-environment-variables.md
2593	rust-book	src/ch12-05-working-with-environment-variables.md
2594	rust-book	src/ch12-05-working-with-environment-variables.md
2595	rust-book	src/ch12-05-working-with-environment-variables.md
2596	rust-book	src/ch12-05-working-with-environment-variables.md
2597	rust-book	src/ch12-05-working-with-environment-variables.md
2598	rust-book	src/ch12-05-working-with-environment-variables.md
2599	rust-book	src/ch12-05-working-with-environment-variables.md
2600	rust-book	src/ch12-05-working-with-environment-variables.md
2601	rust-book	src/ch12-05-working-with-environment-variables.md
2602	rust-book	src/ch12-05-working-with-environment-variables.md
2603	rust-book	src/ch12-05-working-with-environment-variables.md
2604	rust-book	src/ch12-05-working-with-environment-variables.md
2605	rust-book	src/ch12-05-working-with-environment-variables.md
2606	rust-book	src/ch12-05-working-with-environment-variables.md
2607	rust-book	src/ch12-05-working-with-environment-variables.md
2608	rust-book	src/ch12-05-working-with-environment-variables.md
2609	rust-book	src/ch12-05-working-with-environment-variables.md
2610	rust-book	src/ch12-06-writing-to-stderr-instead-of-stdout.md
2611	rust-book	src/ch12-06-writing-to-stderr-instead-of-stdout.md
2612	rust-book	src/ch12-06-writing-to-stderr-instead-of-stdout.md
2613	rust-book	src/ch12-06-writing-to-stderr-instead-of-stdout.md
2614	rust-book	src/ch12-06-writing-to-stderr-instead-of-stdout.md
2615	rust-book	src/ch12-06-writing-to-stderr-instead-of-stdout.md
2616	rust-book	src/ch12-06-writing-to-stderr-instead-of-stdout.md
2617	rust-book	src/ch12-06-writing-to-stderr-instead-of-stdout.md
2618	rust-book	src/ch12-06-writing-to-stderr-instead-of-stdout.md
2619	rust-book	src/ch12-06-writing-to-stderr-instead-of-stdout.md
2620	rust-book	src/ch12-06-writing-to-stderr-instead-of-stdout.md
2621	rust-book	src/ch12-06-writing-to-stderr-instead-of-stdout.md
2622	rust-book	src/ch12-06-writing-to-stderr-instead-of-stdout.md
2623	rust-book	src/ch12-06-writing-to-stderr-instead-of-stdout.md
2624	rust-book	src/ch13-00-functional-features.md
2625	rust-book	src/ch13-00-functional-features.md
2626	rust-book	src/ch13-00-functional-features.md
2627	rust-book	src/ch13-00-functional-features.md
2628	rust-book	src/ch13-01-closures.md
2629	rust-book	src/ch13-01-closures.md
2630	rust-book	src/ch13-01-closures.md
2631	rust-book	src/ch13-01-closures.md
2632	rust-book	src/ch13-01-closures.md
2633	rust-book	src/ch13-01-closures.md
2634	rust-book	src/ch13-01-closures.md
2635	rust-book	src/ch13-01-closures.md
2636	rust-book	src/ch13-01-closures.md
2637	rust-book	src/ch13-01-closures.md
2638	rust-book	src/ch13-01-closures.md
2639	rust-book	src/ch13-01-closures.md
2640	rust-book	src/ch13-01-closures.md
2641	rust-book	src/ch13-01-closures.md
2642	rust-book	src/ch13-01-closures.md
2643	rust-book	src/ch13-01-closures.md
2644	rust-book	src/ch13-01-closures.md
2645	rust-book	src/ch13-01-closures.md
2646	rust-book	src/ch13-01-closures.md
2647	rust-book	src/ch13-01-closures.md
2648	rust-book	src/ch13-01-closures.md
2649	rust-book	src/ch13-01-closures.md
2650	rust-book	src/ch13-01-closures.md
2651	rust-book	src/ch13-01-closures.md
2652	rust-book	src/ch13-01-closures.md
2653	rust-book	src/ch13-01-closures.md
2654	rust-book	src/ch13-01-closures.md
2655	rust-book	src/ch13-01-closures.md
2656	rust-book	src/ch13-01-closures.md
2657	rust-book	src/ch13-01-closures.md
2658	rust-book	src/ch13-01-closures.md
2659	rust-book	src/ch13-01-closures.md
2660	rust-book	src/ch13-01-closures.md
2661	rust-book	src/ch13-01-closures.md
2662	rust-book	src/ch13-01-closures.md
2663	rust-book	src/ch13-01-closures.md
2664	rust-book	src/ch13-01-closures.md
2665	rust-book	src/ch13-01-closures.md
2666	rust-book	src/ch13-01-closures.md
2667	rust-book	src/ch13-01-closures.md
2668	rust-book	src/ch13-01-closures.md
2669	rust-book	src/ch13-01-closures.md
2670	rust-book	src/ch13-01-closures.md
2671	rust-book	src/ch13-01-closures.md
2672	rust-book	src/ch13-01-closures.md
2673	rust-book	src/ch13-01-closures.md
2674	rust-book	src/ch13-01-closures.md
2675	rust-book	src/ch13-01-closures.md
2676	rust-book	src/ch13-01-closures.md
2677	rust-book	src/ch13-01-closures.md
2678	rust-book	src/ch13-01-closures.md
2679	rust-book	src/ch13-01-closures.md
2680	rust-book	src/ch13-01-closures.md
2681	rust-book	src/ch13-01-closures.md
2682	rust-book	src/ch13-01-closures.md
2683	rust-book	src/ch13-01-closures.md
2684	rust-book	src/ch13-01-closures.md
2685	rust-book	src/ch13-01-closures.md
2686	rust-book	src/ch13-01-closures.md
2687	rust-book	src/ch13-01-closures.md
2688	rust-book	src/ch13-01-closures.md
2689	rust-book	src/ch13-01-closures.md
2690	rust-book	src/ch13-02-iterators.md
2691	rust-book	src/ch13-02-iterators.md
2692	rust-book	src/ch13-02-iterators.md
2693	rust-book	src/ch13-02-iterators.md
2694	rust-book	src/ch13-02-iterators.md
2695	rust-book	src/ch13-02-iterators.md
2696	rust-book	src/ch13-02-iterators.md
2697	rust-book	src/ch13-02-iterators.md
2698	rust-book	src/ch13-02-iterators.md
2699	rust-book	src/ch13-02-iterators.md
2700	rust-book	src/ch13-02-iterators.md
2701	rust-book	src/ch13-02-iterators.md
2702	rust-book	src/ch13-02-iterators.md
2703	rust-book	src/ch13-02-iterators.md
2704	rust-book	src/ch13-02-iterators.md
2705	rust-book	src/ch13-02-iterators.md
2706	rust-book	src/ch13-02-iterators.md
2707	rust-book	src/ch13-02-iterators.md
2708	rust-book	src/ch13-02-iterators.md
2709	rust-book	src/ch13-02-iterators.md
2710	rust-book	src/ch13-02-iterators.md
2711	rust-book	src/ch13-02-iterators.md
2712	rust-book	src/ch13-02-iterators.md
2713	rust-book	src/ch13-02-iterators.md
2714	rust-book	src/ch13-02-iterators.md
2715	rust-book	src/ch13-02-iterators.md
2716	rust-book	src/ch13-02-iterators.md
2717	rust-book	src/ch13-02-iterators.md
2718	rust-book	src/ch13-02-iterators.md
2719	rust-book	src/ch13-02-iterators.md
2720	rust-book	src/ch13-02-iterators.md
2721	rust-book	src/ch13-02-iterators.md
2722	rust-book	src/ch13-02-iterators.md
2723	rust-book	src/ch13-02-iterators.md
2724	rust-book	src/ch13-02-iterators.md
2725	rust-book	src/ch13-02-iterators.md
2726	rust-book	src/ch13-02-iterators.md
2727	rust-book	src/ch13-03-improving-our-io-project.md
2728	rust-book	src/ch13-03-improving-our-io-project.md
2729	rust-book	src/ch13-03-improving-our-io-project.md
2730	rust-book	src/ch13-03-improving-our-io-project.md
2731	rust-book	src/ch13-03-improving-our-io-project.md
2732	rust-book	src/ch13-03-improving-our-io-project.md
2733	rust-book	src/ch13-03-improving-our-io-project.md
2734	rust-book	src/ch13-03-improving-our-io-project.md
2735	rust-book	src/ch13-03-improving-our-io-project.md
2736	rust-book	src/ch13-03-improving-our-io-project.md
2737	rust-book	src/ch13-03-improving-our-io-project.md
2738	rust-book	src/ch13-03-improving-our-io-project.md
2739	rust-book	src/ch13-03-improving-our-io-project.md
2740	rust-book	src/ch13-03-improving-our-io-project.md
2741	rust-book	src/ch13-03-improving-our-io-project.md
2742	rust-book	src/ch13-03-improving-our-io-project.md
2743	rust-book	src/ch13-03-improving-our-io-project.md
2744	rust-book	src/ch13-04-performance.md
2745	rust-book	src/ch13-04-performance.md
2746	rust-book	src/ch13-04-performance.md
2747	rust-book	src/ch13-04-performance.md
2748	rust-book	src/ch13-04-performance.md
2749	rust-book	src/ch13-04-performance.md
2750	rust-book	src/ch13-04-performance.md
2751	rust-book	src/ch13-04-performance.md
2752	rust-book	src/ch13-04-performance.md
2753	rust-book	src/ch13-04-performance.md
2754	rust-book	src/ch13-04-performance.md
2755	rust-book	src/ch14-00-more-about-cargo.md
2756	rust-book	src/ch14-00-more-about-cargo.md
2757	rust-book	src/ch14-01-release-profiles.md
2758	rust-book	src/ch14-01-release-profiles.md
2759	rust-book	src/ch14-01-release-profiles.md
2760	rust-book	src/ch14-01-release-profiles.md
2761	rust-book	src/ch14-01-release-profiles.md
2762	rust-book	src/ch14-01-release-profiles.md
2763	rust-book	src/ch14-02-publishing-to-crates-io.md
2764	rust-book	src/ch14-02-publishing-to-crates-io.md
2765	rust-book	src/ch14-02-publishing-to-crates-io.md
2766	rust-book	src/ch14-02-publishing-to-crates-io.md
2767	rust-book	src/ch14-02-publishing-to-crates-io.md
2768	rust-book	src/ch14-02-publishing-to-crates-io.md
2769	rust-book	src/ch14-02-publishing-to-crates-io.md
2770	rust-book	src/ch14-02-publishing-to-crates-io.md
2771	rust-book	src/ch14-02-publishing-to-crates-io.md
2772	rust-book	src/ch14-02-publishing-to-crates-io.md
2773	rust-book	src/ch14-02-publishing-to-crates-io.md
2774	rust-book	src/ch14-02-publishing-to-crates-io.md
2775	rust-book	src/ch14-02-publishing-to-crates-io.md
2776	rust-book	src/ch14-02-publishing-to-crates-io.md
2777	rust-book	src/ch14-02-publishing-to-crates-io.md
2778	rust-book	src/ch14-02-publishing-to-crates-io.md
2779	rust-book	src/ch14-02-publishing-to-crates-io.md
2780	rust-book	src/ch14-02-publishing-to-crates-io.md
2781	rust-book	src/ch14-02-publishing-to-crates-io.md
2782	rust-book	src/ch14-02-publishing-to-crates-io.md
2783	rust-book	src/ch14-02-publishing-to-crates-io.md
2784	rust-book	src/ch14-02-publishing-to-crates-io.md
2785	rust-book	src/ch14-02-publishing-to-crates-io.md
2786	rust-book	src/ch14-02-publishing-to-crates-io.md
2787	rust-book	src/ch14-02-publishing-to-crates-io.md
2788	rust-book	src/ch14-02-publishing-to-crates-io.md
2789	rust-book	src/ch14-02-publishing-to-crates-io.md
2790	rust-book	src/ch14-02-publishing-to-crates-io.md
2791	rust-book	src/ch14-02-publishing-to-crates-io.md
2792	rust-book	src/ch14-02-publishing-to-crates-io.md
2793	rust-book	src/ch14-02-publishing-to-crates-io.md
2794	rust-book	src/ch14-02-publishing-to-crates-io.md
2795	rust-book	src/ch14-02-publishing-to-crates-io.md
2796	rust-book	src/ch14-02-publishing-to-crates-io.md
2797	rust-book	src/ch14-02-publishing-to-crates-io.md
2798	rust-book	src/ch14-02-publishing-to-crates-io.md
2799	rust-book	src/ch14-02-publishing-to-crates-io.md
2800	rust-book	src/ch14-02-publishing-to-crates-io.md
2801	rust-book	src/ch14-02-publishing-to-crates-io.md
2802	rust-book	src/ch14-02-publishing-to-crates-io.md
2803	rust-book	src/ch14-02-publishing-to-crates-io.md
2804	rust-book	src/ch14-02-publishing-to-crates-io.md
2805	rust-book	src/ch14-02-publishing-to-crates-io.md
2806	rust-book	src/ch14-02-publishing-to-crates-io.md
2807	rust-book	src/ch14-02-publishing-to-crates-io.md
2808	rust-book	src/ch14-02-publishing-to-crates-io.md
2809	rust-book	src/ch14-03-cargo-workspaces.md
2810	rust-book	src/ch14-03-cargo-workspaces.md
2811	rust-book	src/ch14-03-cargo-workspaces.md
2812	rust-book	src/ch14-03-cargo-workspaces.md
2813	rust-book	src/ch14-03-cargo-workspaces.md
2814	rust-book	src/ch14-03-cargo-workspaces.md
2815	rust-book	src/ch14-03-cargo-workspaces.md
2816	rust-book	src/ch14-03-cargo-workspaces.md
2817	rust-book	src/ch14-03-cargo-workspaces.md
2818	rust-book	src/ch14-03-cargo-workspaces.md
2819	rust-book	src/ch14-03-cargo-workspaces.md
2820	rust-book	src/ch14-03-cargo-workspaces.md
2821	rust-book	src/ch14-03-cargo-workspaces.md
2822	rust-book	src/ch14-03-cargo-workspaces.md
2823	rust-book	src/ch14-03-cargo-workspaces.md
2824	rust-book	src/ch14-03-cargo-workspaces.md
2825	rust-book	src/ch14-03-cargo-workspaces.md
2826	rust-book	src/ch14-04-installing-binaries.md
2827	rust-book	src/ch14-04-installing-binaries.md
2828	rust-book	src/ch14-04-installing-binaries.md
2829	rust-book	src/ch14-04-installing-binaries.md
2830	rust-book	src/ch14-05-extending-cargo.md
2831	rust-book	src/ch14-05-extending-cargo.md
2832	rust-book	src/ch15-00-smart-pointers.md
2833	rust-book	src/ch15-00-smart-pointers.md
2834	rust-book	src/ch15-00-smart-pointers.md
2835	rust-book	src/ch15-00-smart-pointers.md
2836	rust-book	src/ch15-00-smart-pointers.md
2837	rust-book	src/ch15-00-smart-pointers.md
2838	rust-book	src/ch15-00-smart-pointers.md
2839	rust-book	src/ch15-00-smart-pointers.md
2840	rust-book	src/ch15-01-box.md
2841	rust-book	src/ch15-01-box.md
2842	rust-book	src/ch15-01-box.md
2843	rust-book	src/ch15-01-box.md
2844	rust-book	src/ch15-01-box.md
2845	rust-book	src/ch15-01-box.md
2846	rust-book	src/ch15-01-box.md
2847	rust-book	src/ch15-01-box.md
2848	rust-book	src/ch15-01-box.md
2849	rust-book	src/ch15-01-box.md
2850	rust-book	src/ch15-01-box.md
2851	rust-book	src/ch15-01-box.md
2852	rust-book	src/ch15-01-box.md
2853	rust-book	src/ch15-01-box.md
2854	rust-book	src/ch15-01-box.md
2855	rust-book	src/ch15-01-box.md
2856	rust-book	src/ch15-01-box.md
2857	rust-book	src/ch15-01-box.md
2858	rust-book	src/ch15-01-box.md
2859	rust-book	src/ch15-01-box.md
2860	rust-book	src/ch15-01-box.md
2861	rust-book	src/ch15-01-box.md
2862	rust-book	src/ch15-01-box.md
2863	rust-book	src/ch15-01-box.md
2864	rust-book	src/ch15-01-box.md
2865	rust-book	src/ch15-01-box.md
2866	rust-book	src/ch15-02-deref.md
2867	rust-book	src/ch15-02-deref.md
2868	rust-book	src/ch15-02-deref.md
2869	rust-book	src/ch15-02-deref.md
2870	rust-book	src/ch15-02-deref.md
2871	rust-book	src/ch15-02-deref.md
2872	rust-book	src/ch15-02-deref.md
2873	rust-book	src/ch15-02-deref.md
2874	rust-book	src/ch15-02-deref.md
2875	rust-book	src/ch15-02-deref.md
2876	rust-book	src/ch15-02-deref.md
2877	rust-book	src/ch15-02-deref.md
2878	rust-book	src/ch15-02-deref.md
2879	rust-book	src/ch15-02-deref.md
2880	rust-book	src/ch15-02-deref.md
2881	rust-book	src/ch15-02-deref.md
2882	rust-book	src/ch15-02-deref.md
2883	rust-book	src/ch15-02-deref.md
2884	rust-book	src/ch15-02-deref.md
2885	rust-book	src/ch15-02-deref.md
2886	rust-book	src/ch15-02-deref.md
2887	rust-book	src/ch15-02-deref.md
2888	rust-book	src/ch15-02-deref.md
2889	rust-book	src/ch15-02-deref.md
2890	rust-book	src/ch15-02-deref.md
2891	rust-book	src/ch15-02-deref.md
2892	rust-book	src/ch15-02-deref.md
2893	rust-book	src/ch15-02-deref.md
2894	rust-book	src/ch15-02-deref.md
2895	rust-book	src/ch15-02-deref.md
2896	rust-book	src/ch15-02-deref.md
2897	rust-book	src/ch15-02-deref.md
2898	rust-book	src/ch15-03-drop.md
2899	rust-book	src/ch15-03-drop.md
2900	rust-book	src/ch15-03-drop.md
2901	rust-book	src/ch15-03-drop.md
2902	rust-book	src/ch15-03-drop.md
2903	rust-book	src/ch15-03-drop.md
2904	rust-book	src/ch15-03-drop.md
2905	rust-book	src/ch15-03-drop.md
2906	rust-book	src/ch15-03-drop.md
2907	rust-book	src/ch15-03-drop.md
2908	rust-book	src/ch15-03-drop.md
2909	rust-book	src/ch15-03-drop.md
2910	rust-book	src/ch15-03-drop.md
2911	rust-book	src/ch15-03-drop.md
2912	rust-book	src/ch15-03-drop.md
2913	rust-book	src/ch15-03-drop.md
2914	rust-book	src/ch15-04-rc.md
2915	rust-book	src/ch15-04-rc.md
2916	rust-book	src/ch15-04-rc.md
2917	rust-book	src/ch15-04-rc.md
2918	rust-book	src/ch15-04-rc.md
2919	rust-book	src/ch15-04-rc.md
2920	rust-book	src/ch15-04-rc.md
2921	rust-book	src/ch15-04-rc.md
2922	rust-book	src/ch15-04-rc.md
2923	rust-book	src/ch15-04-rc.md
2924	rust-book	src/ch15-04-rc.md
2925	rust-book	src/ch15-04-rc.md
2926	rust-book	src/ch15-04-rc.md
2927	rust-book	src/ch15-04-rc.md
2928	rust-book	src/ch15-04-rc.md
2929	rust-book	src/ch15-04-rc.md
2930	rust-book	src/ch15-04-rc.md
2931	rust-book	src/ch15-04-rc.md
2932	rust-book	src/ch15-05-interior-mutability.md
2933	rust-book	src/ch15-05-interior-mutability.md
2934	rust-book	src/ch15-05-interior-mutability.md
2935	rust-book	src/ch15-05-interior-mutability.md
2936	rust-book	src/ch15-05-interior-mutability.md
2937	rust-book	src/ch15-05-interior-mutability.md
2938	rust-book	src/ch15-05-interior-mutability.md
2939	rust-book	src/ch15-05-interior-mutability.md
2940	rust-book	src/ch15-05-interior-mutability.md
2941	rust-book	src/ch15-05-interior-mutability.md
2942	rust-book	src/ch15-05-interior-mutability.md
2943	rust-book	src/ch15-05-interior-mutability.md
2944	rust-book	src/ch15-05-interior-mutability.md
2945	rust-book	src/ch15-05-interior-mutability.md
2946	rust-book	src/ch15-05-interior-mutability.md
2947	rust-book	src/ch15-05-interior-mutability.md
2948	rust-book	src/ch15-05-interior-mutability.md
2949	rust-book	src/ch15-05-interior-mutability.md
2950	rust-book	src/ch15-05-interior-mutability.md
2951	rust-book	src/ch15-05-interior-mutability.md
2952	rust-book	src/ch15-05-interior-mutability.md
2953	rust-book	src/ch15-05-interior-mutability.md
2954	rust-book	src/ch15-05-interior-mutability.md
2955	rust-book	src/ch15-05-interior-mutability.md
2956	rust-book	src/ch15-05-interior-mutability.md
2957	rust-book	src/ch15-05-interior-mutability.md
2958	rust-book	src/ch15-05-interior-mutability.md
2959	rust-book	src/ch15-05-interior-mutability.md
2960	rust-book	src/ch15-05-interior-mutability.md
2961	rust-book	src/ch15-05-interior-mutability.md
2962	rust-book	src/ch15-05-interior-mutability.md
2963	rust-book	src/ch15-05-interior-mutability.md
2964	rust-book	src/ch15-05-interior-mutability.md
2965	rust-book	src/ch15-05-interior-mutability.md
2966	rust-book	src/ch15-05-interior-mutability.md
2967	rust-book	src/ch15-05-interior-mutability.md
2968	rust-book	src/ch15-05-interior-mutability.md
2969	rust-book	src/ch15-06-reference-cycles.md
2970	rust-book	src/ch15-06-reference-cycles.md
2971	rust-book	src/ch15-06-reference-cycles.md
2972	rust-book	src/ch15-06-reference-cycles.md
2973	rust-book	src/ch15-06-reference-cycles.md
2974	rust-book	src/ch15-06-reference-cycles.md
2975	rust-book	src/ch15-06-reference-cycles.md
2976	rust-book	src/ch15-06-reference-cycles.md
2977	rust-book	src/ch15-06-reference-cycles.md
2978	rust-book	src/ch15-06-reference-cycles.md
2979	rust-book	src/ch15-06-reference-cycles.md
2980	rust-book	src/ch15-06-reference-cycles.md
2981	rust-book	src/ch15-06-reference-cycles.md
2982	rust-book	src/ch15-06-reference-cycles.md
2983	rust-book	src/ch15-06-reference-cycles.md
2984	rust-book	src/ch15-06-reference-cycles.md
2985	rust-book	src/ch15-06-reference-cycles.md
2986	rust-book	src/ch15-06-reference-cycles.md
2987	rust-book	src/ch15-06-reference-cycles.md
2988	rust-book	src/ch15-06-reference-cycles.md
2989	rust-book	src/ch15-06-reference-cycles.md
2990	rust-book	src/ch15-06-reference-cycles.md
2991	rust-book	src/ch15-06-reference-cycles.md
2992	rust-book	src/ch15-06-reference-cycles.md
2993	rust-book	src/ch15-06-reference-cycles.md
2994	rust-book	src/ch15-06-reference-cycles.md
2995	rust-book	src/ch15-06-reference-cycles.md
2996	rust-book	src/ch15-06-reference-cycles.md
2997	rust-book	src/ch15-06-reference-cycles.md
2998	rust-book	src/ch15-06-reference-cycles.md
2999	rust-book	src/ch15-06-reference-cycles.md
3000	rust-book	src/ch15-06-reference-cycles.md
3001	rust-book	src/ch15-06-reference-cycles.md
3002	rust-book	src/ch15-06-reference-cycles.md
3003	rust-book	src/ch15-06-reference-cycles.md
3004	rust-book	src/ch15-06-reference-cycles.md
3005	rust-book	src/ch16-00-concurrency.md
3006	rust-book	src/ch16-00-concurrency.md
3007	rust-book	src/ch16-00-concurrency.md
3008	rust-book	src/ch16-00-concurrency.md
3009	rust-book	src/ch16-00-concurrency.md
3010	rust-book	src/ch16-01-threads.md
3011	rust-book	src/ch16-01-threads.md
3012	rust-book	src/ch16-01-threads.md
3013	rust-book	src/ch16-01-threads.md
3014	rust-book	src/ch16-01-threads.md
3015	rust-book	src/ch16-01-threads.md
3016	rust-book	src/ch16-01-threads.md
3017	rust-book	src/ch16-01-threads.md
3018	rust-book	src/ch16-01-threads.md
3019	rust-book	src/ch16-01-threads.md
3020	rust-book	src/ch16-01-threads.md
3021	rust-book	src/ch16-01-threads.md
3022	rust-book	src/ch16-01-threads.md
3023	rust-book	src/ch16-01-threads.md
3024	rust-book	src/ch16-01-threads.md
3025	rust-book	src/ch16-01-threads.md
3026	rust-book	src/ch16-01-threads.md
3027	rust-book	src/ch16-01-threads.md
3028	rust-book	src/ch16-01-threads.md
3029	rust-book	src/ch16-01-threads.md
3030	rust-book	src/ch16-01-threads.md
3031	rust-book	src/ch16-01-threads.md
3032	rust-book	src/ch16-01-threads.md
3033	rust-book	src/ch16-01-threads.md
3034	rust-book	src/ch16-01-threads.md
3035	rust-book	src/ch16-01-threads.md
3036	rust-book	src/ch16-01-threads.md
3037	rust-book	src/ch16-01-threads.md
3038	rust-book	src/ch16-01-threads.md
3039	rust-book	src/ch16-02-message-passing.md
3040	rust-book	src/ch16-02-message-passing.md
3041	rust-book	src/ch16-02-message-passing.md
3042	rust-book	src/ch16-02-message-passing.md
3043	rust-book	src/ch16-02-message-passing.md
3044	rust-book	src/ch16-02-message-passing.md
3045	rust-book	src/ch16-02-message-passing.md
3046	rust-book	src/ch16-02-message-passing.md
3047	rust-book	src/ch16-02-message-passing.md
3048	rust-book	src/ch16-02-message-passing.md
3049	rust-book	src/ch16-02-message-passing.md
3050	rust-book	src/ch16-02-message-passing.md
3051	rust-book	src/ch16-02-message-passing.md
3052	rust-book	src/ch16-02-message-passing.md
3053	rust-book	src/ch16-02-message-passing.md
3054	rust-book	src/ch16-02-message-passing.md
3055	rust-book	src/ch16-02-message-passing.md
3056	rust-book	src/ch16-02-message-passing.md
3057	rust-book	src/ch16-02-message-passing.md
3058	rust-book	src/ch16-02-message-passing.md
3059	rust-book	src/ch16-02-message-passing.md
3060	rust-book	src/ch16-02-message-passing.md
3061	rust-book	src/ch16-02-message-passing.md
3062	rust-book	src/ch16-02-message-passing.md
3063	rust-book	src/ch16-03-shared-state.md
3064	rust-book	src/ch16-03-shared-state.md
3065	rust-book	src/ch16-03-shared-state.md
3066	rust-book	src/ch16-03-shared-state.md
3067	rust-book	src/ch16-03-shared-state.md
3068	rust-book	src/ch16-03-shared-state.md
3069	rust-book	src/ch16-03-shared-state.md
3070	rust-book	src/ch16-03-shared-state.md
3071	rust-book	src/ch16-03-shared-state.md
3072	rust-book	src/ch16-03-shared-state.md
3073	rust-book	src/ch16-03-shared-state.md
3074	rust-book	src/ch16-03-shared-state.md
3075	rust-book	src/ch16-03-shared-state.md
3076	rust-book	src/ch16-03-shared-state.md
3077	rust-book	src/ch16-03-shared-state.md
3078	rust-book	src/ch16-03-shared-state.md
3079	rust-book	src/ch16-03-shared-state.md
3080	rust-book	src/ch16-03-shared-state.md
3081	rust-book	src/ch16-03-shared-state.md
3082	rust-book	src/ch16-03-shared-state.md
3083	rust-book	src/ch16-03-shared-state.md
3084	rust-book	src/ch16-03-shared-state.md
3085	rust-book	src/ch16-03-shared-state.md
3086	rust-book	src/ch16-03-shared-state.md
3087	rust-book	src/ch16-03-shared-state.md
3088	rust-book	src/ch16-03-shared-state.md
3089	rust-book	src/ch16-04-extensible-concurrency-sync-and-send.md
3090	rust-book	src/ch16-04-extensible-concurrency-sync-and-send.md
3091	rust-book	src/ch16-04-extensible-concurrency-sync-and-send.md
3092	rust-book	src/ch16-04-extensible-concurrency-sync-and-send.md
3093	rust-book	src/ch16-04-extensible-concurrency-sync-and-send.md
3094	rust-book	src/ch16-04-extensible-concurrency-sync-and-send.md
3095	rust-book	src/ch16-04-extensible-concurrency-sync-and-send.md
3096	rust-book	src/ch16-04-extensible-concurrency-sync-and-send.md
3097	rust-book	src/ch16-04-extensible-concurrency-sync-and-send.md
3098	rust-book	src/ch16-04-extensible-concurrency-sync-and-send.md
3099	rust-book	src/ch16-04-extensible-concurrency-sync-and-send.md
3100	rust-book	src/ch16-04-extensible-concurrency-sync-and-send.md
3101	rust-book	src/ch17-00-oop.md
3102	rust-book	src/ch17-01-what-is-oo.md
3103	rust-book	src/ch17-01-what-is-oo.md
3104	rust-book	src/ch17-01-what-is-oo.md
3105	rust-book	src/ch17-01-what-is-oo.md
3106	rust-book	src/ch17-01-what-is-oo.md
3107	rust-book	src/ch17-01-what-is-oo.md
3108	rust-book	src/ch17-01-what-is-oo.md
3109	rust-book	src/ch17-01-what-is-oo.md
3110	rust-book	src/ch17-01-what-is-oo.md
3111	rust-book	src/ch17-01-what-is-oo.md
3112	rust-book	src/ch17-01-what-is-oo.md
3113	rust-book	src/ch17-01-what-is-oo.md
3114	rust-book	src/ch17-01-what-is-oo.md
3115	rust-book	src/ch17-01-what-is-oo.md
3116	rust-book	src/ch17-01-what-is-oo.md
3117	rust-book	src/ch17-01-what-is-oo.md
3118	rust-book	src/ch17-01-what-is-oo.md
3119	rust-book	src/ch17-01-what-is-oo.md
3120	rust-book	src/ch17-02-trait-objects.md
3121	rust-book	src/ch17-02-trait-objects.md
3122	rust-book	src/ch17-02-trait-objects.md
3123	rust-book	src/ch17-02-trait-objects.md
3124	rust-book	src/ch17-02-trait-objects.md
3125	rust-book	src/ch17-02-trait-objects.md
3126	rust-book	src/ch17-02-trait-objects.md
3127	rust-book	src/ch17-02-trait-objects.md
3128	rust-book	src/ch17-02-trait-objects.md
3129	rust-book	src/ch17-02-trait-objects.md
3130	rust-book	src/ch17-02-trait-objects.md
3131	rust-book	src/ch17-02-trait-objects.md
3132	rust-book	src/ch17-02-trait-objects.md
3133	rust-book	src/ch17-02-trait-objects.md
3134	rust-book	src/ch17-02-trait-objects.md
3135	rust-book	src/ch17-02-trait-objects.md
3136	rust-book	src/ch17-02-trait-objects.md
3137	rust-book	src/ch17-02-trait-objects.md
3138	rust-book	src/ch17-02-trait-objects.md
3139	rust-book	src/ch17-02-trait-objects.md
3140	rust-book	src/ch17-02-trait-objects.md
3141	rust-book	src/ch17-02-trait-objects.md
3142	rust-book	src/ch17-02-trait-objects.md
3143	rust-book	src/ch17-02-trait-objects.md
3144	rust-book	src/ch17-02-trait-objects.md
3145	rust-book	src/ch17-02-trait-objects.md
3146	rust-book	src/ch17-02-trait-objects.md
3147	rust-book	src/ch17-03-oo-design-patterns.md
3148	rust-book	src/ch17-03-oo-design-patterns.md
3149	rust-book	src/ch17-03-oo-design-patterns.md
3150	rust-book	src/ch17-03-oo-design-patterns.md
3151	rust-book	src/ch17-03-oo-design-patterns.md
3152	rust-book	src/ch17-03-oo-design-patterns.md
3153	rust-book	src/ch17-03-oo-design-patterns.md
3154	rust-book	src/ch17-03-oo-design-patterns.md
3155	rust-book	src/ch17-03-oo-design-patterns.md
3156	rust-book	src/ch17-03-oo-design-patterns.md
3157	rust-book	src/ch17-03-oo-design-patterns.md
3158	rust-book	src/ch17-03-oo-design-patterns.md
3159	rust-book	src/ch17-03-oo-design-patterns.md
3160	rust-book	src/ch17-03-oo-design-patterns.md
3161	rust-book	src/ch17-03-oo-design-patterns.md
3162	rust-book	src/ch17-03-oo-design-patterns.md
3163	rust-book	src/ch17-03-oo-design-patterns.md
3164	rust-book	src/ch17-03-oo-design-patterns.md
3165	rust-book	src/ch17-03-oo-design-patterns.md
3166	rust-book	src/ch17-03-oo-design-patterns.md
3167	rust-book	src/ch17-03-oo-design-patterns.md
3168	rust-book	src/ch17-03-oo-design-patterns.md
3169	rust-book	src/ch17-03-oo-design-patterns.md
3170	rust-book	src/ch17-03-oo-design-patterns.md
3171	rust-book	src/ch17-03-oo-design-patterns.md
3172	rust-book	src/ch17-03-oo-design-patterns.md
3173	rust-book	src/ch17-03-oo-design-patterns.md
3174	rust-book	src/ch17-03-oo-design-patterns.md
3175	rust-book	src/ch17-03-oo-design-patterns.md
3176	rust-book	src/ch17-03-oo-design-patterns.md
3177	rust-book	src/ch17-03-oo-design-patterns.md
3178	rust-book	src/ch17-03-oo-design-patterns.md
3179	rust-book	src/ch17-03-oo-design-patterns.md
3180	rust-book	src/ch17-03-oo-design-patterns.md
3181	rust-book	src/ch17-03-oo-design-patterns.md
3182	rust-book	src/ch17-03-oo-design-patterns.md
3183	rust-book	src/ch17-03-oo-design-patterns.md
3184	rust-book	src/ch17-03-oo-design-patterns.md
3185	rust-book	src/ch17-03-oo-design-patterns.md
3186	rust-book	src/ch17-03-oo-design-patterns.md
3187	rust-book	src/ch17-03-oo-design-patterns.md
3188	rust-book	src/ch17-03-oo-design-patterns.md
3189	rust-book	src/ch17-03-oo-design-patterns.md
3190	rust-book	src/ch17-03-oo-design-patterns.md
3191	rust-book	src/ch17-03-oo-design-patterns.md
3192	rust-book	src/ch17-03-oo-design-patterns.md
3193	rust-book	src/ch17-03-oo-design-patterns.md
3194	rust-book	src/ch17-03-oo-design-patterns.md
3195	rust-book	src/ch17-03-oo-design-patterns.md
3196	rust-book	src/ch17-03-oo-design-patterns.md
3197	rust-book	src/ch17-03-oo-design-patterns.md
3198	rust-book	src/ch17-03-oo-design-patterns.md
3199	rust-book	src/ch17-03-oo-design-patterns.md
3200	rust-book	src/ch17-03-oo-design-patterns.md
3201	rust-book	src/ch17-03-oo-design-patterns.md
3202	rust-book	src/ch18-00-patterns.md
3203	rust-book	src/ch18-00-patterns.md
3204	rust-book	src/ch18-00-patterns.md
3205	rust-book	src/ch18-00-patterns.md
3206	rust-book	src/ch18-01-all-the-places-for-patterns.md
3207	rust-book	src/ch18-01-all-the-places-for-patterns.md
3208	rust-book	src/ch18-01-all-the-places-for-patterns.md
3209	rust-book	src/ch18-01-all-the-places-for-patterns.md
3210	rust-book	src/ch18-01-all-the-places-for-patterns.md
3211	rust-book	src/ch18-01-all-the-places-for-patterns.md
3212	rust-book	src/ch18-01-all-the-places-for-patterns.md
3213	rust-book	src/ch18-01-all-the-places-for-patterns.md
3214	rust-book	src/ch18-01-all-the-places-for-patterns.md
3215	rust-book	src/ch18-01-all-the-places-for-patterns.md
3216	rust-book	src/ch18-01-all-the-places-for-patterns.md
3217	rust-book	src/ch18-01-all-the-places-for-patterns.md
3218	rust-book	src/ch18-01-all-the-places-for-patterns.md
3219	rust-book	src/ch18-01-all-the-places-for-patterns.md
3220	rust-book	src/ch18-01-all-the-places-for-patterns.md
3221	rust-book	src/ch18-01-all-the-places-for-patterns.md
3222	rust-book	src/ch18-01-all-the-places-for-patterns.md
3223	rust-book	src/ch18-01-all-the-places-for-patterns.md
3224	rust-book	src/ch18-01-all-the-places-for-patterns.md
3225	rust-book	src/ch18-01-all-the-places-for-patterns.md
3226	rust-book	src/ch18-01-all-the-places-for-patterns.md
3227	rust-book	src/ch18-01-all-the-places-for-patterns.md
3228	rust-book	src/ch18-01-all-the-places-for-patterns.md
3229	rust-book	src/ch18-01-all-the-places-for-patterns.md
3230	rust-book	src/ch18-01-all-the-places-for-patterns.md
3231	rust-book	src/ch18-01-all-the-places-for-patterns.md
3232	rust-book	src/ch18-02-refutability.md
3233	rust-book	src/ch18-02-refutability.md
3234	rust-book	src/ch18-02-refutability.md
3235	rust-book	src/ch18-02-refutability.md
3236	rust-book	src/ch18-02-refutability.md
3237	rust-book	src/ch18-02-refutability.md
3238	rust-book	src/ch18-02-refutability.md
3239	rust-book	src/ch18-02-refutability.md
3240	rust-book	src/ch18-02-refutability.md
3241	rust-book	src/ch18-02-refutability.md
3242	rust-book	src/ch18-03-pattern-syntax.md
3243	rust-book	src/ch18-03-pattern-syntax.md
3244	rust-book	src/ch18-03-pattern-syntax.md
3245	rust-book	src/ch18-03-pattern-syntax.md
3246	rust-book	src/ch18-03-pattern-syntax.md
3247	rust-book	src/ch18-03-pattern-syntax.md
3248	rust-book	src/ch18-03-pattern-syntax.md
3249	rust-book	src/ch18-03-pattern-syntax.md
3250	rust-book	src/ch18-03-pattern-syntax.md
3251	rust-book	src/ch18-03-pattern-syntax.md
3252	rust-book	src/ch18-03-pattern-syntax.md
3253	rust-book	src/ch18-03-pattern-syntax.md
3254	rust-book	src/ch18-03-pattern-syntax.md
3255	rust-book	src/ch18-03-pattern-syntax.md
3256	rust-book	src/ch18-03-pattern-syntax.md
3257	rust-book	src/ch18-03-pattern-syntax.md
3258	rust-book	src/ch18-03-pattern-syntax.md
3259	rust-book	src/ch18-03-pattern-syntax.md
3260	rust-book	src/ch18-03-pattern-syntax.md
3261	rust-book	src/ch18-03-pattern-syntax.md
3262	rust-book	src/ch18-03-pattern-syntax.md
3263	rust-book	src/ch18-03-pattern-syntax.md
3264	rust-book	src/ch18-03-pattern-syntax.md
3265	rust-book	src/ch18-03-pattern-syntax.md
3266	rust-book	src/ch18-03-pattern-syntax.md
3267	rust-book	src/ch18-03-pattern-syntax.md
3268	rust-book	src/ch18-03-pattern-syntax.md
3269	rust-book	src/ch18-03-pattern-syntax.md
3270	rust-book	src/ch18-03-pattern-syntax.md
3271	rust-book	src/ch18-03-pattern-syntax.md
3272	rust-book	src/ch18-03-pattern-syntax.md
3273	rust-book	src/ch18-03-pattern-syntax.md
3274	rust-book	src/ch18-03-pattern-syntax.md
3275	rust-book	src/ch18-03-pattern-syntax.md
3276	rust-book	src/ch18-03-pattern-syntax.md
3277	rust-book	src/ch18-03-pattern-syntax.md
3278	rust-book	src/ch18-03-pattern-syntax.md
3279	rust-book	src/ch18-03-pattern-syntax.md
3280	rust-book	src/ch18-03-pattern-syntax.md
3281	rust-book	src/ch18-03-pattern-syntax.md
3282	rust-book	src/ch18-03-pattern-syntax.md
3283	rust-book	src/ch18-03-pattern-syntax.md
3284	rust-book	src/ch18-03-pattern-syntax.md
3285	rust-book	src/ch18-03-pattern-syntax.md
3286	rust-book	src/ch18-03-pattern-syntax.md
3287	rust-book	src/ch18-03-pattern-syntax.md
3288	rust-book	src/ch18-03-pattern-syntax.md
3289	rust-book	src/ch18-03-pattern-syntax.md
3290	rust-book	src/ch18-03-pattern-syntax.md
3291	rust-book	src/ch18-03-pattern-syntax.md
3292	rust-book	src/ch18-03-pattern-syntax.md
3293	rust-book	src/ch18-03-pattern-syntax.md
3294	rust-book	src/ch18-03-pattern-syntax.md
3295	rust-book	src/ch18-03-pattern-syntax.md
3296	rust-book	src/ch18-03-pattern-syntax.md
3297	rust-book	src/ch18-03-pattern-syntax.md
3298	rust-book	src/ch18-03-pattern-syntax.md
3299	rust-book	src/ch18-03-pattern-syntax.md
3300	rust-book	src/ch18-03-pattern-syntax.md
3301	rust-book	src/ch18-03-pattern-syntax.md
3302	rust-book	src/ch19-00-advanced-features.md
3303	rust-book	src/ch19-00-advanced-features.md
3304	rust-book	src/ch19-01-unsafe-rust.md
3305	rust-book	src/ch19-01-unsafe-rust.md
3306	rust-book	src/ch19-01-unsafe-rust.md
3307	rust-book	src/ch19-01-unsafe-rust.md
3308	rust-book	src/ch19-01-unsafe-rust.md
3309	rust-book	src/ch19-01-unsafe-rust.md
3310	rust-book	src/ch19-01-unsafe-rust.md
3311	rust-book	src/ch19-01-unsafe-rust.md
3312	rust-book	src/ch19-01-unsafe-rust.md
3313	rust-book	src/ch19-01-unsafe-rust.md
3314	rust-book	src/ch19-01-unsafe-rust.md
3315	rust-book	src/ch19-01-unsafe-rust.md
3316	rust-book	src/ch19-01-unsafe-rust.md
3317	rust-book	src/ch19-01-unsafe-rust.md
3318	rust-book	src/ch19-01-unsafe-rust.md
3319	rust-book	src/ch19-01-unsafe-rust.md
3320	rust-book	src/ch19-01-unsafe-rust.md
3321	rust-book	src/ch19-01-unsafe-rust.md
3322	rust-book	src/ch19-01-unsafe-rust.md
3323	rust-book	src/ch19-01-unsafe-rust.md
3324	rust-book	src/ch19-01-unsafe-rust.md
3325	rust-book	src/ch19-01-unsafe-rust.md
3326	rust-book	src/ch19-01-unsafe-rust.md
3327	rust-book	src/ch19-01-unsafe-rust.md
3328	rust-book	src/ch19-01-unsafe-rust.md
3329	rust-book	src/ch19-01-unsafe-rust.md
3330	rust-book	src/ch19-01-unsafe-rust.md
3331	rust-book	src/ch19-01-unsafe-rust.md
3332	rust-book	src/ch19-01-unsafe-rust.md
3333	rust-book	src/ch19-01-unsafe-rust.md
3334	rust-book	src/ch19-01-unsafe-rust.md
3335	rust-book	src/ch19-01-unsafe-rust.md
3336	rust-book	src/ch19-01-unsafe-rust.md
3337	rust-book	src/ch19-01-unsafe-rust.md
3338	rust-book	src/ch19-01-unsafe-rust.md
3339	rust-book	src/ch19-01-unsafe-rust.md
3340	rust-book	src/ch19-01-unsafe-rust.md
3341	rust-book	src/ch19-01-unsafe-rust.md
3342	rust-book	src/ch19-01-unsafe-rust.md
3343	rust-book	src/ch19-01-unsafe-rust.md
3344	rust-book	src/ch19-01-unsafe-rust.md
3345	rust-book	src/ch19-01-unsafe-rust.md
3346	rust-book	src/ch19-01-unsafe-rust.md
3347	rust-book	src/ch19-01-unsafe-rust.md
3348	rust-book	src/ch19-01-unsafe-rust.md
3349	rust-book	src/ch19-01-unsafe-rust.md
3350	rust-book	src/ch19-01-unsafe-rust.md
3351	rust-book	src/ch19-01-unsafe-rust.md
3352	rust-book	src/ch19-01-unsafe-rust.md
3353	rust-book	src/ch19-01-unsafe-rust.md
3354	rust-book	src/ch19-01-unsafe-rust.md
3355	rust-book	src/ch19-03-advanced-traits.md
3356	rust-book	src/ch19-03-advanced-traits.md
3357	rust-book	src/ch19-03-advanced-traits.md
3358	rust-book	src/ch19-03-advanced-traits.md
3359	rust-book	src/ch19-03-advanced-traits.md
3360	rust-book	src/ch19-03-advanced-traits.md
3361	rust-book	src/ch19-03-advanced-traits.md
3362	rust-book	src/ch19-03-advanced-traits.md
3363	rust-book	src/ch19-03-advanced-traits.md
3364	rust-book	src/ch19-03-advanced-traits.md
3365	rust-book	src/ch19-03-advanced-traits.md
3366	rust-book	src/ch19-03-advanced-traits.md
3367	rust-book	src/ch19-03-advanced-traits.md
3368	rust-book	src/ch19-03-advanced-traits.md
3369	rust-book	src/ch19-03-advanced-traits.md
3370	rust-book	src/ch19-03-advanced-traits.md
3371	rust-book	src/ch19-03-advanced-traits.md
3372	rust-book	src/ch19-03-advanced-traits.md
3373	rust-book	src/ch19-03-advanced-traits.md
3374	rust-book	src/ch19-03-advanced-traits.md
3375	rust-book	src/ch19-03-advanced-traits.md
3376	rust-book	src/ch19-03-advanced-traits.md
3377	rust-book	src/ch19-03-advanced-traits.md
3378	rust-book	src/ch19-03-advanced-traits.md
3379	rust-book	src/ch19-03-advanced-traits.md
3380	rust-book	src/ch19-03-advanced-traits.md
3381	rust-book	src/ch19-03-advanced-traits.md
3382	rust-book	src/ch19-03-advanced-traits.md
3383	rust-book	src/ch19-03-advanced-traits.md
3384	rust-book	src/ch19-03-advanced-traits.md
3385	rust-book	src/ch19-03-advanced-traits.md
3386	rust-book	src/ch19-03-advanced-traits.md
3387	rust-book	src/ch19-03-advanced-traits.md
3388	rust-book	src/ch19-03-advanced-traits.md
3389	rust-book	src/ch19-03-advanced-traits.md
3390	rust-book	src/ch19-03-advanced-traits.md
3391	rust-book	src/ch19-03-advanced-traits.md
3392	rust-book	src/ch19-03-advanced-traits.md
3393	rust-book	src/ch19-03-advanced-traits.md
3394	rust-book	src/ch19-03-advanced-traits.md
3395	rust-book	src/ch19-03-advanced-traits.md
3396	rust-book	src/ch19-03-advanced-traits.md
3397	rust-book	src/ch19-03-advanced-traits.md
3398	rust-book	src/ch19-03-advanced-traits.md
3399	rust-book	src/ch19-04-advanced-types.md
3400	rust-book	src/ch19-04-advanced-types.md
3401	rust-book	src/ch19-04-advanced-types.md
3402	rust-book	src/ch19-04-advanced-types.md
3403	rust-book	src/ch19-04-advanced-types.md
3404	rust-book	src/ch19-04-advanced-types.md
3405	rust-book	src/ch19-04-advanced-types.md
3406	rust-book	src/ch19-04-advanced-types.md
3407	rust-book	src/ch19-04-advanced-types.md
3408	rust-book	src/ch19-04-advanced-types.md
3409	rust-book	src/ch19-04-advanced-types.md
3410	rust-book	src/ch19-04-advanced-types.md
3411	rust-book	src/ch19-04-advanced-types.md
3412	rust-book	src/ch19-04-advanced-types.md
3413	rust-book	src/ch19-04-advanced-types.md
3414	rust-book	src/ch19-04-advanced-types.md
3415	rust-book	src/ch19-04-advanced-types.md
3416	rust-book	src/ch19-04-advanced-types.md
3417	rust-book	src/ch19-04-advanced-types.md
3418	rust-book	src/ch19-04-advanced-types.md
3419	rust-book	src/ch19-04-advanced-types.md
3420	rust-book	src/ch19-04-advanced-types.md
3421	rust-book	src/ch19-04-advanced-types.md
3422	rust-book	src/ch19-04-advanced-types.md
3423	rust-book	src/ch19-04-advanced-types.md
3424	rust-book	src/ch19-04-advanced-types.md
3425	rust-book	src/ch19-04-advanced-types.md
3426	rust-book	src/ch19-04-advanced-types.md
3427	rust-book	src/ch19-04-advanced-types.md
3428	rust-book	src/ch19-04-advanced-types.md
3429	rust-book	src/ch19-04-advanced-types.md
3430	rust-book	src/ch19-04-advanced-types.md
3431	rust-book	src/ch19-04-advanced-types.md
3432	rust-book	src/ch19-05-advanced-functions-and-closures.md
3433	rust-book	src/ch19-05-advanced-functions-and-closures.md
3434	rust-book	src/ch19-05-advanced-functions-and-closures.md
3435	rust-book	src/ch19-05-advanced-functions-and-closures.md
3436	rust-book	src/ch19-05-advanced-functions-and-closures.md
3437	rust-book	src/ch19-05-advanced-functions-and-closures.md
3438	rust-book	src/ch19-05-advanced-functions-and-closures.md
3439	rust-book	src/ch19-05-advanced-functions-and-closures.md
3440	rust-book	src/ch19-05-advanced-functions-and-closures.md
3441	rust-book	src/ch19-05-advanced-functions-and-closures.md
3442	rust-book	src/ch19-05-advanced-functions-and-closures.md
3443	rust-book	src/ch19-05-advanced-functions-and-closures.md
3444	rust-book	src/ch19-05-advanced-functions-and-closures.md
3445	rust-book	src/ch19-06-macros.md
3446	rust-book	src/ch19-06-macros.md
3447	rust-book	src/ch19-06-macros.md
3448	rust-book	src/ch19-06-macros.md
3449	rust-book	src/ch19-06-macros.md
3450	rust-book	src/ch19-06-macros.md
3451	rust-book	src/ch19-06-macros.md
3452	rust-book	src/ch19-06-macros.md
3453	rust-book	src/ch19-06-macros.md
3454	rust-book	src/ch19-06-macros.md
3455	rust-book	src/ch19-06-macros.md
3456	rust-book	src/ch19-06-macros.md
3457	rust-book	src/ch19-06-macros.md
3458	rust-book	src/ch19-06-macros.md
3459	rust-book	src/ch19-06-macros.md
3460	rust-book	src/ch19-06-macros.md
3461	rust-book	src/ch19-06-macros.md
3462	rust-book	src/ch19-06-macros.md
3463	rust-book	src/ch19-06-macros.md
3464	rust-book	src/ch19-06-macros.md
3465	rust-book	src/ch19-06-macros.md
3466	rust-book	src/ch19-06-macros.md
3467	rust-book	src/ch19-06-macros.md
3468	rust-book	src/ch19-06-macros.md
3469	rust-book	src/ch19-06-macros.md
3470	rust-book	src/ch19-06-macros.md
3471	rust-book	src/ch19-06-macros.md
3472	rust-book	src/ch19-06-macros.md
3473	rust-book	src/ch19-06-macros.md
3474	rust-book	src/ch19-06-macros.md
3475	rust-book	src/ch19-06-macros.md
3476	rust-book	src/ch19-06-macros.md
3477	rust-book	src/ch19-06-macros.md
3478	rust-book	src/ch19-06-macros.md
3479	rust-book	src/ch19-06-macros.md
3480	rust-book	src/ch19-06-macros.md
3481	rust-book	src/ch19-06-macros.md
3482	rust-book	src/ch19-06-macros.md
3483	rust-book	src/ch19-06-macros.md
3484	rust-book	src/ch19-06-macros.md
3485	rust-book	src/ch19-06-macros.md
3486	rust-book	src/ch19-06-macros.md
3487	rust-book	src/ch19-06-macros.md
3488	rust-book	src/ch19-06-macros.md
3489	rust-book	src/ch19-06-macros.md
3490	rust-book	src/ch19-06-macros.md
3491	rust-book	src/ch19-06-macros.md
3492	rust-book	src/ch19-06-macros.md
3493	rust-book	src/ch19-06-macros.md
3494	rust-book	src/ch19-06-macros.md
3495	rust-book	src/ch19-06-macros.md
3496	rust-book	src/ch19-06-macros.md
3497	rust-book	src/ch19-06-macros.md
3498	rust-book	src/ch19-06-macros.md
3499	rust-book	src/ch19-06-macros.md
3500	rust-book	src/ch19-06-macros.md
3501	rust-book	src/ch19-06-macros.md
3502	rust-book	src/ch20-00-final-project-a-web-server.md
3503	rust-book	src/ch20-00-final-project-a-web-server.md
3504	rust-book	src/ch20-00-final-project-a-web-server.md
3505	rust-book	src/ch20-00-final-project-a-web-server.md
3506	rust-book	src/ch20-00-final-project-a-web-server.md
3507	rust-book	src/ch20-01-single-threaded.md
3508	rust-book	src/ch20-01-single-threaded.md
3509	rust-book	src/ch20-01-single-threaded.md
3510	rust-book	src/ch20-01-single-threaded.md
3511	rust-book	src/ch20-01-single-threaded.md
3512	rust-book	src/ch20-01-single-threaded.md
3513	rust-book	src/ch20-01-single-threaded.md
3514	rust-book	src/ch20-01-single-threaded.md
3515	rust-book	src/ch20-01-single-threaded.md
3516	rust-book	src/ch20-01-single-threaded.md
3517	rust-book	src/ch20-01-single-threaded.md
3518	rust-book	src/ch20-01-single-threaded.md
3519	rust-book	src/ch20-01-single-threaded.md
3520	rust-book	src/ch20-01-single-threaded.md
3521	rust-book	src/ch20-01-single-threaded.md
3522	rust-book	src/ch20-01-single-threaded.md
3523	rust-book	src/ch20-01-single-threaded.md
3524	rust-book	src/ch20-01-single-threaded.md
3525	rust-book	src/ch20-01-single-threaded.md
3526	rust-book	src/ch20-01-single-threaded.md
3527	rust-book	src/ch20-01-single-threaded.md
3528	rust-book	src/ch20-01-single-threaded.md
3529	rust-book	src/ch20-01-single-threaded.md
3530	rust-book	src/ch20-01-single-threaded.md
3531	rust-book	src/ch20-01-single-threaded.md
3532	rust-book	src/ch20-01-single-threaded.md
3533	rust-book	src/ch20-01-single-threaded.md
3534	rust-book	src/ch20-01-single-threaded.md
3535	rust-book	src/ch20-01-single-threaded.md
3536	rust-book	src/ch20-01-single-threaded.md
3537	rust-book	src/ch20-01-single-threaded.md
3538	rust-book	src/ch20-01-single-threaded.md
3539	rust-book	src/ch20-01-single-threaded.md
3540	rust-book	src/ch20-01-single-threaded.md
3541	rust-book	src/ch20-01-single-threaded.md
3542	rust-book	src/ch20-01-single-threaded.md
3543	rust-book	src/ch20-01-single-threaded.md
3544	rust-book	src/ch20-01-single-threaded.md
3545	rust-book	src/ch20-01-single-threaded.md
3546	rust-book	src/ch20-01-single-threaded.md
3547	rust-book	src/ch20-01-single-threaded.md
3548	rust-book	src/ch20-01-single-threaded.md
3549	rust-book	src/ch20-01-single-threaded.md
3550	rust-book	src/ch20-01-single-threaded.md
3551	rust-book	src/ch20-01-single-threaded.md
3552	rust-book	src/ch20-01-single-threaded.md
3553	rust-book	src/ch20-01-single-threaded.md
3554	rust-book	src/ch20-02-multithreaded.md
3555	rust-book	src/ch20-02-multithreaded.md
3556	rust-book	src/ch20-02-multithreaded.md
3557	rust-book	src/ch20-02-multithreaded.md
3558	rust-book	src/ch20-02-multithreaded.md
3559	rust-book	src/ch20-02-multithreaded.md
3560	rust-book	src/ch20-02-multithreaded.md
3561	rust-book	src/ch20-02-multithreaded.md
3562	rust-book	src/ch20-02-multithreaded.md
3563	rust-book	src/ch20-02-multithreaded.md
3564	rust-book	src/ch20-02-multithreaded.md
3565	rust-book	src/ch20-02-multithreaded.md
3566	rust-book	src/ch20-02-multithreaded.md
3567	rust-book	src/ch20-02-multithreaded.md
3568	rust-book	src/ch20-02-multithreaded.md
3569	rust-book	src/ch20-02-multithreaded.md
3570	rust-book	src/ch20-02-multithreaded.md
3571	rust-book	src/ch20-02-multithreaded.md
3572	rust-book	src/ch20-02-multithreaded.md
3573	rust-book	src/ch20-02-multithreaded.md
3574	rust-book	src/ch20-02-multithreaded.md
3575	rust-book	src/ch20-02-multithreaded.md
3576	rust-book	src/ch20-02-multithreaded.md
3577	rust-book	src/ch20-02-multithreaded.md
3578	rust-book	src/ch20-02-multithreaded.md
3579	rust-book	src/ch20-02-multithreaded.md
3580	rust-book	src/ch20-02-multithreaded.md
3581	rust-book	src/ch20-02-multithreaded.md
3582	rust-book	src/ch20-02-multithreaded.md
3583	rust-book	src/ch20-02-multithreaded.md
3584	rust-book	src/ch20-02-multithreaded.md
3585	rust-book	src/ch20-02-multithreaded.md
3586	rust-book	src/ch20-02-multithreaded.md
3587	rust-book	src/ch20-02-multithreaded.md
3588	rust-book	src/ch20-02-multithreaded.md
3589	rust-book	src/ch20-02-multithreaded.md
3590	rust-book	src/ch20-02-multithreaded.md
3591	rust-book	src/ch20-02-multithreaded.md
3592	rust-book	src/ch20-02-multithreaded.md
3593	rust-book	src/ch20-02-multithreaded.md
3594	rust-book	src/ch20-02-multithreaded.md
3595	rust-book	src/ch20-02-multithreaded.md
3596	rust-book	src/ch20-02-multithreaded.md
3597	rust-book	src/ch20-02-multithreaded.md
3598	rust-book	src/ch20-02-multithreaded.md
3599	rust-book	src/ch20-02-multithreaded.md
3600	rust-book	src/ch20-02-multithreaded.md
3601	rust-book	src/ch20-02-multithreaded.md
3602	rust-book	src/ch20-02-multithreaded.md
3603	rust-book	src/ch20-02-multithreaded.md
3604	rust-book	src/ch20-02-multithreaded.md
3605	rust-book	src/ch20-02-multithreaded.md
3606	rust-book	src/ch20-02-multithreaded.md
3607	rust-book	src/ch20-02-multithreaded.md
3608	rust-book	src/ch20-02-multithreaded.md
3609	rust-book	src/ch20-02-multithreaded.md
3610	rust-book	src/ch20-02-multithreaded.md
3611	rust-book	src/ch20-02-multithreaded.md
3612	rust-book	src/ch20-02-multithreaded.md
3613	rust-book	src/ch20-02-multithreaded.md
3614	rust-book	src/ch20-02-multithreaded.md
3615	rust-book	src/ch20-02-multithreaded.md
3616	rust-book	src/ch20-02-multithreaded.md
3617	rust-book	src/ch20-02-multithreaded.md
3618	rust-book	src/ch20-02-multithreaded.md
3619	rust-book	src/ch20-02-multithreaded.md
3620	rust-book	src/ch20-02-multithreaded.md
3621	rust-book	src/ch20-03-graceful-shutdown-and-cleanup.md
3622	rust-book	src/ch20-03-graceful-shutdown-and-cleanup.md
3623	rust-book	src/ch20-03-graceful-shutdown-and-cleanup.md
3624	rust-book	src/ch20-03-graceful-shutdown-and-cleanup.md
3625	rust-book	src/ch20-03-graceful-shutdown-and-cleanup.md
3626	rust-book	src/ch20-03-graceful-shutdown-and-cleanup.md
3627	rust-book	src/ch20-03-graceful-shutdown-and-cleanup.md
3628	rust-book	src/ch20-03-graceful-shutdown-and-cleanup.md
3629	rust-book	src/ch20-03-graceful-shutdown-and-cleanup.md
3630	rust-book	src/ch20-03-graceful-shutdown-and-cleanup.md
3631	rust-book	src/ch20-03-graceful-shutdown-and-cleanup.md
3632	rust-book	src/ch20-03-graceful-shutdown-and-cleanup.md
3633	rust-book	src/ch20-03-graceful-shutdown-and-cleanup.md
3634	rust-book	src/ch20-03-graceful-shutdown-and-cleanup.md
3635	rust-book	src/ch20-03-graceful-shutdown-and-cleanup.md
3636	rust-book	src/ch20-03-graceful-shutdown-and-cleanup.md
3637	rust-book	src/ch20-03-graceful-shutdown-and-cleanup.md
3638	rust-book	src/ch20-03-graceful-shutdown-and-cleanup.md
3639	rust-book	src/ch20-03-graceful-shutdown-and-cleanup.md
3640	rust-book	src/ch20-03-graceful-shutdown-and-cleanup.md
3641	rust-book	src/ch20-03-graceful-shutdown-and-cleanup.md
3642	rust-book	src/ch20-03-graceful-shutdown-and-cleanup.md
3643	rust-book	src/ch20-03-graceful-shutdown-and-cleanup.md
3644	rust-book	src/ch20-03-graceful-shutdown-and-cleanup.md
3645	rust-book	src/ch20-03-graceful-shutdown-and-cleanup.md
