# 词	编码	人工权重	分类	类型	实体	来源	核对日期
一致性哈希	yi zhi xing ha xi	15	工程与交付	term	一致性哈希	thuocl-it	2026-09-17
一致性检验	yi zhi xing jian yan	15	工程与交付	term	一致性检验	thuocl-it	2026-09-17
一致性测试	yi zhi xing ce shi	15	工程与交付	term	一致性测试	thuocl-it	2026-09-17
一致性约束	yi zhi xing yue shu	15	工程与交付	term	一致性约束	thuocl-it	2026-09-17
上下文切换	shang xia wen qie huan	15	系统与并发	term	上下文切换	thuocl-it	2026-09-17
业务层	ye wu ceng	15	语言与架构	term	业务层	thuocl-it	2026-09-17
业务流程管理	ye wu liu cheng guan li	15	语言与架构	term	业务流程管理	thuocl-it	2026-09-17
业务理解	ye wu li jie	15	语言与架构	term	业务理解	thuocl-it	2026-09-17
业务知识	ye wu zhi shi	15	语言与架构	term	业务知识	thuocl-it	2026-09-17
业务逻辑	ye wu luo ji	15	语言与架构	term	业务逻辑	thuocl-it	2026-09-17
中间件	zhong jian jian	15	语言与架构	term	中间件	thuocl-it	2026-09-17
临界区	lin jie qu	15	系统与并发	term	临界区	thuocl-it	2026-09-17
临界控制	lin jie kong zhi	15	系统与并发	term	临界控制	thuocl-it	2026-09-17
临界资源	lin jie zi yuan	15	系统与并发	term	临界资源	thuocl-it	2026-09-17
主键生成策略	zhu jian sheng cheng ce lve	15	数据与存储	term	主键生成策略	thuocl-it	2026-09-17
主键策略	zhu jian ce lve	15	数据与存储	term	主键策略	thuocl-it	2026-09-17
事件代理	shi jian dai li	15	前端与应用	term	事件代理	thuocl-it	2026-09-17
事件传递	shi jian chuan di	15	前端与应用	term	事件传递	thuocl-it	2026-09-17
事件传递机制	shi jian chuan di ji zhi	15	前端与应用	term	事件传递机制	thuocl-it	2026-09-17
事件冲突	shi jian chong tu	15	前端与应用	term	事件冲突	thuocl-it	2026-09-17
事件分发	shi jian fen fa	15	前端与应用	term	事件分发	thuocl-it	2026-09-17
事件分发机制	shi jian fen fa ji zhi	15	前端与应用	term	事件分发机制	thuocl-it	2026-09-17
事件响应	shi jian xiang ying	15	前端与应用	term	事件响应	thuocl-it	2026-09-17
事件处理机制	shi jian chu li ji zhi	15	前端与应用	term	事件处理机制	thuocl-it	2026-09-17
事件对象	shi jian dui xiang	15	前端与应用	term	事件对象	thuocl-it	2026-09-17
事件引擎	shi jian yin qing	15	前端与应用	term	事件引擎	thuocl-it	2026-09-17
事件循环	shi jian xun huan	15	前端与应用	term	事件循环	thuocl-it	2026-09-17
事件报告	shi jian bao gao	15	前端与应用	term	事件报告	thuocl-it	2026-09-17
事件拦截	shi jian lan jie	15	前端与应用	term	事件拦截	thuocl-it	2026-09-17
事件控制	shi jian kong zhi	15	前端与应用	term	事件控制	thuocl-it	2026-09-17
事件控制块	shi jian kong zhi kuai	15	前端与应用	term	事件控制块	thuocl-it	2026-09-17
事件描述	shi jian miao shu	15	前端与应用	term	事件描述	thuocl-it	2026-09-17
事件方式	shi jian fang shi	15	前端与应用	term	事件方式	thuocl-it	2026-09-17
事件机制	shi jian ji zhi	15	前端与应用	term	事件机制	thuocl-it	2026-09-17
事件查询	shi jian cha xun	15	前端与应用	term	事件查询	thuocl-it	2026-09-17
事件模型	shi jian mo xing	15	前端与应用	term	事件模型	thuocl-it	2026-09-17
事件流	shi jian liu	15	前端与应用	term	事件流	thuocl-it	2026-09-17
事件源	shi jian yuan	15	前端与应用	term	事件源	thuocl-it	2026-09-17
事件监听	shi jian jian ting	15	前端与应用	term	事件监听	thuocl-it	2026-09-17
事件监听器	shi jian jian ting qi	15	前端与应用	term	事件监听器	thuocl-it	2026-09-17
事件系统	shi jian xi tong	15	前端与应用	term	事件系统	thuocl-it	2026-09-17
事件绑定	shi jian bang ding	15	前端与应用	term	事件绑定	thuocl-it	2026-09-17
事件表	shi jian biao	15	前端与应用	term	事件表	thuocl-it	2026-09-17
事件触发	shi jian chu fa	15	前端与应用	term	事件触发	thuocl-it	2026-09-17
事件转移	shi jian zhuan yi	15	前端与应用	term	事件转移	thuocl-it	2026-09-17
事件过滤器	shi jian guo lv qi	15	前端与应用	term	事件过滤器	thuocl-it	2026-09-17
事件队列	shi jian dui lie	15	前端与应用	term	事件队列	thuocl-it	2026-09-17
事件驱动	shi jian qu dong	15	前端与应用	term	事件驱动	thuocl-it	2026-09-17
事件驱动程序	shi jian qu dong cheng xu	15	前端与应用	term	事件驱动程序	thuocl-it	2026-09-17
事件驱动语言	shi jian qu dong yu yan	15	前端与应用	term	事件驱动语言	thuocl-it	2026-09-17
事务分析	shi wu fen xi	15	数据与存储	term	事务分析	thuocl-it	2026-09-17
事务处理	shi wu chu li	15	数据与存储	term	事务处理	thuocl-it	2026-09-17
事务处理系统	shi wu chu li xi tong	15	数据与存储	term	事务处理系统	thuocl-it	2026-09-17
事务控制	shi wu kong zhi	15	数据与存储	term	事务控制	thuocl-it	2026-09-17
事务故障	shi wu gu zhang	15	数据与存储	term	事务故障	thuocl-it	2026-09-17
事务时间	shi wu shi jian	15	数据与存储	term	事务时间	thuocl-it	2026-09-17
事务死锁	shi wu si suo	15	数据与存储	term	事务死锁	thuocl-it	2026-09-17
事务调度	shi wu diao du	15	数据与存储	term	事务调度	thuocl-it	2026-09-17
事务隔离级别	shi wu ge li ji bie	15	数据与存储	term	事务隔离级别	thuocl-it	2026-09-17
事务驱动	shi wu qu dong	15	数据与存储	term	事务驱动	thuocl-it	2026-09-17
二进制优化	er jin zhi you hua	15	系统与并发	term	二进制优化	thuocl-it	2026-09-17
二进制单元	er jin zhi dan yuan	15	系统与并发	term	二进制单元	thuocl-it	2026-09-17
二进制大对象	er jin zhi da dui xiang	15	系统与并发	term	二进制大对象	thuocl-it	2026-09-17
二进制字符	er jin zhi zi fu	15	系统与并发	term	二进制字符	thuocl-it	2026-09-17
二进制数	er jin zhi shu	15	系统与并发	term	二进制数	thuocl-it	2026-09-17
二进制数字	er jin zhi shu zi	15	系统与并发	term	二进制数字	thuocl-it	2026-09-17
二进制文件	er jin zhi wen jian	15	系统与并发	term	二进制文件	thuocl-it	2026-09-17
二进制日志	er jin zhi ri zhi	15	系统与并发	term	二进制日志	thuocl-it	2026-09-17
二进制枚举	er jin zhi mei ju	15	系统与并发	term	二进制枚举	thuocl-it	2026-09-17
二进制流	er jin zhi liu	15	系统与并发	term	二进制流	thuocl-it	2026-09-17
二进制运算	er jin zhi yun suan	15	系统与并发	term	二进制运算	thuocl-it	2026-09-17
互斥对象	hu chi dui xiang	15	系统与并发	term	互斥对象	thuocl-it	2026-09-17
互斥量	hu chi liang	15	系统与并发	term	互斥量	thuocl-it	2026-09-17
互斥锁	hu chi suo	15	系统与并发	term	互斥锁	thuocl-it	2026-09-17
交互图	jiao hu tu	15	前端与应用	term	交互图	thuocl-it	2026-09-17
交互式处理	jiao hu shi chu li	15	前端与应用	term	交互式处理	thuocl-it	2026-09-17
交互式电视	jiao hu shi dian shi	15	前端与应用	term	交互式电视	thuocl-it	2026-09-17
交互式语言	jiao hu shi yu yan	15	前端与应用	term	交互式语言	thuocl-it	2026-09-17
交互技术	jiao hu ji shu	15	前端与应用	term	交互技术	thuocl-it	2026-09-17
交互方式	jiao hu fang shi	15	前端与应用	term	交互方式	thuocl-it	2026-09-17
交互设备	jiao hu she bei	15	前端与应用	term	交互设备	thuocl-it	2026-09-17
交互设计师	jiao hu she ji shi	15	前端与应用	term	交互设计师	thuocl-it	2026-09-17
交互运作	jiao hu yun zuo	15	前端与应用	term	交互运作	thuocl-it	2026-09-17
交互错误	jiao hu cuo wu	15	前端与应用	term	交互错误	thuocl-it	2026-09-17
代理传值	dai li chuan zhi	15	网络与安全	term	代理传值	thuocl-it	2026-09-17
代理方法	dai li fang fa	15	网络与安全	term	代理方法	thuocl-it	2026-09-17
代理服务	dai li fu wu	15	网络与安全	term	代理服务	thuocl-it	2026-09-17
代理服务器	dai li fu wu qi	15	网络与安全	term	代理服务器	thuocl-it	2026-09-17
代理类	dai li lei	15	网络与安全	term	代理类	thuocl-it	2026-09-17
代理脚本	dai li jiao ben	15	网络与安全	term	代理脚本	thuocl-it	2026-09-17
代码优化	dai ma you hua	15	工程与交付	term	代码优化	thuocl-it	2026-09-17
代码健壮性	dai ma jian zhuang xing	15	工程与交付	term	代码健壮性	thuocl-it	2026-09-17
代码分析	dai ma fen xi	15	工程与交付	term	代码分析	thuocl-it	2026-09-17
代码区	dai ma qu	15	工程与交付	term	代码区	thuocl-it	2026-09-17
代码变换	dai ma bian huan	15	工程与交付	term	代码变换	thuocl-it	2026-09-17
代码块	dai ma kuai	15	工程与交付	term	代码块	thuocl-it	2026-09-17
代码备份	dai ma bei fen	15	工程与交付	term	代码备份	thuocl-it	2026-09-17
代码复用	dai ma fu yong	15	工程与交付	term	代码复用	thuocl-it	2026-09-17
代码实现	dai ma shi xian	15	工程与交付	term	代码实现	thuocl-it	2026-09-17
代码审计	dai ma shen ji	15	工程与交付	term	代码审计	thuocl-it	2026-09-17
代码工具	dai ma gong ju	15	工程与交付	term	代码工具	thuocl-it	2026-09-17
代码布局	dai ma bu ju	15	工程与交付	term	代码布局	thuocl-it	2026-09-17
代码库	dai ma ku	15	工程与交付	term	代码库	thuocl-it	2026-09-17
代码托管	dai ma tuo guan	15	工程与交付	term	代码托管	thuocl-it	2026-09-17
代码扩充	dai ma kuo chong	15	工程与交付	term	代码扩充	thuocl-it	2026-09-17
代码提示	dai ma ti shi	15	工程与交付	term	代码提示	thuocl-it	2026-09-17
代码整洁	dai ma zheng jie	15	工程与交付	term	代码整洁	thuocl-it	2026-09-17
代码整理	dai ma zheng li	15	工程与交付	term	代码整理	thuocl-it	2026-09-17
代码格式化	dai ma ge shi hua	15	工程与交付	term	代码格式化	thuocl-it	2026-09-17
代码模板	dai ma mo ban	15	工程与交付	term	代码模板	thuocl-it	2026-09-17
代码段	dai ma duan	15	工程与交付	term	代码段	thuocl-it	2026-09-17
代码注释	dai ma zhu shi	15	工程与交付	term	代码注释	thuocl-it	2026-09-17
代码测试	dai ma ce shi	15	工程与交付	term	代码测试	thuocl-it	2026-09-17
代码混淆	dai ma hun xiao	15	工程与交付	term	代码混淆	thuocl-it	2026-09-17
代码片	dai ma pian	15	工程与交付	term	代码片	thuocl-it	2026-09-17
代码片段	dai ma pian duan	15	工程与交付	term	代码片段	thuocl-it	2026-09-17
代码片段库	dai ma pian duan ku	15	工程与交付	term	代码片段库	thuocl-it	2026-09-17
代码生成器	dai ma sheng cheng qi	15	工程与交付	term	代码生成器	thuocl-it	2026-09-17
代码生成程序	dai ma sheng cheng cheng xu	15	工程与交付	term	代码生成程序	thuocl-it	2026-09-17
代码移动	dai ma yi dong	15	工程与交付	term	代码移动	thuocl-it	2026-09-17
代码管理	dai ma guan li	15	工程与交付	term	代码管理	thuocl-it	2026-09-17
代码管理工具	dai ma guan li gong ju	15	工程与交付	term	代码管理工具	thuocl-it	2026-09-17
代码结构	dai ma jie gou	15	工程与交付	term	代码结构	thuocl-it	2026-09-17
代码统计	dai ma tong ji	15	工程与交付	term	代码统计	thuocl-it	2026-09-17
代码编写	dai ma bian xie	15	工程与交付	term	代码编写	thuocl-it	2026-09-17
代码编辑器	dai ma bian ji qi	15	工程与交付	term	代码编辑器	thuocl-it	2026-09-17
代码自动补全	dai ma zi dong bu quan	15	工程与交付	term	代码自动补全	thuocl-it	2026-09-17
代码行数	dai ma hang shu	15	工程与交付	term	代码行数	thuocl-it	2026-09-17
代码表	dai ma biao	15	工程与交付	term	代码表	thuocl-it	2026-09-17
代码覆盖率	dai ma fu gai lv	15	工程与交付	term	代码覆盖率	thuocl-it	2026-09-17
代码规范	dai ma gui fan	15	工程与交付	term	代码规范	thuocl-it	2026-09-17
代码设计	dai ma she ji	15	工程与交付	term	代码设计	thuocl-it	2026-09-17
代码调试	dai ma tiao shi	15	工程与交付	term	代码调试	thuocl-it	2026-09-17
代码质量	dai ma zhi liang	15	工程与交付	term	代码质量	thuocl-it	2026-09-17
代码走查	dai ma zou cha	15	工程与交付	term	代码走查	thuocl-it	2026-09-17
代码转换器	dai ma zhuan huan qi	15	工程与交付	term	代码转换器	thuocl-it	2026-09-17
代码重构	dai ma chong gou	15	工程与交付	term	代码重构	thuocl-it	2026-09-17
代码重用	dai ma chong yong	15	工程与交付	term	代码重用	thuocl-it	2026-09-17
代码阅读	dai ma yue du	15	工程与交付	term	代码阅读	thuocl-it	2026-09-17
代码风格	dai ma feng ge	15	工程与交付	term	代码风格	thuocl-it	2026-09-17
代码高亮	dai ma gao liang	15	工程与交付	term	代码高亮	thuocl-it	2026-09-17
任务交换	ren wu jiao huan	15	工程与交付	term	任务交换	thuocl-it	2026-09-17
任务分担	ren wu fen dan	15	工程与交付	term	任务分担	thuocl-it	2026-09-17
任务分配	ren wu fen pei	15	工程与交付	term	任务分配	thuocl-it	2026-09-17
任务协调	ren wu xie tiao	15	工程与交付	term	任务协调	thuocl-it	2026-09-17
任务启动	ren wu qi dong	15	工程与交付	term	任务启动	thuocl-it	2026-09-17
任务图	ren wu tu	15	工程与交付	term	任务图	thuocl-it	2026-09-17
任务处理	ren wu chu li	15	工程与交付	term	任务处理	thuocl-it	2026-09-17
任务控制块	ren wu kong zhi kuai	15	工程与交付	term	任务控制块	thuocl-it	2026-09-17
任务描述符	ren wu miao shu fu	15	工程与交付	term	任务描述符	thuocl-it	2026-09-17
任务栈	ren wu zhan	15	工程与交付	term	任务栈	thuocl-it	2026-09-17
任务栏	ren wu lan	15	工程与交付	term	任务栏	thuocl-it	2026-09-17
任务框架	ren wu kuang jia	15	工程与交付	term	任务框架	thuocl-it	2026-09-17
任务模型	ren wu mo xing	15	工程与交付	term	任务模型	thuocl-it	2026-09-17
任务池	ren wu chi	15	工程与交付	term	任务池	thuocl-it	2026-09-17
任务管理	ren wu guan li	15	工程与交付	term	任务管理	thuocl-it	2026-09-17
任务管理器	ren wu guan li qi	15	工程与交付	term	任务管理器	thuocl-it	2026-09-17
任务终止	ren wu zhong zhi	15	工程与交付	term	任务终止	thuocl-it	2026-09-17
任务计划	ren wu ji hua	15	工程与交付	term	任务计划	thuocl-it	2026-09-17
任务调度程序	ren wu diao du cheng xu	15	工程与交付	term	任务调度程序	thuocl-it	2026-09-17
任务集	ren wu ji	15	工程与交付	term	任务集	thuocl-it	2026-09-17
会话密钥	hui hua mi yue	15	网络与安全	term	会话密钥	thuocl-it	2026-09-17
会话层	hui hua ceng	15	网络与安全	term	会话层	thuocl-it	2026-09-17
会话技术	hui hua ji shu	15	网络与安全	term	会话技术	thuocl-it	2026-09-17
传输媒体	chuan shu mei ti	15	网络与安全	term	传输媒体	thuocl-it	2026-09-17
传输层	chuan shu ceng	15	网络与安全	term	传输层	thuocl-it	2026-09-17
传输延迟	chuan shu yan chi	15	网络与安全	term	传输延迟	thuocl-it	2026-09-17
传输损耗	chuan shu sun hao	15	网络与安全	term	传输损耗	thuocl-it	2026-09-17
传输控制协议	chuan shu kong zhi xie yi	15	网络与安全	term	传输控制协议	thuocl-it	2026-09-17
传输错误	chuan shu cuo wu	15	网络与安全	term	传输错误	thuocl-it	2026-09-17
依赖保持	yi lai bao chi	15	语言与架构	term	依赖保持	thuocl-it	2026-09-17
依赖倒置原则	yi lai dao zhi yuan ze	15	语言与架构	term	依赖倒置原则	thuocl-it	2026-09-17
依赖倒转原则	yi lai dao zhuan yuan ze	15	语言与架构	term	依赖倒转原则	thuocl-it	2026-09-17
依赖函数	yi lai han shu	15	语言与架构	term	依赖函数	thuocl-it	2026-09-17
依赖包	yi lai bao	15	语言与架构	term	依赖包	thuocl-it	2026-09-17
依赖库	yi lai ku	15	语言与架构	term	依赖库	thuocl-it	2026-09-17
依赖方	yi lai fang	15	语言与架构	term	依赖方	thuocl-it	2026-09-17
依赖管理	yi lai guan li	15	语言与架构	term	依赖管理	thuocl-it	2026-09-17
信号量	xin hao liang	15	系统与并发	term	信号量	thuocl-it	2026-09-17
元编程	yuan bian cheng	15	语言与架构	term	元编程	thuocl-it	2026-09-17
公钥加密	gong yue jia mi	15	网络与安全	term	公钥加密	thuocl-it	2026-09-17
公钥密码	gong yue mi ma	15	网络与安全	term	公钥密码	thuocl-it	2026-09-17
共享上网	gong xiang shang wang	15	系统与并发	term	共享上网	thuocl-it	2026-09-17
共享内存	gong xiang nei cun	15	系统与并发	term	共享内存	thuocl-it	2026-09-17
共享内存结构	gong xiang nei cun jie gou	15	系统与并发	term	共享内存结构	thuocl-it	2026-09-17
共享变量	gong xiang bian liang	15	系统与并发	term	共享变量	thuocl-it	2026-09-17
共享名	gong xiang ming	15	系统与并发	term	共享名	thuocl-it	2026-09-17
共享存储	gong xiang cun chu	15	系统与并发	term	共享存储	thuocl-it	2026-09-17
共享存储器	gong xiang cun chu qi	15	系统与并发	term	共享存储器	thuocl-it	2026-09-17
共享库	gong xiang ku	15	系统与并发	term	共享库	thuocl-it	2026-09-17
共享控件	gong xiang kong jian	15	系统与并发	term	共享控件	thuocl-it	2026-09-17
共享操作系统	gong xiang cao zuo xi tong	15	系统与并发	term	共享操作系统	thuocl-it	2026-09-17
共享数据	gong xiang shu ju	15	系统与并发	term	共享数据	thuocl-it	2026-09-17
共享文件	gong xiang wen jian	15	系统与并发	term	共享文件	thuocl-it	2026-09-17
共享文件夹	gong xiang wen jian jia	15	系统与并发	term	共享文件夹	thuocl-it	2026-09-17
共享段	gong xiang duan	15	系统与并发	term	共享段	thuocl-it	2026-09-17
共享白板	gong xiang bai ban	15	系统与并发	term	共享白板	thuocl-it	2026-09-17
共享目录	gong xiang mu lu	15	系统与并发	term	共享目录	thuocl-it	2026-09-17
共享程序集	gong xiang cheng xu ji	15	系统与并发	term	共享程序集	thuocl-it	2026-09-17
共享软件	gong xiang ruan jian	15	系统与并发	term	共享软件	thuocl-it	2026-09-17
共享锁	gong xiang suo	15	系统与并发	term	共享锁	thuocl-it	2026-09-17
共享页表	gong xiang ye biao	15	系统与并发	term	共享页表	thuocl-it	2026-09-17
共享高速缓存	gong xiang gao su huan cun	15	系统与并发	term	共享高速缓存	thuocl-it	2026-09-17
关系型数据库	guan xi xing shu ju ku	15	数据与存储	term	关系型数据库	thuocl-it	2026-09-17
兼容字符	jian rong zi fu	15	工程与交付	term	兼容字符	thuocl-it	2026-09-17
兼容机制	jian rong ji zhi	15	工程与交付	term	兼容机制	thuocl-it	2026-09-17
兼容计算机	jian rong ji suan ji	15	工程与交付	term	兼容计算机	thuocl-it	2026-09-17
内存优化	nei cun you hua	15	系统与并发	term	内存优化	thuocl-it	2026-09-17
内存保护	nei cun bao hu	15	系统与并发	term	内存保护	thuocl-it	2026-09-17
内存共享	nei cun gong xiang	15	系统与并发	term	内存共享	thuocl-it	2026-09-17
内存分布	nei cun fen bu	15	系统与并发	term	内存分布	thuocl-it	2026-09-17
内存分析	nei cun fen xi	15	系统与并发	term	内存分析	thuocl-it	2026-09-17
内存分配	nei cun fen pei	15	系统与并发	term	内存分配	thuocl-it	2026-09-17
内存分配策略	nei cun fen pei ce lve	15	系统与并发	term	内存分配策略	thuocl-it	2026-09-17
内存区域	nei cun qu yu	15	系统与并发	term	内存区域	thuocl-it	2026-09-17
内存可见性	nei cun ke jian xing	15	系统与并发	term	内存可见性	thuocl-it	2026-09-17
内存四区	nei cun si qu	15	系统与并发	term	内存四区	thuocl-it	2026-09-17
内存回收	nei cun hui shou	15	系统与并发	term	内存回收	thuocl-it	2026-09-17
内存地址	nei cun di zhi	15	系统与并发	term	内存地址	thuocl-it	2026-09-17
内存对齐	nei cun dui qi	15	系统与并发	term	内存对齐	thuocl-it	2026-09-17
内存屏障	nei cun ping zhang	15	系统与并发	term	内存屏障	thuocl-it	2026-09-17
内存布局	nei cun bu ju	15	系统与并发	term	内存布局	thuocl-it	2026-09-17
内存拷贝	nei cun kao bei	15	系统与并发	term	内存拷贝	thuocl-it	2026-09-17
内存操作	nei cun cao zuo	15	系统与并发	term	内存操作	thuocl-it	2026-09-17
内存数据库	nei cun shu ju ku	15	系统与并发	term	内存数据库	thuocl-it	2026-09-17
内存整理	nei cun zheng li	15	系统与并发	term	内存整理	thuocl-it	2026-09-17
内存映射	nei cun ying she	15	系统与并发	term	内存映射	thuocl-it	2026-09-17
内存映射文件	nei cun ying she wen jian	15	系统与并发	term	内存映射文件	thuocl-it	2026-09-17
内存机制	nei cun ji zhi	15	系统与并发	term	内存机制	thuocl-it	2026-09-17
内存检测	nei cun jian ce	15	系统与并发	term	内存检测	thuocl-it	2026-09-17
内存模块	nei cun mo kuai	15	系统与并发	term	内存模块	thuocl-it	2026-09-17
内存模型	nei cun mo xing	15	系统与并发	term	内存模型	thuocl-it	2026-09-17
内存泄露	nei cun xie lou	15	系统与并发	term	内存泄露	thuocl-it	2026-09-17
内存溢出	nei cun yi chu	15	系统与并发	term	内存溢出	thuocl-it	2026-09-17
内存碎片	nei cun sui pian	15	系统与并发	term	内存碎片	thuocl-it	2026-09-17
内存空间	nei cun kong jian	15	系统与并发	term	内存空间	thuocl-it	2026-09-17
内存管理	nei cun guan li	15	系统与并发	term	内存管理	thuocl-it	2026-09-17
内存管理机制	nei cun guan li ji zhi	15	系统与并发	term	内存管理机制	thuocl-it	2026-09-17
内存结构	nei cun jie gou	15	系统与并发	term	内存结构	thuocl-it	2026-09-17
内存缓存	nei cun huan cun	15	系统与并发	term	内存缓存	thuocl-it	2026-09-17
内存计算	nei cun ji suan	15	系统与并发	term	内存计算	thuocl-it	2026-09-17
内存调试	nei cun tiao shi	15	系统与并发	term	内存调试	thuocl-it	2026-09-17
内存释放	nei cun shi fang	15	系统与并发	term	内存释放	thuocl-it	2026-09-17
内核函数	nei he han shu	15	系统与并发	term	内核函数	thuocl-it	2026-09-17
内核分析	nei he fen xi	15	系统与并发	term	内核分析	thuocl-it	2026-09-17
内核升级	nei he sheng ji	15	系统与并发	term	内核升级	thuocl-it	2026-09-17
内核原理	nei he yuan li	15	系统与并发	term	内核原理	thuocl-it	2026-09-17
内核同步	nei he tong bu	15	系统与并发	term	内核同步	thuocl-it	2026-09-17
内核启动	nei he qi dong	15	系统与并发	term	内核启动	thuocl-it	2026-09-17
内核对象	nei he dui xiang	15	系统与并发	term	内核对象	thuocl-it	2026-09-17
内核开发	nei he kai fa	15	系统与并发	term	内核开发	thuocl-it	2026-09-17
内核态	nei he tai	15	系统与并发	term	内核态	thuocl-it	2026-09-17
内核数据结构	nei he shu ju jie gou	15	系统与并发	term	内核数据结构	thuocl-it	2026-09-17
内核服务	nei he fu wu	15	系统与并发	term	内核服务	thuocl-it	2026-09-17
内核栈	nei he zhan	15	系统与并发	term	内核栈	thuocl-it	2026-09-17
内核模块	nei he mo kuai	15	系统与并发	term	内核模块	thuocl-it	2026-09-17
内核移植	nei he yi zhi	15	系统与并发	term	内核移植	thuocl-it	2026-09-17
内核程序	nei he cheng xu	15	系统与并发	term	内核程序	thuocl-it	2026-09-17
内核空间	nei he kong jian	15	系统与并发	term	内核空间	thuocl-it	2026-09-17
内核线程	nei he xian cheng	15	系统与并发	term	内核线程	thuocl-it	2026-09-17
内核编程	nei he bian cheng	15	系统与并发	term	内核编程	thuocl-it	2026-09-17
内核编译	nei he bian yi	15	系统与并发	term	内核编译	thuocl-it	2026-09-17
内核调试	nei he tiao shi	15	系统与并发	term	内核调试	thuocl-it	2026-09-17
内核进程	nei he jin cheng	15	系统与并发	term	内核进程	thuocl-it	2026-09-17
内核配置	nei he pei zhi	15	系统与并发	term	内核配置	thuocl-it	2026-09-17
内核重新编译	nei he chong xin bian yi	15	系统与并发	term	内核重新编译	thuocl-it	2026-09-17
内核链表	nei he lian biao	15	系统与并发	term	内核链表	thuocl-it	2026-09-17
内核驱动	nei he qu dong	15	系统与并发	term	内核驱动	thuocl-it	2026-09-17
函数优化	han shu you hua	15	语言与架构	term	函数优化	thuocl-it	2026-09-17
函数传参	han shu chuan can	15	语言与架构	term	函数传参	thuocl-it	2026-09-17
函数体	han shu ti	15	语言与架构	term	函数体	thuocl-it	2026-09-17
函数依赖	han shu yi lai	15	语言与架构	term	函数依赖	thuocl-it	2026-09-17
函数分析	han shu fen xi	15	语言与架构	term	函数分析	thuocl-it	2026-09-17
函数参数	han shu can shu	15	语言与架构	term	函数参数	thuocl-it	2026-09-17
函数回调	han shu hui tiao	15	语言与架构	term	函数回调	thuocl-it	2026-09-17
函数声明	han shu sheng ming	15	语言与架构	term	函数声明	thuocl-it	2026-09-17
函数定义	han shu ding yi	15	语言与架构	term	函数定义	thuocl-it	2026-09-17
函数实现	han shu shi xian	15	语言与架构	term	函数实现	thuocl-it	2026-09-17
函数对象	han shu dui xiang	15	语言与架构	term	函数对象	thuocl-it	2026-09-17
函数库	han shu ku	15	语言与架构	term	函数库	thuocl-it	2026-09-17
函数应用	han shu ying yong	15	语言与架构	term	函数应用	thuocl-it	2026-09-17
函数式接口	han shu shi jie kou	15	语言与架构	term	函数式接口	thuocl-it	2026-09-17
函数式线段树	han shu shi xian duan shu	15	语言与架构	term	函数式线段树	thuocl-it	2026-09-17
函数式编程	han shu shi bian cheng	15	语言与架构	term	函数式编程	thuocl-it	2026-09-17
函数指针	han shu zhi zhen	15	语言与架构	term	函数指针	thuocl-it	2026-09-17
函数指针数组	han shu zhi zhen shu zu	15	语言与架构	term	函数指针数组	thuocl-it	2026-09-17
函数栈	han shu zhan	15	语言与架构	term	函数栈	thuocl-it	2026-09-17
函数模板	han shu mo ban	15	语言与架构	term	函数模板	thuocl-it	2026-09-17
函数模版	han shu mo ban	15	语言与架构	term	函数模版	thuocl-it	2026-09-17
函数用法	han shu yong fa	15	语言与架构	term	函数用法	thuocl-it	2026-09-17
函数程序设计	han shu cheng xu she ji	15	语言与架构	term	函数程序设计	thuocl-it	2026-09-17
函数绑定	han shu bang ding	15	语言与架构	term	函数绑定	thuocl-it	2026-09-17
函数编程	han shu bian cheng	15	语言与架构	term	函数编程	thuocl-it	2026-09-17
函数节流	han shu jie liu	15	语言与架构	term	函数节流	thuocl-it	2026-09-17
函数表达式	han shu biao da shi	15	语言与架构	term	函数表达式	thuocl-it	2026-09-17
函数覆盖	han shu fu gai	15	语言与架构	term	函数覆盖	thuocl-it	2026-09-17
函数讲解	han shu jiang jie	15	语言与架构	term	函数讲解	thuocl-it	2026-09-17
函数返回	han shu fan hui	15	语言与架构	term	函数返回	thuocl-it	2026-09-17
函数返回值	han shu fan hui zhi	15	语言与架构	term	函数返回值	thuocl-it	2026-09-17
函数重载	han shu chong zai	15	语言与架构	term	函数重载	thuocl-it	2026-09-17
分布式处理	fen bu shi chu li	15	语言与架构	term	分布式处理	thuocl-it	2026-09-17
分布式多媒体	fen bu shi duo mei ti	15	语言与架构	term	分布式多媒体	thuocl-it	2026-09-17
分布式存储	fen bu shi cun chu	15	语言与架构	term	分布式存储	thuocl-it	2026-09-17
分布式存储器	fen bu shi cun chu qi	15	语言与架构	term	分布式存储器	thuocl-it	2026-09-17
分布式容错	fen bu shi rong cuo	15	语言与架构	term	分布式容错	thuocl-it	2026-09-17
分布式应用	fen bu shi ying yong	15	语言与架构	term	分布式应用	thuocl-it	2026-09-17
分布式开发	fen bu shi kai fa	15	语言与架构	term	分布式开发	thuocl-it	2026-09-17
分布式技术	fen bu shi ji shu	15	语言与架构	term	分布式技术	thuocl-it	2026-09-17
分布式排序	fen bu shi pai xu	15	语言与架构	term	分布式排序	thuocl-it	2026-09-17
分布式控制	fen bu shi kong zhi	15	语言与架构	term	分布式控制	thuocl-it	2026-09-17
分布式数据库	fen bu shi shu ju ku	15	语言与架构	term	分布式数据库	thuocl-it	2026-09-17
分布式服务	fen bu shi fu wu	15	语言与架构	term	分布式服务	thuocl-it	2026-09-17
分布式架构	fen bu shi jia gou	15	语言与架构	term	分布式架构	thuocl-it	2026-09-17
分布式框架	fen bu shi kuang jia	15	语言与架构	term	分布式框架	thuocl-it	2026-09-17
分布式消息	fen bu shi xiao xi	15	语言与架构	term	分布式消息	thuocl-it	2026-09-17
分布式爬虫	fen bu shi pa chong	15	语言与架构	term	分布式爬虫	thuocl-it	2026-09-17
分布式算法	fen bu shi suan fa	15	语言与架构	term	分布式算法	thuocl-it	2026-09-17
分布式系统	fen bu shi xi tong	15	语言与架构	term	分布式系统	thuocl-it	2026-09-17
分布式缓存	fen bu shi huan cun	15	语言与架构	term	分布式缓存	thuocl-it	2026-09-17
分布式网站	fen bu shi wang zhan	15	语言与架构	term	分布式网站	thuocl-it	2026-09-17
分布式计算	fen bu shi ji suan	15	语言与架构	term	分布式计算	thuocl-it	2026-09-17
分布式计算机	fen bu shi ji suan ji	15	语言与架构	term	分布式计算机	thuocl-it	2026-09-17
分布式配置	fen bu shi pei zhi	15	语言与架构	term	分布式配置	thuocl-it	2026-09-17
分布式锁	fen bu shi suo	15	语言与架构	term	分布式锁	thuocl-it	2026-09-17
分布式锁服务	fen bu shi suo fu wu	15	语言与架构	term	分布式锁服务	thuocl-it	2026-09-17
分布式集群	fen bu shi ji qun	15	语言与架构	term	分布式集群	thuocl-it	2026-09-17
分支指令	fen zhi zhi ling	15	工程与交付	term	分支指令	thuocl-it	2026-09-17
分支条件覆盖	fen zhi tiao jian fu gai	15	工程与交付	term	分支条件覆盖	thuocl-it	2026-09-17
分支结构	fen zhi jie gou	15	工程与交付	term	分支结构	thuocl-it	2026-09-17
分支覆盖	fen zhi fu gai	15	工程与交付	term	分支覆盖	thuocl-it	2026-09-17
分支限界	fen zhi xian jie	15	工程与交付	term	分支限界	thuocl-it	2026-09-17
分支限界搜索	fen zhi xian jie sou suo	15	工程与交付	term	分支限界搜索	thuocl-it	2026-09-17
分支限界法	fen zhi xian jie fa	15	工程与交付	term	分支限界法	thuocl-it	2026-09-17
分支预测	fen zhi yu ce	15	工程与交付	term	分支预测	thuocl-it	2026-09-17
分表	fen biao	15	数据与存储	term	分表	thuocl-it	2026-09-17
分页	fen ye	15	数据与存储	term	分页	thuocl-it	2026-09-17
分页技术	fen ye ji shu	15	数据与存储	term	分页技术	thuocl-it	2026-09-17
分页显示	fen ye xian shi	15	数据与存储	term	分页显示	thuocl-it	2026-09-17
分页机制	fen ye ji zhi	15	数据与存储	term	分页机制	thuocl-it	2026-09-17
分页程序	fen ye cheng xu	15	数据与存储	term	分页程序	thuocl-it	2026-09-17
前端优化	qian duan you hua	15	前端与应用	term	前端优化	thuocl-it	2026-09-17
前端处理器	qian duan chu li qi	15	前端与应用	term	前端处理器	thuocl-it	2026-09-17
前端工具	qian duan gong ju	15	前端与应用	term	前端工具	thuocl-it	2026-09-17
前端工程师	qian duan gong cheng shi	15	前端与应用	term	前端工程师	thuocl-it	2026-09-17
前端应用	qian duan ying yong	15	前端与应用	term	前端应用	thuocl-it	2026-09-17
前端开发	qian duan kai fa	15	前端与应用	term	前端开发	thuocl-it	2026-09-17
前端开发工具	qian duan kai fa gong ju	15	前端与应用	term	前端开发工具	thuocl-it	2026-09-17
前端性能	qian duan xing neng	15	前端与应用	term	前端性能	thuocl-it	2026-09-17
前端性能优化	qian duan xing neng you hua	15	前端与应用	term	前端性能优化	thuocl-it	2026-09-17
前端插件	qian duan cha jian	15	前端与应用	term	前端插件	thuocl-it	2026-09-17
前端效果	qian duan xiao guo	15	前端与应用	term	前端效果	thuocl-it	2026-09-17
前端构建	qian duan gou jian	15	前端与应用	term	前端构建	thuocl-it	2026-09-17
前端架构	qian duan jia gou	15	前端与应用	term	前端架构	thuocl-it	2026-09-17
前端框架	qian duan kuang jia	15	前端与应用	term	前端框架	thuocl-it	2026-09-17
前端测试	qian duan ce shi	15	前端与应用	term	前端测试	thuocl-it	2026-09-17
前端知识	qian duan zhi shi	15	前端与应用	term	前端知识	thuocl-it	2026-09-17
前端脚本	qian duan jiao ben	15	前端与应用	term	前端脚本	thuocl-it	2026-09-17
前端自动化	qian duan zi dong hua	15	前端与应用	term	前端自动化	thuocl-it	2026-09-17
前端规范	qian duan gui fan	15	前端与应用	term	前端规范	thuocl-it	2026-09-17
前端设计	qian duan she ji	15	前端与应用	term	前端设计	thuocl-it	2026-09-17
前端资源	qian duan zi yuan	15	前端与应用	term	前端资源	thuocl-it	2026-09-17
前端页面	qian duan ye mian	15	前端与应用	term	前端页面	thuocl-it	2026-09-17
加密协议	jia mi xie yi	15	网络与安全	term	加密协议	thuocl-it	2026-09-17
加密技术	jia mi ji shu	15	网络与安全	term	加密技术	thuocl-it	2026-09-17
加密文本	jia mi wen ben	15	网络与安全	term	加密文本	thuocl-it	2026-09-17
加密方式	jia mi fang shi	15	网络与安全	term	加密方式	thuocl-it	2026-09-17
加密法	jia mi fa	15	网络与安全	term	加密法	thuocl-it	2026-09-17
加密结果	jia mi jie guo	15	网络与安全	term	加密结果	thuocl-it	2026-09-17
加密芯片	jia mi xin pian	15	网络与安全	term	加密芯片	thuocl-it	2026-09-17
加密解密	jia mi jie mi	15	网络与安全	term	加密解密	thuocl-it	2026-09-17
加密解密算法	jia mi jie mi suan fa	15	网络与安全	term	加密解密算法	thuocl-it	2026-09-17
动画特效	dong hua te xiao	15	前端与应用	term	动画特效	thuocl-it	2026-09-17
匿名内部类	ni ming nei bu lei	15	语言与架构	term	匿名内部类	thuocl-it	2026-09-17
匿名函数	ni ming han shu	15	语言与架构	term	匿名函数	thuocl-it	2026-09-17
匿名对象	ni ming dui xiang	15	语言与架构	term	匿名对象	thuocl-it	2026-09-17
匿名方法	ni ming fang fa	15	语言与架构	term	匿名方法	thuocl-it	2026-09-17
匿名服务器	ni ming fu wu qi	15	语言与架构	term	匿名服务器	thuocl-it	2026-09-17
匿名登录	ni ming deng lu	15	语言与架构	term	匿名登录	thuocl-it	2026-09-17
匿名管道	ni ming guan dao	15	语言与架构	term	匿名管道	thuocl-it	2026-09-17
匿名类	ni ming lei	15	语言与架构	term	匿名类	thuocl-it	2026-09-17
匿名类型	ni ming lei xing	15	语言与架构	term	匿名类型	thuocl-it	2026-09-17
协议分析	xie yi fen xi	15	网络与安全	term	协议分析	thuocl-it	2026-09-17
协议失败	xie yi shi bai	15	网络与安全	term	协议失败	thuocl-it	2026-09-17
协议套	xie yi tao	15	网络与安全	term	协议套	thuocl-it	2026-09-17
协议实体	xie yi shi ti	15	网络与安全	term	协议实体	thuocl-it	2026-09-17
协议数据单元	xie yi shu ju dan yuan	15	网络与安全	term	协议数据单元	thuocl-it	2026-09-17
协议映射	xie yi ying she	15	网络与安全	term	协议映射	thuocl-it	2026-09-17
协议栈	xie yi zhan	15	网络与安全	term	协议栈	thuocl-it	2026-09-17
协议规范	xie yi gui fan	15	网络与安全	term	协议规范	thuocl-it	2026-09-17
协议解析	xie yi jie xi	15	网络与安全	term	协议解析	thuocl-it	2026-09-17
协议转换	xie yi zhuan huan	15	网络与安全	term	协议转换	thuocl-it	2026-09-17
单例传值	dan li chuan zhi	15	语言与架构	term	单例传值	thuocl-it	2026-09-17
单例类	dan li lei	15	语言与架构	term	单例类	thuocl-it	2026-09-17
单元测试工具	dan yuan ce shi gong ju	15	工程与交付	term	单元测试工具	thuocl-it	2026-09-17
原子公式	yuan zi gong shi	15	系统与并发	term	原子公式	thuocl-it	2026-09-17
原子变量	yuan zi bian liang	15	系统与并发	term	原子变量	thuocl-it	2026-09-17
原子广播	yuan zi guang bo	15	系统与并发	term	原子广播	thuocl-it	2026-09-17
原子操作	yuan zi cao zuo	15	系统与并发	term	原子操作	thuocl-it	2026-09-17
原子类	yuan zi lei	15	系统与并发	term	原子类	thuocl-it	2026-09-17
原子锁	yuan zi suo	15	系统与并发	term	原子锁	thuocl-it	2026-09-17
原生控件	yuan sheng kong jian	15	前端与应用	term	原生控件	thuocl-it	2026-09-17
参数优化	can shu you hua	15	语言与架构	term	参数优化	thuocl-it	2026-09-17
参数传递	can shu chuan di	15	语言与架构	term	参数传递	thuocl-it	2026-09-17
参数信息	can shu xin xi	15	语言与架构	term	参数信息	thuocl-it	2026-09-17
参数化类型	can shu hua lei xing	15	语言与架构	term	参数化类型	thuocl-it	2026-09-17
参数化设计	can shu hua she ji	15	语言与架构	term	参数化设计	thuocl-it	2026-09-17
参数寻优	can shu xun you	15	语言与架构	term	参数寻优	thuocl-it	2026-09-17
参数文件	can shu wen jian	15	语言与架构	term	参数文件	thuocl-it	2026-09-17
参数测试	can shu ce shi	15	语言与架构	term	参数测试	thuocl-it	2026-09-17
参数空间	can shu kong jian	15	语言与架构	term	参数空间	thuocl-it	2026-09-17
参数类型	can shu lei xing	15	语言与架构	term	参数类型	thuocl-it	2026-09-17
参数约束	can shu yue shu	15	语言与架构	term	参数约束	thuocl-it	2026-09-17
参数解析	can shu jie xi	15	语言与架构	term	参数解析	thuocl-it	2026-09-17
参数设置	can shu she zhi	15	语言与架构	term	参数设置	thuocl-it	2026-09-17
参数说明	can shu shuo ming	15	语言与架构	term	参数说明	thuocl-it	2026-09-17
参数配置	can shu pei zhi	15	语言与架构	term	参数配置	thuocl-it	2026-09-17
反向代理	fan xiang dai li	15	网络与安全	term	反向代理	thuocl-it	2026-09-17
反射体	fan she ti	15	语言与架构	term	反射体	thuocl-it	2026-09-17
反射定律	fan she ding lv	15	语言与架构	term	反射定律	thuocl-it	2026-09-17
反射库	fan she ku	15	语言与架构	term	反射库	thuocl-it	2026-09-17
反射技术	fan she ji shu	15	语言与架构	term	反射技术	thuocl-it	2026-09-17
反射机制	fan she ji zhi	15	语言与架构	term	反射机制	thuocl-it	2026-09-17
反射率	fan she lv	15	语言与架构	term	反射率	thuocl-it	2026-09-17
反射系数	fan she xi shu	15	语言与架构	term	反射系数	thuocl-it	2026-09-17
反射贴图	fan she tie tu	15	语言与架构	term	反射贴图	thuocl-it	2026-09-17
发布平台	fa bu ping tai	15	工程与交付	term	发布平台	thuocl-it	2026-09-17
发布网站	fa bu wang zhan	15	工程与交付	term	发布网站	thuocl-it	2026-09-17
发布订阅	fa bu ding yue	15	工程与交付	term	发布订阅	thuocl-it	2026-09-17
发布证书	fa bu zheng shu	15	工程与交付	term	发布证书	thuocl-it	2026-09-17
变量交换	bian liang jiao huan	15	语言与架构	term	变量交换	thuocl-it	2026-09-17
变量作用域	bian liang zuo yong yu	15	语言与架构	term	变量作用域	thuocl-it	2026-09-17
变量初始化	bian liang chu shi hua	15	语言与架构	term	变量初始化	thuocl-it	2026-09-17
变量名	bian liang ming	15	语言与架构	term	变量名	thuocl-it	2026-09-17
变量命名	bian liang ming ming	15	语言与架构	term	变量命名	thuocl-it	2026-09-17
变量声明	bian liang sheng ming	15	语言与架构	term	变量声明	thuocl-it	2026-09-17
变量提升	bian liang ti sheng	15	语言与架构	term	变量提升	thuocl-it	2026-09-17
变量类型	bian liang lei xing	15	语言与架构	term	变量类型	thuocl-it	2026-09-17
句柄	ju bing	15	系统与并发	term	句柄	thuocl-it	2026-09-17
句柄类	ju bing lei	15	系统与并发	term	句柄类	thuocl-it	2026-09-17
可扩展语言	ke kuo zhan yu yan	15	工程与交付	term	可扩展语言	thuocl-it	2026-09-17
可靠性分析	ke kao xing fen xi	15	工程与交付	term	可靠性分析	thuocl-it	2026-09-17
可靠性增长	ke kao xing zeng zhang	15	工程与交付	term	可靠性增长	thuocl-it	2026-09-17
可靠性数据	ke kao xing shu ju	15	工程与交付	term	可靠性数据	thuocl-it	2026-09-17
可靠性模型	ke kao xing mo xing	15	工程与交付	term	可靠性模型	thuocl-it	2026-09-17
可靠性设计	ke kao xing she ji	15	工程与交付	term	可靠性设计	thuocl-it	2026-09-17
可靠性评价	ke kao xing ping jia	15	工程与交付	term	可靠性评价	thuocl-it	2026-09-17
合并单元格	he bing dan yuan ge	15	工程与交付	term	合并单元格	thuocl-it	2026-09-17
合并拷贝	he bing kao bei	15	工程与交付	term	合并拷贝	thuocl-it	2026-09-17
合并排序	he bing pai xu	15	工程与交付	term	合并排序	thuocl-it	2026-09-17
合并文件	he bing wen jian	15	工程与交付	term	合并文件	thuocl-it	2026-09-17
合并流	he bing liu	15	工程与交付	term	合并流	thuocl-it	2026-09-17
合并链表	he bing lian biao	15	工程与交付	term	合并链表	thuocl-it	2026-09-17
同步互斥	tong bu hu chi	15	系统与并发	term	同步互斥	thuocl-it	2026-09-17
同步代码块	tong bu dai ma kuai	15	系统与并发	term	同步代码块	thuocl-it	2026-09-17
同步传输	tong bu chuan shu	15	系统与并发	term	同步传输	thuocl-it	2026-09-17
同步函数	tong bu han shu	15	系统与并发	term	同步函数	thuocl-it	2026-09-17
同步刷新	tong bu shua xin	15	系统与并发	term	同步刷新	thuocl-it	2026-09-17
同步原语	tong bu yuan yu	15	系统与并发	term	同步原语	thuocl-it	2026-09-17
同步复制	tong bu fu zhi	15	系统与并发	term	同步复制	thuocl-it	2026-09-17
同步序列	tong bu xu lie	15	系统与并发	term	同步序列	thuocl-it	2026-09-17
同步异步	tong bu yi bu	15	系统与并发	term	同步异步	thuocl-it	2026-09-17
同步总线	tong bu zong xian	15	系统与并发	term	同步总线	thuocl-it	2026-09-17
同步控制	tong bu kong zhi	15	系统与并发	term	同步控制	thuocl-it	2026-09-17
同步操作	tong bu cao zuo	15	系统与并发	term	同步操作	thuocl-it	2026-09-17
同步方法	tong bu fang fa	15	系统与并发	term	同步方法	thuocl-it	2026-09-17
同步时分复用	tong bu shi fen fu yong	15	系统与并发	term	同步时分复用	thuocl-it	2026-09-17
同步机制	tong bu ji zhi	15	系统与并发	term	同步机制	thuocl-it	2026-09-17
同步算法	tong bu suan fa	15	系统与并发	term	同步算法	thuocl-it	2026-09-17
同步请求	tong bu qing qiu	15	系统与并发	term	同步请求	thuocl-it	2026-09-17
同步通信	tong bu tong xin	15	系统与并发	term	同步通信	thuocl-it	2026-09-17
同步锁	tong bu suo	15	系统与并发	term	同步锁	thuocl-it	2026-09-17
后端开发	hou duan kai fa	15	前端与应用	term	后端开发	thuocl-it	2026-09-17
后端服务	hou duan fu wu	15	前端与应用	term	后端服务	thuocl-it	2026-09-17
后端框架	hou duan kuang jia	15	前端与应用	term	后端框架	thuocl-it	2026-09-17
吞吐能力	tun tu neng li	15	工程与交付	term	吞吐能力	thuocl-it	2026-09-17
哈希冲突	ha xi chong tu	15	数据与存储	term	哈希冲突	thuocl-it	2026-09-17
哈希加密	ha xi jia mi	15	数据与存储	term	哈希加密	thuocl-it	2026-09-17
哈希映射	ha xi ying she	15	数据与存储	term	哈希映射	thuocl-it	2026-09-17
哈希查找	ha xi cha zhao	15	数据与存储	term	哈希查找	thuocl-it	2026-09-17
哈希算法	ha xi suan fa	15	数据与存储	term	哈希算法	thuocl-it	2026-09-17
响应分析	xiang ying fen xi	15	网络与安全	term	响应分析	thuocl-it	2026-09-17
响应式	xiang ying shi	15	网络与安全	term	响应式	thuocl-it	2026-09-17
响应式编程	xiang ying shi bian cheng	15	网络与安全	term	响应式编程	thuocl-it	2026-09-17
响应式设计	xiang ying shi she ji	15	网络与安全	term	响应式设计	thuocl-it	2026-09-17
响应报文	xiang ying bao wen	15	网络与安全	term	响应报文	thuocl-it	2026-09-17
响应窗口	xiang ying chuang kou	15	网络与安全	term	响应窗口	thuocl-it	2026-09-17
响应者链	xiang ying zhe lian	15	网络与安全	term	响应者链	thuocl-it	2026-09-17
响应者链条	xiang ying zhe lian tiao	15	网络与安全	term	响应者链条	thuocl-it	2026-09-17
响应链	xiang ying lian	15	网络与安全	term	响应链	thuocl-it	2026-09-17
回滚	hui gun	15	工程与交付	term	回滚	thuocl-it	2026-09-17
回滚事务	hui gun shi wu	15	工程与交付	term	回滚事务	thuocl-it	2026-09-17
回调函数	hui tiao han shu	15	前端与应用	term	回调函数	thuocl-it	2026-09-17
回调接口	hui tiao jie kou	15	前端与应用	term	回调接口	thuocl-it	2026-09-17
回调方法	hui tiao fang fa	15	前端与应用	term	回调方法	thuocl-it	2026-09-17
回调机制	hui tiao ji zhi	15	前端与应用	term	回调机制	thuocl-it	2026-09-17
图像代码	tu xiang dai ma	15	前端与应用	term	图像代码	thuocl-it	2026-09-17
图像元	tu xiang yuan	15	前端与应用	term	图像元	thuocl-it	2026-09-17
图像几何学	tu xiang ji he xue	15	前端与应用	term	图像几何学	thuocl-it	2026-09-17
图像函数	tu xiang han shu	15	前端与应用	term	图像函数	thuocl-it	2026-09-17
图像变换	tu xiang bian huan	15	前端与应用	term	图像变换	thuocl-it	2026-09-17
图像合成	tu xiang he cheng	15	前端与应用	term	图像合成	thuocl-it	2026-09-17
图像图像	tu xiang tu xiang	15	前端与应用	term	图像图像	thuocl-it	2026-09-17
图像处理算法	tu xiang chu li suan fa	15	前端与应用	term	图像处理算法	thuocl-it	2026-09-17
图像复原	tu xiang fu yuan	15	前端与应用	term	图像复原	thuocl-it	2026-09-17
图像局部特征	tu xiang ju bu te zheng	15	前端与应用	term	图像局部特征	thuocl-it	2026-09-17
图像平滑	tu xiang ping hua	15	前端与应用	term	图像平滑	thuocl-it	2026-09-17
图像平面	tu xiang ping mian	15	前端与应用	term	图像平面	thuocl-it	2026-09-17
图像序列	tu xiang xu lie	15	前端与应用	term	图像序列	thuocl-it	2026-09-17
图像拼接	tu xiang pin jie	15	前端与应用	term	图像拼接	thuocl-it	2026-09-17
图像搜索	tu xiang sou suo	15	前端与应用	term	图像搜索	thuocl-it	2026-09-17
图像旋转	tu xiang xuan zhuan	15	前端与应用	term	图像旋转	thuocl-it	2026-09-17
图像显示	tu xiang xian shi	15	前端与应用	term	图像显示	thuocl-it	2026-09-17
图像梯度	tu xiang ti du	15	前端与应用	term	图像梯度	thuocl-it	2026-09-17
图像滤波	tu xiang lv bo	15	前端与应用	term	图像滤波	thuocl-it	2026-09-17
图像滤镜	tu xiang lv jing	15	前端与应用	term	图像滤镜	thuocl-it	2026-09-17
图像特征	tu xiang te zheng	15	前端与应用	term	图像特征	thuocl-it	2026-09-17
图像特征提取	tu xiang te zheng ti qu	15	前端与应用	term	图像特征提取	thuocl-it	2026-09-17
图像特效	tu xiang te xiao	15	前端与应用	term	图像特效	thuocl-it	2026-09-17
图像理解	tu xiang li jie	15	前端与应用	term	图像理解	thuocl-it	2026-09-17
图像直方图	tu xiang zhi fang tu	15	前端与应用	term	图像直方图	thuocl-it	2026-09-17
图像空间	tu xiang kong jian	15	前端与应用	term	图像空间	thuocl-it	2026-09-17
图像算法	tu xiang suan fa	15	前端与应用	term	图像算法	thuocl-it	2026-09-17
图像编码	tu xiang bian ma	15	前端与应用	term	图像编码	thuocl-it	2026-09-17
图像编解码器	tu xiang bian jie ma qi	15	前端与应用	term	图像编解码器	thuocl-it	2026-09-17
图像缩放	tu xiang suo fang	15	前端与应用	term	图像缩放	thuocl-it	2026-09-17
图像融合	tu xiang rong he	15	前端与应用	term	图像融合	thuocl-it	2026-09-17
图像识别算法	tu xiang shi bie suan fa	15	前端与应用	term	图像识别算法	thuocl-it	2026-09-17
图像质量评价	tu xiang zhi liang ping jia	15	前端与应用	term	图像质量评价	thuocl-it	2026-09-17
图像金字塔	tu xiang jin zi ta	15	前端与应用	term	图像金字塔	thuocl-it	2026-09-17
图像锐化	tu xiang rui hua	15	前端与应用	term	图像锐化	thuocl-it	2026-09-17
图形上下文	tu xing shang xia wen	15	前端与应用	term	图形上下文	thuocl-it	2026-09-17
图形保真	tu xing bao zhen	15	前端与应用	term	图形保真	thuocl-it	2026-09-17
图形包	tu xing bao	15	前端与应用	term	图形包	thuocl-it	2026-09-17
图形化界面	tu xing hua jie mian	15	前端与应用	term	图形化界面	thuocl-it	2026-09-17
图形图像	tu xing tu xiang	15	前端与应用	term	图形图像	thuocl-it	2026-09-17
图形图像处理	tu xing tu xiang chu li	15	前端与应用	term	图形图像处理	thuocl-it	2026-09-17
图形图表	tu xing tu biao	15	前端与应用	term	图形图表	thuocl-it	2026-09-17
图形处理	tu xing chu li	15	前端与应用	term	图形处理	thuocl-it	2026-09-17
图形失真	tu xing shi zhen	15	前端与应用	term	图形失真	thuocl-it	2026-09-17
图形字符	tu xing zi fu	15	前端与应用	term	图形字符	thuocl-it	2026-09-17
图形学	tu xing xue	15	前端与应用	term	图形学	thuocl-it	2026-09-17
图形学原理	tu xing xue yuan li	15	前端与应用	term	图形学原理	thuocl-it	2026-09-17
图形学基础	tu xing xue ji chu	15	前端与应用	term	图形学基础	thuocl-it	2026-09-17
图形工作站	tu xing gong zuo zhan	15	前端与应用	term	图形工作站	thuocl-it	2026-09-17
图形库	tu xing ku	15	前端与应用	term	图形库	thuocl-it	2026-09-17
图形开发	tu xing kai fa	15	前端与应用	term	图形开发	thuocl-it	2026-09-17
图形引擎	tu xing yin qing	15	前端与应用	term	图形引擎	thuocl-it	2026-09-17
图形打印	tu xing da yin	15	前端与应用	term	图形打印	thuocl-it	2026-09-17
图形技术	tu xing ji shu	15	前端与应用	term	图形技术	thuocl-it	2026-09-17
图形数据库	tu xing shu ju ku	15	前端与应用	term	图形数据库	thuocl-it	2026-09-17
图形渲染	tu xing xuan ran	15	前端与应用	term	图形渲染	thuocl-it	2026-09-17
图形用户接口	tu xing yong hu jie kou	15	前端与应用	term	图形用户接口	thuocl-it	2026-09-17
图形界面	tu xing jie mian	15	前端与应用	term	图形界面	thuocl-it	2026-09-17
图形符号	tu xing fu hao	15	前端与应用	term	图形符号	thuocl-it	2026-09-17
图形算法	tu xing suan fa	15	前端与应用	term	图形算法	thuocl-it	2026-09-17
图形系统	tu xing xi tong	15	前端与应用	term	图形系统	thuocl-it	2026-09-17
图形结构	tu xing jie gou	15	前端与应用	term	图形结构	thuocl-it	2026-09-17
图形绘制	tu xing hui zhi	15	前端与应用	term	图形绘制	thuocl-it	2026-09-17
图形编程	tu xing bian cheng	15	前端与应用	term	图形编程	thuocl-it	2026-09-17
图形芯片	tu xing xin pian	15	前端与应用	term	图形芯片	thuocl-it	2026-09-17
图形设备	tu xing she bei	15	前端与应用	term	图形设备	thuocl-it	2026-09-17
图形设备界面	tu xing she bei jie mian	15	前端与应用	term	图形设备界面	thuocl-it	2026-09-17
图形识别	tu xing shi bie	15	前端与应用	term	图形识别	thuocl-it	2026-09-17
图形语言	tu xing yu yan	15	前端与应用	term	图形语言	thuocl-it	2026-09-17
图形输入板	tu xing shu ru ban	15	前端与应用	term	图形输入板	thuocl-it	2026-09-17
图形适配器	tu xing shi pei qi	15	前端与应用	term	图形适配器	thuocl-it	2026-09-17
地址传递	di zhi chuan di	15	系统与并发	term	地址传递	thuocl-it	2026-09-17
地址变换	di zhi bian huan	15	系统与并发	term	地址变换	thuocl-it	2026-09-17
地址字段	di zhi zi duan	15	系统与并发	term	地址字段	thuocl-it	2026-09-17
地址寄存器	di zhi ji cun qi	15	系统与并发	term	地址寄存器	thuocl-it	2026-09-17
地址总线	di zhi zong xian	15	系统与并发	term	地址总线	thuocl-it	2026-09-17
地址掩码	di zhi yan ma	15	系统与并发	term	地址掩码	thuocl-it	2026-09-17
地址映射	di zhi ying she	15	系统与并发	term	地址映射	thuocl-it	2026-09-17
地址栏	di zhi lan	15	系统与并发	term	地址栏	thuocl-it	2026-09-17
地址栏搜索	di zhi lan sou suo	15	系统与并发	term	地址栏搜索	thuocl-it	2026-09-17
地址格式	di zhi ge shi	15	系统与并发	term	地址格式	thuocl-it	2026-09-17
地址管理	di zhi guan li	15	系统与并发	term	地址管理	thuocl-it	2026-09-17
地址解析	di zhi jie xi	15	系统与并发	term	地址解析	thuocl-it	2026-09-17
地址解析协议	di zhi jie xi xie yi	15	系统与并发	term	地址解析协议	thuocl-it	2026-09-17
地址译码器	di zhi yi ma qi	15	系统与并发	term	地址译码器	thuocl-it	2026-09-17
垃圾回收	la ji hui shou	15	系统与并发	term	垃圾回收	thuocl-it	2026-09-17
垃圾回收器	la ji hui shou qi	15	系统与并发	term	垃圾回收器	thuocl-it	2026-09-17
垃圾回收机制	la ji hui shou ji zhi	15	系统与并发	term	垃圾回收机制	thuocl-it	2026-09-17
垃圾回收算法	la ji hui shou suan fa	15	系统与并发	term	垃圾回收算法	thuocl-it	2026-09-17
域名控制器	yu ming kong zhi qi	15	网络与安全	term	域名控制器	thuocl-it	2026-09-17
域名服务	yu ming fu wu	15	网络与安全	term	域名服务	thuocl-it	2026-09-17
域名服务器	yu ming fu wu qi	15	网络与安全	term	域名服务器	thuocl-it	2026-09-17
域名系统	yu ming xi tong	15	网络与安全	term	域名系统	thuocl-it	2026-09-17
域名解析	yu ming jie xi	15	网络与安全	term	域名解析	thuocl-it	2026-09-17
基准程序	ji zhun cheng xu	15	工程与交付	term	基准程序	thuocl-it	2026-09-17
基准线	ji zhun xian	15	工程与交付	term	基准线	thuocl-it	2026-09-17
堆优化	dui you hua	15	系统与并发	term	堆优化	thuocl-it	2026-09-17
堆内存	dui nei cun	15	系统与并发	term	堆内存	thuocl-it	2026-09-17
堆区	dui qu	15	系统与并发	term	堆区	thuocl-it	2026-09-17
堆和栈	dui he zhan	15	系统与并发	term	堆和栈	thuocl-it	2026-09-17
堆排	dui pai	15	系统与并发	term	堆排	thuocl-it	2026-09-17
堆排序	dui pai xu	15	系统与并发	term	堆排序	thuocl-it	2026-09-17
堆栈布局	dui zhan bu ju	15	系统与并发	term	堆栈布局	thuocl-it	2026-09-17
外键	wai jian	15	数据与存储	term	外键	thuocl-it	2026-09-17
外键关联	wai jian guan lian	15	数据与存储	term	外键关联	thuocl-it	2026-09-17
外键约束	wai jian yue shu	15	数据与存储	term	外键约束	thuocl-it	2026-09-17
套接字	tao jie zi	15	网络与安全	term	套接字	thuocl-it	2026-09-17
套接字编程	tao jie zi bian cheng	15	网络与安全	term	套接字编程	thuocl-it	2026-09-17
字体加粗	zi ti jia cu	15	前端与应用	term	字体加粗	thuocl-it	2026-09-17
字体图标	zi ti tu biao	15	前端与应用	term	字体图标	thuocl-it	2026-09-17
字体设置	zi ti she zhi	15	前端与应用	term	字体设置	thuocl-it	2026-09-17
字体颜色	zi ti yan se	15	前端与应用	term	字体颜色	thuocl-it	2026-09-17
字段名	zi duan ming	15	数据与存储	term	字段名	thuocl-it	2026-09-17
字段类型	zi duan lei xing	15	数据与存储	term	字段类型	thuocl-it	2026-09-17
字符集编码	zi fu ji bian ma	15	系统与并发	term	字符集编码	thuocl-it	2026-09-17
字节对齐	zi jie dui qi	15	系统与并发	term	字节对齐	thuocl-it	2026-09-17
字节序	zi jie xu	15	系统与并发	term	字节序	thuocl-it	2026-09-17
字节数	zi jie shu	15	系统与并发	term	字节数	thuocl-it	2026-09-17
字节数组	zi jie shu zu	15	系统与并发	term	字节数组	thuocl-it	2026-09-17
字节流	zi jie liu	15	系统与并发	term	字节流	thuocl-it	2026-09-17
字节码	zi jie ma	15	系统与并发	term	字节码	thuocl-it	2026-09-17
字节集	zi jie ji	15	系统与并发	term	字节集	thuocl-it	2026-09-17
安全事件	an quan shi jian	15	网络与安全	term	安全事件	thuocl-it	2026-09-17
安全内核	an quan nei he	15	网络与安全	term	安全内核	thuocl-it	2026-09-17
安全加密	an quan jia mi	15	网络与安全	term	安全加密	thuocl-it	2026-09-17
安全卫士	an quan wei shi	15	网络与安全	term	安全卫士	thuocl-it	2026-09-17
安全域	an quan yu	15	网络与安全	term	安全域	thuocl-it	2026-09-17
安全套接层	an quan tao jie ceng	15	网络与安全	term	安全套接层	thuocl-it	2026-09-17
安全审计	an quan shen ji	15	网络与安全	term	安全审计	thuocl-it	2026-09-17
安全工具	an quan gong ju	15	网络与安全	term	安全工具	thuocl-it	2026-09-17
安全应急	an quan ying ji	15	网络与安全	term	安全应急	thuocl-it	2026-09-17
安全性测试	an quan xing ce shi	15	网络与安全	term	安全性测试	thuocl-it	2026-09-17
安全技术研究	an quan ji shu yan jiu	15	网络与安全	term	安全技术研究	thuocl-it	2026-09-17
安全控制	an quan kong zhi	15	网络与安全	term	安全控制	thuocl-it	2026-09-17
安全操作	an quan cao zuo	15	网络与安全	term	安全操作	thuocl-it	2026-09-17
安全操作系统	an quan cao zuo xi tong	15	网络与安全	term	安全操作系统	thuocl-it	2026-09-17
安全攻防	an quan gong fang	15	网络与安全	term	安全攻防	thuocl-it	2026-09-17
安全更新	an quan geng xin	15	网络与安全	term	安全更新	thuocl-it	2026-09-17
安全机制	an quan ji zhi	15	网络与安全	term	安全机制	thuocl-it	2026-09-17
安全标识符	an quan biao zhi fu	15	网络与安全	term	安全标识符	thuocl-it	2026-09-17
安全框架	an quan kuang jia	15	网络与安全	term	安全框架	thuocl-it	2026-09-17
安全模型	an quan mo xing	15	网络与安全	term	安全模型	thuocl-it	2026-09-17
安全浏览器	an quan liu lan qi	15	网络与安全	term	安全浏览器	thuocl-it	2026-09-17
安全焦点	an quan jiao dian	15	网络与安全	term	安全焦点	thuocl-it	2026-09-17
安全电子交易	an quan dian zi jiao yi	15	网络与安全	term	安全电子交易	thuocl-it	2026-09-17
安全监控	an quan jian kong	15	网络与安全	term	安全监控	thuocl-it	2026-09-17
安全知识	an quan zhi shi	15	网络与安全	term	安全知识	thuocl-it	2026-09-17
安全等级	an quan deng ji	15	网络与安全	term	安全等级	thuocl-it	2026-09-17
安全类	an quan lei	15	网络与安全	term	安全类	thuocl-it	2026-09-17
安全编程	an quan bian cheng	15	网络与安全	term	安全编程	thuocl-it	2026-09-17
安全网关	an quan wang guan	15	网络与安全	term	安全网关	thuocl-it	2026-09-17
安全芯片	an quan xin pian	15	网络与安全	term	安全芯片	thuocl-it	2026-09-17
安全认证	an quan ren zheng	15	网络与安全	term	安全认证	thuocl-it	2026-09-17
安全访问	an quan fang wen	15	网络与安全	term	安全访问	thuocl-it	2026-09-17
安全识别	an quan shi bie	15	网络与安全	term	安全识别	thuocl-it	2026-09-17
安全资讯	an quan zi xun	15	网络与安全	term	安全资讯	thuocl-it	2026-09-17
安全路由器	an quan lu you qi	15	网络与安全	term	安全路由器	thuocl-it	2026-09-17
安全过滤器	an quan guo lv qi	15	网络与安全	term	安全过滤器	thuocl-it	2026-09-17
安全通信	an quan tong xin	15	网络与安全	term	安全通信	thuocl-it	2026-09-17
客户端开发	ke hu duan kai fa	15	网络与安全	term	客户端开发	thuocl-it	2026-09-17
客户端服务器	ke hu duan fu wu qi	15	网络与安全	term	客户端服务器	thuocl-it	2026-09-17
客户端测试	ke hu duan ce shi	15	网络与安全	term	客户端测试	thuocl-it	2026-09-17
客户端程序	ke hu duan cheng xu	15	网络与安全	term	客户端程序	thuocl-it	2026-09-17
容器云	rong qi yun	15	工程与交付	term	容器云	thuocl-it	2026-09-17
容器控件	rong qi kong jian	15	工程与交付	term	容器控件	thuocl-it	2026-09-17
容器类	rong qi lei	15	工程与交付	term	容器类	thuocl-it	2026-09-17
密钥交换	mi yue jiao huan	15	网络与安全	term	密钥交换	thuocl-it	2026-09-17
密钥分配中心	mi yue fen pei zhong xin	15	网络与安全	term	密钥分配中心	thuocl-it	2026-09-17
密钥加密密钥	mi yue jia mi mi yue	15	网络与安全	term	密钥加密密钥	thuocl-it	2026-09-17
密钥对	mi yue dui	15	网络与安全	term	密钥对	thuocl-it	2026-09-17
密钥建立	mi yue jian li	15	网络与安全	term	密钥建立	thuocl-it	2026-09-17
密钥恢复	mi yue hui fu	15	网络与安全	term	密钥恢复	thuocl-it	2026-09-17
密钥托管	mi yue tuo guan	15	网络与安全	term	密钥托管	thuocl-it	2026-09-17
密钥服务器	mi yue fu wu qi	15	网络与安全	term	密钥服务器	thuocl-it	2026-09-17
密钥流	mi yue liu	15	网络与安全	term	密钥流	thuocl-it	2026-09-17
密钥短语	mi yue duan yu	15	网络与安全	term	密钥短语	thuocl-it	2026-09-17
密钥证书	mi yue zheng shu	15	网络与安全	term	密钥证书	thuocl-it	2026-09-17
密钥长度	mi yue chang du	15	网络与安全	term	密钥长度	thuocl-it	2026-09-17
对象创建	dui xiang chuang jian	15	语言与架构	term	对象创建	thuocl-it	2026-09-17
对象初始化	dui xiang chu shi hua	15	语言与架构	term	对象初始化	thuocl-it	2026-09-17
对象名	dui xiang ming	15	语言与架构	term	对象名	thuocl-it	2026-09-17
对象图	dui xiang tu	15	语言与架构	term	对象图	thuocl-it	2026-09-17
对象复制	dui xiang fu zhi	15	语言与架构	term	对象复制	thuocl-it	2026-09-17
对象字典	dui xiang zi dian	15	语言与架构	term	对象字典	thuocl-it	2026-09-17
对象存储	dui xiang cun chu	15	语言与架构	term	对象存储	thuocl-it	2026-09-17
对象序列化	dui xiang xu lie hua	15	语言与架构	term	对象序列化	thuocl-it	2026-09-17
对象建模	dui xiang jian mo	15	语言与架构	term	对象建模	thuocl-it	2026-09-17
对象建模技术	dui xiang jian mo ji shu	15	语言与架构	term	对象建模技术	thuocl-it	2026-09-17
对象式	dui xiang shi	15	语言与架构	term	对象式	thuocl-it	2026-09-17
对象引用	dui xiang yin yong	15	语言与架构	term	对象引用	thuocl-it	2026-09-17
对象归档	dui xiang gui dang	15	语言与架构	term	对象归档	thuocl-it	2026-09-17
对象指针	dui xiang zhi zhen	15	语言与架构	term	对象指针	thuocl-it	2026-09-17
对象排序	dui xiang pai xu	15	语言与架构	term	对象排序	thuocl-it	2026-09-17
对象数组	dui xiang shu zu	15	语言与架构	term	对象数组	thuocl-it	2026-09-17
对象方法	dui xiang fang fa	15	语言与架构	term	对象方法	thuocl-it	2026-09-17
对象服务	dui xiang fu wu	15	语言与架构	term	对象服务	thuocl-it	2026-09-17
对象标识符	dui xiang biao zhi fu	15	语言与架构	term	对象标识符	thuocl-it	2026-09-17
对象模型	dui xiang mo xing	15	语言与架构	term	对象模型	thuocl-it	2026-09-17
对象比较	dui xiang bi jiao	15	语言与架构	term	对象比较	thuocl-it	2026-09-17
对象流	dui xiang liu	15	语言与架构	term	对象流	thuocl-it	2026-09-17
对象状态	dui xiang zhuang tai	15	语言与架构	term	对象状态	thuocl-it	2026-09-17
对象管理器	dui xiang guan li qi	15	语言与架构	term	对象管理器	thuocl-it	2026-09-17
对象管理组	dui xiang guan li zu	15	语言与架构	term	对象管理组	thuocl-it	2026-09-17
对象管理结构	dui xiang guan li jie gou	15	语言与架构	term	对象管理结构	thuocl-it	2026-09-17
对象类型	dui xiang lei xing	15	语言与架构	term	对象类型	thuocl-it	2026-09-17
对象请求代理	dui xiang qing qiu dai li	15	语言与架构	term	对象请求代理	thuocl-it	2026-09-17
对象赋值	dui xiang fu zhi	15	语言与架构	term	对象赋值	thuocl-it	2026-09-17
对象路径	dui xiang lu jing	15	语言与架构	term	对象路径	thuocl-it	2026-09-17
对象连接	dui xiang lian jie	15	语言与架构	term	对象连接	thuocl-it	2026-09-17
对象锁	dui xiang suo	15	语言与架构	term	对象锁	thuocl-it	2026-09-17
封装器	feng zhuang qi	15	语言与架构	term	封装器	thuocl-it	2026-09-17
封装库	feng zhuang ku	15	语言与架构	term	封装库	thuocl-it	2026-09-17
封装性	feng zhuang xing	15	语言与架构	term	封装性	thuocl-it	2026-09-17
封装格式	feng zhuang ge shi	15	语言与架构	term	封装格式	thuocl-it	2026-09-17
封装类	feng zhuang lei	15	语言与架构	term	封装类	thuocl-it	2026-09-17
封装继承多态	feng zhuang ji cheng duo tai	15	语言与架构	term	封装继承多态	thuocl-it	2026-09-17
工厂方法	gong chang fang fa	15	语言与架构	term	工厂方法	thuocl-it	2026-09-17
工厂类	gong chang lei	15	语言与架构	term	工厂类	thuocl-it	2026-09-17
布局优化	bu ju you hua	15	前端与应用	term	布局优化	thuocl-it	2026-09-17
布局动画	bu ju dong hua	15	前端与应用	term	布局动画	thuocl-it	2026-09-17
布局容器	bu ju rong qi	15	前端与应用	term	布局容器	thuocl-it	2026-09-17
布局属性	bu ju shu xing	15	前端与应用	term	布局属性	thuocl-it	2026-09-17
布局控件	bu ju kong jian	15	前端与应用	term	布局控件	thuocl-it	2026-09-17
布局文件	bu ju wen jian	15	前端与应用	term	布局文件	thuocl-it	2026-09-17
布局策略	bu ju ce lve	15	前端与应用	term	布局策略	thuocl-it	2026-09-17
布局管理器	bu ju guan li qi	15	前端与应用	term	布局管理器	thuocl-it	2026-09-17
布局规则	bu ju gui ze	15	前端与应用	term	布局规则	thuocl-it	2026-09-17
常量区	chang liang qu	15	语言与架构	term	常量区	thuocl-it	2026-09-17
常量指针	chang liang zhi zhen	15	语言与架构	term	常量指针	thuocl-it	2026-09-17
常量池	chang liang chi	15	语言与架构	term	常量池	thuocl-it	2026-09-17
常量说明	chang liang shuo ming	15	语言与架构	term	常量说明	thuocl-it	2026-09-17
幂等	mi deng	15	工程与交付	term	幂等	thuocl-it	2026-09-17
幂等性	mi deng xing	15	工程与交付	term	幂等性	thuocl-it	2026-09-17
并发关系	bing fa guan xi	15	系统与并发	term	并发关系	thuocl-it	2026-09-17
并发处理	bing fa chu li	15	系统与并发	term	并发处理	thuocl-it	2026-09-17
并发多线程	bing fa duo xian cheng	15	系统与并发	term	并发多线程	thuocl-it	2026-09-17
并发容器	bing fa rong qi	15	系统与并发	term	并发容器	thuocl-it	2026-09-17
并发控制	bing fa kong zhi	15	系统与并发	term	并发控制	thuocl-it	2026-09-17
并发控制机制	bing fa kong zhi ji zhi	15	系统与并发	term	并发控制机制	thuocl-it	2026-09-17
并发操作系统	bing fa cao zuo xi tong	15	系统与并发	term	并发操作系统	thuocl-it	2026-09-17
并发数据结构	bing fa shu ju jie gou	15	系统与并发	term	并发数据结构	thuocl-it	2026-09-17
并发模型	bing fa mo xing	15	系统与并发	term	并发模型	thuocl-it	2026-09-17
并发模拟	bing fa mo ni	15	系统与并发	term	并发模拟	thuocl-it	2026-09-17
并发程序设计	bing fa cheng xu she ji	15	系统与并发	term	并发程序设计	thuocl-it	2026-09-17
并发编程	bing fa bian cheng	15	系统与并发	term	并发编程	thuocl-it	2026-09-17
并发设计	bing fa she ji	15	系统与并发	term	并发设计	thuocl-it	2026-09-17
并发进程	bing fa jin cheng	15	系统与并发	term	并发进程	thuocl-it	2026-09-17
并发集合	bing fa ji he	15	系统与并发	term	并发集合	thuocl-it	2026-09-17
并行传输	bing xing chuan shu	15	系统与并发	term	并行传输	thuocl-it	2026-09-17
并行加法器	bing xing jia fa qi	15	系统与并发	term	并行加法器	thuocl-it	2026-09-17
并行化	bing xing hua	15	系统与并发	term	并行化	thuocl-it	2026-09-17
并行处理	bing xing chu li	15	系统与并发	term	并行处理	thuocl-it	2026-09-17
并行处理技术	bing xing chu li ji shu	15	系统与并发	term	并行处理技术	thuocl-it	2026-09-17
并行实时处理	bing xing shi shi chu li	15	系统与并发	term	并行实时处理	thuocl-it	2026-09-17
并行工程	bing xing gong cheng	15	系统与并发	term	并行工程	thuocl-it	2026-09-17
并行度	bing xing du	15	系统与并发	term	并行度	thuocl-it	2026-09-17
并行开发	bing xing kai fa	15	系统与并发	term	并行开发	thuocl-it	2026-09-17
并行性	bing xing xing	15	系统与并发	term	并行性	thuocl-it	2026-09-17
并行排序算法	bing xing pai xu suan fa	15	系统与并发	term	并行排序算法	thuocl-it	2026-09-17
并行搜索	bing xing sou suo	15	系统与并发	term	并行搜索	thuocl-it	2026-09-17
并行操作	bing xing cao zuo	15	系统与并发	term	并行操作	thuocl-it	2026-09-17
并行数据库	bing xing shu ju ku	15	系统与并发	term	并行数据库	thuocl-it	2026-09-17
并行程序设计	bing xing cheng xu she ji	15	系统与并发	term	并行程序设计	thuocl-it	2026-09-17
并行端口	bing xing duan kou	15	系统与并发	term	并行端口	thuocl-it	2026-09-17
并行算法	bing xing suan fa	15	系统与并发	term	并行算法	thuocl-it	2026-09-17
并行编程	bing xing bian cheng	15	系统与并发	term	并行编程	thuocl-it	2026-09-17
并行编程语言	bing xing bian cheng yu yan	15	系统与并发	term	并行编程语言	thuocl-it	2026-09-17
并行计算	bing xing ji suan	15	系统与并发	term	并行计算	thuocl-it	2026-09-17
并行计算机	bing xing ji suan ji	15	系统与并发	term	并行计算机	thuocl-it	2026-09-17
并行运算	bing xing yun suan	15	系统与并发	term	并行运算	thuocl-it	2026-09-17
并行连接	bing xing lian jie	15	系统与并发	term	并行连接	thuocl-it	2026-09-17
应用层编程	ying yong ceng bian cheng	15	语言与架构	term	应用层编程	thuocl-it	2026-09-17
延迟任务	yan chi ren wu	15	工程与交付	term	延迟任务	thuocl-it	2026-09-17
延迟加载	yan chi jia zai	15	工程与交付	term	延迟加载	thuocl-it	2026-09-17
延迟执行	yan chi zhi xing	15	工程与交付	term	延迟执行	thuocl-it	2026-09-17
延迟时间	yan chi shi jian	15	工程与交付	term	延迟时间	thuocl-it	2026-09-17
延迟计算	yan chi ji suan	15	工程与交付	term	延迟计算	thuocl-it	2026-09-17
延迟转移	yan chi zhuan yi	15	工程与交付	term	延迟转移	thuocl-it	2026-09-17
开发代码库	kai fa dai ma ku	15	工程与交付	term	开发代码库	thuocl-it	2026-09-17
开发周期	kai fa zhou qi	15	工程与交付	term	开发周期	thuocl-it	2026-09-17
开发基础	kai fa ji chu	15	工程与交付	term	开发基础	thuocl-it	2026-09-17
开发工具使用	kai fa gong ju shi yong	15	工程与交付	term	开发工具使用	thuocl-it	2026-09-17
开发工具箱	kai fa gong ju xiang	15	工程与交付	term	开发工具箱	thuocl-it	2026-09-17
开发工具配置	kai fa gong ju pei zhi	15	工程与交付	term	开发工具配置	thuocl-it	2026-09-17
开发工程师	kai fa gong cheng shi	15	工程与交付	term	开发工程师	thuocl-it	2026-09-17
开发应用	kai fa ying yong	15	工程与交付	term	开发应用	thuocl-it	2026-09-17
开发异常	kai fa yi chang	15	工程与交付	term	开发异常	thuocl-it	2026-09-17
开发手册	kai fa shou ce	15	工程与交付	term	开发手册	thuocl-it	2026-09-17
开发技术	kai fa ji shu	15	工程与交付	term	开发技术	thuocl-it	2026-09-17
开发指南	kai fa zhi nan	15	工程与交付	term	开发指南	thuocl-it	2026-09-17
开发效率	kai fa xiao lv	15	工程与交付	term	开发效率	thuocl-it	2026-09-17
开发文档	kai fa wen dang	15	工程与交付	term	开发文档	thuocl-it	2026-09-17
开发方法学	kai fa fang fa xue	15	工程与交付	term	开发方法学	thuocl-it	2026-09-17
开发日志	kai fa ri zhi	15	工程与交付	term	开发日志	thuocl-it	2026-09-17
开发板	kai fa ban	15	工程与交付	term	开发板	thuocl-it	2026-09-17
开发框架	kai fa kuang jia	15	工程与交付	term	开发框架	thuocl-it	2026-09-17
开发模型	kai fa mo xing	15	工程与交付	term	开发模型	thuocl-it	2026-09-17
开发流程	kai fa liu cheng	15	工程与交付	term	开发流程	thuocl-it	2026-09-17
开发测试	kai fa ce shi	15	工程与交付	term	开发测试	thuocl-it	2026-09-17
开发环境搭建	kai fa huan jing da jian	15	工程与交付	term	开发环境搭建	thuocl-it	2026-09-17
开发环境配置	kai fa huan jing pei zhi	15	工程与交付	term	开发环境配置	thuocl-it	2026-09-17
开发管理	kai fa guan li	15	工程与交付	term	开发管理	thuocl-it	2026-09-17
开发细节	kai fa xi jie	15	工程与交付	term	开发细节	thuocl-it	2026-09-17
开发者工具	kai fa zhe gong ju	15	工程与交付	term	开发者工具	thuocl-it	2026-09-17
开发者服务	kai fa zhe fu wu	15	工程与交付	term	开发者服务	thuocl-it	2026-09-17
开发者社区	kai fa zhe she qu	15	工程与交付	term	开发者社区	thuocl-it	2026-09-17
开发者账号	kai fa zhe zhang hao	15	工程与交付	term	开发者账号	thuocl-it	2026-09-17
开发规范	kai fa gui fan	15	工程与交付	term	开发规范	thuocl-it	2026-09-17
开发设计	kai fa she ji	15	工程与交付	term	开发设计	thuocl-it	2026-09-17
开发证书	kai fa zheng shu	15	工程与交付	term	开发证书	thuocl-it	2026-09-17
开发语言	kai fa yu yan	15	工程与交付	term	开发语言	thuocl-it	2026-09-17
开发调试	kai fa tiao shi	15	工程与交付	term	开发调试	thuocl-it	2026-09-17
开发资料	kai fa zi liao	15	工程与交付	term	开发资料	thuocl-it	2026-09-17
开发资源	kai fa zi yuan	15	工程与交付	term	开发资源	thuocl-it	2026-09-17
开发软件	kai fa ruan jian	15	工程与交付	term	开发软件	thuocl-it	2026-09-17
开发辅助	kai fa fu zhu	15	工程与交付	term	开发辅助	thuocl-it	2026-09-17
开发辅助工具	kai fa fu zhu gong ju	15	工程与交付	term	开发辅助工具	thuocl-it	2026-09-17
开发进展	kai fa jin zhan	15	工程与交付	term	开发进展	thuocl-it	2026-09-17
异常中止	yi chang zhong zhi	15	语言与架构	term	异常中止	thuocl-it	2026-09-17
异常信息	yi chang xin xi	15	语言与架构	term	异常信息	thuocl-it	2026-09-17
异常分析	yi chang fen xi	15	语言与架构	term	异常分析	thuocl-it	2026-09-17
异常处理机制	yi chang chu li ji zhi	15	语言与架构	term	异常处理机制	thuocl-it	2026-09-17
异常处理程序	yi chang chu li cheng xu	15	语言与架构	term	异常处理程序	thuocl-it	2026-09-17
异常安全	yi chang an quan	15	语言与架构	term	异常安全	thuocl-it	2026-09-17
异常收集	yi chang shou ji	15	语言与架构	term	异常收集	thuocl-it	2026-09-17
异常机制	yi chang ji zhi	15	语言与架构	term	异常机制	thuocl-it	2026-09-17
异常终止	yi chang zhong zhi	15	语言与架构	term	异常终止	thuocl-it	2026-09-17
异常解决	yi chang jie jue	15	语言与架构	term	异常解决	thuocl-it	2026-09-17
异常记录	yi chang ji lu	15	语言与架构	term	异常记录	thuocl-it	2026-09-17
异常调试	yi chang tiao shi	15	语言与架构	term	异常调试	thuocl-it	2026-09-17
异常错误	yi chang cuo wu	15	语言与架构	term	异常错误	thuocl-it	2026-09-17
异步上传	yi bu shang chuan	15	系统与并发	term	异步上传	thuocl-it	2026-09-17
异步传输	yi bu chuan shu	15	系统与并发	term	异步传输	thuocl-it	2026-09-17
异步传送	yi bu chuan song	15	系统与并发	term	异步传送	thuocl-it	2026-09-17
异步刷新	yi bu shua xin	15	系统与并发	term	异步刷新	thuocl-it	2026-09-17
异步加载	yi bu jia zai	15	系统与并发	term	异步加载	thuocl-it	2026-09-17
异步加载图片	yi bu jia zai tu pian	15	系统与并发	term	异步加载图片	thuocl-it	2026-09-17
异步同步	yi bu tong bu	15	系统与并发	term	异步同步	thuocl-it	2026-09-17
异步回发	yi bu hui fa	15	系统与并发	term	异步回发	thuocl-it	2026-09-17
异步处理	yi bu chu li	15	系统与并发	term	异步处理	thuocl-it	2026-09-17
异步复位	yi bu fu wei	15	系统与并发	term	异步复位	thuocl-it	2026-09-17
异步工作流	yi bu gong zuo liu	15	系统与并发	term	异步工作流	thuocl-it	2026-09-17
异步总线	yi bu zong xian	15	系统与并发	term	异步总线	thuocl-it	2026-09-17
异步控制	yi bu kong zhi	15	系统与并发	term	异步控制	thuocl-it	2026-09-17
异步操作	yi bu cao zuo	15	系统与并发	term	异步操作	thuocl-it	2026-09-17
异步方法	yi bu fang fa	15	系统与并发	term	异步方法	thuocl-it	2026-09-17
异步时分复用	yi bu shi fen fu yong	15	系统与并发	term	异步时分复用	thuocl-it	2026-09-17
异步消息	yi bu xiao xi	15	系统与并发	term	异步消息	thuocl-it	2026-09-17
异步算法	yi bu suan fa	15	系统与并发	term	异步算法	thuocl-it	2026-09-17
异步线程	yi bu xian cheng	15	系统与并发	term	异步线程	thuocl-it	2026-09-17
异步请求	yi bu qing qiu	15	系统与并发	term	异步请求	thuocl-it	2026-09-17
异步调用	yi bu diao yong	15	系统与并发	term	异步调用	thuocl-it	2026-09-17
异步过程调用	yi bu guo cheng diao yong	15	系统与并发	term	异步过程调用	thuocl-it	2026-09-17
异步通信	yi bu tong xin	15	系统与并发	term	异步通信	thuocl-it	2026-09-17
异步通知	yi bu tong zhi	15	系统与并发	term	异步通知	thuocl-it	2026-09-17
引用计数	yin yong ji shu	15	系统与并发	term	引用计数	thuocl-it	2026-09-17
微服务	wei fu wu	15	语言与架构	term	微服务	thuocl-it	2026-09-17
心跳包	xin tiao bao	15	网络与安全	term	心跳包	thuocl-it	2026-09-17
性能优化	xing neng you hua	15	工程与交付	term	性能优化	thuocl-it	2026-09-17
性能保证	xing neng bao zheng	15	工程与交付	term	性能保证	thuocl-it	2026-09-17
性能分析	xing neng fen xi	15	工程与交付	term	性能分析	thuocl-it	2026-09-17
性能分析工具	xing neng fen xi gong ju	15	工程与交付	term	性能分析工具	thuocl-it	2026-09-17
性能压力	xing neng ya li	15	工程与交付	term	性能压力	thuocl-it	2026-09-17
性能对比	xing neng dui bi	15	工程与交付	term	性能对比	thuocl-it	2026-09-17
性能提升	xing neng ti sheng	15	工程与交付	term	性能提升	thuocl-it	2026-09-17
性能比较	xing neng bi jiao	15	工程与交付	term	性能比较	thuocl-it	2026-09-17
性能测试分析	xing neng ce shi fen xi	15	工程与交付	term	性能测试分析	thuocl-it	2026-09-17
性能测试工具	xing neng ce shi gong ju	15	工程与交付	term	性能测试工具	thuocl-it	2026-09-17
性能测量	xing neng ce liang	15	工程与交付	term	性能测量	thuocl-it	2026-09-17
性能瓶颈	xing neng ping jing	15	工程与交付	term	性能瓶颈	thuocl-it	2026-09-17
性能监视	xing neng jian shi	15	工程与交付	term	性能监视	thuocl-it	2026-09-17
性能管理	xing neng guan li	15	工程与交付	term	性能管理	thuocl-it	2026-09-17
性能计数器	xing neng ji shu qi	15	工程与交付	term	性能计数器	thuocl-it	2026-09-17
性能评价	xing neng ping jia	15	工程与交付	term	性能评价	thuocl-it	2026-09-17
性能评估	xing neng ping gu	15	工程与交付	term	性能评估	thuocl-it	2026-09-17
性能评测	xing neng ping ce	15	工程与交付	term	性能评测	thuocl-it	2026-09-17
性能诊断	xing neng zhen duan	15	工程与交付	term	性能诊断	thuocl-it	2026-09-17
性能调优	xing neng tiao you	15	工程与交付	term	性能调优	thuocl-it	2026-09-17
性能需求	xing neng xu qiu	15	工程与交付	term	性能需求	thuocl-it	2026-09-17
手势冲突	shou shi chong tu	15	前端与应用	term	手势冲突	thuocl-it	2026-09-17
手势密码	shou shi mi ma	15	前端与应用	term	手势密码	thuocl-it	2026-09-17
手势操作	shou shi cao zuo	15	前端与应用	term	手势操作	thuocl-it	2026-09-17
手势滑动	shou shi hua dong	15	前端与应用	term	手势滑动	thuocl-it	2026-09-17
手势监听	shou shi jian ting	15	前端与应用	term	手势监听	thuocl-it	2026-09-17
手势解锁	shou shi jie suo	15	前端与应用	term	手势解锁	thuocl-it	2026-09-17
手势触摸	shou shi chu mo	15	前端与应用	term	手势触摸	thuocl-it	2026-09-17
手势识别器	shou shi shi bie qi	15	前端与应用	term	手势识别器	thuocl-it	2026-09-17
手势轨迹	shou shi gui ji	15	前端与应用	term	手势轨迹	thuocl-it	2026-09-17
手势返回	shou shi fan hui	15	前端与应用	term	手势返回	thuocl-it	2026-09-17
手势锁	shou shi suo	15	前端与应用	term	手势锁	thuocl-it	2026-09-17
打包发布	da bao fa bu	15	工程与交付	term	打包发布	thuocl-it	2026-09-17
打包工具	da bao gong ju	15	工程与交付	term	打包工具	thuocl-it	2026-09-17
打包签名	da bao qian ming	15	工程与交付	term	打包签名	thuocl-it	2026-09-17
打包解包	da bao jie bao	15	工程与交付	term	打包解包	thuocl-it	2026-09-17
报文交换	bao wen jiao huan	15	网络与安全	term	报文交换	thuocl-it	2026-09-17
报文加密	bao wen jia mi	15	网络与安全	term	报文加密	thuocl-it	2026-09-17
报文捕获	bao wen bu huo	15	网络与安全	term	报文捕获	thuocl-it	2026-09-17
报文鉴别	bao wen jian bie	15	网络与安全	term	报文鉴别	thuocl-it	2026-09-17
报文鉴别码	bao wen jian bie ma	15	网络与安全	term	报文鉴别码	thuocl-it	2026-09-17
抽象代数	chou xiang dai shu	15	语言与架构	term	抽象代数	thuocl-it	2026-09-17
抽象函数	chou xiang han shu	15	语言与架构	term	抽象函数	thuocl-it	2026-09-17
抽象基类	chou xiang ji lei	15	语言与架构	term	抽象基类	thuocl-it	2026-09-17
抽象层次	chou xiang ceng ci	15	语言与架构	term	抽象层次	thuocl-it	2026-09-17
抽象工厂	chou xiang gong chang	15	语言与架构	term	抽象工厂	thuocl-it	2026-09-17
抽象数据类型	chou xiang shu ju lei xing	15	语言与架构	term	抽象数据类型	thuocl-it	2026-09-17
抽象方法	chou xiang fang fa	15	语言与架构	term	抽象方法	thuocl-it	2026-09-17
抽象类	chou xiang lei	15	语言与架构	term	抽象类	thuocl-it	2026-09-17
持久化	chi jiu hua	15	数据与存储	term	持久化	thuocl-it	2026-09-17
持久化存储	chi jiu hua cun chu	15	数据与存储	term	持久化存储	thuocl-it	2026-09-17
持久层	chi jiu ceng	15	数据与存储	term	持久层	thuocl-it	2026-09-17
持久层框架	chi jiu ceng kuang jia	15	数据与存储	term	持久层框架	thuocl-it	2026-09-17
持续集成系统	chi xu ji cheng xi tong	15	工程与交付	term	持续集成系统	thuocl-it	2026-09-17
指针传递	zhi zhen chuan di	15	系统与并发	term	指针传递	thuocl-it	2026-09-17
指针函数	zhi zhen han shu	15	系统与并发	term	指针函数	thuocl-it	2026-09-17
指针参数	zhi zhen can shu	15	系统与并发	term	指针参数	thuocl-it	2026-09-17
指针变量	zhi zhen bian liang	15	系统与并发	term	指针变量	thuocl-it	2026-09-17
指针常量	zhi zhen chang liang	15	系统与并发	term	指针常量	thuocl-it	2026-09-17
指针数组	zhi zhen shu zu	15	系统与并发	term	指针数组	thuocl-it	2026-09-17
指针的指针	zhi zhen de zhi zhen	15	系统与并发	term	指针的指针	thuocl-it	2026-09-17
指针移动	zhi zhen yi dong	15	系统与并发	term	指针移动	thuocl-it	2026-09-17
授权表	shou quan biao	15	网络与安全	term	授权表	thuocl-it	2026-09-17
接口分析	jie kou fen xi	15	语言与架构	term	接口分析	thuocl-it	2026-09-17
接口卡	jie kou ka	15	语言与架构	term	接口卡	thuocl-it	2026-09-17
接口回调	jie kou hui tiao	15	语言与架构	term	接口回调	thuocl-it	2026-09-17
接口定义语言	jie kou ding yi yu yan	15	语言与架构	term	接口定义语言	thuocl-it	2026-09-17
接口实现	jie kou shi xian	15	语言与架构	term	接口实现	thuocl-it	2026-09-17
接口开发	jie kou kai fa	15	语言与架构	term	接口开发	thuocl-it	2026-09-17
接口开销	jie kou kai xiao	15	语言与架构	term	接口开销	thuocl-it	2026-09-17
接口总线	jie kou zong xian	15	语言与架构	term	接口总线	thuocl-it	2026-09-17
接口描述语言	jie kou miao shu yu yan	15	语言与架构	term	接口描述语言	thuocl-it	2026-09-17
接口文档	jie kou wen dang	15	语言与架构	term	接口文档	thuocl-it	2026-09-17
接口服务	jie kou fu wu	15	语言与架构	term	接口服务	thuocl-it	2026-09-17
接口规约	jie kou gui yue	15	语言与架构	term	接口规约	thuocl-it	2026-09-17
接口调用	jie kou diao yong	15	语言与架构	term	接口调用	thuocl-it	2026-09-17
接口速率	jie kou su lv	15	语言与架构	term	接口速率	thuocl-it	2026-09-17
接口隔离原则	jie kou ge li yuan ze	15	语言与架构	term	接口隔离原则	thuocl-it	2026-09-17
接口需求	jie kou xu qiu	15	语言与架构	term	接口需求	thuocl-it	2026-09-17
控件使用	kong jian shi yong	15	前端与应用	term	控件使用	thuocl-it	2026-09-17
控件功能	kong jian gong neng	15	前端与应用	term	控件功能	thuocl-it	2026-09-17
控件属性	kong jian shu xing	15	前端与应用	term	控件属性	thuocl-it	2026-09-17
控件状态	kong jian zhuang tai	15	前端与应用	term	控件状态	thuocl-it	2026-09-17
控件类	kong jian lei	15	前端与应用	term	控件类	thuocl-it	2026-09-17
提交事务	ti jiao shi wu	15	工程与交付	term	提交事务	thuocl-it	2026-09-17
提交审核	ti jiao shen he	15	工程与交付	term	提交审核	thuocl-it	2026-09-17
提交数据	ti jiao shu ju	15	工程与交付	term	提交数据	thuocl-it	2026-09-17
提交表单	ti jiao biao dan	15	工程与交付	term	提交表单	thuocl-it	2026-09-17
摘要算法	zhai yao suan fa	15	网络与安全	term	摘要算法	thuocl-it	2026-09-17
操作系统功能	cao zuo xi tong gong neng	15	系统与并发	term	操作系统功能	thuocl-it	2026-09-17
操作系统原理	cao zuo xi tong yuan li	15	系统与并发	term	操作系统原理	thuocl-it	2026-09-17
操作系统基础	cao zuo xi tong ji chu	15	系统与并发	term	操作系统基础	thuocl-it	2026-09-17
操作系统应用	cao zuo xi tong ying yong	15	系统与并发	term	操作系统应用	thuocl-it	2026-09-17
操作系统开发	cao zuo xi tong kai fa	15	系统与并发	term	操作系统开发	thuocl-it	2026-09-17
操作系统技术	cao zuo xi tong ji shu	15	系统与并发	term	操作系统技术	thuocl-it	2026-09-17
操作系统概论	cao zuo xi tong gai lun	15	系统与并发	term	操作系统概论	thuocl-it	2026-09-17
操作系统知识	cao zuo xi tong zhi shi	15	系统与并发	term	操作系统知识	thuocl-it	2026-09-17
操作系统类	cao zuo xi tong lei	15	系统与并发	term	操作系统类	thuocl-it	2026-09-17
操作系统项目	cao zuo xi tong xiang mu	15	系统与并发	term	操作系统项目	thuocl-it	2026-09-17
攻击程序	gong ji cheng xu	15	网络与安全	term	攻击程序	thuocl-it	2026-09-17
敏捷工具	min jie gong ju	15	工程与交付	term	敏捷工具	thuocl-it	2026-09-17
敏捷开发	min jie kai fa	15	工程与交付	term	敏捷开发	thuocl-it	2026-09-17
敏捷开发原则	min jie kai fa yuan ze	15	工程与交付	term	敏捷开发原则	thuocl-it	2026-09-17
敏捷开发工具	min jie kai fa gong ju	15	工程与交付	term	敏捷开发工具	thuocl-it	2026-09-17
敏捷开发过程	min jie kai fa guo cheng	15	工程与交付	term	敏捷开发过程	thuocl-it	2026-09-17
敏捷运维	min jie yun wei	15	工程与交付	term	敏捷运维	thuocl-it	2026-09-17
散列函数	san lie han shu	15	数据与存储	term	散列函数	thuocl-it	2026-09-17
散列索引	san lie suo yin	15	数据与存储	term	散列索引	thuocl-it	2026-09-17
散列表	san lie biao	15	数据与存储	term	散列表	thuocl-it	2026-09-17
数据一致性	shu ju yi zhi xing	15	数据与存储	term	数据一致性	thuocl-it	2026-09-17
数据交换	shu ju jiao huan	15	数据与存储	term	数据交换	thuocl-it	2026-09-17
数据交换机	shu ju jiao huan ji	15	数据与存储	term	数据交换机	thuocl-it	2026-09-17
数据仓库	shu ju cang ku	15	数据与存储	term	数据仓库	thuocl-it	2026-09-17
数据分析师	shu ju fen xi shi	15	数据与存储	term	数据分析师	thuocl-it	2026-09-17
数据分析挖掘	shu ju fen xi wa jue	15	数据与存储	term	数据分析挖掘	thuocl-it	2026-09-17
数据分析系统	shu ju fen xi xi tong	15	数据与存储	term	数据分析系统	thuocl-it	2026-09-17
数据加密	shu ju jia mi	15	数据与存储	term	数据加密	thuocl-it	2026-09-17
数据加密密钥	shu ju jia mi mi yue	15	数据与存储	term	数据加密密钥	thuocl-it	2026-09-17
数据加密标准	shu ju jia mi biao zhun	15	数据与存储	term	数据加密标准	thuocl-it	2026-09-17
数据加密算法	shu ju jia mi suan fa	15	数据与存储	term	数据加密算法	thuocl-it	2026-09-17
数据压缩	shu ju ya suo	15	数据与存储	term	数据压缩	thuocl-it	2026-09-17
数据同步	shu ju tong bu	15	数据与存储	term	数据同步	thuocl-it	2026-09-17
数据字典	shu ju zi dian	15	数据与存储	term	数据字典	thuocl-it	2026-09-17
数据完整性	shu ju wan zheng xing	15	数据与存储	term	数据完整性	thuocl-it	2026-09-17
数据库中间件	shu ju ku zhong jian jian	15	数据与存储	term	数据库中间件	thuocl-it	2026-09-17
数据库事务	shu ju ku shi wu	15	数据与存储	term	数据库事务	thuocl-it	2026-09-17
数据库优化	shu ju ku you hua	15	数据与存储	term	数据库优化	thuocl-it	2026-09-17
数据库作业	shu ju ku zuo ye	15	数据与存储	term	数据库作业	thuocl-it	2026-09-17
数据库修复	shu ju ku xiu fu	15	数据与存储	term	数据库修复	thuocl-it	2026-09-17
数据库函数	shu ju ku han shu	15	数据与存储	term	数据库函数	thuocl-it	2026-09-17
数据库分页	shu ju ku fen ye	15	数据与存储	term	数据库分页	thuocl-it	2026-09-17
数据库升级	shu ju ku sheng ji	15	数据与存储	term	数据库升级	thuocl-it	2026-09-17
数据库原理	shu ju ku yuan li	15	数据与存储	term	数据库原理	thuocl-it	2026-09-17
数据库备份	shu ju ku bei fen	15	数据与存储	term	数据库备份	thuocl-it	2026-09-17
数据库复制	shu ju ku fu zhi	15	数据与存储	term	数据库复制	thuocl-it	2026-09-17
数据库安全	shu ju ku an quan	15	数据与存储	term	数据库安全	thuocl-it	2026-09-17
数据库安装	shu ju ku an zhuang	15	数据与存储	term	数据库安装	thuocl-it	2026-09-17
数据库完整性	shu ju ku wan zheng xing	15	数据与存储	term	数据库完整性	thuocl-it	2026-09-17
数据库应用	shu ju ku ying yong	15	数据与存储	term	数据库应用	thuocl-it	2026-09-17
数据库建模	shu ju ku jian mo	15	数据与存储	term	数据库建模	thuocl-it	2026-09-17
数据库开发	shu ju ku kai fa	15	数据与存储	term	数据库开发	thuocl-it	2026-09-17
数据库引擎	shu ju ku yin qing	15	数据与存储	term	数据库引擎	thuocl-it	2026-09-17
数据库恢复	shu ju ku hui fu	15	数据与存储	term	数据库恢复	thuocl-it	2026-09-17
数据库接口	shu ju ku jie kou	15	数据与存储	term	数据库接口	thuocl-it	2026-09-17
数据库操作	shu ju ku cao zuo	15	数据与存储	term	数据库操作	thuocl-it	2026-09-17
数据库更新	shu ju ku geng xin	15	数据与存储	term	数据库更新	thuocl-it	2026-09-17
数据库服务器	shu ju ku fu wu qi	15	数据与存储	term	数据库服务器	thuocl-it	2026-09-17
数据库机	shu ju ku ji	15	数据与存储	term	数据库机	thuocl-it	2026-09-17
数据库查询	shu ju ku cha xun	15	数据与存储	term	数据库查询	thuocl-it	2026-09-17
数据库框架	shu ju ku kuang jia	15	数据与存储	term	数据库框架	thuocl-it	2026-09-17
数据库模型	shu ju ku mo xing	15	数据与存储	term	数据库模型	thuocl-it	2026-09-17
数据库环境	shu ju ku huan jing	15	数据与存储	term	数据库环境	thuocl-it	2026-09-17
数据库管理	shu ju ku guan li	15	数据与存储	term	数据库管理	thuocl-it	2026-09-17
数据库管理员	shu ju ku guan li yuan	15	数据与存储	term	数据库管理员	thuocl-it	2026-09-17
数据库系统	shu ju ku xi tong	15	数据与存储	term	数据库系统	thuocl-it	2026-09-17
数据库索引	shu ju ku suo yin	15	数据与存储	term	数据库索引	thuocl-it	2026-09-17
数据库结构	shu ju ku jie gou	15	数据与存储	term	数据库结构	thuocl-it	2026-09-17
数据库维护	shu ju ku wei hu	15	数据与存储	term	数据库维护	thuocl-it	2026-09-17
数据库缓存	shu ju ku huan cun	15	数据与存储	term	数据库缓存	thuocl-it	2026-09-17
数据库编程	shu ju ku bian cheng	15	数据与存储	term	数据库编程	thuocl-it	2026-09-17
数据库范式	shu ju ku fan shi	15	数据与存储	term	数据库范式	thuocl-it	2026-09-17
数据库表	shu ju ku biao	15	数据与存储	term	数据库表	thuocl-it	2026-09-17
数据库表设计	shu ju ku biao she ji	15	数据与存储	term	数据库表设计	thuocl-it	2026-09-17
数据库设计	shu ju ku she ji	15	数据与存储	term	数据库设计	thuocl-it	2026-09-17
数据库访问	shu ju ku fang wen	15	数据与存储	term	数据库访问	thuocl-it	2026-09-17
数据库调优	shu ju ku tiao you	15	数据与存储	term	数据库调优	thuocl-it	2026-09-17
数据库迁移	shu ju ku qian yi	15	数据与存储	term	数据库迁移	thuocl-it	2026-09-17
数据库连接	shu ju ku lian jie	15	数据与存储	term	数据库连接	thuocl-it	2026-09-17
数据库连接池	shu ju ku lian jie chi	15	数据与存储	term	数据库连接池	thuocl-it	2026-09-17
数据库配置	shu ju ku pei zhi	15	数据与存储	term	数据库配置	thuocl-it	2026-09-17
数据库重构	shu ju ku chong gou	15	数据与存储	term	数据库重构	thuocl-it	2026-09-17
数据库重组	shu ju ku chong zu	15	数据与存储	term	数据库重组	thuocl-it	2026-09-17
数据库链接	shu ju ku lian jie	15	数据与存储	term	数据库链接	thuocl-it	2026-09-17
数据库集成	shu ju ku ji cheng	15	数据与存储	term	数据库集成	thuocl-it	2026-09-17
数据库集群	shu ju ku ji qun	15	数据与存储	term	数据库集群	thuocl-it	2026-09-17
数据挖掘分析	shu ju wa jue fen xi	15	数据与存储	term	数据挖掘分析	thuocl-it	2026-09-17
数据挖掘原理	shu ju wa jue yuan li	15	数据与存储	term	数据挖掘原理	thuocl-it	2026-09-17
数据挖掘技术	shu ju wa jue ji shu	15	数据与存储	term	数据挖掘技术	thuocl-it	2026-09-17
数据挖掘算法	shu ju wa jue suan fa	15	数据与存储	term	数据挖掘算法	thuocl-it	2026-09-17
数据流分析	shu ju liu fen xi	15	数据与存储	term	数据流分析	thuocl-it	2026-09-17
数据流图	shu ju liu tu	15	数据与存储	term	数据流图	thuocl-it	2026-09-17
数据流计算机	shu ju liu ji suan ji	15	数据与存储	term	数据流计算机	thuocl-it	2026-09-17
数据流语言	shu ju liu yu yan	15	数据与存储	term	数据流语言	thuocl-it	2026-09-17
数据源	shu ju yuan	15	数据与存储	term	数据源	thuocl-it	2026-09-17
数据源控件	shu ju yuan kong jian	15	数据与存储	term	数据源控件	thuocl-it	2026-09-17
数据源配置	shu ju yuan pei zhi	15	数据与存储	term	数据源配置	thuocl-it	2026-09-17
数据类型转换	shu ju lei xing zhuan huan	15	数据与存储	term	数据类型转换	thuocl-it	2026-09-17
数据结构算法	shu ju jie gou suan fa	15	数据与存储	term	数据结构算法	thuocl-it	2026-09-17
数据表示	shu ju biao shi	15	数据与存储	term	数据表示	thuocl-it	2026-09-17
数据访问	shu ju fang wen	15	数据与存储	term	数据访问	thuocl-it	2026-09-17
数据访问路径	shu ju fang wen lu jing	15	数据与存储	term	数据访问路径	thuocl-it	2026-09-17
数据迁移	shu ju qian yi	15	数据与存储	term	数据迁移	thuocl-it	2026-09-17
数据集市	shu ju ji shi	15	数据与存储	term	数据集市	thuocl-it	2026-09-17
数据集成	shu ju ji cheng	15	数据与存储	term	数据集成	thuocl-it	2026-09-17
文件上传下载	wen jian shang chuan xia zai	15	系统与并发	term	文件上传下载	thuocl-it	2026-09-17
文件下载	wen jian xia zai	15	系统与并发	term	文件下载	thuocl-it	2026-09-17
文件事件	wen jian shi jian	15	系统与并发	term	文件事件	thuocl-it	2026-09-17
文件传输	wen jian chuan shu	15	系统与并发	term	文件传输	thuocl-it	2026-09-17
文件传输协议	wen jian chuan shu xie yi	15	系统与并发	term	文件传输协议	thuocl-it	2026-09-17
文件传送	wen jian chuan song	15	系统与并发	term	文件传送	thuocl-it	2026-09-17
文件传送协议	wen jian chuan song xie yi	15	系统与并发	term	文件传送协议	thuocl-it	2026-09-17
文件保存	wen jian bao cun	15	系统与并发	term	文件保存	thuocl-it	2026-09-17
文件保护	wen jian bao hu	15	系统与并发	term	文件保护	thuocl-it	2026-09-17
文件共享	wen jian gong xiang	15	系统与并发	term	文件共享	thuocl-it	2026-09-17
文件写入	wen jian xie ru	15	系统与并发	term	文件写入	thuocl-it	2026-09-17
文件分割	wen jian fen ge	15	系统与并发	term	文件分割	thuocl-it	2026-09-17
文件分段	wen jian fen duan	15	系统与并发	term	文件分段	thuocl-it	2026-09-17
文件分配	wen jian fen pei	15	系统与并发	term	文件分配	thuocl-it	2026-09-17
文件分配表	wen jian fen pei biao	15	系统与并发	term	文件分配表	thuocl-it	2026-09-17
文件列表	wen jian lie biao	15	系统与并发	term	文件列表	thuocl-it	2026-09-17
文件创建	wen jian chuang jian	15	系统与并发	term	文件创建	thuocl-it	2026-09-17
文件删除	wen jian shan chu	15	系统与并发	term	文件删除	thuocl-it	2026-09-17
文件加密	wen jian jia mi	15	系统与并发	term	文件加密	thuocl-it	2026-09-17
文件包含	wen jian bao han	15	系统与并发	term	文件包含	thuocl-it	2026-09-17
文件压缩	wen jian ya suo	15	系统与并发	term	文件压缩	thuocl-it	2026-09-17
文件句柄	wen jian ju bing	15	系统与并发	term	文件句柄	thuocl-it	2026-09-17
文件合并	wen jian he bing	15	系统与并发	term	文件合并	thuocl-it	2026-09-17
文件同步	wen jian tong bu	15	系统与并发	term	文件同步	thuocl-it	2026-09-17
文件名乱码	wen jian ming luan ma	15	系统与并发	term	文件名乱码	thuocl-it	2026-09-17
文件名扩展	wen jian ming kuo zhan	15	系统与并发	term	文件名扩展	thuocl-it	2026-09-17
文件地址	wen jian di zhi	15	系统与并发	term	文件地址	thuocl-it	2026-09-17
文件处理	wen jian chu li	15	系统与并发	term	文件处理	thuocl-it	2026-09-17
文件备份	wen jian bei fen	15	系统与并发	term	文件备份	thuocl-it	2026-09-17
文件复制	wen jian fu zhi	15	系统与并发	term	文件复制	thuocl-it	2026-09-17
文件大小	wen jian da xiao	15	系统与并发	term	文件大小	thuocl-it	2026-09-17
文件夹大小	wen jian jia da xiao	15	系统与并发	term	文件夹大小	thuocl-it	2026-09-17
文件夹操作	wen jian jia cao zuo	15	系统与并发	term	文件夹操作	thuocl-it	2026-09-17
文件夹遍历	wen jian jia bian li	15	系统与并发	term	文件夹遍历	thuocl-it	2026-09-17
文件子系统	wen jian zi xi tong	15	系统与并发	term	文件子系统	thuocl-it	2026-09-17
文件存储	wen jian cun chu	15	系统与并发	term	文件存储	thuocl-it	2026-09-17
文件存储器	wen jian cun chu qi	15	系统与并发	term	文件存储器	thuocl-it	2026-09-17
文件存取	wen jian cun qu	15	系统与并发	term	文件存取	thuocl-it	2026-09-17
文件安全	wen jian an quan	15	系统与并发	term	文件安全	thuocl-it	2026-09-17
文件定义	wen jian ding yi	15	系统与并发	term	文件定义	thuocl-it	2026-09-17
文件对比工具	wen jian dui bi gong ju	15	系统与并发	term	文件对比工具	thuocl-it	2026-09-17
文件对话框	wen jian dui hua kuang	15	系统与并发	term	文件对话框	thuocl-it	2026-09-17
文件尺寸	wen jian chi cun	15	系统与并发	term	文件尺寸	thuocl-it	2026-09-17
文件属性	wen jian shu xing	15	系统与并发	term	文件属性	thuocl-it	2026-09-17
文件恢复	wen jian hui fu	15	系统与并发	term	文件恢复	thuocl-it	2026-09-17
文件批量上传	wen jian pi liang shang chuan	15	系统与并发	term	文件批量上传	thuocl-it	2026-09-17
文件拖拽	wen jian tuo zhuai	15	系统与并发	term	文件拖拽	thuocl-it	2026-09-17
文件拷贝	wen jian kao bei	15	系统与并发	term	文件拷贝	thuocl-it	2026-09-17
文件指针	wen jian zhi zhen	15	系统与并发	term	文件指针	thuocl-it	2026-09-17
文件控制	wen jian kong zhi	15	系统与并发	term	文件控制	thuocl-it	2026-09-17
文件控制块	wen jian kong zhi kuai	15	系统与并发	term	文件控制块	thuocl-it	2026-09-17
文件描述符	wen jian miao shu fu	15	系统与并发	term	文件描述符	thuocl-it	2026-09-17
文件搜索	wen jian sou suo	15	系统与并发	term	文件搜索	thuocl-it	2026-09-17
文件操作	wen jian cao zuo	15	系统与并发	term	文件操作	thuocl-it	2026-09-17
文件操作函数	wen jian cao zuo han shu	15	系统与并发	term	文件操作函数	thuocl-it	2026-09-17
文件操作命令	wen jian cao zuo ming ling	15	系统与并发	term	文件操作命令	thuocl-it	2026-09-17
文件时间	wen jian shi jian	15	系统与并发	term	文件时间	thuocl-it	2026-09-17
文件服务器	wen jian fu wu qi	15	系统与并发	term	文件服务器	thuocl-it	2026-09-17
文件查找	wen jian cha zhao	15	系统与并发	term	文件查找	thuocl-it	2026-09-17
文件比较工具	wen jian bi jiao gong ju	15	系统与并发	term	文件比较工具	thuocl-it	2026-09-17
文件流	wen jian liu	15	系统与并发	term	文件流	thuocl-it	2026-09-17
文件流操作	wen jian liu cao zuo	15	系统与并发	term	文件流操作	thuocl-it	2026-09-17
文件浏览器	wen jian liu lan qi	15	系统与并发	term	文件浏览器	thuocl-it	2026-09-17
文件监控	wen jian jian kong	15	系统与并发	term	文件监控	thuocl-it	2026-09-17
文件目录	wen jian mu lu	15	系统与并发	term	文件目录	thuocl-it	2026-09-17
文件空间	wen jian kong jian	15	系统与并发	term	文件空间	thuocl-it	2026-09-17
文件管理	wen jian guan li	15	系统与并发	term	文件管理	thuocl-it	2026-09-17
文件管理器	wen jian guan li qi	15	系统与并发	term	文件管理器	thuocl-it	2026-09-17
文件管理系统	wen jian guan li xi tong	15	系统与并发	term	文件管理系统	thuocl-it	2026-09-17
文件类型	wen jian lei xing	15	系统与并发	term	文件类型	thuocl-it	2026-09-17
文件系统制作	wen jian xi tong zhi zuo	15	系统与并发	term	文件系统制作	thuocl-it	2026-09-17
文件系统阶段	wen jian xi tong jie duan	15	系统与并发	term	文件系统阶段	thuocl-it	2026-09-17
文件组织	wen jian zu zhi	15	系统与并发	term	文件组织	thuocl-it	2026-09-17
文件结构	wen jian jie gou	15	系统与并发	term	文件结构	thuocl-it	2026-09-17
文件维护	wen jian wei hu	15	系统与并发	term	文件维护	thuocl-it	2026-09-17
文件编码	wen jian bian ma	15	系统与并发	term	文件编码	thuocl-it	2026-09-17
文件编程	wen jian bian cheng	15	系统与并发	term	文件编程	thuocl-it	2026-09-17
文件解析	wen jian jie xi	15	系统与并发	term	文件解析	thuocl-it	2026-09-17
文件访问	wen jian fang wen	15	系统与并发	term	文件访问	thuocl-it	2026-09-17
文件读写	wen jian du xie	15	系统与并发	term	文件读写	thuocl-it	2026-09-17
文件读取	wen jian du qu	15	系统与并发	term	文件读取	thuocl-it	2026-09-17
文件路径	wen jian lu jing	15	系统与并发	term	文件路径	thuocl-it	2026-09-17
文件输入输出	wen jian shu ru shu chu	15	系统与并发	term	文件输入输出	thuocl-it	2026-09-17
文件迁移	wen jian qian yi	15	系统与并发	term	文件迁移	thuocl-it	2026-09-17
文件选择	wen jian xuan ze	15	系统与并发	term	文件选择	thuocl-it	2026-09-17
文件遍历	wen jian bian li	15	系统与并发	term	文件遍历	thuocl-it	2026-09-17
文件重定向	wen jian chong ding xiang	15	系统与并发	term	文件重定向	thuocl-it	2026-09-17
文件锁	wen jian suo	15	系统与并发	term	文件锁	thuocl-it	2026-09-17
文件预览	wen jian yu lan	15	系统与并发	term	文件预览	thuocl-it	2026-09-17
文档处理	wen dang chu li	15	工程与交付	term	文档处理	thuocl-it	2026-09-17
文档数据库	wen dang shu ju ku	15	工程与交付	term	文档数据库	thuocl-it	2026-09-17
文档检索	wen dang jian suo	15	工程与交付	term	文档检索	thuocl-it	2026-09-17
文档模板	wen dang mo ban	15	工程与交付	term	文档模板	thuocl-it	2026-09-17
文档注释	wen dang zhu shi	15	工程与交付	term	文档注释	thuocl-it	2026-09-17
文档流	wen dang liu	15	工程与交付	term	文档流	thuocl-it	2026-09-17
文档管理	wen dang guan li	15	工程与交付	term	文档管理	thuocl-it	2026-09-17
文档级别	wen dang ji bie	15	工程与交付	term	文档级别	thuocl-it	2026-09-17
文档编制	wen dang bian zhi	15	工程与交付	term	文档编制	thuocl-it	2026-09-17
文档编辑	wen dang bian ji	15	工程与交付	term	文档编辑	thuocl-it	2026-09-17
文档翻译	wen dang fan yi	15	工程与交付	term	文档翻译	thuocl-it	2026-09-17
文档边界	wen dang bian jie	15	工程与交付	term	文档边界	thuocl-it	2026-09-17
断点下载	duan dian xia zai	15	工程与交付	term	断点下载	thuocl-it	2026-09-17
断点开关	duan dian kai guan	15	工程与交付	term	断点开关	thuocl-it	2026-09-17
断点调试	duan dian tiao shi	15	工程与交付	term	断点调试	thuocl-it	2026-09-17
方法内部类	fang fa nei bu lei	15	语言与架构	term	方法内部类	thuocl-it	2026-09-17
方法区	fang fa qu	15	语言与架构	term	方法区	thuocl-it	2026-09-17
方法参数	fang fa can shu	15	语言与架构	term	方法参数	thuocl-it	2026-09-17
方法名	fang fa ming	15	语言与架构	term	方法名	thuocl-it	2026-09-17
方法多态	fang fa duo tai	15	语言与架构	term	方法多态	thuocl-it	2026-09-17
方法库	fang fa ku	15	语言与架构	term	方法库	thuocl-it	2026-09-17
方法类	fang fa lei	15	语言与架构	term	方法类	thuocl-it	2026-09-17
方法调用	fang fa diao yong	15	语言与架构	term	方法调用	thuocl-it	2026-09-17
方法重写	fang fa chong xie	15	语言与架构	term	方法重写	thuocl-it	2026-09-17
方法重载	fang fa chong zai	15	语言与架构	term	方法重载	thuocl-it	2026-09-17
日志分析	ri zhi fen xi	15	数据与存储	term	日志分析	thuocl-it	2026-09-17
日志分析系统	ri zhi fen xi xi tong	15	数据与存储	term	日志分析系统	thuocl-it	2026-09-17
日志处理	ri zhi chu li	15	数据与存储	term	日志处理	thuocl-it	2026-09-17
日志审计	ri zhi shen ji	15	数据与存储	term	日志审计	thuocl-it	2026-09-17
日志工具	ri zhi gong ju	15	数据与存储	term	日志工具	thuocl-it	2026-09-17
日志打印	ri zhi da yin	15	数据与存储	term	日志打印	thuocl-it	2026-09-17
日志收集	ri zhi shou ji	15	数据与存储	term	日志收集	thuocl-it	2026-09-17
日志文件	ri zhi wen jian	15	数据与存储	term	日志文件	thuocl-it	2026-09-17
日志文件系统	ri zhi wen jian xi tong	15	数据与存储	term	日志文件系统	thuocl-it	2026-09-17
日志服务器	ri zhi fu wu qi	15	数据与存储	term	日志服务器	thuocl-it	2026-09-17
日志框架	ri zhi kuang jia	15	数据与存储	term	日志框架	thuocl-it	2026-09-17
日志监控	ri zhi jian kong	15	数据与存储	term	日志监控	thuocl-it	2026-09-17
日志管理	ri zhi guan li	15	数据与存储	term	日志管理	thuocl-it	2026-09-17
日志系统	ri zhi xi tong	15	数据与存储	term	日志系统	thuocl-it	2026-09-17
日志记录	ri zhi ji lu	15	数据与存储	term	日志记录	thuocl-it	2026-09-17
日志输出	ri zhi shu chu	15	数据与存储	term	日志输出	thuocl-it	2026-09-17
日志配置	ri zhi pei zhi	15	数据与存储	term	日志配置	thuocl-it	2026-09-17
服务器交互	fu wu qi jiao hu	15	网络与安全	term	服务器交互	thuocl-it	2026-09-17
服务器优化	fu wu qi you hua	15	网络与安全	term	服务器优化	thuocl-it	2026-09-17
服务器备份	fu wu qi bei fen	15	网络与安全	term	服务器备份	thuocl-it	2026-09-17
服务器存储	fu wu qi cun chu	15	网络与安全	term	服务器存储	thuocl-it	2026-09-17
服务器安全	fu wu qi an quan	15	网络与安全	term	服务器安全	thuocl-it	2026-09-17
服务器应用	fu wu qi ying yong	15	网络与安全	term	服务器应用	thuocl-it	2026-09-17
服务器开发	fu wu qi kai fa	15	网络与安全	term	服务器开发	thuocl-it	2026-09-17
服务器性能	fu wu qi xing neng	15	网络与安全	term	服务器性能	thuocl-it	2026-09-17
服务器控件	fu wu qi kong jian	15	网络与安全	term	服务器控件	thuocl-it	2026-09-17
服务器搭建	fu wu qi da jian	15	网络与安全	term	服务器搭建	thuocl-it	2026-09-17
服务器架构	fu wu qi jia gou	15	网络与安全	term	服务器架构	thuocl-it	2026-09-17
服务器架设	fu wu qi jia she	15	网络与安全	term	服务器架设	thuocl-it	2026-09-17
服务器模型	fu wu qi mo xing	15	网络与安全	term	服务器模型	thuocl-it	2026-09-17
服务器测试	fu wu qi ce shi	15	网络与安全	term	服务器测试	thuocl-it	2026-09-17
服务器环境	fu wu qi huan jing	15	网络与安全	term	服务器环境	thuocl-it	2026-09-17
服务器监控	fu wu qi jian kong	15	网络与安全	term	服务器监控	thuocl-it	2026-09-17
服务器端编程	fu wu qi duan bian cheng	15	网络与安全	term	服务器端编程	thuocl-it	2026-09-17
服务器管理	fu wu qi guan li	15	网络与安全	term	服务器管理	thuocl-it	2026-09-17
服务器类	fu wu qi lei	15	网络与安全	term	服务器类	thuocl-it	2026-09-17
服务器维护	fu wu qi wei hu	15	网络与安全	term	服务器维护	thuocl-it	2026-09-17
服务器编程	fu wu qi bian cheng	15	网络与安全	term	服务器编程	thuocl-it	2026-09-17
服务器网站	fu wu qi wang zhan	15	网络与安全	term	服务器网站	thuocl-it	2026-09-17
服务器设置	fu wu qi she zhi	15	网络与安全	term	服务器设置	thuocl-it	2026-09-17
服务器设计	fu wu qi she ji	15	网络与安全	term	服务器设计	thuocl-it	2026-09-17
服务器软件	fu wu qi ruan jian	15	网络与安全	term	服务器软件	thuocl-it	2026-09-17
服务器运维	fu wu qi yun wei	15	网络与安全	term	服务器运维	thuocl-it	2026-09-17
服务器部署	fu wu qi bu shu	15	网络与安全	term	服务器部署	thuocl-it	2026-09-17
服务器配置	fu wu qi pei zhi	15	网络与安全	term	服务器配置	thuocl-it	2026-09-17
服务器集群	fu wu qi ji qun	15	网络与安全	term	服务器集群	thuocl-it	2026-09-17
服务端开发	fu wu duan kai fa	15	网络与安全	term	服务端开发	thuocl-it	2026-09-17
服务端架构	fu wu duan jia gou	15	网络与安全	term	服务端架构	thuocl-it	2026-09-17
服务端编程	fu wu duan bian cheng	15	网络与安全	term	服务端编程	thuocl-it	2026-09-17
权限修饰符	quan xian xiu shi fu	15	网络与安全	term	权限修饰符	thuocl-it	2026-09-17
权限分配	quan xian fen pei	15	网络与安全	term	权限分配	thuocl-it	2026-09-17
权限对象	quan xian dui xiang	15	网络与安全	term	权限对象	thuocl-it	2026-09-17
权限控制	quan xian kong zhi	15	网络与安全	term	权限控制	thuocl-it	2026-09-17
权限框架	quan xian kuang jia	15	网络与安全	term	权限框架	thuocl-it	2026-09-17
权限管理	quan xian guan li	15	网络与安全	term	权限管理	thuocl-it	2026-09-17
权限类	quan xian lei	15	网络与安全	term	权限类	thuocl-it	2026-09-17
权限系统	quan xian xi tong	15	网络与安全	term	权限系统	thuocl-it	2026-09-17
权限设置	quan xian she zhi	15	网络与安全	term	权限设置	thuocl-it	2026-09-17
权限设计	quan xian she ji	15	网络与安全	term	权限设计	thuocl-it	2026-09-17
构建工具	gou jian gong ju	15	工程与交付	term	构建工具	thuocl-it	2026-09-17
构造代码块	gou zao dai ma kuai	15	语言与架构	term	构造代码块	thuocl-it	2026-09-17
构造几何	gou zao ji he	15	语言与架构	term	构造几何	thuocl-it	2026-09-17
构造器	gou zao qi	15	语言与架构	term	构造器	thuocl-it	2026-09-17
构造型	gou zao xing	15	语言与架构	term	构造型	thuocl-it	2026-09-17
构造性证明	gou zao xing zheng ming	15	语言与架构	term	构造性证明	thuocl-it	2026-09-17
构造方法	gou zao fang fa	15	语言与架构	term	构造方法	thuocl-it	2026-09-17
构造泛型类型	gou zao fan xing lei xing	15	语言与架构	term	构造泛型类型	thuocl-it	2026-09-17
构造程序	gou zao cheng xu	15	语言与架构	term	构造程序	thuocl-it	2026-09-17
构造算法	gou zao suan fa	15	语言与架构	term	构造算法	thuocl-it	2026-09-17
构造类型	gou zao lei xing	15	语言与架构	term	构造类型	thuocl-it	2026-09-17
析构	xi gou	15	语言与架构	term	析构	thuocl-it	2026-09-17
析构函数	xi gou han shu	15	语言与架构	term	析构函数	thuocl-it	2026-09-17
枚举变量	mei ju bian liang	15	语言与架构	term	枚举变量	thuocl-it	2026-09-17
枚举暴力	mei ju bao li	15	语言与架构	term	枚举暴力	thuocl-it	2026-09-17
枚举法	mei ju fa	15	语言与架构	term	枚举法	thuocl-it	2026-09-17
枚举类	mei ju lei	15	语言与架构	term	枚举类	thuocl-it	2026-09-17
枚举类型	mei ju lei xing	15	语言与架构	term	枚举类型	thuocl-it	2026-09-17
枚举进程	mei ju jin cheng	15	语言与架构	term	枚举进程	thuocl-it	2026-09-17
架构分析	jia gou fen xi	15	语言与架构	term	架构分析	thuocl-it	2026-09-17
架构师	jia gou shi	15	语言与架构	term	架构师	thuocl-it	2026-09-17
架构探索	jia gou tan suo	15	语言与架构	term	架构探索	thuocl-it	2026-09-17
架构文档	jia gou wen dang	15	语言与架构	term	架构文档	thuocl-it	2026-09-17
架构模块	jia gou mo kuai	15	语言与架构	term	架构模块	thuocl-it	2026-09-17
架构知识	jia gou zhi shi	15	语言与架构	term	架构知识	thuocl-it	2026-09-17
架构类	jia gou lei	15	语言与架构	term	架构类	thuocl-it	2026-09-17
查询关键字	cha xun guan jian zi	15	数据与存储	term	查询关键字	thuocl-it	2026-09-17
查询分析器	cha xun fen xi qi	15	数据与存储	term	查询分析器	thuocl-it	2026-09-17
查询变量	cha xun bian liang	15	数据与存储	term	查询变量	thuocl-it	2026-09-17
查询子句	cha xun zi ju	15	数据与存储	term	查询子句	thuocl-it	2026-09-17
查询接口	cha xun jie kou	15	数据与存储	term	查询接口	thuocl-it	2026-09-17
查询缓存	cha xun huan cun	15	数据与存储	term	查询缓存	thuocl-it	2026-09-17
查询表达式	cha xun biao da shi	15	数据与存储	term	查询表达式	thuocl-it	2026-09-17
查询语句	cha xun yu ju	15	数据与存储	term	查询语句	thuocl-it	2026-09-17
查询语言	cha xun yu yan	15	数据与存储	term	查询语言	thuocl-it	2026-09-17
栈与队列	zhan yu dui lie	15	系统与并发	term	栈与队列	thuocl-it	2026-09-17
栈元素	zhan yuan su	15	系统与并发	term	栈元素	thuocl-it	2026-09-17
栈内存	zhan nei cun	15	系统与并发	term	栈内存	thuocl-it	2026-09-17
栈内容	zhan nei rong	15	系统与并发	term	栈内容	thuocl-it	2026-09-17
栈单元	zhan dan yuan	15	系统与并发	term	栈单元	thuocl-it	2026-09-17
栈和队列	zhan he dui lie	15	系统与并发	term	栈和队列	thuocl-it	2026-09-17
栈地址	zhan di zhi	15	系统与并发	term	栈地址	thuocl-it	2026-09-17
栈容量	zhan rong liang	15	系统与并发	term	栈容量	thuocl-it	2026-09-17
栈展开	zhan zhan kai	15	系统与并发	term	栈展开	thuocl-it	2026-09-17
栈指针	zhan zhi zhen	15	系统与并发	term	栈指针	thuocl-it	2026-09-17
栈控制	zhan kong zhi	15	系统与并发	term	栈控制	thuocl-it	2026-09-17
栈机制	zhan ji zhi	15	系统与并发	term	栈机制	thuocl-it	2026-09-17
栈溢出	zhan yi chu	15	系统与并发	term	栈溢出	thuocl-it	2026-09-17
栈算法	zhan suan fa	15	系统与并发	term	栈算法	thuocl-it	2026-09-17
样式属性	yang shi shu xing	15	前端与应用	term	样式属性	thuocl-it	2026-09-17
样式表	yang shi biao	15	前端与应用	term	样式表	thuocl-it	2026-09-17
桌面图标	zhuo mian tu biao	15	前端与应用	term	桌面图标	thuocl-it	2026-09-17
桌面处理器	zhuo mian chu li qi	15	前端与应用	term	桌面处理器	thuocl-it	2026-09-17
桌面快捷方式	zhuo mian kuai jie fang shi	15	前端与应用	term	桌面快捷方式	thuocl-it	2026-09-17
桌面操作系统	zhuo mian cao zuo xi tong	15	前端与应用	term	桌面操作系统	thuocl-it	2026-09-17
桌面检查	zhuo mian jian cha	15	前端与应用	term	桌面检查	thuocl-it	2026-09-17
桌面系统	zhuo mian xi tong	15	前端与应用	term	桌面系统	thuocl-it	2026-09-17
桌面虚拟化	zhuo mian xu ni hua	15	前端与应用	term	桌面虚拟化	thuocl-it	2026-09-17
桌面计算机	zhuo mian ji suan ji	15	前端与应用	term	桌面计算机	thuocl-it	2026-09-17
模块分解	mo kuai fen jie	15	语言与架构	term	模块分解	thuocl-it	2026-09-17
模块加载	mo kuai jia zai	15	语言与架构	term	模块加载	thuocl-it	2026-09-17
模块化开发	mo kuai hua kai fa	15	语言与架构	term	模块化开发	thuocl-it	2026-09-17
模块化方法	mo kuai hua fang fa	15	语言与架构	term	模块化方法	thuocl-it	2026-09-17
模块化编程	mo kuai hua bian cheng	15	语言与架构	term	模块化编程	thuocl-it	2026-09-17
模块外	mo kuai wai	15	语言与架构	term	模块外	thuocl-it	2026-09-17
模块安装	mo kuai an zhuang	15	语言与架构	term	模块安装	thuocl-it	2026-09-17
模块开发	mo kuai kai fa	15	语言与架构	term	模块开发	thuocl-it	2026-09-17
模块性	mo kuai xing	15	语言与架构	term	模块性	thuocl-it	2026-09-17
模块测试	mo kuai ce shi	15	语言与架构	term	模块测试	thuocl-it	2026-09-17
模块驱动	mo kuai qu dong	15	语言与架构	term	模块驱动	thuocl-it	2026-09-17
模板元	mo ban yuan	15	语言与架构	term	模板元	thuocl-it	2026-09-17
模板元编程	mo ban yuan bian cheng	15	语言与架构	term	模板元编程	thuocl-it	2026-09-17
模板函数	mo ban han shu	15	语言与架构	term	模板函数	thuocl-it	2026-09-17
模板化控件	mo ban hua kong jian	15	语言与架构	term	模板化控件	thuocl-it	2026-09-17
模板匹配	mo ban pi pei	15	语言与架构	term	模板匹配	thuocl-it	2026-09-17
模板库	mo ban ku	15	语言与架构	term	模板库	thuocl-it	2026-09-17
模板引擎	mo ban yin qing	15	语言与架构	term	模板引擎	thuocl-it	2026-09-17
模板技术	mo ban ji shu	15	语言与架构	term	模板技术	thuocl-it	2026-09-17
模板整理	mo ban zheng li	15	语言与架构	term	模板整理	thuocl-it	2026-09-17
模板消息	mo ban xiao xi	15	语言与架构	term	模板消息	thuocl-it	2026-09-17
模板算法	mo ban suan fa	15	语言与架构	term	模板算法	thuocl-it	2026-09-17
模板类	mo ban lei	15	语言与架构	term	模板类	thuocl-it	2026-09-17
模板编程	mo ban bian cheng	15	语言与架构	term	模板编程	thuocl-it	2026-09-17
模板节点	mo ban jie dian	15	语言与架构	term	模板节点	thuocl-it	2026-09-17
模板集	mo ban ji	15	语言与架构	term	模板集	thuocl-it	2026-09-17
模板题	mo ban ti	15	语言与架构	term	模板题	thuocl-it	2026-09-17
正则匹配	zheng ze pi pei	15	系统与并发	term	正则匹配	thuocl-it	2026-09-17
正则序	zheng ze xu	15	系统与并发	term	正则序	thuocl-it	2026-09-17
正则形式	zheng ze xing shi	15	系统与并发	term	正则形式	thuocl-it	2026-09-17
正则表达	zheng ze biao da	15	系统与并发	term	正则表达	thuocl-it	2026-09-17
正则表达式	zheng ze biao da shi	15	系统与并发	term	正则表达式	thuocl-it	2026-09-17
正则语言	zheng ze yu yan	15	系统与并发	term	正则语言	thuocl-it	2026-09-17
正则集	zheng ze ji	15	系统与并发	term	正则集	thuocl-it	2026-09-17
死锁恢复	si suo hui fu	15	系统与并发	term	死锁恢复	thuocl-it	2026-09-17
死锁消除	si suo xiao chu	15	系统与并发	term	死锁消除	thuocl-it	2026-09-17
死锁避免	si suo bi mian	15	系统与并发	term	死锁避免	thuocl-it	2026-09-17
死锁预防	si suo yu fang	15	系统与并发	term	死锁预防	thuocl-it	2026-09-17
泛型	fan xing	15	语言与架构	term	泛型	thuocl-it	2026-09-17
泛型接口	fan xing jie kou	15	语言与架构	term	泛型接口	thuocl-it	2026-09-17
泛型方法	fan xing fang fa	15	语言与架构	term	泛型方法	thuocl-it	2026-09-17
泛型算法	fan xing suan fa	15	语言与架构	term	泛型算法	thuocl-it	2026-09-17
泛型类	fan xing lei	15	语言与架构	term	泛型类	thuocl-it	2026-09-17
泛型类型	fan xing lei xing	15	语言与架构	term	泛型类型	thuocl-it	2026-09-17
泛型类型参数	fan xing lei xing can shu	15	语言与架构	term	泛型类型参数	thuocl-it	2026-09-17
泛型类型变量	fan xing lei xing bian liang	15	语言与架构	term	泛型类型变量	thuocl-it	2026-09-17
泛型类型定义	fan xing lei xing ding yi	15	语言与架构	term	泛型类型定义	thuocl-it	2026-09-17
泛型编程	fan xing bian cheng	15	语言与架构	term	泛型编程	thuocl-it	2026-09-17
注解开发	zhu jie kai fa	15	语言与架构	term	注解开发	thuocl-it	2026-09-17
注解方式	zhu jie fang shi	15	语言与架构	term	注解方式	thuocl-it	2026-09-17
注解配置	zhu jie pei zhi	15	语言与架构	term	注解配置	thuocl-it	2026-09-17
测试之道	ce shi zhi dao	15	工程与交付	term	测试之道	thuocl-it	2026-09-17
测试人员	ce shi ren yuan	15	工程与交付	term	测试人员	thuocl-it	2026-09-17
测试任务	ce shi ren wu	15	工程与交付	term	测试任务	thuocl-it	2026-09-17
测试例程	ce shi li cheng	15	工程与交付	term	测试例程	thuocl-it	2026-09-17
测试命令	ce shi ming ling	15	工程与交付	term	测试命令	thuocl-it	2026-09-17
测试响应	ce shi xiang ying	15	工程与交付	term	测试响应	thuocl-it	2026-09-17
测试工具	ce shi gong ju	15	工程与交付	term	测试工具	thuocl-it	2026-09-17
测试工程师	ce shi gong cheng shi	15	工程与交付	term	测试工程师	thuocl-it	2026-09-17
测试开发	ce shi kai fa	15	工程与交付	term	测试开发	thuocl-it	2026-09-17
测试思想	ce shi si xiang	15	工程与交付	term	测试思想	thuocl-it	2026-09-17
测试探针	ce shi tan zhen	15	工程与交付	term	测试探针	thuocl-it	2026-09-17
测试提示	ce shi ti shi	15	工程与交付	term	测试提示	thuocl-it	2026-09-17
测试文本	ce shi wen ben	15	工程与交付	term	测试文本	thuocl-it	2026-09-17
测试方法	ce shi fang fa	15	工程与交付	term	测试方法	thuocl-it	2026-09-17
测试日志	ce shi ri zhi	15	工程与交付	term	测试日志	thuocl-it	2026-09-17
测试时间	ce shi shi jian	15	工程与交付	term	测试时间	thuocl-it	2026-09-17
测试有效性	ce shi you xiao xing	15	工程与交付	term	测试有效性	thuocl-it	2026-09-17
测试框架	ce shi kuang jia	15	工程与交付	term	测试框架	thuocl-it	2026-09-17
测试流程	ce shi liu cheng	15	工程与交付	term	测试流程	thuocl-it	2026-09-17
测试点	ce shi dian	15	工程与交付	term	测试点	thuocl-it	2026-09-17
测试理论	ce shi li lun	15	工程与交付	term	测试理论	thuocl-it	2026-09-17
测试生成	ce shi sheng cheng	15	工程与交付	term	测试生成	thuocl-it	2026-09-17
测试程序	ce shi cheng xu	15	工程与交付	term	测试程序	thuocl-it	2026-09-17
测试策略	ce shi ce lve	15	工程与交付	term	测试策略	thuocl-it	2026-09-17
测试管理	ce shi guan li	15	工程与交付	term	测试管理	thuocl-it	2026-09-17
测试管理工具	ce shi guan li gong ju	15	工程与交付	term	测试管理工具	thuocl-it	2026-09-17
测试类	ce shi lei	15	工程与交付	term	测试类	thuocl-it	2026-09-17
测试背景	ce shi bei jing	15	工程与交付	term	测试背景	thuocl-it	2026-09-17
测试脚本	ce shi jiao ben	15	工程与交付	term	测试脚本	thuocl-it	2026-09-17
测试自动化	ce shi zi dong hua	15	工程与交付	term	测试自动化	thuocl-it	2026-09-17
测试覆盖	ce shi fu gai	15	工程与交付	term	测试覆盖	thuocl-it	2026-09-17
测试规约	ce shi gui yue	15	工程与交付	term	测试规约	thuocl-it	2026-09-17
测试计划	ce shi ji hua	15	工程与交付	term	测试计划	thuocl-it	2026-09-17
测试设备	ce shi she bei	15	工程与交付	term	测试设备	thuocl-it	2026-09-17
测试设计	ce shi she ji	15	工程与交付	term	测试设计	thuocl-it	2026-09-17
测试评估	ce shi ping gu	15	工程与交付	term	测试评估	thuocl-it	2026-09-17
测试评审	ce shi ping shen	15	工程与交付	term	测试评审	thuocl-it	2026-09-17
测试语言	ce shi yu yan	15	工程与交付	term	测试语言	thuocl-it	2026-09-17
测试资源	ce shi zi yuan	15	工程与交付	term	测试资源	thuocl-it	2026-09-17
测试过程	ce shi guo cheng	15	工程与交付	term	测试过程	thuocl-it	2026-09-17
测试运维	ce shi yun wei	15	工程与交付	term	测试运维	thuocl-it	2026-09-17
测试运行	ce shi yun xing	15	工程与交付	term	测试运行	thuocl-it	2026-09-17
测试顺序	ce shi shun xu	15	工程与交付	term	测试顺序	thuocl-it	2026-09-17
测试驱动器	ce shi qu dong qi	15	工程与交付	term	测试驱动器	thuocl-it	2026-09-17
测试驱动程序	ce shi qu dong cheng xu	15	工程与交付	term	测试驱动程序	thuocl-it	2026-09-17
浏览器兼容	liu lan qi jian rong	15	前端与应用	term	浏览器兼容	thuocl-it	2026-09-17
浏览器兼容性	liu lan qi jian rong xing	15	前端与应用	term	浏览器兼容性	thuocl-it	2026-09-17
浏览器内核	liu lan qi nei he	15	前端与应用	term	浏览器内核	thuocl-it	2026-09-17
浏览器插件	liu lan qi cha jian	15	前端与应用	term	浏览器插件	thuocl-it	2026-09-17
浏览器服务器	liu lan qi fu wu qi	15	前端与应用	term	浏览器服务器	thuocl-it	2026-09-17
浏览器版本	liu lan qi ban ben	15	前端与应用	term	浏览器版本	thuocl-it	2026-09-17
浏览器缓存	liu lan qi huan cun	15	前端与应用	term	浏览器缓存	thuocl-it	2026-09-17
浏览器脚本	liu lan qi jiao ben	15	前端与应用	term	浏览器脚本	thuocl-it	2026-09-17
浏览器项目	liu lan qi xiang mu	15	前端与应用	term	浏览器项目	thuocl-it	2026-09-17
消息队列	xiao xi dui lie	15	数据与存储	term	消息队列	thuocl-it	2026-09-17
渲染器	xuan ran qi	15	前端与应用	term	渲染器	thuocl-it	2026-09-17
渲染引擎	xuan ran yin qing	15	前端与应用	term	渲染引擎	thuocl-it	2026-09-17
渲染效果	xuan ran xiao guo	15	前端与应用	term	渲染效果	thuocl-it	2026-09-17
渲染管线	xuan ran guan xian	15	前端与应用	term	渲染管线	thuocl-it	2026-09-17
滚动字幕	gun dong zi mu	15	前端与应用	term	滚动字幕	thuocl-it	2026-09-17
滚动效果	gun dong xiao guo	15	前端与应用	term	滚动效果	thuocl-it	2026-09-17
滚动数组	gun dong shu zu	15	前端与应用	term	滚动数组	thuocl-it	2026-09-17
滚动视图	gun dong shi tu	15	前端与应用	term	滚动视图	thuocl-it	2026-09-17
漏洞分析	lou dong fen xi	15	网络与安全	term	漏洞分析	thuocl-it	2026-09-17
漏洞利用	lou dong li yong	15	网络与安全	term	漏洞利用	thuocl-it	2026-09-17
漏洞挖掘	lou dong wa jue	15	网络与安全	term	漏洞挖掘	thuocl-it	2026-09-17
漏洞收集	lou dong shou ji	15	网络与安全	term	漏洞收集	thuocl-it	2026-09-17
漏洞演练	lou dong yan lian	15	网络与安全	term	漏洞演练	thuocl-it	2026-09-17
版本信息	ban ben xin xi	15	工程与交付	term	版本信息	thuocl-it	2026-09-17
版本兼容	ban ben jian rong	15	工程与交付	term	版本兼容	thuocl-it	2026-09-17
版本冲突	ban ben chong tu	15	工程与交付	term	版本冲突	thuocl-it	2026-09-17
版本升级	ban ben sheng ji	15	工程与交付	term	版本升级	thuocl-it	2026-09-17
版本定制	ban ben ding zhi	15	工程与交付	term	版本定制	thuocl-it	2026-09-17
版本库	ban ben ku	15	工程与交付	term	版本库	thuocl-it	2026-09-17
版本控制器	ban ben kong zhi qi	15	工程与交付	term	版本控制器	thuocl-it	2026-09-17
版本控制工具	ban ben kong zhi gong ju	15	工程与交付	term	版本控制工具	thuocl-it	2026-09-17
版本控制系统	ban ben kong zhi xi tong	15	工程与交付	term	版本控制系统	thuocl-it	2026-09-17
版本检测	ban ben jian ce	15	工程与交付	term	版本检测	thuocl-it	2026-09-17
版本策略	ban ben ce lve	15	工程与交付	term	版本策略	thuocl-it	2026-09-17
版本管理工具	ban ben guan li gong ju	15	工程与交付	term	版本管理工具	thuocl-it	2026-09-17
版本编程	ban ben bian cheng	15	工程与交付	term	版本编程	thuocl-it	2026-09-17
版本适配	ban ben shi pei	15	工程与交付	term	版本适配	thuocl-it	2026-09-17
物理内存	wu li nei cun	15	系统与并发	term	物理内存	thuocl-it	2026-09-17
特征函数	te zheng han shu	15	语言与架构	term	特征函数	thuocl-it	2026-09-17
特征分析	te zheng fen xi	15	语言与架构	term	特征分析	thuocl-it	2026-09-17
特征匹配	te zheng pi pei	15	语言与架构	term	特征匹配	thuocl-it	2026-09-17
特征抽取	te zheng chou qu	15	语言与架构	term	特征抽取	thuocl-it	2026-09-17
特征方程	te zheng fang cheng	15	语言与架构	term	特征方程	thuocl-it	2026-09-17
特征检测	te zheng jian ce	15	语言与架构	term	特征检测	thuocl-it	2026-09-17
特征模型	te zheng mo xing	15	语言与架构	term	特征模型	thuocl-it	2026-09-17
特征点	te zheng dian	15	语言与架构	term	特征点	thuocl-it	2026-09-17
特征点检测	te zheng dian jian ce	15	语言与架构	term	特征点检测	thuocl-it	2026-09-17
特征生成	te zheng sheng cheng	15	语言与架构	term	特征生成	thuocl-it	2026-09-17
特征空间	te zheng kong jian	15	语言与架构	term	特征空间	thuocl-it	2026-09-17
特征识别	te zheng shi bie	15	语言与架构	term	特征识别	thuocl-it	2026-09-17
特征项	te zheng xiang	15	语言与架构	term	特征项	thuocl-it	2026-09-17
环境变量设置	huan jing bian liang she zhi	15	工程与交付	term	环境变量设置	thuocl-it	2026-09-17
环境变量配置	huan jing bian liang pei zhi	15	工程与交付	term	环境变量配置	thuocl-it	2026-09-17
用例	yong li	15	工程与交付	term	用例	thuocl-it	2026-09-17
用例图	yong li tu	15	工程与交付	term	用例图	thuocl-it	2026-09-17
用例扩展	yong li kuo zhan	15	工程与交付	term	用例扩展	thuocl-it	2026-09-17
用例数目	yong li shu mu	15	工程与交付	term	用例数目	thuocl-it	2026-09-17
用例设计	yong li she ji	15	工程与交付	term	用例设计	thuocl-it	2026-09-17
用户体验设计	yong hu ti yan she ji	15	前端与应用	term	用户体验设计	thuocl-it	2026-09-17
用户态	yong hu tai	15	系统与并发	term	用户态	thuocl-it	2026-09-17
用户界面设计	yong hu jie mian she ji	15	前端与应用	term	用户界面设计	thuocl-it	2026-09-17
监听事件	jian ting shi jian	15	前端与应用	term	监听事件	thuocl-it	2026-09-17
监听器	jian ting qi	15	前端与应用	term	监听器	thuocl-it	2026-09-17
监听键盘	jian ting jian pan	15	前端与应用	term	监听键盘	thuocl-it	2026-09-17
监控任务	jian kong ren wu	15	工程与交付	term	监控任务	thuocl-it	2026-09-17
监控台	jian kong tai	15	工程与交付	term	监控台	thuocl-it	2026-09-17
监控告警	jian kong gao jing	15	工程与交付	term	监控告警	thuocl-it	2026-09-17
监控工具	jian kong gong ju	15	工程与交付	term	监控工具	thuocl-it	2026-09-17
监控方式	jian kong fang shi	15	工程与交付	term	监控方式	thuocl-it	2026-09-17
监控程序	jian kong cheng xu	15	工程与交付	term	监控程序	thuocl-it	2026-09-17
目录排序	mu lu pai xu	15	系统与并发	term	目录排序	thuocl-it	2026-09-17
目录操作	mu lu cao zuo	15	系统与并发	term	目录操作	thuocl-it	2026-09-17
目录服务	mu lu fu wu	15	系统与并发	term	目录服务	thuocl-it	2026-09-17
目录树	mu lu shu	15	系统与并发	term	目录树	thuocl-it	2026-09-17
目录结构	mu lu jie gou	15	系统与并发	term	目录结构	thuocl-it	2026-09-17
目录配置	mu lu pei zhi	15	系统与并发	term	目录配置	thuocl-it	2026-09-17
移动互联	yi dong hu lian	15	前端与应用	term	移动互联	thuocl-it	2026-09-17
移动代理	yi dong dai li	15	前端与应用	term	移动代理	thuocl-it	2026-09-17
移动代码	yi dong dai ma	15	前端与应用	term	移动代码	thuocl-it	2026-09-17
移动优先	yi dong you xian	15	前端与应用	term	移动优先	thuocl-it	2026-09-17
移动信息化	yi dong xin xi hua	15	前端与应用	term	移动信息化	thuocl-it	2026-09-17
移动前端	yi dong qian duan	15	前端与应用	term	移动前端	thuocl-it	2026-09-17
移动前端框架	yi dong qian duan kuang jia	15	前端与应用	term	移动前端框架	thuocl-it	2026-09-17
移动办公	yi dong ban gong	15	前端与应用	term	移动办公	thuocl-it	2026-09-17
移动医疗	yi dong yi liao	15	前端与应用	term	移动医疗	thuocl-it	2026-09-17
移动客户端	yi dong ke hu duan	15	前端与应用	term	移动客户端	thuocl-it	2026-09-17
移动平台	yi dong ping tai	15	前端与应用	term	移动平台	thuocl-it	2026-09-17
移动平台开发	yi dong ping tai kai fa	15	前端与应用	term	移动平台开发	thuocl-it	2026-09-17
移动广告	yi dong guang gao	15	前端与应用	term	移动广告	thuocl-it	2026-09-17
移动广告平台	yi dong guang gao ping tai	15	前端与应用	term	移动广告平台	thuocl-it	2026-09-17
移动应用开发	yi dong ying yong kai fa	15	前端与应用	term	移动应用开发	thuocl-it	2026-09-17
移动应用测试	yi dong ying yong ce shi	15	前端与应用	term	移动应用测试	thuocl-it	2026-09-17
移动开发	yi dong kai fa	15	前端与应用	term	移动开发	thuocl-it	2026-09-17
移动开发工具	yi dong kai fa gong ju	15	前端与应用	term	移动开发工具	thuocl-it	2026-09-17
移动开发技术	yi dong kai fa ji shu	15	前端与应用	term	移动开发技术	thuocl-it	2026-09-17
移动开发框架	yi dong kai fa kuang jia	15	前端与应用	term	移动开发框架	thuocl-it	2026-09-17
移动开发者	yi dong kai fa zhe	15	前端与应用	term	移动开发者	thuocl-it	2026-09-17
移动技术	yi dong ji shu	15	前端与应用	term	移动技术	thuocl-it	2026-09-17
移动控件	yi dong kong jian	15	前端与应用	term	移动控件	thuocl-it	2026-09-17
移动搜索	yi dong sou suo	15	前端与应用	term	移动搜索	thuocl-it	2026-09-17
移动操作系统	yi dong cao zuo xi tong	15	前端与应用	term	移动操作系统	thuocl-it	2026-09-17
移动智能电视	yi dong zhi neng dian shi	15	前端与应用	term	移动智能电视	thuocl-it	2026-09-17
移动智能终端	yi dong zhi neng zhong duan	15	前端与应用	term	移动智能终端	thuocl-it	2026-09-17
移动机器人	yi dong ji qi ren	15	前端与应用	term	移动机器人	thuocl-it	2026-09-17
移动架构	yi dong jia gou	15	前端与应用	term	移动架构	thuocl-it	2026-09-17
移动测试	yi dong ce shi	15	前端与应用	term	移动测试	thuocl-it	2026-09-17
移动浏览器	yi dong liu lan qi	15	前端与应用	term	移动浏览器	thuocl-it	2026-09-17
移动游戏	yi dong you xi	15	前端与应用	term	移动游戏	thuocl-it	2026-09-17
移动游戏开发	yi dong you xi kai fa	15	前端与应用	term	移动游戏开发	thuocl-it	2026-09-17
移动电子商务	yi dong dian zi shang wu	15	前端与应用	term	移动电子商务	thuocl-it	2026-09-17
移动社交	yi dong she jiao	15	前端与应用	term	移动社交	thuocl-it	2026-09-17
移动窗体	yi dong chuang ti	15	前端与应用	term	移动窗体	thuocl-it	2026-09-17
移动窗口	yi dong chuang kou	15	前端与应用	term	移动窗口	thuocl-it	2026-09-17
移动端开发	yi dong duan kai fa	15	前端与应用	term	移动端开发	thuocl-it	2026-09-17
移动类	yi dong lei	15	前端与应用	term	移动类	thuocl-it	2026-09-17
移动终端	yi dong zhong duan	15	前端与应用	term	移动终端	thuocl-it	2026-09-17
移动网页	yi dong wang ye	15	前端与应用	term	移动网页	thuocl-it	2026-09-17
移动营销	yi dong ying xiao	15	前端与应用	term	移动营销	thuocl-it	2026-09-17
移动视频	yi dong shi pin	15	前端与应用	term	移动视频	thuocl-it	2026-09-17
移动计算	yi dong ji suan	15	前端与应用	term	移动计算	thuocl-it	2026-09-17
移动计算机	yi dong ji suan ji	15	前端与应用	term	移动计算机	thuocl-it	2026-09-17
移动设计	yi dong she ji	15	前端与应用	term	移动设计	thuocl-it	2026-09-17
移动语义	yi dong yu yi	15	前端与应用	term	移动语义	thuocl-it	2026-09-17
移动镜头	yi dong jing tou	15	前端与应用	term	移动镜头	thuocl-it	2026-09-17
移动飞信	yi dong fei xin	15	前端与应用	term	移动飞信	thuocl-it	2026-09-17
窗口句柄	chuang kou ju bing	15	前端与应用	term	窗口句柄	thuocl-it	2026-09-17
窗口大小	chuang kou da xiao	15	前端与应用	term	窗口大小	thuocl-it	2026-09-17
窗口构件	chuang kou gou jian	15	前端与应用	term	窗口构件	thuocl-it	2026-09-17
窗口标题	chuang kou biao ti	15	前端与应用	term	窗口标题	thuocl-it	2026-09-17
窗口程序集	chuang kou cheng xu ji	15	前端与应用	term	窗口程序集	thuocl-it	2026-09-17
窗口组件	chuang kou zu jian	15	前端与应用	term	窗口组件	thuocl-it	2026-09-17
端口冲突	duan kou chong tu	15	网络与安全	term	端口冲突	thuocl-it	2026-09-17
端口占用	duan kou zhan yong	15	网络与安全	term	端口占用	thuocl-it	2026-09-17
端口号	duan kou hao	15	网络与安全	term	端口号	thuocl-it	2026-09-17
端口扫描	duan kou sao miao	15	网络与安全	term	端口扫描	thuocl-it	2026-09-17
端口转发	duan kou zhuan fa	15	网络与安全	term	端口转发	thuocl-it	2026-09-17
签名打包	qian ming da bao	15	网络与安全	term	签名打包	thuocl-it	2026-09-17
签名文件	qian ming wen jian	15	网络与安全	term	签名文件	thuocl-it	2026-09-17
签名算法	qian ming suan fa	15	网络与安全	term	签名算法	thuocl-it	2026-09-17
签名错误	qian ming cuo wu	15	网络与安全	term	签名错误	thuocl-it	2026-09-17
签名验证	qian ming yan zheng	15	网络与安全	term	签名验证	thuocl-it	2026-09-17
类加载	lei jia zai	15	语言与架构	term	类加载	thuocl-it	2026-09-17
类加载器	lei jia zai qi	15	语言与架构	term	类加载器	thuocl-it	2026-09-17
类加载机制	lei jia zai ji zhi	15	语言与架构	term	类加载机制	thuocl-it	2026-09-17
类型参数	lei xing can shu	15	语言与架构	term	类型参数	thuocl-it	2026-09-17
类型参数列表	lei xing can shu lie biao	15	语言与架构	term	类型参数列表	thuocl-it	2026-09-17
类型变量	lei xing bian liang	15	语言与架构	term	类型变量	thuocl-it	2026-09-17
类型域	lei xing yu	15	语言与架构	term	类型域	thuocl-it	2026-09-17
类型安全	lei xing an quan	15	语言与架构	term	类型安全	thuocl-it	2026-09-17
类型实参	lei xing shi can	15	语言与架构	term	类型实参	thuocl-it	2026-09-17
类型形参	lei xing xing can	15	语言与架构	term	类型形参	thuocl-it	2026-09-17
类型推断	lei xing tui duan	15	语言与架构	term	类型推断	thuocl-it	2026-09-17
类型推理	lei xing tui li	15	语言与架构	term	类型推理	thuocl-it	2026-09-17
类型擦除	lei xing ca chu	15	语言与架构	term	类型擦除	thuocl-it	2026-09-17
类型系统	lei xing xi tong	15	语言与架构	term	类型系统	thuocl-it	2026-09-17
类型约束	lei xing yue shu	15	语言与架构	term	类型约束	thuocl-it	2026-09-17
类型论	lei xing lun	15	语言与架构	term	类型论	thuocl-it	2026-09-17
类型转化	lei xing zhuan hua	15	语言与架构	term	类型转化	thuocl-it	2026-09-17
类型转换	lei xing zhuan huan	15	语言与架构	term	类型转换	thuocl-it	2026-09-17
系统调用	xi tong diao yong	15	系统与并发	term	系统调用	thuocl-it	2026-09-17
索引优化	suo yin you hua	15	数据与存储	term	索引优化	thuocl-it	2026-09-17
索引器	suo yin qi	15	数据与存储	term	索引器	thuocl-it	2026-09-17
索引图像	suo yin tu xiang	15	数据与存储	term	索引图像	thuocl-it	2026-09-17
索引查找	suo yin cha zhao	15	数据与存储	term	索引查找	thuocl-it	2026-09-17
索引标志	suo yin biao zhi	15	数据与存储	term	索引标志	thuocl-it	2026-09-17
线程中断	xian cheng zhong duan	15	系统与并发	term	线程中断	thuocl-it	2026-09-17
线程优先级	xian cheng you xian ji	15	系统与并发	term	线程优先级	thuocl-it	2026-09-17
线程创建	xian cheng chuang jian	15	系统与并发	term	线程创建	thuocl-it	2026-09-17
线程协作	xian cheng xie zuo	15	系统与并发	term	线程协作	thuocl-it	2026-09-17
线程同步	xian cheng tong bu	15	系统与并发	term	线程同步	thuocl-it	2026-09-17
线程安全	xian cheng an quan	15	系统与并发	term	线程安全	thuocl-it	2026-09-17
线程并发	xian cheng bing fa	15	系统与并发	term	线程并发	thuocl-it	2026-09-17
线程控制块	xian cheng kong zhi kuai	15	系统与并发	term	线程控制块	thuocl-it	2026-09-17
线程模型	xian cheng mo xing	15	系统与并发	term	线程模型	thuocl-it	2026-09-17
线程死锁	xian cheng si suo	15	系统与并发	term	线程死锁	thuocl-it	2026-09-17
线程状态	xian cheng zhuang tai	15	系统与并发	term	线程状态	thuocl-it	2026-09-17
线程管理	xian cheng guan li	15	系统与并发	term	线程管理	thuocl-it	2026-09-17
线程组	xian cheng zu	15	系统与并发	term	线程组	thuocl-it	2026-09-17
线程结构	xian cheng jie gou	15	系统与并发	term	线程结构	thuocl-it	2026-09-17
线程编程	xian cheng bian cheng	15	系统与并发	term	线程编程	thuocl-it	2026-09-17
线程调度	xian cheng diao du	15	系统与并发	term	线程调度	thuocl-it	2026-09-17
线程通信	xian cheng tong xin	15	系统与并发	term	线程通信	thuocl-it	2026-09-17
线程锁	xian cheng suo	15	系统与并发	term	线程锁	thuocl-it	2026-09-17
线程间的通信	xian cheng jian de tong xin	15	系统与并发	term	线程间的通信	thuocl-it	2026-09-17
线程间通信	xian cheng jian tong xin	15	系统与并发	term	线程间通信	thuocl-it	2026-09-17
组件化	zu jian hua	15	语言与架构	term	组件化	thuocl-it	2026-09-17
组件对象模型	zu jian dui xiang mo xing	15	语言与架构	term	组件对象模型	thuocl-it	2026-09-17
组件开发	zu jian kai fa	15	语言与架构	term	组件开发	thuocl-it	2026-09-17
组件栏	zu jian lan	15	语言与架构	term	组件栏	thuocl-it	2026-09-17
组件类库	zu jian lei ku	15	语言与架构	term	组件类库	thuocl-it	2026-09-17
组合博弈	zu he bo yi	15	语言与架构	term	组合博弈	thuocl-it	2026-09-17
组合学	zu he xue	15	语言与架构	term	组合学	thuocl-it	2026-09-17
组合控件	zu he kong jian	15	语言与架构	term	组合控件	thuocl-it	2026-09-17
组合数	zu he shu	15	语言与架构	term	组合数	thuocl-it	2026-09-17
组合数取模	zu he shu qu mo	15	语言与架构	term	组合数取模	thuocl-it	2026-09-17
组合数学	zu he shu xue	15	语言与架构	term	组合数学	thuocl-it	2026-09-17
组合查询	zu he cha xun	15	语言与架构	term	组合查询	thuocl-it	2026-09-17
组合框	zu he kuang	15	语言与架构	term	组合框	thuocl-it	2026-09-17
组合游戏	zu he you xi	15	语言与架构	term	组合游戏	thuocl-it	2026-09-17
组合策略	zu he ce lve	15	语言与架构	term	组合策略	thuocl-it	2026-09-17
组合行为	zu he xing wei	15	语言与架构	term	组合行为	thuocl-it	2026-09-17
组合计数	zu he ji shu	15	语言与架构	term	组合计数	thuocl-it	2026-09-17
组合逻辑	zu he luo ji	15	语言与架构	term	组合逻辑	thuocl-it	2026-09-17
组合逻辑电路	zu he luo ji dian lu	15	语言与架构	term	组合逻辑电路	thuocl-it	2026-09-17
结构体对齐	jie gou ti dui qi	15	语言与架构	term	结构体对齐	thuocl-it	2026-09-17
结构体指针	jie gou ti zhi zhen	15	语言与架构	term	结构体指针	thuocl-it	2026-09-17
结构体排序	jie gou ti pai xu	15	语言与架构	term	结构体排序	thuocl-it	2026-09-17
结构体数组	jie gou ti shu zu	15	语言与架构	term	结构体数组	thuocl-it	2026-09-17
绘制图形	hui zhi tu xing	15	前端与应用	term	绘制图形	thuocl-it	2026-09-17
继承关系	ji cheng guan xi	15	语言与架构	term	继承关系	thuocl-it	2026-09-17
继承方式	ji cheng fang shi	15	语言与架构	term	继承方式	thuocl-it	2026-09-17
继承映射	ji cheng ying she	15	语言与架构	term	继承映射	thuocl-it	2026-09-17
继承父类成员	ji cheng fu lei cheng yuan	15	语言与架构	term	继承父类成员	thuocl-it	2026-09-17
缓冲区分配	huan chong qu fen pei	15	系统与并发	term	缓冲区分配	thuocl-it	2026-09-17
缓冲区溢出	huan chong qu yi chu	15	系统与并发	term	缓冲区溢出	thuocl-it	2026-09-17
缓冲区管理	huan chong qu guan li	15	系统与并发	term	缓冲区管理	thuocl-it	2026-09-17
缓冲存储器	huan chong cun chu qi	15	系统与并发	term	缓冲存储器	thuocl-it	2026-09-17
缓冲寄存器	huan chong ji cun qi	15	系统与并发	term	缓冲寄存器	thuocl-it	2026-09-17
缓冲技术	huan chong ji shu	15	系统与并发	term	缓冲技术	thuocl-it	2026-09-17
缓冲池	huan chong chi	15	系统与并发	term	缓冲池	thuocl-it	2026-09-17
缓冲流	huan chong liu	15	系统与并发	term	缓冲流	thuocl-it	2026-09-17
缓冲装置	huan chong zhuang zhi	15	系统与并发	term	缓冲装置	thuocl-it	2026-09-17
缓存文件	huan cun wen jian	15	数据与存储	term	缓存文件	thuocl-it	2026-09-17
缓存服务器	huan cun fu wu qi	15	数据与存储	term	缓存服务器	thuocl-it	2026-09-17
缓存机制	huan cun ji zhi	15	数据与存储	term	缓存机制	thuocl-it	2026-09-17
缓存框架	huan cun kuang jia	15	数据与存储	term	缓存框架	thuocl-it	2026-09-17
缓存策略	huan cun ce lve	15	数据与存储	term	缓存策略	thuocl-it	2026-09-17
缓存系统	huan cun xi tong	15	数据与存储	term	缓存系统	thuocl-it	2026-09-17
编程之旅	bian cheng zhi lv	15	语言与架构	term	编程之旅	thuocl-it	2026-09-17
编程之法	bian cheng zhi fa	15	语言与架构	term	编程之法	thuocl-it	2026-09-17
编程之美	bian cheng zhi mei	15	语言与架构	term	编程之美	thuocl-it	2026-09-17
编程之道	bian cheng zhi dao	15	语言与架构	term	编程之道	thuocl-it	2026-09-17
编程习惯	bian cheng xi guan	15	语言与架构	term	编程习惯	thuocl-it	2026-09-17
编程习题	bian cheng xi ti	15	语言与架构	term	编程习题	thuocl-it	2026-09-17
编程代码	bian cheng dai ma	15	语言与架构	term	编程代码	thuocl-it	2026-09-17
编程仿真	bian cheng fang zhen	15	语言与架构	term	编程仿真	thuocl-it	2026-09-17
编程基本功	bian cheng ji ben gong	15	语言与架构	term	编程基本功	thuocl-it	2026-09-17
编程基础知识	bian cheng ji chu zhi shi	15	语言与架构	term	编程基础知识	thuocl-it	2026-09-17
编程实现	bian cheng shi xian	15	语言与架构	term	编程实现	thuocl-it	2026-09-17
编程导论	bian cheng dao lun	15	语言与架构	term	编程导论	thuocl-it	2026-09-17
编程小结	bian cheng xiao jie	15	语言与架构	term	编程小结	thuocl-it	2026-09-17
编程工具	bian cheng gong ju	15	语言与架构	term	编程工具	thuocl-it	2026-09-17
编程应用	bian cheng ying yong	15	语言与架构	term	编程应用	thuocl-it	2026-09-17
编程开发	bian cheng kai fa	15	语言与架构	term	编程开发	thuocl-it	2026-09-17
编程异常	bian cheng yi chang	15	语言与架构	term	编程异常	thuocl-it	2026-09-17
编程思想	bian cheng si xiang	15	语言与架构	term	编程思想	thuocl-it	2026-09-17
编程思路	bian cheng si lu	15	语言与架构	term	编程思路	thuocl-it	2026-09-17
编程感想	bian cheng gan xiang	15	语言与架构	term	编程感想	thuocl-it	2026-09-17
编程技术	bian cheng ji shu	15	语言与架构	term	编程技术	thuocl-it	2026-09-17
编程指南	bian cheng zhi nan	15	语言与架构	term	编程指南	thuocl-it	2026-09-17
编程挑战	bian cheng tiao zhan	15	语言与架构	term	编程挑战	thuocl-it	2026-09-17
编程效率	bian cheng xiao lv	15	语言与架构	term	编程效率	thuocl-it	2026-09-17
编程教学	bian cheng jiao xue	15	语言与架构	term	编程教学	thuocl-it	2026-09-17
编程新手	bian cheng xin shou	15	语言与架构	term	编程新手	thuocl-it	2026-09-17
编程方法	bian cheng fang fa	15	语言与架构	term	编程方法	thuocl-it	2026-09-17
编程服务	bian cheng fu wu	15	语言与架构	term	编程服务	thuocl-it	2026-09-17
编程框架	bian cheng kuang jia	15	语言与架构	term	编程框架	thuocl-it	2026-09-17
编程源代码	bian cheng yuan dai ma	15	语言与架构	term	编程源代码	thuocl-it	2026-09-17
编程环境	bian cheng huan jing	15	语言与架构	term	编程环境	thuocl-it	2026-09-17
编程环境配置	bian cheng huan jing pei zhi	15	语言与架构	term	编程环境配置	thuocl-it	2026-09-17
编程珠玑	bian cheng zhu ji	15	语言与架构	term	编程珠玑	thuocl-it	2026-09-17
编程理论	bian cheng li lun	15	语言与架构	term	编程理论	thuocl-it	2026-09-17
编程知识	bian cheng zhi shi	15	语言与架构	term	编程知识	thuocl-it	2026-09-17
编程算法	bian cheng suan fa	15	语言与架构	term	编程算法	thuocl-it	2026-09-17
编程类	bian cheng lei	15	语言与架构	term	编程类	thuocl-it	2026-09-17
编程素质	bian cheng su zhi	15	语言与架构	term	编程素质	thuocl-it	2026-09-17
编程细节	bian cheng xi jie	15	语言与架构	term	编程细节	thuocl-it	2026-09-17
编程网站	bian cheng wang zhan	15	语言与架构	term	编程网站	thuocl-it	2026-09-17
编程能力	bian cheng neng li	15	语言与架构	term	编程能力	thuocl-it	2026-09-17
编程艺术	bian cheng yi shu	15	语言与架构	term	编程艺术	thuocl-it	2026-09-17
编程规则	bian cheng gui ze	15	语言与架构	term	编程规则	thuocl-it	2026-09-17
编程规范	bian cheng gui fan	15	语言与架构	term	编程规范	thuocl-it	2026-09-17
编程训练	bian cheng xun lian	15	语言与架构	term	编程训练	thuocl-it	2026-09-17
编程设计	bian cheng she ji	15	语言与架构	term	编程设计	thuocl-it	2026-09-17
编程语法	bian cheng yu fa	15	语言与架构	term	编程语法	thuocl-it	2026-09-17
编程语言之	bian cheng yu yan zhi	15	语言与架构	term	编程语言之	thuocl-it	2026-09-17
编程语言类	bian cheng yu yan lei	15	语言与架构	term	编程语言类	thuocl-it	2026-09-17
编程资料	bian cheng zi liao	15	语言与架构	term	编程资料	thuocl-it	2026-09-17
编程资源	bian cheng zi yuan	15	语言与架构	term	编程资源	thuocl-it	2026-09-17
编程软件	bian cheng ruan jian	15	语言与架构	term	编程软件	thuocl-it	2026-09-17
编程辅助	bian cheng fu zhu	15	语言与架构	term	编程辅助	thuocl-it	2026-09-17
编程错误	bian cheng cuo wu	15	语言与架构	term	编程错误	thuocl-it	2026-09-17
编程风格	bian cheng feng ge	15	语言与架构	term	编程风格	thuocl-it	2026-09-17
编程马拉松	bian cheng ma la song	15	语言与架构	term	编程马拉松	thuocl-it	2026-09-17
编译优化	bian yi you hua	15	语言与架构	term	编译优化	thuocl-it	2026-09-17
编译内核	bian yi nei he	15	语言与架构	term	编译内核	thuocl-it	2026-09-17
编译出错	bian yi chu cuo	15	语言与架构	term	编译出错	thuocl-it	2026-09-17
编译原理	bian yi yuan li	15	语言与架构	term	编译原理	thuocl-it	2026-09-17
编译参数	bian yi can shu	15	语言与架构	term	编译参数	thuocl-it	2026-09-17
编译器优化	bian yi qi you hua	15	语言与架构	term	编译器优化	thuocl-it	2026-09-17
编译型语言	bian yi xing yu yan	15	语言与架构	term	编译型语言	thuocl-it	2026-09-17
编译处理	bian yi chu li	15	语言与架构	term	编译处理	thuocl-it	2026-09-17
编译安装	bian yi an zhuang	15	语言与架构	term	编译安装	thuocl-it	2026-09-17
编译工具	bian yi gong ju	15	语言与架构	term	编译工具	thuocl-it	2026-09-17
编译打包	bian yi da bao	15	语言与架构	term	编译打包	thuocl-it	2026-09-17
编译报错	bian yi bao cuo	15	语言与架构	term	编译报错	thuocl-it	2026-09-17
编译指令	bian yi zhi ling	15	语言与架构	term	编译指令	thuocl-it	2026-09-17
编译时错误	bian yi shi cuo wu	15	语言与架构	term	编译时错误	thuocl-it	2026-09-17
编译源码	bian yi yuan ma	15	语言与架构	term	编译源码	thuocl-it	2026-09-17
编译环境	bian yi huan jing	15	语言与架构	term	编译环境	thuocl-it	2026-09-17
编译程序	bian yi cheng xu	15	语言与架构	term	编译程序	thuocl-it	2026-09-17
编译类型	bian yi lei xing	15	语言与架构	term	编译类型	thuocl-it	2026-09-17
编译系统	bian yi xi tong	15	语言与架构	term	编译系统	thuocl-it	2026-09-17
编译调试	bian yi tiao shi	15	语言与架构	term	编译调试	thuocl-it	2026-09-17
编译过程	bian yi guo cheng	15	语言与架构	term	编译过程	thuocl-it	2026-09-17
编译选项	bian yi xuan xiang	15	语言与架构	term	编译选项	thuocl-it	2026-09-17
编译速度	bian yi su du	15	语言与架构	term	编译速度	thuocl-it	2026-09-17
编译配置	bian yi pei zhi	15	语言与架构	term	编译配置	thuocl-it	2026-09-17
编译链接	bian yi lian jie	15	语言与架构	term	编译链接	thuocl-it	2026-09-17
编译错误	bian yi cuo wu	15	语言与架构	term	编译错误	thuocl-it	2026-09-17
缺陷管理	que xian guan li	15	工程与交付	term	缺陷管理	thuocl-it	2026-09-17
网络下载	wang luo xia zai	15	网络与安全	term	网络下载	thuocl-it	2026-09-17
网络互连	wang luo hu lian	15	网络与安全	term	网络互连	thuocl-it	2026-09-17
网络仿真	wang luo fang zhen	15	网络与安全	term	网络仿真	thuocl-it	2026-09-17
网络优化	wang luo you hua	15	网络与安全	term	网络优化	thuocl-it	2026-09-17
网络传输	wang luo chuan shu	15	网络与安全	term	网络传输	thuocl-it	2026-09-17
网络体系结构	wang luo ti xi jie gou	15	网络与安全	term	网络体系结构	thuocl-it	2026-09-17
网络信息中心	wang luo xin xi zhong xin	15	网络与安全	term	网络信息中心	thuocl-it	2026-09-17
网络信息服务	wang luo xin xi fu wu	15	网络与安全	term	网络信息服务	thuocl-it	2026-09-17
网络分割	wang luo fen ge	15	网络与安全	term	网络分割	thuocl-it	2026-09-17
网络分析图层	wang luo fen xi tu ceng	15	网络与安全	term	网络分析图层	thuocl-it	2026-09-17
网络判断	wang luo pan duan	15	网络与安全	term	网络判断	thuocl-it	2026-09-17
网络加载	wang luo jia zai	15	网络与安全	term	网络加载	thuocl-it	2026-09-17
网络加速	wang luo jia su	15	网络与安全	term	网络加速	thuocl-it	2026-09-17
网络协议	wang luo xie yi	15	网络与安全	term	网络协议	thuocl-it	2026-09-17
网络协议栈	wang luo xie yi zhan	15	网络与安全	term	网络协议栈	thuocl-it	2026-09-17
网络单元	wang luo dan yuan	15	网络与安全	term	网络单元	thuocl-it	2026-09-17
网络原理	wang luo yuan li	15	网络与安全	term	网络原理	thuocl-it	2026-09-17
网络同步	wang luo tong bu	15	网络与安全	term	网络同步	thuocl-it	2026-09-17
网络命令	wang luo ming ling	15	网络与安全	term	网络命令	thuocl-it	2026-09-17
网络图片	wang luo tu pian	15	网络与安全	term	网络图片	thuocl-it	2026-09-17
网络地址	wang luo di zhi	15	网络与安全	term	网络地址	thuocl-it	2026-09-17
网络基本功	wang luo ji ben gong	15	网络与安全	term	网络基本功	thuocl-it	2026-09-17
网络多线程	wang luo duo xian cheng	15	网络与安全	term	网络多线程	thuocl-it	2026-09-17
网络字节序	wang luo zi jie xu	15	网络与安全	term	网络字节序	thuocl-it	2026-09-17
网络字节顺序	wang luo zi jie shun xu	15	网络与安全	term	网络字节顺序	thuocl-it	2026-09-17
网络安全技术	wang luo an quan ji shu	15	网络与安全	term	网络安全技术	thuocl-it	2026-09-17
网络安全研究	wang luo an quan yan jiu	15	网络与安全	term	网络安全研究	thuocl-it	2026-09-17
网络家电	wang luo jia dian	15	网络与安全	term	网络家电	thuocl-it	2026-09-17
网络层	wang luo ceng	15	网络与安全	term	网络层	thuocl-it	2026-09-17
网络工具	wang luo gong ju	15	网络与安全	term	网络工具	thuocl-it	2026-09-17
网络工程	wang luo gong cheng	15	网络与安全	term	网络工程	thuocl-it	2026-09-17
网络工程师	wang luo gong cheng shi	15	网络与安全	term	网络工程师	thuocl-it	2026-09-17
网络带宽	wang luo dai kuan	15	网络与安全	term	网络带宽	thuocl-it	2026-09-17
网络常识	wang luo chang shi	15	网络与安全	term	网络常识	thuocl-it	2026-09-17
网络应用	wang luo ying yong	15	网络与安全	term	网络应用	thuocl-it	2026-09-17
网络开发	wang luo kai fa	15	网络与安全	term	网络开发	thuocl-it	2026-09-17
网络异常	wang luo yi chang	15	网络与安全	term	网络异常	thuocl-it	2026-09-17
网络引擎	wang luo yin qing	15	网络与安全	term	网络引擎	thuocl-it	2026-09-17
网络手机	wang luo shou ji	15	网络与安全	term	网络手机	thuocl-it	2026-09-17
网络抓包	wang luo zhua bao	15	网络与安全	term	网络抓包	thuocl-it	2026-09-17
网络拓扑	wang luo tuo pu	15	网络与安全	term	网络拓扑	thuocl-it	2026-09-17
网络拥塞	wang luo yong se	15	网络与安全	term	网络拥塞	thuocl-it	2026-09-17
网络接口	wang luo jie kou	15	网络与安全	term	网络接口	thuocl-it	2026-09-17
网络推广	wang luo tui guang	15	网络与安全	term	网络推广	thuocl-it	2026-09-17
网络摄像头	wang luo she xiang tou	15	网络与安全	term	网络摄像头	thuocl-it	2026-09-17
网络操作系统	wang luo cao zuo xi tong	15	网络与安全	term	网络操作系统	thuocl-it	2026-09-17
网络收音机	wang luo shou yin ji	15	网络与安全	term	网络收音机	thuocl-it	2026-09-17
网络攻防	wang luo gong fang	15	网络与安全	term	网络攻防	thuocl-it	2026-09-17
网络故障	wang luo gu zhang	15	网络与安全	term	网络故障	thuocl-it	2026-09-17
网络数据	wang luo shu ju	15	网络与安全	term	网络数据	thuocl-it	2026-09-17
网络数据请求	wang luo shu ju qing qiu	15	网络与安全	term	网络数据请求	thuocl-it	2026-09-17
网络文件系统	wang luo wen jian xi tong	15	网络与安全	term	网络文件系统	thuocl-it	2026-09-17
网络文摘	wang luo wen zhai	15	网络与安全	term	网络文摘	thuocl-it	2026-09-17
网络新闻	wang luo xin wen	15	网络与安全	term	网络新闻	thuocl-it	2026-09-17
网络日志	wang luo ri zhi	15	网络与安全	term	网络日志	thuocl-it	2026-09-17
网络时间协议	wang luo shi jian xie yi	15	网络与安全	term	网络时间协议	thuocl-it	2026-09-17
网络最大流	wang luo zui da liu	15	网络与安全	term	网络最大流	thuocl-it	2026-09-17
网络服务器	wang luo fu wu qi	15	网络与安全	term	网络服务器	thuocl-it	2026-09-17
网络架构	wang luo jia gou	15	网络与安全	term	网络架构	thuocl-it	2026-09-17
网络栈	wang luo zhan	15	网络与安全	term	网络栈	thuocl-it	2026-09-17
网络框架	wang luo kuang jia	15	网络与安全	term	网络框架	thuocl-it	2026-09-17
网络检测	wang luo jian ce	15	网络与安全	term	网络检测	thuocl-it	2026-09-17
网络模型	wang luo mo xing	15	网络与安全	term	网络模型	thuocl-it	2026-09-17
网络流	wang luo liu	15	网络与安全	term	网络流	thuocl-it	2026-09-17
网络流最大流	wang luo liu zui da liu	15	网络与安全	term	网络流最大流	thuocl-it	2026-09-17
网络测试	wang luo ce shi	15	网络与安全	term	网络测试	thuocl-it	2026-09-17
网络状态	wang luo zhuang tai	15	网络与安全	term	网络状态	thuocl-it	2026-09-17
网络监听	wang luo jian ting	15	网络与安全	term	网络监听	thuocl-it	2026-09-17
网络监控	wang luo jian kong	15	网络与安全	term	网络监控	thuocl-it	2026-09-17
网络监测	wang luo jian ce	15	网络与安全	term	网络监测	thuocl-it	2026-09-17
网络管理	wang luo guan li	15	网络与安全	term	网络管理	thuocl-it	2026-09-17
网络类型	wang luo lei xing	15	网络与安全	term	网络类型	thuocl-it	2026-09-17
网络编程	wang luo bian cheng	15	网络与安全	term	网络编程	thuocl-it	2026-09-17
网络编程开发	wang luo bian cheng kai fa	15	网络与安全	term	网络编程开发	thuocl-it	2026-09-17
网络虚拟化	wang luo xu ni hua	15	网络与安全	term	网络虚拟化	thuocl-it	2026-09-17
网络蠕虫	wang luo ru chong	15	网络与安全	term	网络蠕虫	thuocl-it	2026-09-17
网络视频	wang luo shi pin	15	网络与安全	term	网络视频	thuocl-it	2026-09-17
网络解析	wang luo jie xi	15	网络与安全	term	网络解析	thuocl-it	2026-09-17
网络计算机	wang luo ji suan ji	15	网络与安全	term	网络计算机	thuocl-it	2026-09-17
网络设备	wang luo she bei	15	网络与安全	term	网络设备	thuocl-it	2026-09-17
网络设施	wang luo she shi	15	网络与安全	term	网络设施	thuocl-it	2026-09-17
网络设置	wang luo she zhi	15	网络与安全	term	网络设置	thuocl-it	2026-09-17
网络访问	wang luo fang wen	15	网络与安全	term	网络访问	thuocl-it	2026-09-17
网络诊断	wang luo zhen duan	15	网络与安全	term	网络诊断	thuocl-it	2026-09-17
网络请求	wang luo qing qiu	15	网络与安全	term	网络请求	thuocl-it	2026-09-17
网络请求数据	wang luo qing qiu shu ju	15	网络与安全	term	网络请求数据	thuocl-it	2026-09-17
网络请求框架	wang luo qing qiu kuang jia	15	网络与安全	term	网络请求框架	thuocl-it	2026-09-17
网络资源	wang luo zi yuan	15	网络与安全	term	网络资源	thuocl-it	2026-09-17
网络资讯	wang luo zi xun	15	网络与安全	term	网络资讯	thuocl-it	2026-09-17
网络运维	wang luo yun wei	15	网络与安全	term	网络运维	thuocl-it	2026-09-17
网络连接状态	wang luo lian jie zhuang tai	15	网络与安全	term	网络连接状态	thuocl-it	2026-09-17
网络适配器	wang luo shi pei qi	15	网络与安全	term	网络适配器	thuocl-it	2026-09-17
网络通信	wang luo tong xin	15	网络与安全	term	网络通信	thuocl-it	2026-09-17
网络通信协议	wang luo tong xin xie yi	15	网络与安全	term	网络通信协议	thuocl-it	2026-09-17
网络通信技术	wang luo tong xin ji shu	15	网络与安全	term	网络通信技术	thuocl-it	2026-09-17
网络通信编程	wang luo tong xin bian cheng	15	网络与安全	term	网络通信编程	thuocl-it	2026-09-17
网络通讯	wang luo tong xun	15	网络与安全	term	网络通讯	thuocl-it	2026-09-17
网络通讯编程	wang luo tong xun bian cheng	15	网络与安全	term	网络通讯编程	thuocl-it	2026-09-17
网络部分	wang luo bu fen	15	网络与安全	term	网络部分	thuocl-it	2026-09-17
网络配置	wang luo pei zhi	15	网络与安全	term	网络配置	thuocl-it	2026-09-17
网页内容	wang ye nei rong	15	前端与应用	term	网页内容	thuocl-it	2026-09-17
网页制作	wang ye zhi zuo	15	前端与应用	term	网页制作	thuocl-it	2026-09-17
网页前端	wang ye qian duan	15	前端与应用	term	网页前端	thuocl-it	2026-09-17
网页前端技术	wang ye qian duan ji shu	15	前端与应用	term	网页前端技术	thuocl-it	2026-09-17
网页历史	wang ye li shi	15	前端与应用	term	网页历史	thuocl-it	2026-09-17
网页图表	wang ye tu biao	15	前端与应用	term	网页图表	thuocl-it	2026-09-17
网页布局	wang ye bu ju	15	前端与应用	term	网页布局	thuocl-it	2026-09-17
网页开发	wang ye kai fa	15	前端与应用	term	网页开发	thuocl-it	2026-09-17
网页技术	wang ye ji shu	15	前端与应用	term	网页技术	thuocl-it	2026-09-17
网页抓取	wang ye zhua qu	15	前端与应用	term	网页抓取	thuocl-it	2026-09-17
网页授权	wang ye shou quan	15	前端与应用	term	网页授权	thuocl-it	2026-09-17
网页木马	wang ye mu ma	15	前端与应用	term	网页木马	thuocl-it	2026-09-17
网页爬虫	wang ye pa chong	15	前端与应用	term	网页爬虫	thuocl-it	2026-09-17
网页特效	wang ye te xiao	15	前端与应用	term	网页特效	thuocl-it	2026-09-17
网页编程	wang ye bian cheng	15	前端与应用	term	网页编程	thuocl-it	2026-09-17
网页编辑	wang ye bian ji	15	前端与应用	term	网页编辑	thuocl-it	2026-09-17
网页编辑器	wang ye bian ji qi	15	前端与应用	term	网页编辑器	thuocl-it	2026-09-17
网页解析	wang ye jie xi	15	前端与应用	term	网页解析	thuocl-it	2026-09-17
自动化测试	zi dong hua ce shi	15	工程与交付	term	自动化测试	thuocl-it	2026-09-17
虚拟专用网	xu ni zhuan yong wang	15	系统与并发	term	虚拟专用网	thuocl-it	2026-09-17
虚拟专用网络	xu ni zhuan yong wang luo	15	系统与并发	term	虚拟专用网络	thuocl-it	2026-09-17
虚拟串口	xu ni chuan kou	15	系统与并发	term	虚拟串口	thuocl-it	2026-09-17
虚拟主机	xu ni zhu ji	15	系统与并发	term	虚拟主机	thuocl-it	2026-09-17
虚拟人	xu ni ren	15	系统与并发	term	虚拟人	thuocl-it	2026-09-17
虚拟企业	xu ni qi ye	15	系统与并发	term	虚拟企业	thuocl-it	2026-09-17
虚拟光盘	xu ni guang pan	15	系统与并发	term	虚拟光盘	thuocl-it	2026-09-17
虚拟光驱	xu ni guang qu	15	系统与并发	term	虚拟光驱	thuocl-it	2026-09-17
虚拟内存	xu ni nei cun	15	系统与并发	term	虚拟内存	thuocl-it	2026-09-17
虚拟制造	xu ni zhi zao	15	系统与并发	term	虚拟制造	thuocl-it	2026-09-17
虚拟化技术	xu ni hua ji shu	15	系统与并发	term	虚拟化技术	thuocl-it	2026-09-17
虚拟图书馆	xu ni tu shu guan	15	系统与并发	term	虚拟图书馆	thuocl-it	2026-09-17
虚拟地址	xu ni di zhi	15	系统与并发	term	虚拟地址	thuocl-it	2026-09-17
虚拟处理器	xu ni chu li qi	15	系统与并发	term	虚拟处理器	thuocl-it	2026-09-17
虚拟存储	xu ni cun chu	15	系统与并发	term	虚拟存储	thuocl-it	2026-09-17
虚拟存储器	xu ni cun chu qi	15	系统与并发	term	虚拟存储器	thuocl-it	2026-09-17
虚拟存储管理	xu ni cun chu guan li	15	系统与并发	term	虚拟存储管理	thuocl-it	2026-09-17
虚拟寻址	xu ni xun zhi	15	系统与并发	term	虚拟寻址	thuocl-it	2026-09-17
虚拟局域网	xu ni ju yu wang	15	系统与并发	term	虚拟局域网	thuocl-it	2026-09-17
虚拟库	xu ni ku	15	系统与并发	term	虚拟库	thuocl-it	2026-09-17
虚拟成员	xu ni cheng yuan	15	系统与并发	term	虚拟成员	thuocl-it	2026-09-17
虚拟技术	xu ni ji shu	15	系统与并发	term	虚拟技术	thuocl-it	2026-09-17
虚拟控制台	xu ni kong zhi tai	15	系统与并发	term	虚拟控制台	thuocl-it	2026-09-17
虚拟摇杆	xu ni yao gan	15	系统与并发	term	虚拟摇杆	thuocl-it	2026-09-17
虚拟操作系统	xu ni cao zuo xi tong	15	系统与并发	term	虚拟操作系统	thuocl-it	2026-09-17
虚拟文件系统	xu ni wen jian xi tong	15	系统与并发	term	虚拟文件系统	thuocl-it	2026-09-17
虚拟方式	xu ni fang shi	15	系统与并发	term	虚拟方式	thuocl-it	2026-09-17
虚拟机安装	xu ni ji an zhuang	15	系统与并发	term	虚拟机安装	thuocl-it	2026-09-17
虚拟环境	xu ni huan jing	15	系统与并发	term	虚拟环境	thuocl-it	2026-09-17
虚拟现实技术	xu ni xian shi ji shu	15	系统与并发	term	虚拟现实技术	thuocl-it	2026-09-17
虚拟用户	xu ni yong hu	15	系统与并发	term	虚拟用户	thuocl-it	2026-09-17
虚拟盘	xu ni pan	15	系统与并发	term	虚拟盘	thuocl-it	2026-09-17
虚拟目录	xu ni mu lu	15	系统与并发	term	虚拟目录	thuocl-it	2026-09-17
虚拟磁盘	xu ni ci pan	15	系统与并发	term	虚拟磁盘	thuocl-it	2026-09-17
虚拟系统	xu ni xi tong	15	系统与并发	term	虚拟系统	thuocl-it	2026-09-17
虚拟终端	xu ni zhong duan	15	系统与并发	term	虚拟终端	thuocl-it	2026-09-17
虚拟继承	xu ni ji cheng	15	系统与并发	term	虚拟继承	thuocl-it	2026-09-17
虚拟网络	xu ni wang luo	15	系统与并发	term	虚拟网络	thuocl-it	2026-09-17
虚拟装配	xu ni zhuang pei	15	系统与并发	term	虚拟装配	thuocl-it	2026-09-17
虚拟视点	xu ni shi dian	15	系统与并发	term	虚拟视点	thuocl-it	2026-09-17
虚拟计算机	xu ni ji suan ji	15	系统与并发	term	虚拟计算机	thuocl-it	2026-09-17
虚拟设备	xu ni she bei	15	系统与并发	term	虚拟设备	thuocl-it	2026-09-17
虚拟路径	xu ni lu jing	15	系统与并发	term	虚拟路径	thuocl-it	2026-09-17
虚拟软盘	xu ni ruan pan	15	系统与并发	term	虚拟软盘	thuocl-it	2026-09-17
虚拟键盘	xu ni jian pan	15	系统与并发	term	虚拟键盘	thuocl-it	2026-09-17
表单美化	biao dan mei hua	15	前端与应用	term	表单美化	thuocl-it	2026-09-17
表单验证	biao dan yan zheng	15	前端与应用	term	表单验证	thuocl-it	2026-09-17
表格布局	biao ge bu ju	15	前端与应用	term	表格布局	thuocl-it	2026-09-17
表格控件	biao ge kong jian	15	前端与应用	term	表格控件	thuocl-it	2026-09-17
表格操作	biao ge cao zuo	15	前端与应用	term	表格操作	thuocl-it	2026-09-17
表结构	biao jie gou	15	数据与存储	term	表结构	thuocl-it	2026-09-17
表达式树	biao da shi shu	15	语言与架构	term	表达式树	thuocl-it	2026-09-17
表达式计算	biao da shi ji suan	15	语言与架构	term	表达式计算	thuocl-it	2026-09-17
表达式语言	biao da shi yu yan	15	语言与架构	term	表达式语言	thuocl-it	2026-09-17
视图切换	shi tu qie huan	15	前端与应用	term	视图切换	thuocl-it	2026-09-17
视图动画	shi tu dong hua	15	前端与应用	term	视图动画	thuocl-it	2026-09-17
视图开发	shi tu kai fa	15	前端与应用	term	视图开发	thuocl-it	2026-09-17
视图控件	shi tu kong jian	15	前端与应用	term	视图控件	thuocl-it	2026-09-17
视图控制器	shi tu kong zhi qi	15	前端与应用	term	视图控制器	thuocl-it	2026-09-17
视图框架	shi tu kuang jia	15	前端与应用	term	视图框架	thuocl-it	2026-09-17
视图状态	shi tu zhuang tai	15	前端与应用	term	视图状态	thuocl-it	2026-09-17
视图解析器	shi tu jie xi qi	15	前端与应用	term	视图解析器	thuocl-it	2026-09-17
触摸事件	chu mo shi jian	15	前端与应用	term	触摸事件	thuocl-it	2026-09-17
触摸机制	chu mo ji zhi	15	前端与应用	term	触摸机制	thuocl-it	2026-09-17
触摸板	chu mo ban	15	前端与应用	term	触摸板	thuocl-it	2026-09-17
认证链	ren zheng lian	15	网络与安全	term	认证链	thuocl-it	2026-09-17
设计模式原则	she ji mo shi yuan ze	15	语言与架构	term	设计模式原则	thuocl-it	2026-09-17
访问控制	fang wen kong zhi	15	网络与安全	term	访问控制	thuocl-it	2026-09-17
访问控制列表	fang wen kong zhi lie biao	15	网络与安全	term	访问控制列表	thuocl-it	2026-09-17
证书作废表	zheng shu zuo fei biao	15	网络与安全	term	证书作废表	thuocl-it	2026-09-17
证书失效	zheng shu shi xiao	15	网络与安全	term	证书失效	thuocl-it	2026-09-17
证书废除	zheng shu fei chu	15	网络与安全	term	证书废除	thuocl-it	2026-09-17
证书无效	zheng shu wu xiao	15	网络与安全	term	证书无效	thuocl-it	2026-09-17
证书状态	zheng shu zhuang tai	15	网络与安全	term	证书状态	thuocl-it	2026-09-17
证书管理	zheng shu guan li	15	网络与安全	term	证书管理	thuocl-it	2026-09-17
证书管理机构	zheng shu guan li ji gou	15	网络与安全	term	证书管理机构	thuocl-it	2026-09-17
证书过期	zheng shu guo qi	15	网络与安全	term	证书过期	thuocl-it	2026-09-17
证书配置	zheng shu pei zhi	15	网络与安全	term	证书配置	thuocl-it	2026-09-17
证书链	zheng shu lian	15	网络与安全	term	证书链	thuocl-it	2026-09-17
语义信息	yu yi xin xi	15	语言与架构	term	语义信息	thuocl-it	2026-09-17
语义化	yu yi hua	15	语言与架构	term	语义化	thuocl-it	2026-09-17
语义属性	yu yi shu xing	15	语言与架构	term	语义属性	thuocl-it	2026-09-17
语义树	yu yi shu	15	语言与架构	term	语义树	thuocl-it	2026-09-17
语义检查	yu yi jian cha	15	语言与架构	term	语义检查	thuocl-it	2026-09-17
语义相关性	yu yi xiang guan xing	15	语言与架构	term	语义相关性	thuocl-it	2026-09-17
语义网	yu yi wang	15	语言与架构	term	语义网	thuocl-it	2026-09-17
语义网络	yu yi wang luo	15	语言与架构	term	语义网络	thuocl-it	2026-09-17
语义词典	yu yi ci dian	15	语言与架构	term	语义词典	thuocl-it	2026-09-17
语义距离	yu yi ju li	15	语言与架构	term	语义距离	thuocl-it	2026-09-17
语法关系	yu fa guan xi	15	语言与架构	term	语法关系	thuocl-it	2026-09-17
语法分析	yu fa fen xi	15	语言与架构	term	语法分析	thuocl-it	2026-09-17
语法分析程序	yu fa fen xi cheng xu	15	语言与架构	term	语法分析程序	thuocl-it	2026-09-17
语法基础	yu fa ji chu	15	语言与架构	term	语法基础	thuocl-it	2026-09-17
语法属性	yu fa shu xing	15	语言与架构	term	语法属性	thuocl-it	2026-09-17
语法描述语言	yu fa miao shu yu yan	15	语言与架构	term	语法描述语言	thuocl-it	2026-09-17
语法树	yu fa shu	15	语言与架构	term	语法树	thuocl-it	2026-09-17
语法糖	yu fa tang	15	语言与架构	term	语法糖	thuocl-it	2026-09-17
语法细节	yu fa xi jie	15	语言与架构	term	语法细节	thuocl-it	2026-09-17
语法范畴	yu fa fan chou	15	语言与架构	term	语法范畴	thuocl-it	2026-09-17
语法规则	yu fa gui ze	15	语言与架构	term	语法规则	thuocl-it	2026-09-17
语法解析	yu fa jie xi	15	语言与架构	term	语法解析	thuocl-it	2026-09-17
语法高亮	yu fa gao liang	15	语言与架构	term	语法高亮	thuocl-it	2026-09-17
语言信息	yu yan xin xi	15	语言与架构	term	语言信息	thuocl-it	2026-09-17
语言基础	yu yan ji chu	15	语言与架构	term	语言基础	thuocl-it	2026-09-17
语言处理程序	yu yan chu li cheng xu	15	语言与架构	term	语言处理程序	thuocl-it	2026-09-17
语言学理论	yu yan xue li lun	15	语言与架构	term	语言学理论	thuocl-it	2026-09-17
语言开发	yu yan kai fa	15	语言与架构	term	语言开发	thuocl-it	2026-09-17
语言标准	yu yan biao zhun	15	语言与架构	term	语言标准	thuocl-it	2026-09-17
语言特性	yu yan te xing	15	语言与架构	term	语言特性	thuocl-it	2026-09-17
语言生成	yu yan sheng cheng	15	语言与架构	term	语言生成	thuocl-it	2026-09-17
语言程序	yu yan cheng xu	15	语言与架构	term	语言程序	thuocl-it	2026-09-17
语言程序设计	yu yan cheng xu she ji	15	语言与架构	term	语言程序设计	thuocl-it	2026-09-17
语言识别	yu yan shi bie	15	语言与架构	term	语言识别	thuocl-it	2026-09-17
语言语法	yu yan yu fa	15	语言与架构	term	语言语法	thuocl-it	2026-09-17
语言集成查询	yu yan ji cheng cha xun	15	语言与架构	term	语言集成查询	thuocl-it	2026-09-17
请求分页	qing qiu fen ye	15	网络与安全	term	请求分页	thuocl-it	2026-09-17
请求处理	qing qiu chu li	15	网络与安全	term	请求处理	thuocl-it	2026-09-17
请求报文	qing qiu bao wen	15	网络与安全	term	请求报文	thuocl-it	2026-09-17
请求数据	qing qiu shu ju	15	网络与安全	term	请求数据	thuocl-it	2026-09-17
请求评论	qing qiu ping lun	15	网络与安全	term	请求评论	thuocl-it	2026-09-17
请求转发	qing qiu zhuan fa	15	网络与安全	term	请求转发	thuocl-it	2026-09-17
读写周期	du xie zhou qi	15	系统与并发	term	读写周期	thuocl-it	2026-09-17
读写控制电路	du xie kong zhi dian lu	15	系统与并发	term	读写控制电路	thuocl-it	2026-09-17
读写文件	du xie wen jian	15	系统与并发	term	读写文件	thuocl-it	2026-09-17
读写磁头	du xie ci tou	15	系统与并发	term	读写磁头	thuocl-it	2026-09-17
读写锁	du xie suo	15	系统与并发	term	读写锁	thuocl-it	2026-09-17
调度作业	diao du zuo ye	15	系统与并发	term	调度作业	thuocl-it	2026-09-17
调度方式	diao du fang shi	15	系统与并发	term	调度方式	thuocl-it	2026-09-17
调度模块	diao du mo kuai	15	系统与并发	term	调度模块	thuocl-it	2026-09-17
调度程序	diao du cheng xu	15	系统与并发	term	调度程序	thuocl-it	2026-09-17
调度策略	diao du ce lve	15	系统与并发	term	调度策略	thuocl-it	2026-09-17
调度算法	diao du suan fa	15	系统与并发	term	调度算法	thuocl-it	2026-09-17
调度规则	diao du gui ze	15	系统与并发	term	调度规则	thuocl-it	2026-09-17
调度资源	diao du zi yuan	15	系统与并发	term	调度资源	thuocl-it	2026-09-17
调度队列	diao du dui lie	15	系统与并发	term	调度队列	thuocl-it	2026-09-17
调试例程	tiao shi li cheng	15	工程与交付	term	调试例程	thuocl-it	2026-09-17
调试器	tiao shi qi	15	工程与交付	term	调试器	thuocl-it	2026-09-17
调试工具	tiao shi gong ju	15	工程与交付	term	调试工具	thuocl-it	2026-09-17
调试报错	tiao shi bao cuo	15	工程与交付	term	调试报错	thuocl-it	2026-09-17
调试程序	tiao shi cheng xu	15	工程与交付	term	调试程序	thuocl-it	2026-09-17
调试错误	tiao shi cuo wu	15	工程与交付	term	调试错误	thuocl-it	2026-09-17
负载均衡技术	fu zai jun heng ji shu	15	网络与安全	term	负载均衡技术	thuocl-it	2026-09-17
资源下载	zi yuan xia zai	15	系统与并发	term	资源下载	thuocl-it	2026-09-17
资源共享控制	zi yuan gong xiang kong zhi	15	系统与并发	term	资源共享控制	thuocl-it	2026-09-17
资源冲突	zi yuan chong tu	15	系统与并发	term	资源冲突	thuocl-it	2026-09-17
资源分配表	zi yuan fen pei biao	15	系统与并发	term	资源分配表	thuocl-it	2026-09-17
资源加密	zi yuan jia mi	15	系统与并发	term	资源加密	thuocl-it	2026-09-17
资源加载	zi yuan jia zai	15	系统与并发	term	资源加载	thuocl-it	2026-09-17
资源备份	zi yuan bei fen	15	系统与并发	term	资源备份	thuocl-it	2026-09-17
资源子网	zi yuan zi wang	15	系统与并发	term	资源子网	thuocl-it	2026-09-17
资源库	zi yuan ku	15	系统与并发	term	资源库	thuocl-it	2026-09-17
资源打包	zi yuan da bao	15	系统与并发	term	资源打包	thuocl-it	2026-09-17
资源搜集	zi yuan sou ji	15	系统与并发	term	资源搜集	thuocl-it	2026-09-17
资源操作	zi yuan cao zuo	15	系统与并发	term	资源操作	thuocl-it	2026-09-17
资源收集	zi yuan shou ji	15	系统与并发	term	资源收集	thuocl-it	2026-09-17
资源整理	zi yuan zheng li	15	系统与并发	term	资源整理	thuocl-it	2026-09-17
资源文件	zi yuan wen jian	15	系统与并发	term	资源文件	thuocl-it	2026-09-17
资源管理器	zi yuan guan li qi	15	系统与并发	term	资源管理器	thuocl-it	2026-09-17
资源管理程序	zi yuan guan li cheng xu	15	系统与并发	term	资源管理程序	thuocl-it	2026-09-17
资源素材	zi yuan su cai	15	系统与并发	term	资源素材	thuocl-it	2026-09-17
资源释放	zi yuan shi fang	15	系统与并发	term	资源释放	thuocl-it	2026-09-17
资源重复	zi yuan chong fu	15	系统与并发	term	资源重复	thuocl-it	2026-09-17
跨域	kua yu	15	网络与安全	term	跨域	thuocl-it	2026-09-17
跨域访问	kua yu fang wen	15	网络与安全	term	跨域访问	thuocl-it	2026-09-17
跨域请求	kua yu qing qiu	15	网络与安全	term	跨域请求	thuocl-it	2026-09-17
跨平台开发	kua ping tai kai fa	15	前端与应用	term	跨平台开发	thuocl-it	2026-09-17
路径分析	lu jing fen xi	15	系统与并发	term	路径分析	thuocl-it	2026-09-17
路径压缩	lu jing ya suo	15	系统与并发	term	路径压缩	thuocl-it	2026-09-17
路径名	lu jing ming	15	系统与并发	term	路径名	thuocl-it	2026-09-17
路径命令	lu jing ming ling	15	系统与并发	term	路径命令	thuocl-it	2026-09-17
路径和	lu jing he	15	系统与并发	term	路径和	thuocl-it	2026-09-17
路径搜索	lu jing sou suo	15	系统与并发	term	路径搜索	thuocl-it	2026-09-17
路径条件	lu jing tiao jian	15	系统与并发	term	路径条件	thuocl-it	2026-09-17
路径表达式	lu jing biao da shi	15	系统与并发	term	路径表达式	thuocl-it	2026-09-17
路径记录	lu jing ji lu	15	系统与并发	term	路径记录	thuocl-it	2026-09-17
路由交换	lu you jiao huan	15	网络与安全	term	路由交换	thuocl-it	2026-09-17
路由协议	lu you xie yi	15	网络与安全	term	路由协议	thuocl-it	2026-09-17
路由器开发	lu you qi kai fa	15	网络与安全	term	路由器开发	thuocl-it	2026-09-17
路由器配置	lu you qi pei zhi	15	网络与安全	term	路由器配置	thuocl-it	2026-09-17
路由表	lu you biao	15	网络与安全	term	路由表	thuocl-it	2026-09-17
路由选择	lu you xuan ze	15	网络与安全	term	路由选择	thuocl-it	2026-09-17
路由选择协议	lu you xuan ze xie yi	15	网络与安全	term	路由选择协议	thuocl-it	2026-09-17
路由选择算法	lu you xuan ze suan fa	15	网络与安全	term	路由选择算法	thuocl-it	2026-09-17
路由配置	lu you pei zhi	15	网络与安全	term	路由配置	thuocl-it	2026-09-17
身份证校验	shen fen zheng jiao yan	15	网络与安全	term	身份证校验	thuocl-it	2026-09-17
身份证识别	shen fen zheng shi bie	15	网络与安全	term	身份证识别	thuocl-it	2026-09-17
身份证验证	shen fen zheng yan zheng	15	网络与安全	term	身份证验证	thuocl-it	2026-09-17
输入优先级	shu ru you xian ji	15	前端与应用	term	输入优先级	thuocl-it	2026-09-17
输入依赖	shu ru yi lai	15	前端与应用	term	输入依赖	thuocl-it	2026-09-17
输入子系统	shu ru zi xi tong	15	前端与应用	term	输入子系统	thuocl-it	2026-09-17
输入带	shu ru dai	15	前端与应用	term	输入带	thuocl-it	2026-09-17
输入文本类型	shu ru wen ben lei xing	15	前端与应用	term	输入文本类型	thuocl-it	2026-09-17
输入框	shu ru kuang	15	前端与应用	term	输入框	thuocl-it	2026-09-17
输入流	shu ru liu	15	前端与应用	term	输入流	thuocl-it	2026-09-17
输入特性	shu ru te xing	15	前端与应用	term	输入特性	thuocl-it	2026-09-17
输入符号	shu ru fu hao	15	前端与应用	term	输入符号	thuocl-it	2026-09-17
输入缓冲区	shu ru huan chong qu	15	前端与应用	term	输入缓冲区	thuocl-it	2026-09-17
输入脉冲	shu ru mai chong	15	前端与应用	term	输入脉冲	thuocl-it	2026-09-17
输入规模	shu ru gui mo	15	前端与应用	term	输入规模	thuocl-it	2026-09-17
输入设备	shu ru she bei	15	前端与应用	term	输入设备	thuocl-it	2026-09-17
输入输出函数	shu ru shu chu han shu	15	前端与应用	term	输入输出函数	thuocl-it	2026-09-17
输入输出接口	shu ru shu chu jie kou	15	前端与应用	term	输入输出接口	thuocl-it	2026-09-17
输入输出流	shu ru shu chu liu	15	前端与应用	term	输入输出流	thuocl-it	2026-09-17
输入输出管理	shu ru shu chu guan li	15	前端与应用	term	输入输出管理	thuocl-it	2026-09-17
输入输出训练	shu ru shu chu xun lian	15	前端与应用	term	输入输出训练	thuocl-it	2026-09-17
输入输出设备	shu ru shu chu she bei	15	前端与应用	term	输入输出设备	thuocl-it	2026-09-17
输入输出队列	shu ru shu chu dui lie	15	前端与应用	term	输入输出队列	thuocl-it	2026-09-17
输入进程	shu ru jin cheng	15	前端与应用	term	输入进程	thuocl-it	2026-09-17
输入速率	shu ru su lv	15	前端与应用	term	输入速率	thuocl-it	2026-09-17
输入阻抗	shu ru zu kang	15	前端与应用	term	输入阻抗	thuocl-it	2026-09-17
输入验证	shu ru yan zheng	15	前端与应用	term	输入验证	thuocl-it	2026-09-17
输出优先级	shu chu you xian ji	15	前端与应用	term	输出优先级	thuocl-it	2026-09-17
输出依赖	shu chu yi lai	15	前端与应用	term	输出依赖	thuocl-it	2026-09-17
输出带	shu chu dai	15	前端与应用	term	输出带	thuocl-it	2026-09-17
输出提交	shu chu ti jiao	15	前端与应用	term	输出提交	thuocl-it	2026-09-17
输出断言	shu chu duan yan	15	前端与应用	term	输出断言	thuocl-it	2026-09-17
输出格式	shu chu ge shi	15	前端与应用	term	输出格式	thuocl-it	2026-09-17
输出流	shu chu liu	15	前端与应用	term	输出流	thuocl-it	2026-09-17
输出特性	shu chu te xing	15	前端与应用	term	输出特性	thuocl-it	2026-09-17
输出脉冲	shu chu mai chong	15	前端与应用	term	输出脉冲	thuocl-it	2026-09-17
输出设备	shu chu she bei	15	前端与应用	term	输出设备	thuocl-it	2026-09-17
输出进程	shu chu jin cheng	15	前端与应用	term	输出进程	thuocl-it	2026-09-17
输出重定向	shu chu chong ding xiang	15	前端与应用	term	输出重定向	thuocl-it	2026-09-17
输出阻抗	shu chu zu kang	15	前端与应用	term	输出阻抗	thuocl-it	2026-09-17
过渡动画	guo du dong hua	15	前端与应用	term	过渡动画	thuocl-it	2026-09-17
过渡效果	guo du xiao guo	15	前端与应用	term	过渡效果	thuocl-it	2026-09-17
运算符优先级	yun suan fu you xian ji	15	语言与架构	term	运算符优先级	thuocl-it	2026-09-17
运算符重载	yun suan fu chong zai	15	语言与架构	term	运算符重载	thuocl-it	2026-09-17
运行时库	yun xing shi ku	15	语言与架构	term	运行时库	thuocl-it	2026-09-17
运行时异常	yun xing shi yi chang	15	语言与架构	term	运行时异常	thuocl-it	2026-09-17
运行时机制	yun xing shi ji zhi	15	语言与架构	term	运行时机制	thuocl-it	2026-09-17
运行时权限	yun xing shi quan xian	15	语言与架构	term	运行时权限	thuocl-it	2026-09-17
运行时诊断	yun xing shi zhen duan	15	语言与架构	term	运行时诊断	thuocl-it	2026-09-17
运行时错误	yun xing shi cuo wu	15	语言与架构	term	运行时错误	thuocl-it	2026-09-17
进程上下文	jin cheng shang xia wen	15	系统与并发	term	进程上下文	thuocl-it	2026-09-17
进程互斥	jin cheng hu chi	15	系统与并发	term	进程互斥	thuocl-it	2026-09-17
进程优先级	jin cheng you xian ji	15	系统与并发	term	进程优先级	thuocl-it	2026-09-17
进程保护	jin cheng bao hu	15	系统与并发	term	进程保护	thuocl-it	2026-09-17
进程关系	jin cheng guan xi	15	系统与并发	term	进程关系	thuocl-it	2026-09-17
进程内存	jin cheng nei cun	15	系统与并发	term	进程内存	thuocl-it	2026-09-17
进程创建	jin cheng chuang jian	15	系统与并发	term	进程创建	thuocl-it	2026-09-17
进程句柄	jin cheng ju bing	15	系统与并发	term	进程句柄	thuocl-it	2026-09-17
进程同步	jin cheng tong bu	15	系统与并发	term	进程同步	thuocl-it	2026-09-17
进程名	jin cheng ming	15	系统与并发	term	进程名	thuocl-it	2026-09-17
进程地址空间	jin cheng di zhi kong jian	15	系统与并发	term	进程地址空间	thuocl-it	2026-09-17
进程控制	jin cheng kong zhi	15	系统与并发	term	进程控制	thuocl-it	2026-09-17
进程池	jin cheng chi	15	系统与并发	term	进程池	thuocl-it	2026-09-17
进程注入	jin cheng zhu ru	15	系统与并发	term	进程注入	thuocl-it	2026-09-17
进程状态	jin cheng zhuang tai	15	系统与并发	term	进程状态	thuocl-it	2026-09-17
进程管理	jin cheng guan li	15	系统与并发	term	进程管理	thuocl-it	2026-09-17
进程线程	jin cheng xian cheng	15	系统与并发	term	进程线程	thuocl-it	2026-09-17
进程组	jin cheng zu	15	系统与并发	term	进程组	thuocl-it	2026-09-17
进程调度	jin cheng diao du	15	系统与并发	term	进程调度	thuocl-it	2026-09-17
进程调度算法	jin cheng diao du suan fa	15	系统与并发	term	进程调度算法	thuocl-it	2026-09-17
进程迁移	jin cheng qian yi	15	系统与并发	term	进程迁移	thuocl-it	2026-09-17
进程退出	jin cheng tui chu	15	系统与并发	term	进程退出	thuocl-it	2026-09-17
进程通信	jin cheng tong xin	15	系统与并发	term	进程通信	thuocl-it	2026-09-17
进程通讯	jin cheng tong xun	15	系统与并发	term	进程通讯	thuocl-it	2026-09-17
进程间通讯	jin cheng jian tong xun	15	系统与并发	term	进程间通讯	thuocl-it	2026-09-17
远程会议	yuan cheng hui yi	15	网络与安全	term	远程会议	thuocl-it	2026-09-17
远程作业	yuan cheng zuo ye	15	网络与安全	term	远程作业	thuocl-it	2026-09-17
远程作业输入	yuan cheng zuo ye shu ru	15	网络与安全	term	远程作业输入	thuocl-it	2026-09-17
远程办公	yuan cheng ban gong	15	网络与安全	term	远程办公	thuocl-it	2026-09-17
远程处理	yuan cheng chu li	15	网络与安全	term	远程处理	thuocl-it	2026-09-17
远程库	yuan cheng ku	15	网络与安全	term	远程库	thuocl-it	2026-09-17
远程控制软件	yuan cheng kong zhi ruan jian	15	网络与安全	term	远程控制软件	thuocl-it	2026-09-17
远程推送	yuan cheng tui song	15	网络与安全	term	远程推送	thuocl-it	2026-09-17
远程教学	yuan cheng jiao xue	15	网络与安全	term	远程教学	thuocl-it	2026-09-17
远程方法调用	yuan cheng fang fa diao yong	15	网络与安全	term	远程方法调用	thuocl-it	2026-09-17
远程服务	yuan cheng fu wu	15	网络与安全	term	远程服务	thuocl-it	2026-09-17
远程服务器	yuan cheng fu wu qi	15	网络与安全	term	远程服务器	thuocl-it	2026-09-17
远程查询	yuan cheng cha xun	15	网络与安全	term	远程查询	thuocl-it	2026-09-17
远程桌面	yuan cheng zhuo mian	15	网络与安全	term	远程桌面	thuocl-it	2026-09-17
远程桌面连接	yuan cheng zhuo mian lian jie	15	网络与安全	term	远程桌面连接	thuocl-it	2026-09-17
远程登录	yuan cheng deng lu	15	网络与安全	term	远程登录	thuocl-it	2026-09-17
远程登录协议	yuan cheng deng lu xie yi	15	网络与安全	term	远程登录协议	thuocl-it	2026-09-17
远程监控	yuan cheng jian kong	15	网络与安全	term	远程监控	thuocl-it	2026-09-17
远程终端	yuan cheng zhong duan	15	网络与安全	term	远程终端	thuocl-it	2026-09-17
远程访问	yuan cheng fang wen	15	网络与安全	term	远程访问	thuocl-it	2026-09-17
远程诊断	yuan cheng zhen duan	15	网络与安全	term	远程诊断	thuocl-it	2026-09-17
远程调用	yuan cheng diao yong	15	网络与安全	term	远程调用	thuocl-it	2026-09-17
远程调试	yuan cheng tiao shi	15	网络与安全	term	远程调试	thuocl-it	2026-09-17
远程过程调用	yuan cheng guo cheng diao yong	15	网络与安全	term	远程过程调用	thuocl-it	2026-09-17
远程进程调用	yuan cheng jin cheng diao yong	15	网络与安全	term	远程进程调用	thuocl-it	2026-09-17
远程连接	yuan cheng lian jie	15	网络与安全	term	远程连接	thuocl-it	2026-09-17
远程通信	yuan cheng tong xin	15	网络与安全	term	远程通信	thuocl-it	2026-09-17
远程通知	yuan cheng tong zhi	15	网络与安全	term	远程通知	thuocl-it	2026-09-17
远程部署	yuan cheng bu shu	15	网络与安全	term	远程部署	thuocl-it	2026-09-17
连接单元接口	lian jie dan yuan jie kou	15	网络与安全	term	连接单元接口	thuocl-it	2026-09-17
连接原语	lian jie yuan yu	15	网络与安全	term	连接原语	thuocl-it	2026-09-17
连接埠	lian jie bu	15	网络与安全	term	连接埠	thuocl-it	2026-09-17
连接失败	lian jie shi bai	15	网络与安全	term	连接失败	thuocl-it	2026-09-17
连接字符串	lian jie zi fu chuan	15	网络与安全	term	连接字符串	thuocl-it	2026-09-17
连接建立	lian jie jian li	15	网络与安全	term	连接建立	thuocl-it	2026-09-17
连接数	lian jie shu	15	网络与安全	term	连接数	thuocl-it	2026-09-17
连接数据库	lian jie shu ju ku	15	网络与安全	term	连接数据库	thuocl-it	2026-09-17
连接时间	lian jie shi jian	15	网络与安全	term	连接时间	thuocl-it	2026-09-17
连接机	lian jie ji	15	网络与安全	term	连接机	thuocl-it	2026-09-17
连接机制	lian jie ji zhi	15	网络与安全	term	连接机制	thuocl-it	2026-09-17
连接查询	lian jie cha xun	15	网络与安全	term	连接查询	thuocl-it	2026-09-17
连接点	lian jie dian	15	网络与安全	term	连接点	thuocl-it	2026-09-17
连接端点	lian jie duan dian	15	网络与安全	term	连接端点	thuocl-it	2026-09-17
连接编辑程序	lian jie bian ji cheng xu	15	网络与安全	term	连接编辑程序	thuocl-it	2026-09-17
连接释放	lian jie shi fang	15	网络与安全	term	连接释放	thuocl-it	2026-09-17
迭代加深	die dai jia shen	15	语言与架构	term	迭代加深	thuocl-it	2026-09-17
迭代加深搜索	die dai jia shen sou suo	15	语言与架构	term	迭代加深搜索	thuocl-it	2026-09-17
迭代器	die dai qi	15	语言与架构	term	迭代器	thuocl-it	2026-09-17
迭代器失效	die dai qi shi xiao	15	语言与架构	term	迭代器失效	thuocl-it	2026-09-17
迭代搜索	die dai sou suo	15	语言与架构	term	迭代搜索	thuocl-it	2026-09-17
迭代改进	die dai gai jin	15	语言与架构	term	迭代改进	thuocl-it	2026-09-17
迭代法	die dai fa	15	语言与架构	term	迭代法	thuocl-it	2026-09-17
递归估计	di gui gu ji	15	语言与架构	term	递归估计	thuocl-it	2026-09-17
递归例程	di gui li cheng	15	语言与架构	term	递归例程	thuocl-it	2026-09-17
递归函数	di gui han shu	15	语言与架构	term	递归函数	thuocl-it	2026-09-17
递归分治	di gui fen zhi	15	语言与架构	term	递归分治	thuocl-it	2026-09-17
递归定理	di gui ding li	15	语言与架构	term	递归定理	thuocl-it	2026-09-17
递归实现	di gui shi xian	15	语言与架构	term	递归实现	thuocl-it	2026-09-17
递归方法	di gui fang fa	15	语言与架构	term	递归方法	thuocl-it	2026-09-17
递归查询	di gui cha xun	15	语言与架构	term	递归查询	thuocl-it	2026-09-17
递归算法	di gui suan fa	15	语言与架构	term	递归算法	thuocl-it	2026-09-17
递归计算	di gui ji suan	15	语言与架构	term	递归计算	thuocl-it	2026-09-17
递归调用	di gui diao yong	15	语言与架构	term	递归调用	thuocl-it	2026-09-17
递归遍历	di gui bian li	15	语言与架构	term	递归遍历	thuocl-it	2026-09-17
通信仿真	tong xin fang zhen	15	网络与安全	term	通信仿真	thuocl-it	2026-09-17
通信协议	tong xin xie yi	15	网络与安全	term	通信协议	thuocl-it	2026-09-17
通信原理	tong xin yuan li	15	网络与安全	term	通信原理	thuocl-it	2026-09-17
通信基础	tong xin ji chu	15	网络与安全	term	通信基础	thuocl-it	2026-09-17
通信基础知识	tong xin ji chu zhi shi	15	网络与安全	term	通信基础知识	thuocl-it	2026-09-17
通信处理机	tong xin chu li ji	15	网络与安全	term	通信处理机	thuocl-it	2026-09-17
通信子网	tong xin zi wang	15	网络与安全	term	通信子网	thuocl-it	2026-09-17
通信安全	tong xin an quan	15	网络与安全	term	通信安全	thuocl-it	2026-09-17
通信接口	tong xin jie kou	15	网络与安全	term	通信接口	thuocl-it	2026-09-17
通信控制器	tong xin kong zhi qi	15	网络与安全	term	通信控制器	thuocl-it	2026-09-17
通信故障	tong xin gu zhang	15	网络与安全	term	通信故障	thuocl-it	2026-09-17
通信机制	tong xin ji zhi	15	网络与安全	term	通信机制	thuocl-it	2026-09-17
通信框架	tong xin kuang jia	15	网络与安全	term	通信框架	thuocl-it	2026-09-17
通信模型	tong xin mo xing	15	网络与安全	term	通信模型	thuocl-it	2026-09-17
通信测试	tong xin ce shi	15	网络与安全	term	通信测试	thuocl-it	2026-09-17
通信类	tong xin lei	15	网络与安全	term	通信类	thuocl-it	2026-09-17
通信编程	tong xin bian cheng	15	网络与安全	term	通信编程	thuocl-it	2026-09-17
通信软件	tong xin ruan jian	15	网络与安全	term	通信软件	thuocl-it	2026-09-17
通信连接	tong xin lian jie	15	网络与安全	term	通信连接	thuocl-it	2026-09-17
通信适配器	tong xin shi pei qi	15	网络与安全	term	通信适配器	thuocl-it	2026-09-17
部署图	bu shu tu	15	工程与交付	term	部署图	thuocl-it	2026-09-17
部署清单	bu shu qing dan	15	工程与交付	term	部署清单	thuocl-it	2026-09-17
部署项目	bu shu xiang mu	15	工程与交付	term	部署项目	thuocl-it	2026-09-17
配置信息	pei zhi xin xi	15	工程与交付	term	配置信息	thuocl-it	2026-09-17
配置参数	pei zhi can shu	15	工程与交付	term	配置参数	thuocl-it	2026-09-17
配置安装	pei zhi an zhuang	15	工程与交付	term	配置安装	thuocl-it	2026-09-17
配置审核	pei zhi shen he	15	工程与交付	term	配置审核	thuocl-it	2026-09-17
配置控制	pei zhi kong zhi	15	工程与交付	term	配置控制	thuocl-it	2026-09-17
配置文件属性	pei zhi wen jian shu xing	15	工程与交付	term	配置文件属性	thuocl-it	2026-09-17
配置文档	pei zhi wen dang	15	工程与交付	term	配置文档	thuocl-it	2026-09-17
配置标识	pei zhi biao zhi	15	工程与交付	term	配置标识	thuocl-it	2026-09-17
配置状态	pei zhi zhuang tai	15	工程与交付	term	配置状态	thuocl-it	2026-09-17
配置状态报告	pei zhi zhuang tai bao gao	15	工程与交付	term	配置状态报告	thuocl-it	2026-09-17
配置环境	pei zhi huan jing	15	工程与交付	term	配置环境	thuocl-it	2026-09-17
配置环境变量	pei zhi huan jing bian liang	15	工程与交付	term	配置环境变量	thuocl-it	2026-09-17
配置管理工具	pei zhi guan li gong ju	15	工程与交付	term	配置管理工具	thuocl-it	2026-09-17
重写规则	chong xie gui ze	15	语言与架构	term	重写规则	thuocl-it	2026-09-17
重构二叉树	chong gou er cha shu	15	工程与交付	term	重构二叉树	thuocl-it	2026-09-17
重试	chong shi	15	网络与安全	term	重试	thuocl-it	2026-09-17
重载函数	chong zai han shu	15	语言与架构	term	重载函数	thuocl-it	2026-09-17
重载运算符	chong zai yun suan fu	15	语言与架构	term	重载运算符	thuocl-it	2026-09-17
锁住数据库	suo zhu shu ju ku	15	系统与并发	term	锁住数据库	thuocl-it	2026-09-17
锁住记录	suo zhu ji lu	15	系统与并发	term	锁住记录	thuocl-it	2026-09-17
锁定参考线	suo ding can kao xian	15	系统与并发	term	锁定参考线	thuocl-it	2026-09-17
锁定工具栏	suo ding gong ju lan	15	系统与并发	term	锁定工具栏	thuocl-it	2026-09-17
锁定浏览器	suo ding liu lan qi	15	系统与并发	term	锁定浏览器	thuocl-it	2026-09-17
锁机制	suo ji zhi	15	系统与并发	term	锁机制	thuocl-it	2026-09-17
锁步	suo bu	15	系统与并发	term	锁步	thuocl-it	2026-09-17
锁相容性	suo xiang rong xing	15	系统与并发	term	锁相容性	thuocl-it	2026-09-17
锁表	suo biao	15	系统与并发	term	锁表	thuocl-it	2026-09-17
错误代码	cuo wu dai ma	15	语言与架构	term	错误代码	thuocl-it	2026-09-17
错误分析	cuo wu fen xi	15	语言与架构	term	错误分析	thuocl-it	2026-09-17
错误处理	cuo wu chu li	15	语言与架构	term	错误处理	thuocl-it	2026-09-17
错误异常	cuo wu yi chang	15	语言与架构	term	错误异常	thuocl-it	2026-09-17
错误扩散	cuo wu kuo san	15	语言与架构	term	错误扩散	thuocl-it	2026-09-17
错误控制	cuo wu kong zhi	15	语言与架构	term	错误控制	thuocl-it	2026-09-17
错误收集	cuo wu shou ji	15	语言与架构	term	错误收集	thuocl-it	2026-09-17
错误数据	cuo wu shu ju	15	语言与架构	term	错误数据	thuocl-it	2026-09-17
错误整理	cuo wu zheng li	15	语言与架构	term	错误整理	thuocl-it	2026-09-17
错误条件	cuo wu tiao jian	15	语言与架构	term	错误条件	thuocl-it	2026-09-17
错误模型	cuo wu mo xing	15	语言与架构	term	错误模型	thuocl-it	2026-09-17
错误类别	cuo wu lei bie	15	语言与架构	term	错误类别	thuocl-it	2026-09-17
错误解决	cuo wu jie jue	15	语言与架构	term	错误解决	thuocl-it	2026-09-17
错误解决办法	cuo wu jie jue ban fa	15	语言与架构	term	错误解决办法	thuocl-it	2026-09-17
错误解决方式	cuo wu jie jue fang shi	15	语言与架构	term	错误解决方式	thuocl-it	2026-09-17
错误解决方案	cuo wu jie jue fang an	15	语言与架构	term	错误解决方案	thuocl-it	2026-09-17
错误记录	cuo wu ji lu	15	语言与架构	term	错误记录	thuocl-it	2026-09-17
错误诊断	cuo wu zhen duan	15	语言与架构	term	错误诊断	thuocl-it	2026-09-17
错误调试	cuo wu tiao shi	15	语言与架构	term	错误调试	thuocl-it	2026-09-17
错误集	cuo wu ji	15	语言与架构	term	错误集	thuocl-it	2026-09-17
错误集合	cuo wu ji he	15	语言与架构	term	错误集合	thuocl-it	2026-09-17
错误集锦	cuo wu ji jin	15	语言与架构	term	错误集锦	thuocl-it	2026-09-17
错误页面	cuo wu ye mian	15	语言与架构	term	错误页面	thuocl-it	2026-09-17
错误预测	cuo wu yu ce	15	语言与架构	term	错误预测	thuocl-it	2026-09-17
键值	jian zhi	15	数据与存储	term	键值	thuocl-it	2026-09-17
键值对	jian zhi dui	15	数据与存储	term	键值对	thuocl-it	2026-09-17
键值编码	jian zhi bian ma	15	数据与存储	term	键值编码	thuocl-it	2026-09-17
键值观察	jian zhi guan cha	15	数据与存储	term	键值观察	thuocl-it	2026-09-17
防御式编程	fang yu shi bian cheng	15	网络与安全	term	防御式编程	thuocl-it	2026-09-17
防火墙配置	fang huo qiang pei zhi	15	网络与安全	term	防火墙配置	thuocl-it	2026-09-17
阻塞原语	zu se yuan yu	15	系统与并发	term	阻塞原语	thuocl-it	2026-09-17
阻塞状态	zu se zhuang tai	15	系统与并发	term	阻塞状态	thuocl-it	2026-09-17
阻塞网络	zu se wang luo	15	系统与并发	term	阻塞网络	thuocl-it	2026-09-17
阻塞队列	zu se dui lie	15	系统与并发	term	阻塞队列	thuocl-it	2026-09-17
阻塞非阻塞	zu se fei zu se	15	系统与并发	term	阻塞非阻塞	thuocl-it	2026-09-17
集群技术	ji qun ji shu	15	工程与交付	term	集群技术	thuocl-it	2026-09-17
集群搭建	ji qun da jian	15	工程与交付	term	集群搭建	thuocl-it	2026-09-17
集群环境	ji qun huan jing	15	工程与交付	term	集群环境	thuocl-it	2026-09-17
集群监控	ji qun jian kong	15	工程与交付	term	集群监控	thuocl-it	2026-09-17
集群管理	ji qun guan li	15	工程与交付	term	集群管理	thuocl-it	2026-09-17
集群部署	ji qun bu shu	15	工程与交付	term	集群部署	thuocl-it	2026-09-17
集群配置	ji qun pei zhi	15	工程与交付	term	集群配置	thuocl-it	2026-09-17
需求函数	xu qiu han shu	15	工程与交付	term	需求函数	thuocl-it	2026-09-17
需求审查	xu qiu shen cha	15	工程与交付	term	需求审查	thuocl-it	2026-09-17
需求工程	xu qiu gong cheng	15	工程与交付	term	需求工程	thuocl-it	2026-09-17
需求管理	xu qiu guan li	15	工程与交付	term	需求管理	thuocl-it	2026-09-17
需求规约	xu qiu gui yue	15	工程与交付	term	需求规约	thuocl-it	2026-09-17
需求阶段	xu qiu jie duan	15	工程与交付	term	需求阶段	thuocl-it	2026-09-17
需求驱动	xu qiu qu dong	15	工程与交付	term	需求驱动	thuocl-it	2026-09-17
需求验证	xu qiu yan zheng	15	工程与交付	term	需求验证	thuocl-it	2026-09-17
非阻塞	fei zu se	15	系统与并发	term	非阻塞	thuocl-it	2026-09-17
面向分析	mian xiang fen xi	15	语言与架构	term	面向分析	thuocl-it	2026-09-17
面向切面	mian xiang qie mian	15	语言与架构	term	面向切面	thuocl-it	2026-09-17
面向切面编程	mian xiang qie mian bian cheng	15	语言与架构	term	面向切面编程	thuocl-it	2026-09-17
面向制造	mian xiang zhi zao	15	语言与架构	term	面向制造	thuocl-it	2026-09-17
面向对象分析	mian xiang dui xiang fen xi	15	语言与架构	term	面向对象分析	thuocl-it	2026-09-17
面向对象原则	mian xiang dui xiang yuan ze	15	语言与架构	term	面向对象原则	thuocl-it	2026-09-17
面向对象建模	mian xiang dui xiang jian mo	15	语言与架构	term	面向对象建模	thuocl-it	2026-09-17
面向对象思想	mian xiang dui xiang si xiang	15	语言与架构	term	面向对象思想	thuocl-it	2026-09-17
面向对象技术	mian xiang dui xiang ji shu	15	语言与架构	term	面向对象技术	thuocl-it	2026-09-17
面向对象数据	mian xiang dui xiang shu ju	15	语言与架构	term	面向对象数据	thuocl-it	2026-09-17
面向对象方法	mian xiang dui xiang fang fa	15	语言与架构	term	面向对象方法	thuocl-it	2026-09-17
面向对象测试	mian xiang dui xiang ce shi	15	语言与架构	term	面向对象测试	thuocl-it	2026-09-17
面向对象编程	mian xiang dui xiang bian cheng	15	语言与架构	term	面向对象编程	thuocl-it	2026-09-17
面向对象设计	mian xiang dui xiang she ji	15	语言与架构	term	面向对象设计	thuocl-it	2026-09-17
面向对象语言	mian xiang dui xiang yu yan	15	语言与架构	term	面向对象语言	thuocl-it	2026-09-17
面向对象高级	mian xiang dui xiang gao ji	15	语言与架构	term	面向对象高级	thuocl-it	2026-09-17
面向接口编程	mian xiang jie kou bian cheng	15	语言与架构	term	面向接口编程	thuocl-it	2026-09-17
面向控制	mian xiang kong zhi	15	语言与架构	term	面向控制	thuocl-it	2026-09-17
面向数据结构	mian xiang shu ju jie gou	15	语言与架构	term	面向数据结构	thuocl-it	2026-09-17
面向方面编程	mian xiang fang mian bian cheng	15	语言与架构	term	面向方面编程	thuocl-it	2026-09-17
面向服务	mian xiang fu wu	15	语言与架构	term	面向服务	thuocl-it	2026-09-17
面向机器语言	mian xiang ji qi yu yan	15	语言与架构	term	面向机器语言	thuocl-it	2026-09-17
面向构件	mian xiang gou jian	15	语言与架构	term	面向构件	thuocl-it	2026-09-17
面向用户	mian xiang yong hu	15	语言与架构	term	面向用户	thuocl-it	2026-09-17
面向过程	mian xiang guo cheng	15	语言与架构	term	面向过程	thuocl-it	2026-09-17
面向过程编程	mian xiang guo cheng bian cheng	15	语言与架构	term	面向过程编程	thuocl-it	2026-09-17
面向过程语言	mian xiang guo cheng yu yan	15	语言与架构	term	面向过程语言	thuocl-it	2026-09-17
面向连接	mian xiang lian jie	15	语言与架构	term	面向连接	thuocl-it	2026-09-17
面向连接协议	mian xiang lian jie xie yi	15	语言与架构	term	面向连接协议	thuocl-it	2026-09-17
页表	ye biao	15	系统与并发	term	页表	thuocl-it	2026-09-17
页表项	ye biao xiang	15	系统与并发	term	页表项	thuocl-it	2026-09-17
页面优化	ye mian you hua	15	前端与应用	term	页面优化	thuocl-it	2026-09-17
页面传值	ye mian chuan zhi	15	前端与应用	term	页面传值	thuocl-it	2026-09-17
页面内查找	ye mian nei cha zhao	15	前端与应用	term	页面内查找	thuocl-it	2026-09-17
页面切换	ye mian qie huan	15	前端与应用	term	页面切换	thuocl-it	2026-09-17
页面前端	ye mian qian duan	15	前端与应用	term	页面前端	thuocl-it	2026-09-17
页面加载	ye mian jia zai	15	前端与应用	term	页面加载	thuocl-it	2026-09-17
页面坐标	ye mian zuo biao	15	前端与应用	term	页面坐标	thuocl-it	2026-09-17
页面失效	ye mian shi xiao	15	前端与应用	term	页面失效	thuocl-it	2026-09-17
页面居中	ye mian ju zhong	15	前端与应用	term	页面居中	thuocl-it	2026-09-17
页面布局	ye mian bu ju	15	前端与应用	term	页面布局	thuocl-it	2026-09-17
页面开发	ye mian kai fa	15	前端与应用	term	页面开发	thuocl-it	2026-09-17
页面技术	ye mian ji shu	15	前端与应用	term	页面技术	thuocl-it	2026-09-17
页面描述语言	ye mian miao shu yu yan	15	前端与应用	term	页面描述语言	thuocl-it	2026-09-17
页面效果	ye mian xiao guo	15	前端与应用	term	页面效果	thuocl-it	2026-09-17
页面替换策略	ye mian ti huan ce lve	15	前端与应用	term	页面替换策略	thuocl-it	2026-09-17
页面架构	ye mian jia gou	15	前端与应用	term	页面架构	thuocl-it	2026-09-17
页面渲染	ye mian xuan ran	15	前端与应用	term	页面渲染	thuocl-it	2026-09-17
页面特效	ye mian te xiao	15	前端与应用	term	页面特效	thuocl-it	2026-09-17
页面置换	ye mian zhi huan	15	前端与应用	term	页面置换	thuocl-it	2026-09-17
页面设置	ye mian she zhi	15	前端与应用	term	页面设置	thuocl-it	2026-09-17
页面设计	ye mian she ji	15	前端与应用	term	页面设计	thuocl-it	2026-09-17
页面跳转	ye mian tiao zhuan	15	前端与应用	term	页面跳转	thuocl-it	2026-09-17
页面间传值	ye mian jian chuan zhi	15	前端与应用	term	页面间传值	thuocl-it	2026-09-17
页面静态化	ye mian jing tai hua	15	前端与应用	term	页面静态化	thuocl-it	2026-09-17
项目代码	xiang mu dai ma	15	工程与交付	term	项目代码	thuocl-it	2026-09-17
项目优化	xiang mu you hua	15	工程与交付	term	项目优化	thuocl-it	2026-09-17
项目全局	xiang mu quan ju	15	工程与交付	term	项目全局	thuocl-it	2026-09-17
项目分析	xiang mu fen xi	15	工程与交付	term	项目分析	thuocl-it	2026-09-17
项目创建	xiang mu chuang jian	15	工程与交付	term	项目创建	thuocl-it	2026-09-17
项目发布	xiang mu fa bu	15	工程与交付	term	项目发布	thuocl-it	2026-09-17
项目外包	xiang mu wai bao	15	工程与交付	term	项目外包	thuocl-it	2026-09-17
项目实施	xiang mu shi shi	15	工程与交付	term	项目实施	thuocl-it	2026-09-17
项目应用	xiang mu ying yong	15	工程与交付	term	项目应用	thuocl-it	2026-09-17
项目开发	xiang mu kai fa	15	工程与交付	term	项目开发	thuocl-it	2026-09-17
项目开发管理	xiang mu kai fa guan li	15	工程与交付	term	项目开发管理	thuocl-it	2026-09-17
项目打包	xiang mu da bao	15	工程与交付	term	项目打包	thuocl-it	2026-09-17
项目报错	xiang mu bao cuo	15	工程与交付	term	项目报错	thuocl-it	2026-09-17
项目搭建	xiang mu da jian	15	工程与交付	term	项目搭建	thuocl-it	2026-09-17
项目整理	xiang mu zheng li	15	工程与交付	term	项目整理	thuocl-it	2026-09-17
项目文件	xiang mu wen jian	15	工程与交付	term	项目文件	thuocl-it	2026-09-17
项目日志	xiang mu ri zhi	15	工程与交付	term	项目日志	thuocl-it	2026-09-17
项目构建	xiang mu gou jian	15	工程与交付	term	项目构建	thuocl-it	2026-09-17
项目构建工具	xiang mu gou jian gong ju	15	工程与交付	term	项目构建工具	thuocl-it	2026-09-17
项目架构	xiang mu jia gou	15	工程与交付	term	项目架构	thuocl-it	2026-09-17
项目流程	xiang mu liu cheng	15	工程与交付	term	项目流程	thuocl-it	2026-09-17
项目测试	xiang mu ce shi	15	工程与交付	term	项目测试	thuocl-it	2026-09-17
项目源码	xiang mu yuan ma	15	工程与交付	term	项目源码	thuocl-it	2026-09-17
项目研发	xiang mu yan fa	15	工程与交付	term	项目研发	thuocl-it	2026-09-17
项目管理工具	xiang mu guan li gong ju	15	工程与交付	term	项目管理工具	thuocl-it	2026-09-17
项目管理软件	xiang mu guan li ruan jian	15	工程与交付	term	项目管理软件	thuocl-it	2026-09-17
项目结构	xiang mu jie gou	15	工程与交付	term	项目结构	thuocl-it	2026-09-17
项目节点	xiang mu jie dian	15	工程与交付	term	项目节点	thuocl-it	2026-09-17
项目规范	xiang mu gui fan	15	工程与交付	term	项目规范	thuocl-it	2026-09-17
项目解析	xiang mu jie xi	15	工程与交付	term	项目解析	thuocl-it	2026-09-17
项目设置	xiang mu she zhi	15	工程与交付	term	项目设置	thuocl-it	2026-09-17
项目设计	xiang mu she ji	15	工程与交付	term	项目设计	thuocl-it	2026-09-17
项目部署	xiang mu bu shu	15	工程与交付	term	项目部署	thuocl-it	2026-09-17
项目重命名	xiang mu chong ming ming	15	工程与交付	term	项目重命名	thuocl-it	2026-09-17
领域建模	ling yu jian mo	15	语言与架构	term	领域建模	thuocl-it	2026-09-17
领域无关	ling yu wu guan	15	语言与架构	term	领域无关	thuocl-it	2026-09-17
领域知识	ling yu zhi shi	15	语言与架构	term	领域知识	thuocl-it	2026-09-17
验收测试	yan shou ce shi	15	工程与交付	term	验收测试	thuocl-it	2026-09-17
