# 微明领域词库：历史人物，由 glimmer-dict-convert lexicon 从 THUOCL 拆出，基础词库里没有的部分。词	音节	词频
一真	yi zhen	8
丁义	ding yi	5
丁于	ding yu	6
丁佛言	ding fo yan	13
丁元公	ding yuan gong	3
丁军	ding jun	7
丁原	ding yuan	5
丁子峻	ding zi jun	39
丁子江	ding zi jiang	3
丁宝臣	ding bao chen	14
丁建华	ding jian hua	27
丁德隆	ding de long	39
丁志成	ding zhi cheng	3
丁文琪	ding wen qi	30
丁文祥	ding wen xiang	3
丁斐	ding fei	21
丁是娥	ding shi e	17
丁晏	ding yan	22
丁晓兵	ding xiao bing	10
丁晓峰	ding xiao feng	5
丁果仙	ding guo xian	10
丁汀	ding ting	2
丁泰	ding tai	3
丁济万	ding ji wan	1
丁炳权	ding bing quan	8
丁然	ding ran	5
丁瓒	ding zan	20
丁申	ding shen	11
丁立	ding li	6
丁立诚	ding li cheng	3
丁管	ding guan	2
丁耀亢	ding yao kang	23
丁艳燕	ding yan yan	4
丁芸	ding yun	12
丁薇	ding wei	24
丁轶	ding yi	1
丁道衡	ding dao heng	14
丁静怡	ding jing yi	4
七原秋也	qi yuan qiu ye	6
七海奈奈	qi hai nai nai	3
万古蟾	wan gu chan	35
万承风	wan cheng feng	11
万斯大	wan si da	25
万春林	wan chun lin	2
万松龄	wan song ling	4
万正色	wan zheng se	33
万永福	wan yong fu	1
万籁鸣	wan lai ming	49
万经	wan jing	9
万美汐	wan mei xi	8
万表	wan biao	6
万超尘	wan chao chen	14
万适	wan shi	5
三浦研一	san pu yan yi	9
上原多香子	shang yuan duo xiang zi	45
上原美优	shang yuan mei you	14
上官周	shang guan zhou	10
上洛	shang luo	3
上睿	shang rui	3
不破万作	bu po wan zuo	44
不韦	bu wei	3
丘岳	qiu yue	23
丘建	qiu jian	3
丘志广	qiu zhi guang	1
丘集	qiu ji	2
东仪秀树	dong yi xiu shu	28
东方涂钦	dong fang tu qin	4
东方闻樱	dong fang wen ying	10
东曹属	dong cao shu	10
东曹掾	dong cao yuan	33
东海林	dong hai lin	3
严从	yan cong	7
严健	yan jian	2
严如熤	yan ru yi	7
严岳	yan yue	2
严律南	yan lv nan	5
严恒	yan heng	3
严政	yan zheng	27
严文井	yan wen jing	34
严景耀	yan jing yao	18
严正花	yan zheng hua	15
严涛	yan tao	1
严淑明	yan shu ming	1
严澄	yan cheng	3
严独鹤	yan du he	15
严纲	yan gang	20
严绳孙	yan sheng sun	18
严蔚	yan wei	5
严衍	yan yan	19
严裕棠	yan yu tang	8
严观	yan guan	12
严辰	yan chen	14
严颢	yan hao	3
中丁	zhong ding	3
中丘	zhong qiu	4
中友子	zhong you zi	29
中宿	zhong su	5
中岛京子	zhong dao jing zi	28
中岛健藏	zhong dao jian cang	3
中村中	zhong cun zhong	3
中谢	zhong xie	6
中野宽也	zhong ye kuan ye	3
中野良子	zhong ye liang zi	13
丰云	feng yun	34
丰坊	feng fang	47
临戎	lin rong	28
义存	yi cun	44
乌氏	wu shi	3
乌申斯基	wu shen si ji	12
乐宁	le ning	6
乐安国	le an guo	35
乐就	yue jiu	7
乐纯	le chun	17
乐进	yue jin	4
乐靖宜	le jing yi	11
乔世宁	qiao shi ning	4
乔凤伟	qiao feng wei	5
乔吉	qiao ji	6
乔国老	qiao guo lao	17
乔塞佩	qiao sai pei	1
乔宇	qiao yu	35
乔本	qiao ben	4
乔松年	qiao song nian	17
乔楠	qiao nan	4
乔榛	qiao zhen	20
乔红	qiao hong	29
乔维怡	qiao wei yi	1
乔达	qiao da	5
乘氏	cheng shi	2
乙羽信子	yi yu xin zi	23
乞鞫	qi ju	3
书佐	shu zuo	4
书圣	shu sheng	7
乾化	qian hua	2
乾祐	qian you	3
乾统	qian tong	4
二之宫知子	er zhi gong zhi zi	31
二乔	er qiao	6
二月丫头	er yue ya tou	1
二祥	er xiang	2
于丹	yu dan	11
于伶	yu ling	6
于台烟	yu tai yan	44
于吉	yu ji	4
于善庆	yu shan qing	1
于娜	yu na	8
于小伟	yu xiao wei	23
于川	yu chuan	7
于幼华	yu you hua	6
于彤	yu tong	5
于德基	yu de ji	3
于志勇	yu zhi yong	2
于文华	yu wen hua	33
于新春	yu xin chun	6
于是之	yu shi zhi	8
于曙光	yu shu guang	3
于渊	yu yuan	5
于潜	yu qian	6
于灏	yu hao	4
于照	yu zhao	4
于皓	yu hao	5
于禁	yu jin	2
于莎莎	yu sha sha	36
于西蔓	yu xi man	4
于钦	yu qin	3
于陵	yu ling	3
于震环	yu zhen huan	3
云玲	yun ling	5
五听	wu ting	6
五监	wu jian	19
五轮书	wu lun shu	36
五轮真弓	wu lun zhen gong	29
亚相	ya xiang	3
亚纱美	ya sha mei	7
亢宗	kang zong	8
交河城	jiao he cheng	30
亦舒	yi shu	6
京本政树	jing ben zheng shu	47
人禅	ren chan	3
什伐赤	shi fa chi	7
仁宇	ren yu	3
仇兆鳌	qiu zhao ao	25
仇垲	qiu kai	4
仇晓	qiu xiao	14
仇连	qiu lian	1
今井绘理子	jin jing hui li zi	31
今宿麻美	jin su ma mei	5
今村俊也	jin cun jun ye	7
介文	jie wen	4
从公	cong gong	10
付光明	fu guang ming	4
付晓芳	fu xiao fang	3
付静	fu jing	4
代勇	dai yong	10
代善	dai shan	5
令居	ling ju	5
仪狄	yi di	28
仲仁	zhong ren	2
仲子	zhong zi	5
仲山	zhong shan	5
仲远	zhong yuan	3
仲长统	zhong chang tong	41
仲颖	zhong ying	11
任光	ren guang	8
任城国	ren cheng guo	31
任士林	ren shi lin	2
任峻	ren jun	38
任晓静	ren xiao jing	9
任枫	ren feng	2
任汝芬	ren ru fen	5
任泉	ren quan	9
任海波	ren hai bo	3
任淇	ren qi	2
任源	ren yuan	7
任溶溶	ren rong rong	30
任玥	ren yue	19
任环	ren huan	4
任程伟	ren cheng wei	25
任远征	ren yuan zheng	8
任道逊	ren dao xun	1
任道镕	ren dao rong	4
任长霞	ren chang xia	42
任陈晋	ren chen jin	4
任颐	ren yi	15
伊万丘克	yi wan qiu ke	36
伊利克	yi li ke	3
伊基塔	yi ji ta	25
伊月	yi yue	3
伊海	yi hai	4
伊秉绶	yi bing shou	46
伊籍	yi ji	5
伊藤隆大	yi teng long da	7
伊达直人	yi da zhi ren	8
伍仕贤	wu shi xian	17
伍代夏子	wu dai xia zi	22
伍孚	wu fu	15
伍宪子	wu xian zi	36
伍崇曜	wu chong yao	16
伍延鎏	wu yan liu	3
伍德彝	wu de yi	1
伍洪	wu hong	20
伍洲彤	wu zhou tong	6
伍琼	wu qiong	37
伍瑞隆	wu rui long	3
伍郎	wu lang	18
伍长华	wu zhang hua	4
伍霞	wu xia	6
伍飞	wu fei	4
伍骥	wu ji	8
伏契克	fu qi ke	31
伏胜	fu sheng	23
休徵	xiu zheng	3
会考府	hui kao fu	3
伦森布林克	lun sen bu lin ke	26
伯仁	bo ren	6
佐伯日菜子	zuo bo ri cai zi	18
佐佐木敦子	zuo zuo mu dun zi	22
佐佐木麻绪	zuo zuo mu ma xu	11
佐藤多佳子	zuo teng duo jia zi	15
佐藤宽子	zuo teng kuan zi	37
佐藤爱	zuo teng ai	4
佐藤蓝子	zuo teng lan zi	30
佐藤麻衣	zuo teng ma yi	37
何中	he zhong	10
何亮亮	he liang liang	19
何元锡	he yuan xi	3
何全	he quan	5
何其伟	he qi wei	3
何冬	he dong	11
何国栋	he guo dong	18
何基	he ji	7
何大成	he da cheng	1
何如宠	he ru chong	18
何子渊	he zi yuan	28
何孟春	he meng chun	31
何守志	he shou zhi	4
何守正	he shou zheng	18
何宗	he zong	4
何庆元	he qing yuan	4
何志锋	he zhi feng	1
何振岱	he zhen dai	2
何旃理	he zhan li	2
何曼	he man	4
何栋	he dong	46
何梦瑶	he meng yao	15
何植	he zhi	27
何永绍	he yong shao	3
何洋	he yang	11
何海洋	he hai yang	2
何深	he shen	6
何炫	he xuan	4
何玉成	he yu cheng	6
何琢言	he zhuo yan	34
何璋	he zhang	6
何祎	he yi	3
何祐	he you	7
何美钿	he mei tian	31
何翀	he chong	3
何苗	he miao	48
何赛飞	he sai fei	44
何进	he jin	8
何连生	he lian sheng	4
何适	he shi	6
何逊	he xun	32
何采	he cai	18
何鑫	he xin	11
何镗	he tang	4
余一元	yu yi yuan	1
余三胜	yu san sheng	23
余上沅	yu shang yuan	40
余世维	yu shi wei	7
余乐醒	yu le xing	17
余四海	yu si hai	3
余姝	yu shu	9
余安	yu an	4
余少镭	yu shao lei	3
余平	yu ping	8
余彤	yu tong	1
余怀	yu huai	49
余既成	yu ji cheng	12
余日章	yu ri zhang	30
余晓平	yu xiao ping	4
余栋臣	yu dong chen	6
余治	yu zhi	4
余洪元	yu hong yuan	1
余纲	yu gang	1
余绍宋	yu shao song	27
余继登	yu ji deng	11
余翠芝	yu cui zhi	25
余萧客	yu xiao ke	9
余觉	yu jue	8
余谈阵	yu tan zhen	4
余贲民	yu ben min	6
余轩朗	yu xuan lang	2
余阙	yu que	25
余集	yu ji	8
余青	yu qing	27
余韶	yu shao	15
余鹏	yu peng	19
佟大中	tong da zhong	2
佟岩	tong yan	3
佟韦	tong wei	8
侯伟	hou wei	23
侯克中	hou ke zhong	2
侯卫东	hou wei dong	7
侯咏	hou yong	17
侯宁	hou ning	5
侯度	hou du	6
侯成	hou cheng	6
侯振宇	hou zhen yu	9
侯晓军	hou xiao jun	3
侯梁	hou liang	3
侯湘婷	hou xiang ting	31
侯炜	hou wei	1
侯玉山	hou yu shan	2
侯相	hou xiang	3
侯祥麟	hou xiang lin	15
侯耀华	hou yao hua	31
侯耀文	hou yao wen	44
侯自强	hou zi qiang	2
侯野	hou ye	3
侯鹄	hou hu	2
保巴	bao ba	2
保罗艾伦	bao luo ai lun	4
保辜	bao gu	2
保阪尚希	bao ban shang xi	2
俞万春	yu wan chun	19
俞云	yu yun	26
俞佳	yu jia	5
俞兆晟	yu zhao sheng	12
俞力工	yu li gong	7
俞和	yu he	6
俞培	yu pei	3
俞山	yu shan	3
俞弁	yu bian	1
俞明震	yu ming zhen	49
俞松	yu song	7
俞正燮	yu zheng xie	30
俞琬	yu wan	3
俞莹	yu ying	1
俞蛟	yu jiao	5
信世昌	xin shi chang	2
修仪	xiu yi	3
修华	xiu hua	5
修庆	xiu qing	4
修文馆	xiu wen guan	38
倓虚	tan xu	29
倪一膺	ni yi ying	2
倪华	ni hua	19
倪洪章	ni hong zhang	3
倪田	ni tian	2
倪睿思	ni rui si	10
倪虹洁	ni hong jie	36
倪蜕	ni tui	9
倪超	ni chao	5
倪鸿	ni hong	4
假相国	jia xiang guo	3
傅云龙	fu yun long	22
傅亨	fu heng	8
傅以渐	fu yi jian	12
傅佥	fu qian	31
傅佩荣	fu pei rong	47
傅光宅	fu guang zhai	1
傅国栋	fu guo dong	3
傅山	fu shan	9
傅彪	fu biao	40
傅惜华	fu xi hua	5
傅瀚	fu han	9
傅熊湘	fu xiong xiang	5
傅瑜	fu yu	4
傅眉	fu mei	2
傅阳	fu yang	21
傅鹰	fu ying	34
储光羲	chu guang xi	34
储巏	chu quan	9
僰道	bo dao	44
儒勒斯	ru le si	1
兀突骨	wu tu gu	25
允才	yun cai	2
允若	yun ruo	33
元作	yuan zuo	10
元公	yuan gong	4
元宏	yuan hong	5
元宗	yuan zong	5
元廓	yuan kuo	12
元恭	yuan gong	3
元文宗图帖睦尔	yuan wen zong tu tie mu er	31
元泰	yuan tai	7
元淮	yuan huai	9
元猫	yuan mao	2
元秋	yuan qiu	7
元结	yuan jie	6
元脩	yuan xiu	2
元让	yuan rang	11
元钦	yuan qin	3
光初	guang chu	3
光定	guang ding	4
克劳斯施瓦布	ke lao si shi wa bu	3
克尔凯戈尔	ke er kai ge er	4
克新	ke xin	6
克里斯托弗哥伦布	ke li si tuo fu ge lun bu	2
党国英	dang guo ying	1
党国蕾	dang guo lei	5
党均	dang jun	9
党宁	dang ning	4
党成	dang cheng	7
入江直树	ru jiang zhi shu	28
入江纱绫	ru jiang sha ling	8
全勇先	quan yong xian	8
全尚	quan shang	4
全度妍	quan du yan	5
全汉升	quan han sheng	24
全端	quan duan	6
八代亚纪	ba dai ya ji	25
公刘	gong liu	6
公台	gong tai	4
公孙恭	gong sun gong	32
公孙轩辕	gong sun xuan yuan	3
公孙鞅	gong sun yang	17
公室告	gong shi gao	5
六卿	liu qing	5
兰石	lan shi	9
兰茂	lan mao	5
共工	gong gong	5
关兴	guan xing	7
关友声	guan you sheng	4
关口里美	guan kou li mei	3
关宁	guan ning	7
关定	guan ding	4
关松房	guan song fang	10
关槐	guan huai	3
关索	guan suo	6
关纯	guan chun	3
关肃霜	guan su shuang	18
冀志罡	ji zhi gang	3
冀朝铸	ji chao zhu	22
内斯肯斯	nei si ken si	15
冈本夏生	gang ben xia sheng	3
冈本多绪	gang ben duo xu	8
冈村孝子	gang cun xiao zi	15
冉平	ran ping	6
冉觐祖	ran jin zu	3
冉雄飞	ran xiong fei	6
冒襄	mao xiang	37
冢本晋也	zhong ben jin ye	43
冬日那	dong ri na	4
冯一刀	feng yi dao	2
冯一萌	feng yi meng	2
冯光裕	feng guang yu	3
冯勇强	feng yong qiang	2
冯国章	feng guo zhang	2
冯坤	feng kun	38
冯培元	feng pei yuan	9
冯大刚	feng da gang	1
冯大有	feng da you	2
冯奕	feng yi	22
冯如	feng ru	8
冯媛甄	feng yuan zhen	22
冯嫽	feng liao	13
冯安邦	feng an bang	31
冯家妹	feng jia mei	4
冯小	feng xiao	5
冯尔康	feng er kang	14
冯应京	feng ying jing	24
冯建章	feng jian zhang	3
冯开	feng kai	5
冯德英	feng de ying	16
冯惟敏	feng wei min	12
冯成修	feng cheng xiu	2
冯承辉	feng cheng hui	2
冯敏昌	feng min chang	8
冯文炳	feng wen bing	10
冯文蔚	feng wen wei	5
冯春晖	feng chun hui	6
冯晓曦	feng xiao xi	1
冯景兰	feng jing lan	13
冯梦祯	feng meng zhen	17
冯波	feng bo	37
冯海涛	feng hai tao	1
冯焌光	feng jun guang	3
冯煦	feng xu	41
冯特民	feng te min	37
冯礼	feng li	47
冯简	feng jian	21
冯至	feng zhi	7
冯苏	feng su	3
冯裕	feng yu	25
冯长春	feng chang chun	6
冯集梧	feng ji wu	6
冯雪松	feng xue song	5
冯雷	feng lei	25
冷枚	leng mei	10
冷永成	leng yong cheng	6
净莲	jing lian	15
凌一	ling yi	6
凌云上	ling yun shang	2
凌勇	ling yong	8
凌岩	ling yan	4
凌广	ling guang	7
凌德	ling de	9
凌必正	ling bi zheng	2
凌曙	ling shu	14
凌濛初	ling meng chu	5
凌纯声	ling chun sheng	48
凌震	ling zhen	18
凌霞	ling xia	32
凌音	ling yin	17
凤凰涅	feng huang nie	4
凭神	ping shen	3
刀美兰	dao mei lan	12
刁包	diao bao	15
刁德一	diao de yi	12
切格瓦拉	qie ge wa la	13
列子	lie zi	8
列科	lie ke	4
刘一含	liu yi han	8
刘一斌	liu yi bin	5
刘万春	liu wan chun	41
刘万永	liu wan yong	1
刘万芳	liu wan fang	3
刘世振	liu shi zhen	18
刘世珩	liu shi heng	19
刘丽敏	liu li min	2
刘丽梅	liu li mei	1
刘乃仁	liu nai ren	3
刘书宏	liu shu hong	43
刘书文	liu shu wen	1
刘乾	liu qian	6
刘于义	liu yu yi	31
刘云华	liu yun hua	6
刘云瀚	liu yun han	40
刘亚力	liu ya li	1
刘亚婷	liu ya ting	4
刘亚平	liu ya ping	6
刘仕伟	liu shi wei	3
刘仙洲	liu xian zhou	37
刘仪	liu yi	5
刘仪伟	liu yi wei	40
刘仲仁	liu zhong ren	1
刘仲甫	liu zhong fu	10
刘体仁	liu ti ren	26
刘体智	liu ti zhi	10
刘侗	liu tong	30
刘保	liu bao	7
刘元举	liu yuan ju	2
刘兆辉	liu zhao hui	5
刘先	liu xian	7
刘光大	liu guang da	2
刘光弟	liu guang di	3
刘光泗	liu guang si	3
刘光照	liu guang zhao	3
刘光远	liu guang yuan	8
刘冠翔	liu guan xiang	20
刘准	liu zhun	6
刘凤诰	liu feng gao	13
刘剑青	liu jian qing	2
刘力杨	liu li yang	2
刘力生	liu li sheng	3
刘勇祥	liu yong xiang	4
刘博平	liu bo ping	3
刘原	liu yuan	9
刘合	liu he	5
刘向	liu xiang	10
刘君	liu jun	10
刘喜海	liu xi hai	10
刘嗣绾	liu si wan	15
刘嘉树	liu jia shu	29
刘嘉颖	liu jia ying	3
刘国正	liu guo zheng	42
刘国用	liu guo yong	5
刘国钧	liu guo jun	47
刘基	liu ji	8
刘声木	liu sheng mu	8
刘大白	liu da bai	27
刘天和	liu tian he	24
刘天民	liu tian min	42
刘天真	liu tian zhen	1
刘威葳	liu wei wei	28
刘娜	liu na	12
刘子扬	liu zi yang	7
刘孜	liu zi	41
刘学洵	liu xue xun	3
刘守卫	liu shou wei	3
刘宏君	liu hong jun	2
刘宝全	liu bao quan	16
刘宝林	liu bao lin	9
刘宝楠	liu bao nan	20
刘实	liu shi	8
刘家秀	liu jia xiu	7
刘家麒	liu jia qi	11
刘容嘉	liu rong jia	29
刘寅生	liu yin sheng	6
刘寔	liu shi	47
刘封	liu feng	4
刘尔炘	liu er xin	16
刘尧诲	liu yao hui	10
刘履	liu lv	15
刘岑	liu cen	13
刘岩	liu yan	11
刘崇远	liu chong yuan	2
刘崧	liu song	24
刘巴	liu ba	3
刘干	liu gan	5
刘广智	liu guang zhi	20
刘庆东	liu qing dong	4
刘应时	liu ying shi	11
刘度	liu du	3
刘廷玑	liu ting ji	9
刘建宏	liu jian hong	21
刘式训	liu shi xun	18
刘弘毅	liu hong yi	3
刘弘章	liu hong zhang	7
刘彘	liu zhi	3
刘循	liu xun	44
刘德谦	liu de qian	8
刘志江	liu zhi jiang	9
刘悦	liu yue	46
刘惠亮	liu hui liang	6
刘愫	liu su	3
刘懋功	liu mao gong	39
刘承俊	liu cheng jun	44
刘承宗	liu cheng zong	7
刘承干	liu cheng gan	25
刘攽	liu ban	33
刘放	liu fang	8
刘文华	liu wen hua	34
刘文哲	liu wen zhe	11
刘文彬	liu wen bin	17
刘文敏	liu wen min	6
刘文斌	liu wen bin	34
刘文浩	liu wen hao	7
刘文淇	liu wen qi	25
刘文璞	liu wen pu	2
刘新华	liu xin hua	19
刘方	liu fang	9
刘日新	liu ri xin	3
刘旺枝	liu wang zhi	3
刘星炜	liu xing wei	26
刘春生	liu chun sheng	6
刘春雷	liu chun lei	5
刘晨	liu chen	39
刘景山	liu jing shan	8
刘朴	liu pu	22
刘权之	liu quan zhi	21
刘杉	liu shan	9
刘枚	liu mei	5
刘桂霞	liu gui xia	5
刘榛	liu zhen	3
刘正山	liu zheng shan	3
刘殿中	liu dian zhong	4
刘毓中	liu yu zhong	3
刘毓崧	liu yu song	16
刘永治	liu yong zhi	15
刘永济	liu yong ji	27
刘永锡	liu yong xi	10
刘治中	liu zhi zhong	3
刘泰	liu tai	4
刘淼	liu miao	21
刘灼	liu zhuo	2
刘炜华	liu wei hua	3
刘熙载	liu xi zai	45
刘爵	liu jue	1
刘献廷	liu xian ting	23
刘玉新	liu yu xin	6
刘玉浦	liu yu pu	25
刘珊玲	liu shan ling	6
刘珏	liu jue	23
刘珝	liu xu	38
刘理	liu li	4
刘琬	liu wan	31
刘琰	liu yan	42
刘璘	liu lin	1
刘璞	liu pu	16
刘瓒	liu zan	32
刘畴西	liu chou xi	49
刘白羽	liu bai yu	49
刘磊	liu lei	34
刘积仁	liu ji ren	11
刘端阳	liu duan yang	3
刘素萍	liu su ping	9
刘纪鹏	liu ji peng	4
刘纯燕	liu chun yan	31
刘绍先	liu shao xian	34
刘绍南	liu shao nan	2
刘绍棠	liu shao tang	22
刘缵	liu zuan	47
刘致	liu zhi	4
刘艾	liu ai	4
刘节	liu jie	5
刘芳菲	liu fang fei	31
刘苌	liu chang	31
刘范	liu fan	4
刘菁	liu jing	23
刘蜕	liu tui	16
刘衎	liu kan	26
刘衡	liu heng	27
刘谌	liu chen	34
刘超	liu chao	12
刘辰翁	liu chen weng	23
刘达	liu da	7
刘迎建	liu ying jian	3
刘运生	liu yun sheng	11
刘道一	liu dao yi	37
刘鄂	liu e	1
刘醒龙	liu xing long	27
刘鋹	liu chang	5
刘锋	liu feng	36
刘锡玲	liu xi ling	4
刘锴	liu kai	33
刘长佑	liu chang you	37
刘隆	liu long	6
刘雨卿	liu yu qing	43
刘震东	liu zhen dong	29
刘青藜	liu qing li	6
刘青青	liu qing qing	2
刘静波	liu jing bo	1
刘静钰	liu jing yu	3
刘韧	liu ren	12
刘鸿声	liu hong sheng	5
刘鸿恩	liu hong en	4
刘鹏云	liu peng yun	4
刘麟瑞	liu lin rui	4
刘齐	liu qi	6
刘龙田	liu long tian	2
刚秋英	gang qiu ying	2
初元	chu yuan	6
利智	li zhi	7
别尔嘉耶夫	bie er jia ye fu	10
别拉诺夫	bie la nuo fu	40
前川清	qian chuan qing	29
前田刚	qian tian gang	41
前田有纪	qian tian you ji	17
剔成	ti cheng	47
加林查	jia lin cha	30
加藤惠	jia teng hui	20
加藤爱	jia teng ai	3
加藤登纪子	jia teng deng ji zi	48
加藤绫子	jia teng ling zi	29
加藤罗莎	jia teng luo sha	44
加藤雅也	jia teng ya ye	25
励守谦	li shou qian	2
励宗万	li zong wan	9
劳之辨	lao zhi bian	2
劳史	lao shi	3
劳干	lao gan	2
劳春燕	lao chun yan	20
劳格	lao ge	3
勃劳希契	bo lao xi qi	2
包世臣	bao shi chen	49
包冉	bao ran	6
化方	hua fang	4
北乃纪伊	bei nai ji yi	39
匡斌	kuang bin	8
区大相	ou da xiang	8
区星	ou xing	3
半野喜弘	ban ye xi hong	6
华之鸿	hua zhi hong	4
华以刚	hua yi gang	13
华允诚	hua yun cheng	13
华学明	hua xue ming	18
华察	hua cha	38
华岱	hua dai	1
华恩	hua en	5
华文漪	hua wen yi	23
华栋	hua dong	28
华核	hua he	2
华沅	hua yuan	2
华瀚	hua han	7
华燧	hua sui	12
华珵	hua cheng	1
华益慰	hua yi wei	5
华秋苹	hua qiu ping	23
华纯	hua chun	4
华铨	hua quan	2
华雄	hua xiong	7
华黎明	hua li ming	4
卓秉恬	zhuo bing tian	21
单之蔷	shan zhi qiang	4
单士兵	dan shi bing	3
单大伟	dan da wei	5
单宇	dan yu	3
单希征	shan xi zheng	4
单炜	shan wei	1
单田芳	shan tian fang	42
单霞丽	shan xia li	6
南佳也	nan jia ye	16
南凉	nan liang	4
南宫民	nan gong min	15
南弘	nan hong	3
南明奈	nan ming nai	48
南海道	nan hai dao	5
博县	bo xian	3
博尔忽	bo er hu	49
博巴	bo ba	4
博明	bo ming	5
博涅克	bo nie ke	22
卜凤波	bu feng bo	2
卞喜	bian xi	12
卞永誉	bian yong yu	13
卞秉彬	bian bing bin	2
占旭刚	zhan xu gang	30
占西女王	zhan xi nv wang	2
卡尔马克思	ka er ma ke si	23
卡尼吉亚	ka ni ji ya	9
卡纳斯	ka na si	5
卡雷卡	ka lei ka	39
卢世昌	lu shi chang	12
卢仝	lu tong	42
卢伦	lu lun	2
卢冬生	lu dong sheng	42
卢南樵	lu nan qiao	13
卢同	lu tong	5
卢周来	lu zhou lai	1
卢宇光	lu yu guang	6
卢广伟	lu guang wei	5
卢志	lu zhi	5
卢志强	lu zhi qiang	24
卢怀慎	lu huai shen	30
卢正雨	lu zheng yu	11
卢求	lu qiu	3
卢洪春	lu hong chun	7
卢潮	lu chao	2
卢照龄	lu zhao ling	3
卢琦	lu qi	21
卢致德	lu zhi de	16
卢逊	lu xun	17
卢镐	lu hao	8
卢鸿杰	lu hong jie	3
卢龙塞	lu long sai	10
卫仲道	wei zhong dao	9
卫康叔	wei kang shu	42
卫弘	wei hong	6
卫慧	wei hui	15
卫懿公	wei yi gong	36
卫桓公	wei huan gong	45
卫武公	wei wu gong	24
卫王	wei wang	4
印建坤	yin jian kun	4
危素	wei su	31
卿士	qing shi	4
厂卫	chang wei	47
厉娜	li na	24
厉志	li zhi	32
厉晓秋	li xiao qiu	3
原济	yuan ji	3
原由子	yuan you zi	45
原纱央莉	yuan sha yang li	45
原鹿	yuan lu	4
叔向	shu xiang	6
古华	gu hua	8
古多尔	gu duo er	18
古宇	gu yu	3
古月	gu yue	9
古灵益	gu ling yi	49
古谷实	gu gu shi	25
可韵	ke yun	3
史东山	shi dong shan	32
史冬鹏	shi dong peng	10
史善长	shi shan chang	5
史圣	shi sheng	7
史培	shi pei	3
史大成	shi da cheng	11
史孟麟	shi meng lin	12
史小诺	shi xiao nuo	13
史康	shi kang	3
史文	shi wen	7
史明	shi ming	8
史淑华	shi shu hua	3
史琳杰	shi lin jie	6
史良	shi liang	8
史谨	shi jin	2
史贻直	shi yi zhi	28
史鉴	shi jian	33
史震林	shi zhen lin	4
史鹏	shi peng	7
叶一茜	ye yi qian	45
叶为铭	ye wei ming	1
叶丽美	ye li mei	3
叶乔波	ye qiao bo	14
叶伯英	ye bo ying	6
叶其蓁	ye qi zhen	3
叶初春	ye chu chun	19
叶启勋	ye qi xun	4
叶启彬	ye qi bin	3
叶国华	ye guo hua	47
叶天士	ye tian shi	39
叶天赐	ye tian ci	9
叶子铭	ye zi ming	3
叶宪祖	ye xian zu	10
叶容	ye rong	2
叶廖缅科	ye liao mian ke	38
叶志成	ye zhi cheng	12
叶恒	ye heng	8
叶文心	ye wen xin	6
叶时	ye shi	8
叶昌炽	ye chang chi	30
叶春及	ye chun ji	29
叶暗	ye an	18
叶树林	ye shu lin	14
叶梦龙	ye meng long	4
叶洮	ye tao	1
叶满林	ye man lin	2
叶焕	ye huan	7
叶焕荣	ye huan rong	7
叶燮	ye xie	10
叶王	ye wang	4
叶绍袁	ye shao yuan	25
叶美香	ye mei xiang	4
叶自成	ye zi cheng	4
叶舟	ye zhou	29
叶茂中	ye mao zhong	21
叶蓓	ye bei	33
叶衍兰	ye yan lan	16
叶襄	ye xiang	1
叶迎春	ye ying chun	24
叶道芬	ye dao fen	2
叶钧	ye jun	19
叶铿	ye keng	1
叶长春	ye chang chun	14
叶长盛	ye chang sheng	4
叶飞	ye fei	9
叶鼎	ye ding	2
司徒眉生	si tu mei sheng	1
司徒非	si tu fei	19
司过	si guo	3
司马丕	si ma pi	42
司马岳	si ma yue	45
吉吉亚	ji ji ya	12
吉太	ji tai	2
吉奥夫	ji ao fu	39
吉梦熊	ji meng xiong	1
吉田拓郎	ji tian tuo lang	40
吉田洁	ji tian jie	28
吉田秋生	ji tian qiu sheng	38
吉田美香	ji tian mei xiang	5
吉黄	ji huang	4
名取裕子	ming qu yu zi	40
后槽	hou cao	7
后藤麻衣	hou teng ma yi	41
向举	xiang ju	4
向井亚纪	xiang jing ya ji	4
向县	xiang xian	13
向宠	xiang chong	2
向文波	xiang wen bo	13
向朗	xiang lang	3
向秀	xiang xiu	6
向鼎	xiang ding	3
吕世杰	lv shi jie	3
吕伯奢	lv bo she	34
吕伯望	lv bo wang	1
吕佛庭	lv fo ting	14
吕元	lv yuan	5
吕兴林	lv xing lin	2
吕厚山	lv hou shan	4
吕及	lv ji	2
吕后	lv hou	13
吕坚	lv jian	30
吕天成	lv tian cheng	13
吕学	lv xue	7
吕宁思	lv ning si	10
吕宫	lv gong	2
吕宾	lv bin	3
吕小白	lv xiao bai	2
吕尚春	lv shang chun	3
吕山	lv shan	6
吕常	lv chang	3
吕得	lv de	2
吕怀	lv huai	12
吕惠生	lv hui sheng	3
吕旃蒙	lv zhan meng	13
吕晓明	lv xiao ming	1
吕本	lv ben	3
吕本富	lv ben fu	2
吕浩	lv hao	8
吕淑华	lv shu hua	8
吕渊	lv yuan	5
吕熊	lv xiong	18
吕燕	lv yan	37
吕献	lv xian	11
吕王	lv wang	5
吕璜	lv huang	13
吕端	lv duan	46
吕纪	lv ji	25
吕纯阳	lv chun yang	48
吕继周	lv ji zhou	1
吕翔	lv xiang	27
吕贤基	lv xian ji	14
吕赤	lv chi	10
吕钦	lv qin	48
吕锦文	lv jin wen	3
吕陶	lv tao	19
吕隆	lv long	2
吕震	lv zhen	43
启普	qi pu	2
吴一舟	wu yi zhou	1
吴一鹏	wu yi peng	16
吴世泰	wu shi tai	3
吴东峰	wu dong feng	4
吴中行	wu zhong xing	22
吴之振	wu zhi zhen	13
吴之璠	wu zhi fan	1
吴之英	wu zhi ying	17
吴仁杰	wu ren jie	14
吴仞之	wu ren zhi	5
吴令	wu ling	4
吴仲禧	wu zhong xi	18
吴任臣	wu ren chen	43
吴传玉	wu chuan yu	28
吴伯箫	wu bo xiao	19
吴佳龙	wu jia long	1
吴俊卿	wu jun qing	5
吴信泉	wu xin quan	42
吴修	wu xiu	4
吴元龙	wu yuan long	4
吴兆棠	wu zhao tang	7
吴先声	wu xian sheng	4
吴光浩	wu guang hao	20
吴克仁	wu ke ren	36
吴兑	wu dui	16
吴兰	wu lan	11
吴兴祚	wu xing zuo	28
吴其浚	wu qi jun	4
吴剑平	wu jian ping	14
吴匡	wu kuang	35
吴升	wu sheng	3
吴南	wu nan	6
吴历	wu li	37
吴可读	wu ke du	3
吴向东	wu xiang dong	27
吴向飞	wu xiang fei	8
吴嗣爵	wu si jue	4
吴嘉善	wu jia shan	9
吴国发	wu guo fa	3
吴均	wu jun	6
吴坤修	wu kun xiu	12
吴士杰	wu shi jie	2
吴复	wu fu	3
吴复古	wu fu gu	5
吴大澄	wu da cheng	6
吴大琨	wu da kun	40
吴天保	wu tian bao	19
吴奕	wu yi	49
吴妍秀	wu yan xiu	3
吴娈	wu luan	3
吴子兰	wu zi lan	18
吴子孝	wu zi xiao	3
吴子牛	wu zi niu	39
吴子良	wu zi liang	40
吴安	wu an	6
吴宗濂	wu zong lian	22
吴宗麟	wu zong lin	1
吴宝书	wu bao shu	7
吴宝秀	wu bao xiu	5
吴嵩梁	wu song liang	9
吴广	wu guang	9
吴庆云	wu qing yun	11
吴应箕	wu ying ji	27
吴廷华	wu ting hua	3
吴廷康	wu ting kang	24
吴廷栋	wu ting dong	15
吴廷琛	wu ting chen	2
吴建飞	wu jian fei	25
吴式芬	wu shi fen	8
吴弘道	wu hong dao	2
吴强	wu qiang	12
吴德福	wu de fu	1
吴志伟	wu zhi wei	23
吴志忠	wu zhi zhong	10
吴志淳	wu zhi chun	1
吴思敏	wu si min	4
吴恺	wu kai	39
吴成基	wu cheng ji	4
吴房	wu fang	3
吴承仕	wu cheng shi	46
吴振棫	wu zhen yu	20
吴振民	wu zhen min	2
吴敏树	wu min shu	3
吴文炳	wu wen bing	11
吴新宇	wu xin yu	7
吴旦	wu dan	21
吴晓东	wu xiao dong	41
吴晓邦	wu xiao bang	31
吴智豪	wu zhi hao	3
吴暻	wu jing	4
吴有性	wu you xing	17
吴本忠	wu ben zhong	2
吴极	wu ji	4
吴标	wu biao	4
吴格	wu ge	4
吴桂森	wu gui sen	2
吴梅	wu mei	9
吴棠	wu tang	29
吴楚材	wu chu cai	7
吴榕	wu rong	3
吴沃尧	wu wo yao	8
吴沙	wu sha	10
吴泰	wu tai	4
吴浚	wu jun	14
吴涵	wu han	31
吴淑英	wu shu ying	2
吴淞笙	wu song sheng	21
吴淦	wu gan	25
吴清玉	wu qing yu	2
吴渭	wu wei	10
吴激	wu ji	11
吴焕先	wu huan xian	43
吴煦	wu xu	29
吴照	wu zhao	4
吴熙载	wu xi zai	8
吴献	wu xian	33
吴玉林	wu yu lin	1
吴班	wu ban	3
吴琠	wu tian	19
吴瑕	wu xia	10
吴省钦	wu sheng qin	13
吴硕	wu shuo	49
吴祥麟	wu xiang lin	2
吴纯	wu chun	5
吴纲	wu gang	27
吴组缃	wu zu xiang	23
吴绍周	wu shao zhou	41
吴群	wu qun	8
吴翌凤	wu yi feng	2
吴肇毅	wu zhao yi	16
吴自新	wu zi xin	3
吴节	wu jie	4
吴芳吉	wu fang ji	17
吴芹	wu qin	4
吴若权	wu ruo quan	15
吴若甫	wu ruo fu	20
吴荣光	wu rong guang	29
吴荣生	wu rong sheng	4
吴菊花	wu ju hua	3
吴蓓	wu bei	39
吴藻	wu zao	17
吴虞	wu yu	36
吴襄	wu xiang	40
吴观岱	wu guan dai	3
吴觉农	wu jue nong	31
吴讷	wu ne	27
吴说	wu shuo	11
吴贻弓	wu yi gong	34
吴辰君	wu chen jun	36
吴运铎	wu yun duo	36
吴道镕	wu dao rong	14
吴郁生	wu yu sheng	17
吴金寿	wu jin shou	1
吴金梅	wu jin mei	1
吴钦烈	wu qin lie	3
吴钧	wu jun	43
吴铨	wu quan	19
吴锡麟	wu xi lin	9
吴锦城	wu jin cheng	3
吴镜汀	wu jing ting	15
吴阿仑	wu a lun	3
吴雪	wu xue	7
吴雯	wu wen	15
吴雷	wu lei	7
吴霖	wu lin	5
吴韦	wu wei	4
吴颂今	wu song jin	15
吴飞鹏	wu fei peng	5
吴鹰	wu ying	4
吴麟	wu lin	25
吴麟征	wu lin zheng	15
吴鼎元	wu ding yuan	4
吾酷	wu ku	1
周世德	zhou shi de	4
周世金	zhou shi jin	4
周义成	zhou yi cheng	2
周之桢	zhou zhi zhen	6
周之礼	zhou zhi li	3
周之祯	zhou zhi zhen	1
周乐清	zhou le qing	2
周京	zhou jing	7
周仓	zhou cang	6
周仕	zhou shi	15
周伟童	zhou wei tong	2
周传瑛	zhou chuan ying	15
周伦	zhou lun	5
周伯琦	zhou bo qi	11
周佐	zhou zuo	2
周体仁	zhou ti ren	12
周佩	zhou pei	5
周信	zhou xin	6
周健君	zhou jian jun	2
周克成	zhou ke cheng	3
周克芹	zhou ke qin	15
周兴岱	zhou xing dai	8
周兵	zhou bing	10
周其凤	zhou qi feng	32
周冕	zhou mian	39
周准	zhou zhun	4
周匡王	zhou kuang wang	18
周升	zhou sheng	7
周去非	zhou qu fei	30
周召	zhou shao	37
周号	zhou hao	3
周启邦	zhou qi bang	46
周哲	zhou zhe	45
周国平	zhou guo ping	48
周士彬	zhou shi bin	1
周士锦	zhou shi jin	2
周复	zhou fu	6
周大新	zhou da xin	35
周天球	zhou tian qiu	6
周太玄	zhou tai xuan	34
周奇奇	zhou qi qi	24
周如璧	zhou ru bi	4
周如砥	zhou ru di	5
周子安	zhou zi an	3
周宁	zhou ning	11
周守忠	zhou shou zhong	1
周宗建	zhou zong jian	33
周宝英	zhou bao ying	2
周实	zhou shi	5
周寿祺	zhou shou qi	2
周尚	zhou shang	5
周尚文	zhou shang wen	30
周履靖	zhou lv jing	7
周岱	zhou dai	25
周崇林	zhou chong lin	3
周巽	zhou xun	13
周希汉	zhou xi han	43
周干	zhou gan	6
周庆云	zhou qing yun	15
周庆祥	zhou qing xiang	42
周应合	zhou ying he	2
周建烈	zhou jian lie	3
周开成	zhou kai cheng	5
周彦宏	zhou yan hong	6
周彩	zhou cai	3
周循	zhou xun	25
周德刚	zhou de gang	6
周志兴	zhou zhi xing	2
周志群	zhou zhi qun	9
周志高	zhou zhi gao	2
周恕	zhou shu	12
周恭	zhou gong	2
周愈	zhou yu	2
周慕莲	zhou mu lian	2
周懋琦	zhou mao qi	18
周才鸿	zhou cai hong	3
周承德	zhou cheng de	2
周拔	zhou ba	3
周文彬	zhou wen bin	22
周文雍	zhou wen yong	36
周旨	zhou zhi	15
周昕	zhou xin	48
周星诒	zhou xing yi	9
周权	zhou quan	7
周桂	zhou gui	3
周棠	zhou tang	3
周楫	zhou ji	11
周武王姬发	zhou wu wang ji fa	12
周殿元	zhou dian yuan	2
周永年	zhou yong nian	16
周永泰	zhou yong tai	36
周汶锜	zhou wen qi	48
周泰	zhou tai	5
周洲	zhou zhou	7
周淑禧	zhou shu xi	3
周淦	zhou gan	3
周清原	zhou qing yuan	2
周渔	zhou yu	19
周炳文	zhou bing wen	4
周煦	zhou xu	17
周玉衡	zhou yu heng	2
周瑛琦	zhou ying qi	8
周瑞生	zhou rui sheng	1
周璋	zhou zhang	2
周盛传	zhou sheng chuan	10
周真	zhou zhen	5
周矩	zhou ju	11
周祖晃	zhou zu huang	20
周祯	zhou zhen	10
周科进	zhou ke jin	2
周稚舜	zhou zhi shun	3
周笠	zhou li	2
周绍龙	zhou shao long	1
周群	zhou qun	9
周而复	zhou er fu	46
周胜考	zhou sheng kao	6
周胤	zhou yin	22
周臣	zhou chen	5
周舫	zhou fang	1
周茂兰	zhou mao lan	4
周莲	zhou lian	5
周贻白	zhou yi bai	4
周达武	zhou da wu	11
周述	zhou shu	31
周钟	zhou zhong	5
周铁衡	zhou tie heng	2
周铎	zhou duo	22
周锷	zhou e	5
周镜	zhou jing	3
周长发	zhou chang fa	1
周雷	zhou lei	8
周颢	zhou hao	4
周驰	zhou chi	2
周高起	zhou gao qi	7
周魁	zhou kui	1
周鲲	zhou kun	5
周鸿彬	zhou hong bin	3
周鸿陵	zhou hong ling	3
味县	wei xian	3
呼揭	hu jie	43
和田现子	he tian xian zi	34
咸清	xian qing	3
哈吉甫	ha ji fu	26
哈孜艾买提	ha zi ai mai ti	3
哈定	ha ding	7
哈密王	ha mi wang	20
哲别	zhe bie	5
唐世美	tang shi mei	3
唐元结	tang yuan jie	2
唐光	tang guang	7
唐冬梅	tang dong mei	4
唐周	tang zhou	3
唐和春	tang he chun	2
唐国章	tang guo zhang	3
唐培华	tang pei hua	2
唐复	tang fu	2
唐大年	tang da nian	8
唐大柏	tang da bai	6
唐大烈	tang da lie	1
唐天驷	tang tian si	2
唐孝威	tang xiao wei	10
唐宇昭	tang yu zhao	4
唐守治	tang shou zhi	23
唐富春	tang fu chun	1
唐峥	tang zheng	1
唐师曾	tang shi zeng	11
唐广	tang guang	4
唐执玉	tang zhi yu	6
唐文凤	tang wen feng	3
唐春晖	tang chun hui	3
唐昭宣帝	tang zhao xuan di	14
唐晖	tang hui	11
唐林	tang lin	8
唐枢	tang shu	12
唐树义	tang shu yi	7
唐桂芳	tang gui fang	1
唐槐秋	tang huai qiu	13
唐毅	tang yi	31
唐泽雪穗	tang ze xue sui	9
唐洁	tang jie	2
唐清建	tang qing jian	2
唐炯	tang jiong	17
唐熙	tang xi	10
唐瑞	tang rui	5
唐磊	tang lei	17
唐笑	tang xiao	6
唐肃	tang su	25
唐芬	tang fen	2
唐芸洲	tang yun zhou	2
唐重	tang zhong	2
唐隆	tang long	6
商思源	shang si yuan	2
商挺	shang ting	3
商盘	shang pan	3
商衍鎏	shang yan liu	29
商鸿逵	shang hong kui	5
善住	shan zhu	3
喻培伦	yu pei lun	41
喻恩泰	yu en tai	32
喻昌	yu chang	16
喻林祥	yu lin xiang	21
喻红	yu hong	35
嘎立立	ga li li	3
四元奈生美	si yuan nai sheng mei	1
图伯特	tu bo te	44
圜土	yuan tu	9
土安	tu an	8
土鼓	tu gu	12
圣通	sheng tong	5
地节	di jie	5
坂本真	ban ben zhen	43
坐山雕	zuo shan diao	2
埃尔克耶尔	ai er ke ye er	1
埃布登	ai bu deng	4
埃德尔曼	ai de er man	44
基冈	ji gang	5
基马尔	ji ma er	4
堵胤锡	du yin xi	39
堺利彦	jie li yan	36
塔信	ta xin	6
塔尔德利	ta er de li	36
塞尔赫	sai er he	9
墨翟	mo di	41
夏业良	xia ye liang	46
夏书绅	xia shu shen	4
夏伯和	xia bo he	2
夏侯和	xia hou he	2
夏侯威	xia hou wei	48
夏侯惠	xia hou hui	17
夏侯杰	xia hou jie	12
夏同	xia tong	4
夏同善	xia tong shan	20
夏国章	xia guo zhang	2
夏宏	xia hong	5
夏寿田	xia shou tian	20
夏尚朴	xia shang pu	4
夏恽	xia yun	16
夏敬渠	xia jing qu	14
夏敬观	xia jing guan	24
夏文彦	xia wen yan	4
夏曾佑	xia zeng you	45
夏木真理	xia mu zhen li	3
夏树芳	xia shu fang	11
夏梦	xia meng	7
夏榕	xia rong	3
夏汝弼	xia ru bi	6
夏炯	xia jiong	4
夏荷生	xia he sheng	2
夏銮	xia luan	10
夏颖	xia ying	17
外丙	wai bing	33
外黄	wai huang	7
大原	da yuan	8
大原丽子	da yuan li zi	38
大地真央	da di zhen yang	49
大岛由加利	da dao you jia li	14
大政绚	da zheng xuan	43
大暮维人	da mu wei ren	30
大松博文	da song bo wen	17
大桥卓弥	da qiao zhuo mi	20
大汕	da shan	22
大江千里	da jiang qian li	24
大涵	da han	4
大策	da ce	6
大良造	da liang zao	28
大行令	da xing ling	21
大谷太郎	da gu tai lang	20
大贯妙子	da guan miao zi	47
大须	da xu	6
天海佑希	tian hai you xi	6
天纪	tian ji	4
天野浩成	tian ye hao cheng	35
太丁	tai ding	3
太史院	tai shi yuan	16
太戊	tai wu	2
太熙	tai xi	6
太田光	tai tian guang	25
太田裕美	tai tian yu mei	11
太田雄贵	tai tian xiong gui	11
太甲	tai jia	5
太祖努尔哈赤	tai zu nu er ha chi	17
头曼	tou man	3
奈保尔	nai bao er	14
奈瓦尔	nai wa er	10
奉礼郎	feng li lang	45
奉高	feng gao	3
奏曹掾	zou cao yuan	2
奔霄	ben xiao	4
奕詝	yi zhu	5
奚冈	xi gang	19
奚疑	xi yi	3
奚美娟	xi mei juan	47
奥维兰	ao wei lan	10
如妃	ru fei	5
如德	ru de	6
妇好	fu hao	7
妙才	miao cai	3
妙真	miao zhen	2
妫满	gui man	9
妲已	da yi	2
妹喜	mei xi	17
姚中英	yao zhong ying	9
姚仁安	yao ren an	4
姚仁寿	yao ren shou	3
姚仔	yao zai	2
姚以价	yao yi jie	19
姚北辰	yao bei chen	4
姚华	yao hua	31
姚名达	yao ming da	40
姚国辉	yao guo hui	5
姚培谦	yao pei qian	2
姚堂	yao tang	10
姚夏	yao xia	37
姚岚	yao lan	8
姚希孟	yao xi meng	19
姚弘	yao hong	8
姚怀祥	yao huai xiang	12
姚文俊	yao wen jun	1
姚文瀚	yao wen han	1
姚明恭	yao ming gong	10
姚柬之	yao jian zhi	3
姚椿	yao chun	5
姚水娟	yao shui juan	21
姚永朴	yao yong pu	20
姚永概	yao yong gai	12
姚洋	yao yang	5
姚洪业	yao hong ye	1
姚涛	yao tao	7
姚淑	yao shu	26
姚澜	yao lan	4
姚燧	yao sui	20
姚燮	yao xie	24
姚珩	yao heng	1
姚琛	yao chen	32
姚琮	yao cong	14
姚礼修	yao li xiu	1
姚祥	yao xiang	7
姚福	yao fu	2
姚绶	yao shou	3
姚能	yao neng	5
姚芸竹	yao yun zhu	2
姚范	yao fan	16
姚觐元	yao jin yuan	6
姚采颖	yao cai ying	22
姚际恒	yao ji heng	24
姚集鲁	yao ji lu	2
姜丰	jiang feng	40
姜丹书	jiang dan shu	14
姜勋	jiang xun	26
姜培琳	jiang pei lin	3
姜声扬	jiang sheng yang	13
姜宸英	jiang chen ying	34
姜寒	jiang han	11
姜广平	jiang guang ping	2
姜建铭	jiang jian ming	34
姜彤	jiang tong	4
姜惠贞	jiang hui zhen	27
姜昊	jiang hao	9
姜易	jiang yi	2
姜晖	jiang hui	7
姜桂	jiang gui	48
姜椿芳	jiang chun fang	25
姜楠	jiang nan	19
姜汉忠	jiang han zhong	5
姜浩波	jiang hao bo	8
姜筠	jiang yun	1
姜薇	jiang wei	1
姜贞	jiang zhen	16
姬云	ji yun	3
姬元	ji yuan	3
姬光	ji guang	2
姬兰	ji lan	2
姬友	ji you	5
姬发	ji fa	5
姬周	ji zhou	5
姬哙	ji kuai	2
姬喜	ji xi	8
姬奭	ji shi	3
姬完	ji wan	2
姬封	ji feng	2
姬平	ji ping	3
姬度	ji du	2
姬康	ji kang	3
姬延	ji yan	17
姬开	ji kai	2
姬强	ji qiang	4
姬旦	ji dan	13
姬晋	ji jin	2
姬林	ji lin	4
姬满	ji man	3
姬玉	ji yu	19
姬班	ji ban	2
姬申	ji shen	2
姬秋	ji qiu	23
姬苏	ji su	3
姬蒯聩	ji kuai kui	2
姬虞	ji yu	2
姬诡诸	ji gui zhu	2
姬诵	ji song	4
姬起	ji qi	2
姬辄	ji zhe	3
姬重耳	ji chong er	3
姬野	ji ye	2
姬钊	ji zhao	3
姬静	ji jing	6
威公	wei gong	3
威娜	wei na	6
威帝	wei di	18
威廉托马斯	wei lian tuo ma si	2
威阿	wei a	4
娄义华	lou yi hua	6
娄健	lou jian	3
娄雷	lou lei	6
嬴子楚	ying zi chu	19
嬴柱	ying zhu	8
嬴稷	ying ji	17
子丹	zi dan	6
子义	zi yi	5
子云	zi yun	7
子伯	zi bo	2
子尤	zi you	3
子建	zi jian	6
子桓	zi huan	3
子高	zi gao	5
子鱼	zi yu	6
孔从洲	kong cong zhou	24
孔令晖	kong ling hui	13
孔传鋕	kong chuan zhi	2
孔伯华	kong bo hua	5
孔元措	kong yuan cuo	30
孔媛媛	kong yuan yuan	1
孔宙	kong zhou	48
孔宪培	kong xian pei	23
孔广林	kong guang lin	16
孔广森	kong guang sen	42
孔广陶	kong guang tao	2
孔昱	kong yu	25
孔毓圻	kong yu qi	24
孔比	kong bi	3
孔琳琳	kong lin lin	34
孔璋	kong zhang	22
孔甲	kong jia	4
孔硕	kong shuo	9
孔祥明	kong xiang ming	14
孔祥瑞	kong xiang rui	9
孔秀	kong xiu	4
孔繁森	kong fan sen	45
孔继涑	kong ji su	34
孔齐	kong qi	3
孙东山	sun dong shan	1
孙中新	sun zhong xin	2
孙乾	sun qian	12
孙云晓	sun yun xiao	12
孙亿	sun yi	3
孙仁	sun ren	5
孙作	sun zuo	3
孙倩	sun qian	6
孙光大	sun guang da	3
孙光宪	sun guang xian	30
孙光祀	sun guang si	5
孙光裕	sun guang yu	5
孙克弘	sun ke hong	8
孙刚	sun gang	11
孙勇征	sun yong zheng	8
孙嘉淦	sun jia gan	37
孙国柱	sun guo zhu	4
孙坤	sun kun	3
孙堂	sun tang	3
孙奇逢	sun qi feng	34
孙奕	sun yi	18
孙威	sun wei	18
孙宝珊	sun bao shan	6
孙小茹	sun xiao ru	1
孙少先	sun shao xian	2
孙山	sun shan	8
孙岩	sun yan	21
孙岳颁	sun yue ban	5
孙干	sun gan	4
孙庚	sun geng	3
孙廷铨	sun ting quan	10
孙异	sun yi	2
孙德谦	sun de qian	7
孙志伟	sun zhi wei	3
孙志宏	sun zhi hong	2
孙忠同	sun zhong tong	15
孙恭	sun gong	10
孙慎行	sun shen xing	26
孙懋	sun mao	22
孙承恩	sun cheng en	43
孙承泽	sun cheng ze	30
孙据	sun ju	2
孙文涛	sun wen tao	1
孙明东	sun ming dong	3
孙明瑾	sun ming jin	14
孙智正	sun zhi zheng	1
孙朗	sun lang	3
孙本文	sun ben wen	19
孙林	sun lin	10
孙树成	sun shu cheng	3
孙桓	sun huan	47
孙桢	sun zhen	7
孙梁	sun liang	6
孙梅	sun mei	7
孙殿起	sun dian qi	5
孙毓汶	sun yu wen	30
孙永清	sun yong qing	27
孙沄	sun yun	1
孙河	sun he	10
孙洁	sun jie	31
孙浪	sun lang	4
孙海峰	sun hai feng	8
孙淦	sun gan	13
孙滨	sun bin	9
孙灏	sun hao	16
孙炎	sun yan	28
孙犁	sun li	37
孙玉庭	sun yu ting	21
孙玥	sun yue	29
孙玺	sun xi	15
孙珑	sun long	2
孙琮	sun cong	6
孙甘露	sun gan lu	4
孙登	sun deng	4
孙睿	sun rui	10
孙秉枢	sun bing shu	17
孙立群	sun li qun	48
孙綝	sun chen	4
孙纯	sun chun	12
孙绪	sun xu	8
孙艾	sun ai	3
孙蕙	sun hui	10
孙虹钢	sun hong gang	5
孙衣言	sun yi yan	23
孙超曾	sun chao zeng	3
孙逊	sun xun	34
孙逸飞	sun yi fei	3
孙道明	sun dao ming	1
孙道静	sun dao jing	4
孙里	sun li	2
孙铨	sun quan	7
孙铸	sun zhu	1
孙锵鸣	sun qiang ming	13
孙隆	sun long	5
孙雄	sun xiong	22
孙雪泥	sun xue ni	1
孙飞	sun fei	9
孙高	sun gao	4
孝庄皇后	xiao zhuang huang hou	12
孟京涛	meng jing tao	5
孟优	meng you	20
孟坦	meng tan	13
孟复	meng fu	37
孟尧	meng yao	6
孟昭忠	meng zhao zhong	2
孟欣	meng xin	36
孟湄	meng mei	3
孟爽	meng shuang	4
孟珍	meng zhen	3
孟立国	meng li guo	2
孟节	meng jie	3
孟起	meng qi	3
孟超然	meng chao ran	3
孟达	meng da	11
季佐	ji zuo	3
季宁	ji ning	6
季小军	ji xiao jun	5
季振同	ji zhen tong	39
季振宜	ji zhen yi	18
季本	ji ben	6
季红	ji hong	6
季芝昌	ji zhi chang	18
季麟	ji lin	36
学蕴	xue yun	1
宁随	ning sui	2
宇文成都	yu wen cheng du	28
宇文虚中	yu wen xu zhong	31
宇文阐	yu wen chan	47
宇鹏	yu peng	19
安众	an zhong	4
安倍吉俊	an bei ji jun	23
安又琪	an you qi	39
安德王	an de wang	2
安惠	an hui	7
安文钦	an wen qin	7
安汉	an han	5
安沂华	an yi hua	4
安泽豪	an ze hao	6
安熙	an xi	4
安琥	an hu	18
安祚永	an zuo yong	23
安童	an tong	4
安致远	an zhi yuan	9
安藤政信	an teng zheng xin	49
安西奇	an xi qi	4
安达佑实	an da you shi	10
安钧璨	an jun can	30
宋一平	song yi ping	45
宋世德	song shi de	10
宋之的	song zhi di	35
宋伯仁	song bo ren	1
宋俊德	song jun de	5
宋公	song gong	5
宋冰洁	song bing jie	3
宋善美	song shan mei	19
宋嘉宝	song jia bao	3
宋国强	song guo qiang	9
宋国青	song guo qing	5
宋子千	song zi qian	6
宋定国	song ding guo	1
宋广平	song guang ping	2
宋开春	song kai chun	2
宋微子	song wei zi	27
宋念申	song nian shen	1
宋思仁	song si ren	2
宋恕	song shu	43
宋无	song wu	3
宋旭	song xu	20
宋晋	song jin	24
宋晓军	song xiao jun	7
宋景诗	song jing shi	44
宋曹	song cao	11
宋权	song quan	5
宋果	song guo	16
宋柯	song ke	30
宋殇公	song shang gong	35
宋毅	song yi	12
宋汶	song wen	17
宋炜	song wei	32
宋燕	song yan	18
宋献	song xian	29
宋玉林	song yu lin	3
宋珏	song jue	4
宋琪	song qi	15
宋琬	song wan	35
宋白	song bai	4
宋祖德	song zu de	15
宋策	song ce	6
宋纁	song xun	3
宋耕	song geng	2
宋至	song zhi	7
宋英杰	song ying jie	19
宋荦	song luo	44
宋蔼龄	song ai ling	21
宋谦	song qian	34
宋达	song da	7
宋雪林	song xue lin	6
宋霖	song lin	9
宋骏业	song jun ye	4
宏瑜	hong yu	3
宗周	zong zhou	6
宗子	zong zi	5
宗安	zong an	2
宗宝	zong bao	5
宗朗	zong lang	2
宗楷	zong kai	17
宗永生	zong yong sheng	3
宗泰	zong tai	5
宗涛	zong tao	6
宗王	zong wang	4
宗珊	zong shan	8
宗璞	zong pu	36
宗臣	zong chen	4
官廉	guan lian	30
定妃	ding fei	2
实源	shi yuan	1
宣华华	xuan hua hua	8
宣恒	xuan heng	5
宣永光	xuan yong guang	2
宫东风	gong dong feng	3
宫少朋	gong shao peng	5
宫本直毅	gong ben zhi yi	19
家弓家正	jia gong jia zheng	29
家永三郎	jia yong san lang	32
容嫔	rong pin	32
容有略	rong you lve	12
寇遐	kou xia	24
寝陵	qin ling	5
寸性奇	cun xing qi	32
寿里	shou li	4
封谞	feng xu	14
封锡禄	feng xi lu	3
尉迟琳嘉	yu chi lin jia	20
小乙	xiao yi	6
小县真树	xiao xian zhen shu	7
小向美奈子	xiao xiang mei nai zi	42
小天	xiao tian	11
小室友里	xiao shi you li	25
小岛南	xiao dao nan	30
小岛圣	xiao dao sheng	19
小川悦司	xiao chuan yue si	20
小松拓也	xiao song tuo ye	3
小林优子	xiao lin you zi	34
小林优美	xiao lin you mei	16
小林惠美	xiao lin hui mei	23
小林爱	xiao lin ai	3
小林觉	xiao lin jue	42
小桥惠	xiao qiao hui	4
小波尔加	xiao bo er jia	4
小泽圆	xiao ze yuan	13
小泽玛利亚	xiao ze ma li ya	4
小爱	xiao ai	10
小甲	xiao jia	6
小辛	xiao xin	3
小野丽莎	xiao ye li sha	41
小阪由佳	xiao ban you jia	14
小鹿纯子	xiao lu chun zi	13
少宰	shao zai	48
少正	shao zheng	4
尚其亨	shang qi heng	41
尚威	shang wei	4
尚广	shang guang	3
尚玄	shang xuan	23
尚进	shang jin	6
尤乘	you cheng	1
尤侗	you dong	34
尤利塞斯	you li sai si	20
尤怡	you yi	2
尤珍	you zhen	33
尤良	you liang	9
尤荫	you yin	10
尤颖钦	you ying qin	5
尹中立	yin zhong li	9
尹丽川	yin li chuan	17
尹会一	yin hui yi	8
尹卫红	yin wei hong	3
尹宗禹	yin zong yu	5
尹旭	yin xu	2
尹相杰	yin xiang jie	20
尹礼	yin li	26
尹默	yin mo	26
尼耳斯	ni er si	6
尾生	wei sheng	5
居廉	ju lian	48
居节	ju jie	6
屈万里	qu wan li	37
屈修	qu xiu	2
屈轶	qu yi	1
展子虔	zhan zi qian	15
屠娇娇	tu jiao jiao	20
屠滽	tu yong	42
山口晶	shan kou jing	11
山口理惠	shan kou li hui	13
山口登	shan kou deng	18
山城宏	shan cheng hong	33
山奇	shan qi	6
山崎一	shan qi yi	4
山崎真由美	shan qi zhen you mei	2
山本润子	shan ben run zi	10
山本百合子	shan ben bai he zi	31
山本萨夫	shan ben sa fu	23
山樱	shan ying	9
山涛	shan tao	6
山田信夫	shan tian xin fu	33
山田美穗	shan tian mei sui	30
山田规三生	shan tian gui san sheng	23
岑凯伦	cen kai lun	18
岑威	cen wei	1
岑昏	cen hun	20
岑永康	cen yong kang	34
岑科	cen ke	37
岩佐真悠子	yan zuo zhen you zi	45
岩本薰	yan ben xun	28
岩田达明	yan tian da ming	3
岳岱	yue dai	4
岳正	yue zheng	3
岳美中	yue mei zhong	7
岳雷	yue lei	33
岳高	yue gao	2
岸惠子	an hui zi	33
岸本加世子	an ben jia shi zi	25
崇恩	chong en	4
崔元星	cui yuan xing	2
崔勇	cui yong	41
崔哲翰	cui zhe han	2
崔圭丙	cui gui bing	6
崔夫人	cui fu ren	26
崔奕	cui yi	3
崔子范	cui zi fan	4
崔岩	cui yan	17
崔志刚	cui zhi gang	10
崔明	cui ming	6
崔明勋	cui ming xun	18
崔晓光	cui xiao guang	2
崔林	cui lin	7
崔毅	cui yi	22
崔江熙	cui jiang xi	9
崔纪	cui ji	12
崔美善	cui mei shan	23
崔蔚林	cui wei lin	7
崔陟	cui zhi	2
崔颢	cui hao	45
嵇含	ji han	39
嵇文甫	ji wen fu	29
嵇曾筠	ji zeng yun	20
川井郁子	chuan jing yu zi	4
川口开治	chuan kou kai zhi	38
川岛直美	chuan dao zhi mei	27
川岛茉树代	chuan dao mo shu dai	40
州泰	zhou tai	6
左宝贵	zuo bao gui	31
左尹	zuo yin	24
左执法	zuo zhi fa	12
左晓蕾	zuo xiao lei	8
左正	zuo zheng	9
左齐	zuo qi	4
巨平	ju ping	5
巩建丰	gong jian feng	3
巩志	gong zhi	14
巫县	wu xian	4
巫继学	wu ji xue	1
巴乔	ba qiao	8
巴勃鲁	ba bo lu	1
巴多里奥	ba duo li ao	4
巴家伟	ba jia wei	3
巴尔达诺	ba er da nuo	22
巴斯腾	ba si teng	4
巴曙松	ba shu song	6
巴蒂斯图塔	ba di si tu ta	32
巴蔓子	ba man zi	28
币原坦	bi yuan tan	27
市井纱耶香	shi jing sha ye xiang	30
布尔达	bu er da	3
布特拉格诺	bu te la ge nuo	6
布鲁查加	bu lu cha jia	12
帅我	shuai wo	5
师婆	shi po	18
师春玲	shi chun ling	2
师洋	shi yang	5
师纂	shi zuan	24
帕萨雷拉	pa sa lei la	26
带方	dai fang	6
席佩兰	xi pei lan	3
席慕蓉	xi mu rong	47
常任侠	chang ren xia	23
常伦	chang lun	5
常关	chang guan	6
常大淳	chang da chun	21
常宝	chang bao	7
常宽	chang kuan	31
常彬	chang bin	1
常明芳	chang ming fang	4
常晓阳	chang xiao yang	5
常红利	chang hong li	2
常远	chang yuan	8
常颖	chang ying	11
干休	gan xiu	25
干宝	gan bao	6
平井理央	ping jing li yang	16
平春	ping chun	3
平步青	ping bu qing	5
平鑫涛	ping xin tao	46
年希尧	nian xi yao	31
年王臣	nian wang chen	3
幼平	you ping	3
广田亮平	guang tian liang ping	19
庄周	zhuang zhou	8
庄山	zhuang shan	5
庄恒	zhuang heng	9
庄昶	zhuang chang	6
庄有恭	zhuang you gong	18
庄泳	zhuang yong	25
庄玉庭	zhuang yu ting	4
庄绶甲	zhuang shou jia	7
庄臻凤	zhuang zhen feng	6
庄蕴宽	zhuang yun kuan	47
庆保	qing bao	24
庆泰	qing tai	6
库尔提斯	ku er ti si	16
库巴拉	ku ba la	27
库里申科	ku li shen ke	15
应云卫	ying yun wei	42
应仁	ying ren	2
应慈	ying ci	21
庞义	pang yi	14
庞人铨	pang ren quan	20
庞会	pang hui	5
庞元济	pang yuan ji	3
庞卫国	pang wei guo	2
庞哲	pang zhe	1
庞德公	pang de gong	42
庞舒	pang shu	5
庞鸿书	pang hong shu	17
庞龙	pang long	28
庶老	shu lao	5
康丁	kang ding	4
康军	kang jun	8
康国平	kang guo ping	4
康子妮	kang zi ni	38
康宗	kang zong	3
康广仁	kang guang ren	43
康建刚	kang jian gang	2
康恺	kang kai	1
康绍镛	kang shao yong	21
康辰	kang chen	6
廖二平	liao er ping	2
廖寅	liao yin	6
廖政国	liao zheng guo	28
廖新波	liao xin bo	11
廖桂永	liao gui yong	5
廖纪	liao ji	23
廖静文	liao jing wen	25
廪人	lin ren	2
延初	yan chu	11
建公	jian gong	11
建婷	jian ting	2
弗兰明	fu lan ming	1
弗尔迈伊	fu er mai yi	2
弗朗西斯培根	fu lang xi si pei gen	1
弗朗西斯科利	fu lang xi si ke li	17
弗格	fu ge	5
张一一	zhang yi yi	23
张一奇	zhang yi qi	3
张一麟	zhang yi lin	4
张世仁	zhang shi ren	1
张世平	zhang shi ping	26
张世贤	zhang shi xian	25
张业	zhang ye	10
张东凯	zhang dong kai	12
张东涛	zhang dong tao	5
张东臣	zhang dong chen	2
张临	zhang lin	5
张丹丹	zhang dan dan	33
张丹露	zhang dan lu	4
张举	zhang ju	7
张乃燕	zhang nai yan	19
张乃耆	zhang nai qi	2
张之翰	zhang zhi han	7
张之象	zhang zhi xiang	7
张乐	zhang le	12
张乐行	zhang le xing	46
张习孔	zhang xi kong	1
张二奎	zhang er kui	14
张云仙	zhang yun xian	3
张云锦	zhang yun jin	1
张云飞	zhang yun fei	5
张云鹤	zhang yun he	1
张五典	zhang wu dian	14
张井	zhang jing	5
张亮基	zhang liang ji	24
张介宾	zhang jie bin	12
张以宁	zhang yi ning	7
张任	zhang ren	6
张休	zhang xiu	3
张会祥	zhang hui xiang	4
张伟平	zhang wei ping	45
张伯声	zhang bo sheng	11
张位	zhang wei	5
张作楠	zhang zuo nan	1
张佩芳	zhang pei fang	5
张佳胤	zhang jia yin	35
张健鹏	zhang jian peng	4
张元举	zhang yuan ju	3
张元忭	zhang yuan bian	22
张元芳	zhang yuan fang	3
张元贞	zhang yuan zhen	3
张兆志	zhang zhao zhi	39
张兆祥	zhang zhao xiang	2
张先	zhang xian	7
张光东	zhang guang dong	2
张光孝	zhang guang xiao	1
张兵	zhang bing	11
张其淦	zhang qi gan	4
张养浩	zhang yang hao	24
张剑荆	zhang jian jing	5
张劭	zhang shao	25
张化麒	zhang hua qi	2
张千里	zhang qian li	11
张华立	zhang hua li	15
张卓	zhang zhuo	9
张南	zhang nan	10
张南庄	zhang nan zhuang	5
张卤	zhang lu	12
张卫	zhang wei	9
张卫平	zhang wei ping	17
张卫星	zhang wei xing	9
张即之	zhang ji zhi	11
张历历	zhang li li	5
张原	zhang yuan	8
张叔明	zhang shu ming	2
张合	zhang he	8
张吉安	zhang ji an	20
张向东	zhang xiang dong	2
张向宁	zhang xiang ning	1
张含英	zhang han ying	36
张员	zhang yuan	4
张和	zhang he	8
张咪	zhang mi	32
张唐英	zhang tang ying	7
张善为	zhang shan wei	47
张嘉谟	zhang jia mo	7
张嘎	zhang ga	8
张国光	zhang guo guang	25
张国凤	zhang guo feng	4
张国忠	zhang guo zhong	31
张国成	zhang guo cheng	17
张国淦	zhang guo gan	42
张均	zhang jun	8
张坤生	zhang kun sheng	9
张坦	zhang tan	4
张埙	zhang xun	4
张士俊	zhang shi jun	8
张士元	zhang shi yuan	7
张夔	zhang kui	25
张大受	zhang da shou	29
张大复	zhang da fu	16
张大煜	zhang da yu	16
张天复	zhang tian fu	8
张天德	zhang tian de	42
张天成	zhang tian cheng	4
张天翼	zhang tian yi	42
张天英	zhang tian ying	2
张天骏	zhang tian jun	5
张奔斗	zhang ben dou	2
张如芝	zhang ru zhi	1
张媛媛	zhang yuan yuan	3
张子俊	zhang zi jun	2
张子清	zhang zi qing	18
张孝祥	zhang xiao xiang	42
张学冬	zhang xue dong	8
张学曾	zhang xue zeng	12
张宗恒	zhang zong heng	3
张宗法	zhang zong fa	1
张宗泰	zhang zong tai	2
张宗海	zhang zong hai	14
张宗祥	zhang zong xiang	28
张宗苍	zhang zong cang	4
张实	zhang shi	7
张宣	zhang xuan	6
张宪	zhang xian	8
张家震	zhang jia zhen	4
张家驹	zhang jia ju	16
张家鹏	zhang jia peng	1
张宾	zhang bin	8
张寒晖	zhang han hui	21
张寰	zhang huan	8
张寿臣	zhang shou chen	43
张寿荣	zhang shou rong	2
张寿镛	zhang shou yong	45
张小倩	zhang xiao qian	4
张小爱	zhang xiao ai	1
张小蓓	zhang xiao bei	1
张小霞	zhang xiao xia	7
张少舫	zhang shao fang	5
张尔岐	zhang er qi	7
张尚	zhang shang	6
张尹	zhang yin	5
张履祥	zhang lv xiang	14
张岳崧	zhang yue song	23
张崟	zhang yin	2
张布	zhang bu	7
张常在	zhang chang zai	17
张年	zhang nian	7
张幼仪	zhang you yi	40
张广天	zhang guang tian	22
张广瑞	zhang guang rui	7
张庆澍	zhang qing shu	1
张庆鹏	zhang qing peng	17
张应奎	zhang ying kui	9
张应文	zhang ying wen	6
张应昌	zhang ying chang	17
张应梅	zhang ying mei	3
张度	zhang du	6
张庭	zhang ting	8
张庭伟	zhang ting wei	5
张延登	zhang yan deng	7
张廷桂	zhang ting gui	5
张廷济	zhang ting ji	15
张建刚	zhang jian gang	4
张弋	zhang yi	1
张弥	zhang mi	5
张弦	zhang xian	48
张弧	zhang hu	10
张弨	zhang chao	4
张强	zhang qiang	13
张当	zhang dang	6
张录	zhang lu	5
张德奎	zhang de kui	2
张德成	zhang de cheng	43
张德纯	zhang de chun	10
张德能	zhang de neng	4
张德芬	zhang de fen	8
张德荣	zhang de rong	16
张德馨	zhang de xin	16
张心悦	zhang xin yue	1
张志宏	zhang zhi hong	28
张志熙	zhang zhi xi	2
张忻	zhang xin	16
张思伦	zhang si lun	2
张思孝	zhang si xiao	2
张恕	zhang shu	29
张恭	zhang gong	4
张恺	zhang kai	48
张悦然	zhang yue ran	24
张惠民	zhang hui min	19
张惠真	zhang hui zhen	2
张慎	zhang shen	35
张慎言	zhang shen yan	31
张戒	zhang jie	3
张承烈	zhang cheng lie	4
张拉拉	zhang la la	2
张振勋	zhang zhen xun	9
张振宗	zhang zhen zong	2
张敦仁	zhang dun ren	17
张文东	zhang wen dong	14
张文治	zhang wen zhi	18
张文泉	zhang wen quan	2
张文灿	zhang wen can	4
张文瑞	zhang wen rui	2
张文盛	zhang wen sheng	4
张文虎	zhang wen hu	42
张文豪	zhang wen hao	5
张文郁	zhang wen yu	14
张斐	zhang fei	16
张新国	zhang xin guo	6
张既	zhang ji	7
张时彻	zhang shi che	31
张旸	zhang yang	7
张昀	zhang yun	5
张昂	zhang ang	7
张昆弟	zhang kun di	46
张明先	zhang ming xian	4
张明忠	zhang ming zhong	1
张明炜	zhang ming wei	3
张昭汉	zhang zhao han	3
张晃	zhang huang	2
张晋福	zhang jin fu	4
张晓平	zhang xiao ping	5
张晓梅	zhang xiao mei	36
张晞	zhang xi	19
张普	zhang pu	7
张景严	zhang jing yan	2
张景中	zhang jing zhong	12
张景山	zhang jing shan	3
张晴	zhang qing	33
张曜孙	zhang yao sun	2
张曼菱	zhang man ling	3
张有清	zhang you qing	1
张朝阳	zhang chao yang	37
张本渝	zhang ben yu	36
张松	zhang song	11
张枝	zhang zhi	3
张柠	zhang ning	7
张栋伟	zhang dong wei	4
张梁	zhang liang	9
张梅	zhang mei	10
张森楷	zhang sen kai	9
张楫如	zhang ji ru	2
张横	zhang heng	6
张正光	zhang zheng guang	15
张毅君	zhang yi jun	20
张民表	zhang min biao	12
张民革	zhang min ge	2
张永立	zhang yong li	4
张汉林	zhang han lin	8
张汝霖	zhang ru lin	48
张江树	zhang jiang shu	20
张江裁	zhang jiang cai	3
张沐	zhang mu	11
张波	zhang bo	13
张泰青	zhang tai qing	3
张泽峰	zhang ze feng	1
张泽群	zhang ze qun	25
张泽钧	zhang ze jun	1
张津	zhang jin	6
张洪伟	zhang hong wei	1
张洲	zhang zhou	6
张洽	zhang qia	39
张济	zhang ji	7
张浩宇	zhang hao yu	2
张海迪	zhang hai di	47
张润	zhang run	7
张润之	zhang run zhi	2
张淦	zhang gan	47
张渥	zhang wo	5
张湄	zhang mei	15
张潜	zhang qian	40
张澜澜	zhang lan lan	26
张灼	zhang zhuo	45
张炤	zhang zhao	7
张焱	zhang yan	8
张燕	zhang yan	12
张爽	zhang shuang	28
张特	zhang te	6
张玉书	zhang yu shu	45
张玉娘	zhang yu niang	9
张现伟	zhang xian wei	3
张玲玲	zhang ling ling	7
张珪	zhang gui	21
张球	zhang qiu	4
张琼文	zhang qiong wen	22
张瑜平	zhang yu ping	3
张瑞图	zhang rui tu	37
张瑞敏	zhang rui min	35
张申	zhang shen	7
张申宏	zhang shen hong	4
张百龄	zhang bai ling	7
张皋	zhang gao	18
张相文	zhang xiang wen	24
张眉孙	zhang mei sun	3
张石	zhang shi	10
张确	zhang que	3
张祖同	zhang zu tong	5
张祖翼	zhang zu yi	9
张祖谅	zhang zu liang	15
张祖辉	zhang zu hui	3
张祥云	zhang xiang yun	1
张祥河	zhang xiang he	4
张秀英	zhang xiu ying	15
张秋人	zhang qiu ren	39
张穆	zhang mu	6
张立松	zhang li song	5
张立群	zhang li qun	29
张笃庆	zhang du qing	4
张符	zhang fu	6
张籍	zhang ji	6
张约	zhang yue	8
张纯修	zhang chun xiu	5
张绅	zhang shen	14
张绍祖	zhang shao zu	7
张统	zhang tong	5
张继军	zhang ji jun	2
张绳武	zhang sheng wu	1
张维仁	zhang wei ren	5
张维华	zhang wei hua	8
张维屏	zhang wei ping	32
张维迎	zhang wei ying	41
张羽材	zhang yu cai	2
张翥	zhang zhu	24
张翼翔	zhang yi xiang	47
张耀翔	zhang yao xiang	8
张聿光	zhang yu guang	15
张肇金	zhang zhao jin	2
张自德	zhang zi de	2
张致中	zhang zhi zhong	3
张舒涵	zhang shu han	8
张节	zhang jie	5
张芾	zhang fu	34
张若澄	zhang ruo cheng	8
张若虚	zhang ruo xu	26
张范	zhang fan	7
张荣明	zhang rong ming	5
张莉	zhang li	13
张蔚华	zhang wei hua	24
张虎	zhang hu	11
张行孚	zhang xing fu	2
张行简	zhang xing jian	9
张裔	zhang yi	3
张裕钊	zhang yu zhao	26
张角	zhang jue	6
张誉	zhang yu	17
张让	zhang rang	9
张训	zhang xun	6
张诗	zhang shi	6
张诩	zhang xu	12
张说	zhang yue	9
张谞行	zhang xu xing	3
张谨	zhang jin	15
张象	zhang xiang	4
张贞观	zhang zhen guan	7
张贤亮	zhang xian liang	38
张贵人	zhang gui ren	25
张轨	zhang gui	2
张载	zhang zai	9
张迪哲	zhang di zhe	2
张适	zhang shi	10
张逊	zhang xun	6
张遂	zhang sui	6
张道中	zhang dao zhong	2
张道真	zhang dao zhen	5
张邦基	zhang bang ji	5
张邵刚	zhang shao gang	2
张金吾	zhang jin wu	13
张金枝	zhang jin zhi	1
张鋆	zhang yun	9
张铁英	zhang tie ying	7
张锡兰	zhang xi lan	2
张锦芳	zhang jin fang	24
张镜心	zhang jing xin	8
张长城	zhang chang cheng	13
张阳德	zhang yang de	1
张际亮	zhang ji liang	9
张际鹏	zhang ji peng	18
张陵	zhang ling	7
张雄	zhang xiong	10
张雨森	zhang yu sen	2
张雪中	zhang xue zhong	40
张雪松	zhang xue song	5
张静东	zhang jing dong	2
张韬	zhang tao	39
张音	zhang yin	5
张颌	zhang he	1
张颐	zhang yi	31
张颐武	zhang yi wu	23
张颖洁	zhang ying jie	5
张飞飞	zhang fei fei	1
张骁	zhang xiao	13
张骏祥	zhang jun xiang	28
张鲜堂	zhang xian tang	2
张鸣珂	zhang ming ke	13
张鸿烈	zhang hong lie	35
张鹏翀	zhang peng chong	13
张鹏翔	zhang peng xiang	16
张鹏翼	zhang peng yi	37
张鼐	zhang nai	29
张龑	zhang yan	7
张龙德	zhang long de	1
弥海砂	mi hai sha	29
归庄	gui zhuang	34
彭丹	peng dan	46
彭任	peng ren	3
彭伯	peng bo	40
彭光谦	peng guang qian	9
彭加木	peng jia mu	42
彭启丰	peng qi feng	10
彭和	peng he	7
彭壁生	peng bi sheng	5
彭士量	peng shi liang	25
彭孙贻	peng sun yi	21
彭孙遹	peng sun yu	24
彭安	peng an	4
彭定求	peng ding qiu	18
彭家煌	peng jia huang	6
彭家珍	peng jia zhen	48
彭小枫	peng xiao feng	24
彭师度	peng shi du	2
彭平之	peng ping zhi	3
彭年	peng nian	9
彭志强	peng zhi qiang	3
彭春霞	peng chun xia	4
彭昱尧	peng yu yao	2
彭杰如	peng jie ru	25
彭泰来	peng tai lai	2
彭烈	peng lie	5
彭珑	peng long	3
彭睿	peng rui	19
彭立尧	peng li yao	25
彭端淑	peng duan shu	14
彭绍升	peng shao sheng	11
彭翼仲	peng yi zhong	26
彭荃	peng quan	36
彭莉	peng li	12
彭葵	peng kui	3
彭蕴章	peng yun zhang	31
彭进	peng jin	20
彭道儒	peng dao ru	6
彭遵泗	peng zun si	12
彭龟年	peng gui nian	16
影木荣贵	ying mu rong gui	18
彼什科夫	bi shen ke fu	6
彼得梅尔	bi de mei er	2
很北	hen bei	4
徐上瀛	xu shang ying	8
徐世刚	xu shi gang	3
徐中约	xu zhong yue	23
徐中雄	xu zhong xiong	36
徐乃昌	xu nai chang	15
徐之明	xu zhi ming	2
徐云志	xu yun zhi	6
徐仁铸	xu ren zhu	11
徐令	xu ling	4
徐以升	xu yi sheng	2
徐俐	xu li	14
徐元文	xu yuan wen	42
徐兢	xu jing	22
徐勋	xu xun	7
徐卓	xu zhuo	35
徐县	xu xian	3
徐名世	xu ming shi	2
徐启明	xu qi ming	24
徐商	xu shang	4
徐嘉瑞	xu jia rui	17
徐国麟	xu guo lin	2
徐士林	xu shi lin	4
徐大椿	xu da chun	11
徐天利	xu tian li	4
徐天红	xu tian hong	35
徐婷	xu ting	5
徐媛媛	xu yuan yuan	5
徐子苓	xu zi ling	5
徐存	xu cun	18
徐守铭	xu shou ming	2
徐宗亮	xu zong liang	5
徐宗浩	xu zong hao	4
徐宝璜	xu bao huang	19
徐家驹	xu jia ju	3
徐小平	xu xiao ping	26
徐尚	xu shang	3
徐师曾	xu shi zeng	6
徐应明	xu ying ming	3
徐彪	xu biao	17
徐必达	xu bi da	16
徐志勋	xu zhi xun	3
徐念慈	xu nian ci	4
徐懋庸	xu mao yong	21
徐承东	xu cheng dong	2
徐文惠	xu wen hui	6
徐文烈	xu wen lie	42
徐文靖	xu wen jing	5
徐方	xu fang	7
徐无	xu wu	2
徐时栋	xu shi dong	17
徐昉	xu fang	6
徐星友	xu xing you	19
徐景达	xu jing da	17
徐本禹	xu ben yu	15
徐枋	xu fang	17
徐枢	xu shu	1
徐柏龄	xu bai ling	9
徐柱	xu zhu	6
徐柳	xu liu	43
徐桢立	xu zhen li	1
徐樾	xu yue	14
徐步云	xu bu yun	9
徐泓	xu hong	19
徐泰	xu tai	4
徐洋	xu yang	31
徐涵	xu han	5
徐溶	xu rong	3
徐滇庆	xu dian qing	3
徐澄	xu cheng	18
徐炼	xu lian	2
徐焕升	xu huan sheng	30
徐焕斗	xu huan dou	2
徐焕然	xu huan ran	2
徐焰	xu yan	9
徐猛	xu meng	1
徐玑	xu ji	9
徐玫	xu mei	13
徐珊	xu shan	7
徐百卉	xu bai hui	28
徐秉义	xu bing yi	12
徐筠	xu yun	26
徐红	xu hong	9
徐继畲	xu ji she	20
徐翊	xu yi	19
徐自华	xu zi hua	42
徐自明	xu zi ming	2
徐舫	xu fang	4
徐艳	xu yan	7
徐茂公	xu mao gong	15
徐葆光	xu bao guang	44
徐行可	xu xing ke	3
徐质	xu zhi	24
徐贲	xu ben	32
徐超	xu chao	13
徐达源	xu da yuan	1
徐迟	xu chi	39
徐邦	xu bang	4
徐采	xu cai	16
徐鉴	xu jian	23
徐钰	xu yu	19
徐铸成	xu zhu cheng	37
徐问	xu wen	3
徐隆	xu long	3
徐霈	xu pei	2
徐颖	xu ying	13
徐颢菲	xu hao fei	1
徐鹤	xu he	12
徐鼎	xu ding	41
徐鼒	xu zi	26
德利马	de li ma	24
德昂	de ang	7
德止	de zhi	2
德祐	de you	6
德谟克里特	de mo ke li te	5
德重聪	de zhong cong	11
忌野清志郎	ji ye qing zhi lang	25
念常	nian chang	8
忽必来	hu bi lai	20
忽那汐里	hu na xi li	46
忽雷驳	hu lei bo	2
怀海	huai hai	4
怀贤	huai xian	6
恒文	heng wen	4
恩锡	en xi	2
恭小兵	gong xiao bing	4
恶逆	e ni	30
恽寿平	yun shou ping	46
恽毓鼎	yun yu ding	30
恽逸群	yun yi qun	39
恽道生	yun dao sheng	2
惠士奇	hui shi qi	20
惠夫	hui fu	2
慈明	ci ming	3
慕中华	mu zhong hua	2
慕容儁	mu rong jun	2
慕容德	mu rong de	3
慕容暐	mu rong wei	4
慕容部	mu rong bu	3
慕容雪村	mu rong xue cun	40
慧南	hui nan	2
慧能	hui neng	8
戈尔德施密特	ge er de shi mi te	35
戈汕	ge shan	1
戈涛	ge tao	4
戈耶切亚	ge ye qie ya	5
成乐	cheng le	11
成兆才	cheng zhao cai	15
成光	cheng guang	8
成妃	cheng fei	2
成宜	cheng yi	7
成岭	cheng ling	4
成平	cheng ping	7
成廉	cheng lian	19
成无己	cheng wu ji	9
成昌	cheng chang	5
成泰燊	cheng tai shen	24
成济	cheng ji	5
成纪	cheng ji	6
成贵妃	cheng gui fei	27
成阳	cheng yang	6
戚海燕	qi hai yan	2
戚迹	qi ji	24
戴严	dai yan	1
戴仁	dai ren	4
戴光洁	dai guang jie	2
戴军	dai jun	10
戴叔伦	dai shu lun	29
戴名世	dai ming shi	38
戴员	dai yuan	3
戴均元	dai jun yuan	27
戴复古	dai fu gu	25
戴学峰	dai xue feng	1
戴忠仁	dai zhong ren	38
戴明说	dai ming shuo	6
戴晓微	dai xiao wei	2
戴浩	dai hao	31
戴熙	dai xi	27
戴爱莲	dai ai lian	32
戴睿	dai rui	5
戴礼	dai li	3
戴经	dai jing	3
戴维逊	dai wei xun	14
戴聪	dai cong	2
戴艺	dai yi	4
戴芳澜	dai fang lan	19
戴荣	dai rong	21
戴衢亨	dai qu heng	24
戴表元	dai biao yuan	14
戴谦	dai qian	14
戴进	dai jin	5
戴钧衡	dai jun heng	5
戴鹏飞	dai peng fei	5
户川纯	hu chuan chun	3
房思瑜	fang si yu	47
房龙	fang long	7
手塚治虫	shou zhong zhi chong	4
手岛优	shou dao you	10
才溢	cai yi	3
扎加洛	zha jia luo	42
托帕洛夫	tuo pa luo fu	45
托浑布	tuo hun bu	10
托马斯杰佛逊	tuo ma si jie fo xun	4
托马斯莫尔	tuo ma si mo er	2
执讯	zhi xun	1
承衣	cheng yi	4
押尾学	ya wei xue	15
拉德布鲁赫	la de bu lu he	43
拉罗什福科	la luo shi fu ke	4
拉西德	la xi de	14
拔都	ba du	4
招子庸	zhao zi yong	28
拳毛騧	quan mao gua	4
掌书	zhang shu	2
掾吏	yuan li	23
揆一	kui yi	5
揆叙	kui xu	36
摩索拉斯	mo suo la si	46
改琦	gai qi	10
放勋	fang xun	3
敖英	ao ying	4
敖陶孙	ao tao sun	10
文丑	wen chou	6
文仪	wen yi	5
文伯仁	wen bo ren	1
文则	wen ze	8
文台	wen tai	5
文同	wen tong	7
文姬	wen ji	6
文幼章	wen you zhang	36
文彭	wen peng	5
文徵明	wen zheng ming	8
文怀沙	wen huai sha	28
文晸赫	wen zheng he	35
文沛然	wen pei ran	15
文泰来	wen tai lai	36
文洪	wen hong	5
文淑	wen shu	3
文点	wen dian	5
文然	wen ran	3
文若	wen ruo	7
文谦	wen qian	4
文震亨	wen zhen heng	46
斋藤千穗	zhai teng qian sui	2
斋藤步	zhai teng bu	9
斯卡罗尼	si ka luo ni	2
斯基拉奇	si ji la qi	48
斯塔夫里阿诺斯	si ta fu li a nuo si	17
斯塔比尔	si ta bi er	4
斯托伊奇科夫	si tuo yi qi ke fu	25
斯琴塔日哈	si qin ta ri ha	6
斯琴格日乐	si qin ge ri le	16
斯维德伯格	si wei de bo ge	15
斯维德勒	si wei de le	34
斯行健	si xing jian	10
新息	xin xi	3
新贵人	xin gui ren	27
方东树	fang dong shu	38
方伯谦	fang bo qian	49
方元	fang yuan	8
方凤	fang feng	4
方刚	fang gang	10
方功惠	fang gong hui	2
方叔洪	fang shu hong	21
方哲	fang zhe	21
方回	fang hui	7
方国栋	fang guo dong	7
方士庶	fang shi shu	1
方夏	fang xia	6
方夔	fang kui	1
方天丰	fang tian feng	8
方奇	fang qi	7
方婉仪	fang wan yi	4
方孝儒	fang xiao ru	15
方孝标	fang xiao biao	18
方寿	fang shou	4
方峻	fang jun	11
方延平	fang yan ping	2
方悦	fang yue	17
方成培	fang cheng pei	6
方扬	fang yang	9
方捷	fang jie	8
方新	fang xin	10
方朝	fang chao	5
方梅	fang mei	6
方槐	fang huai	11
方殿元	fang dian yuan	3
方泉	fang quan	6
方浚颐	fang jun yi	5
方淦	fang gan	1
方熊	fang xiong	3
方玉润	fang yu run	17
方珍	fang zhen	4
方登峄	fang deng yi	8
方纪	fang ji	5
方肇	fang zhao	34
方薰	fang xun	13
方观	fang guan	3
方观承	fang guan cheng	20
方钧	fang jun	4
方靖	fang jing	36
方鼎英	fang ding ying	48
於梨华	yu li hua	19
施世明	shi shi ming	10
施北衡	shi bei heng	17
施发	shi fa	5
施士洁	shi shi jie	15
施子清	shi zi qing	34
施宜生	shi yi sheng	25
施小墨	shi xiao mo	3
施忠	shi zhong	8
施源	shi yuan	28
施炎	shi yan	1
施瑞伯	shi rui bo	3
施达	shi da	5
无强	wu qiang	5
日御	ri yu	5
日章	ri zhang	7
时大彬	shi da bin	11
时寒冰	shi han bing	16
昆体良	kun ti liang	11
昇明	sheng ming	2
明中	ming zhong	8
明升	ming sheng	5
明叔亮	ming shu liang	3
明怀	ming huai	3
易军	yi jun	9
易君左	yi jun zuo	35
易安华	yi an hua	21
易宪容	yi xian rong	7
易慧	yi hui	12
易王	yi wang	3
易立	yi li	38
易茗	yi ming	18
易顺鼎	yi shun ding	22
星瀚	xing han	11
星野亚希	xing ye ya xi	27
显道	xian dao	4
晁衡	chao heng	38
晋厉侯	jin li hou	5
晋哀侯	jin ai hou	39
晋孝侯	jin xiao hou	15
晋成侯	jin cheng hou	6
晋林波	jin lin bo	4
晋武侯	jin wu hou	6
晋烈公	jin lie gong	23
晋献侯	jin xian hou	8
晋穆侯	jin mu hou	37
晋靖侯	jin jing hou	12
晋静公	jin jing gong	15
晋顷公	jin qing gong	34
晏安澜	yan an lan	8
晏明	yan ming	15
晨凫	chen fu	1
晨岚	chen lan	3
普里戈金	pu li ge jin	7
普雷格尔	pu lei ge er	9
景元	jing yuan	5
景初	jing chu	5
景学义	jing xue yi	3
景岗山	jing gang shan	21
景焕	jing huan	13
景王	jing wang	5
智永	zhi yong	5
智融	zhi rong	8
曲向东	qu xiang dong	7
曲梁	qu liang	6
曲波	qu bo	9
曲阿	qu e	4
曹中铭	cao zhong ming	8
曹丹丹	cao dan dan	5
曹仁虎	cao ren hu	20
曹侃	cao kan	4
曹元忠	cao yuan zhong	36
曹元恒	cao yuan heng	7
曹克明	cao ke ming	15
曹叔	cao shu	35
曹喜蛙	cao xi wa	4
曹均	cao jun	4
曹增辉	cao zeng hui	7
曹大元	cao da yuan	40
曹大章	cao da zhang	5
曹子建	cao zi jian	40
曹孟德	cao meng de	35
曹学	cao xue	6
曹寇	cao kou	5
曹岳	cao yue	4
曹崧	cao song	8
曹建海	cao jian hai	10
曹征	cao zheng	23
曹德	cao de	4
曹性	cao xing	3
曹恒	cao heng	17
曹日晖	cao ri hui	8
曹时中	cao shi zhong	5
曹显兵	cao xian bing	3
曹景行	cao jing xing	17
曹曦文	cao xi wen	34
曹曾	cao zeng	5
曹本荣	cao ben rong	5
曹枫	cao feng	3
曹森	cao sen	5
曹泰	cao tai	4
曹润堂	cao run tang	2
曹湘	cao xiang	25
曹溶	cao rong	26
曹熊	cao xiong	33
曹燕	cao yan	30
曹燕华	cao yan hua	21
曹珏	cao jue	2
曹申吉	cao shen ji	14
曹盛洁	cao sheng jie	3
曹真	cao zhen	6
曹秀先	cao xiu xian	10
曹素功	cao su gong	7
曹羲	cao xi	35
曹节	cao jie	4
曹虹	cao hong	14
曹训	cao xun	19
曹豹	cao bao	46
曹辅	cao fu	16
曹远征	cao yuan zheng	2
曹鉴	cao jian	41
曹鉴冰	cao jian bing	2
曹铭	cao ming	34
曹锡宝	cao xi bao	12
曹锡璜	cao xi huang	2
曹阿瞒	cao a man	6
曹霖	cao lin	24
曹霸	cao ba	27
曹鸿勋	cao hong xun	13
曼施泰因	man shi tai yin	20
曼柏	man bai	2
曾万钟	zeng wan zhong	30
曾世荣	zeng shi rong	8
曾业辉	zeng ye hui	4
曾乔	zeng qiao	4
曾习经	zeng xi jing	32
曾会明	zeng hui ming	4
曾兰芳	zeng lan fang	3
曾凤仪	zeng feng yi	4
曾勉	zeng mian	12
曾参	zeng shen	6
曾士峨	zeng shi e	6
曾子	zeng zi	9
曾子航	zeng zi hang	1
曾孝谷	zeng xiao gu	4
曾宝荪	zeng bao sun	25
曾宣	zeng xuan	3
曾宪锋	zeng xian feng	3
曾庆祝	zeng qing zhu	5
曾廉	zeng lian	3
曾建徽	zeng jian hui	18
曾懿	zeng yi	3
曾春华	zeng chun hua	4
曾朴	zeng pu	5
曾瀞漪	zeng jing yi	8
曾灿	zeng can	20
曾灿灯	zeng can deng	3
曾炜	zeng wei	11
曾炳权	zeng bing quan	3
曾玲	zeng ling	7
曾瑞	zeng rui	5
曾璜	zeng huang	1
曾祥金	zeng xiang jin	3
曾约农	zeng yue nong	38
曾衍东	zeng yan dong	2
曾钊	zeng zhao	12
曾铸	zeng zhu	26
曾黎	zeng li	7
有森也实	you sen ye shi	19
有里知花	you li zhi hua	1
朋霍费尔	peng huo fei er	12
朝仓音梦	chao cang yin meng	19
朝审	chao shen	31
朝田龙太郎	chao tian long tai lang	7
期思	qi si	4
木口亚矢	mu kou ya shi	16
木增	mu zeng	3
木子美	mu zi mei	42
木村雅史	mu cun ya shi	28
末主	mo zhu	3
本田邦久	ben tian bang jiu	3
朱一新	zhu yi xin	37
朱东润	zhu dong run	17
朱为弼	zhu wei bi	5
朱丽娅	zhu li ya	38
朱之瑜	zhu zhi yu	15
朱之蕃	zhu zhi fan	11
朱之锡	zhu zhi xi	17
朱书	zhu shu	7
朱云卿	zhu yun qing	24
朱云辉	zhu yun hui	4
朱仁荣	zhu ren rong	2
朱伦瀚	zhu lun han	4
朱先	zhu xian	6
朱克靖	zhu ke jing	20
朱凤标	zhu feng biao	17
朱剑凡	zhu jian fan	43
朱剑秋	zhu jian qiu	1
朱勇均	zhu yong jun	2
朱升	zhu sheng	4
朱华	zhu hua	11
朱可欣	zhu ke xin	1
朱右	zhu you	3
朱启南	zhu qi nan	43
朱启连	zhu qi lian	2
朱善	zhu shan	3
朱国盛	zhu guo sheng	3
朱坤	zhu kun	16
朱士勤	zhu shi qin	4
朱士林	zhu shi lin	1
朱大可	zhu da ke	11
朱奇伟	zhu qi wei	5
朱威廉	zhu wei lian	5
朱娜	zhu na	19
朱媛媛	zhu yuan yuan	19
朱孝纯	zhu xiao chun	4
朱学增	zhu xue zeng	3
朱守道	zhu shou dao	1
朱安禹	zhu an yu	13
朱宝善	zhu bao shan	1
朱实夫	zhu shi fu	48
朱少屏	zhu shao ping	19
朱岷	zhu min	1
朱峤	zhu jiao	3
朱庆元	zhu qing yuan	2
朱廷刚	zhu ting gang	3
朱建华	zhu jian hua	49
朱建新	zhu jian xin	1
朱异	zhu yi	4
朱彭	zhu peng	2
朱彭年	zhu peng nian	2
朱德润	zhu de run	12
朱志尧	zhu zhi yao	39
朱戟	zhu ji	2
朱承爵	zhu cheng jue	1
朱敦儒	zhu dun ru	19
朱文学	zhu wen xue	4
朱文泉	zhu wen quan	13
朱文涛	zhu wen tao	5
朱文清	zhu wen qing	14
朱斯特	zhu si te	2
朱方华	zhu fang hua	6
朱昂	zhu ang	29
朱昆田	zhu kun tian	1
朱易	zhu yi	25
朱晓东	zhu xiao dong	39
朱朗	zhu lang	4
朱本	zhu ben	3
朱权	zhu quan	6
朱次琦	zhu ci qi	15
朱永康	zhu yong kang	5
朱汝华	zhu ru hua	6
朱沆	zhu hang	3
朱治	zhu zhi	5
朱泳腾	zhu yong teng	24
朱洗	zhu xi	3
朱洵	zhu xun	2
朱淇	zhu qi	19
朱澄	zhu cheng	7
朱瀚	zhu han	3
朱烈	zhu lie	33
朱焱	zhu yan	2
朱照	zhu zhao	3
朱玮杰	zhu wei jie	1
朱理	zhu li	6
朱琏	zhu lian	21
朱琰	zhu yan	6
朱璟	zhu jing	25
朱生豪	zhu sheng hao	38
朱用纯	zhu yong chun	11
朱相宇	zhu xiang yu	3
朱真	zhu zhen	4
朱石麟	zhu shi lin	45
朱研	zhu yan	5
朱祖祥	zhu zu xiang	19
朱祖谋	zhu zu mou	39
朱祺	zhu qi	6
朱端钧	zhu duan jun	6
朱筠	zhu yun	38
朱简	zhu jian	2
朱素臣	zhu su chen	7
朱绅	zhu shen	24
朱缨	zhu ying	13
朱耷	zhu da	24
朱肱	zhu gong	10
朱能	zhu neng	4
朱芬	zhu fen	28
朱芳雨	zhu fang yu	44
朱芾	zhu fu	8
朱芾煌	zhu fu huang	28
朱荃	zhu quan	6
朱裕	zhu yu	31
朱裳	zhu chang	16
朱诚泳	zhu cheng yong	15
朱谌之	zhu chen zhi	35
朱谨	zhu jin	2
朱象贤	zhu xiang xian	1
朱赞	zhu zan	3
朱践耳	zhu jian er	30
朱轶	zhu yi	2
朱轼	zhu shi	32
朱载垕	zhu zai hou	6
朱载育	zhu zai yu	2
朱邦	zhu bang	3
朱采	zhu cai	6
朱金兰	zhu jin lan	3
朱钦	zhu qin	45
朱钧	zhu jun	11
朱钰	zhu yu	6
朱铁	zhu tie	4
朱霁青	zhu ji qing	22
朱震亨	zhu zhen heng	15
朱骏声	zhu jun sheng	14
朱鼎玉	zhu ding yu	4
朴俊奎	piao jun kui	8
朴勇宇	piao yong yu	2
朴海日	piao hai ri	45
朴真熙	piao zhen xi	22
权相宇	quan xiang yu	4
权量	quan liang	5
杉内雅男	shan nei ya nan	17
杉原杏璃	shan yuan xing li	23
杉本有美	shan ben you mei	41
李世倬	li shi zhuo	6
李世泽	li shi ze	1
李世熊	li shi xiong	10
李世芳	li shi fang	10
李世英	li shi ying	31
李世龙	li shi long	22
李东奎	li dong kui	8
李东旭	li dong xu	20
李东波	li dong bo	3
李东田	li dong tian	6
李中南	li zhong nan	2
李中师	li zhong shi	17
李中立	li zhong li	7
李丰永	li feng yong	2
李丹	li dan	13
李义庭	li yi ting	4
李之芳	li zhi fang	38
李之龙	li zhi long	48
李书华	li shu hua	44
李亚伟	li ya wei	20
李亚春	li ya chun	2
李亚蓉	li ya rong	4
李亦雯	li yi wen	3
李亮	li liang	13
李仁堂	li ren tang	15
李仍	li reng	7
李仕学	li shi xue	3
李仪祉	li yi zhi	46
李仲扬	li zhong yang	4
李伏	li fu	3
李众	li zhong	5
李佐贤	li zuo xian	12
李佳璘	li jia lin	3
李依桐	li yi tong	3
李俊基	li jun ji	7
李俊山	li jun shan	1
李俊慧	li jun hui	49
李俊民	li jun min	28
李保田	li bao tian	40
李倩妮	li qian ni	7
李傻傻	li sha sha	3
李儇	li xuan	44
李元度	li yuan du	43
李元阳	li yuan yang	40
李兆年	li zhao nian	2
李先芳	li xian fang	16
李光久	li guang jiu	11
李光斗	li guang dou	5
李公麟	li gong lin	48
李兰娟	li lan juan	48
李兴春	li xing chun	4
李兵	li bing	13
李典	li dian	6
李再华	li zai hua	3
李再雯	li zai wen	4
李冬梅	li dong mei	3
李冲	li chong	11
李凯年	li kai nian	1
李别	li bie	3
李劫	li jie	2
李劫夫	li jie fu	33
李劲然	li jing ran	3
李势	li shi	3
李华军	li hua jun	5
李华国	li hua guo	4
李厚霖	li hou lin	4
李友太	li you tai	3
李友梅	li you mei	13
李吉寿	li ji shou	2
李名	li ming	6
李呈祥	li cheng xiang	8
李和	li he	10
李嘉绩	li jia ji	2
李因	li yin	8
李因笃	li yin du	29
李固	li gu	4
李国勋	li guo xun	1
李国文	li guo wen	39
李国江	li guo jiang	5
李国良	li guo liang	32
李国训	li guo xun	3
李圣天	li sheng tian	18
李坛	li tan	2
李坤军	li kun jun	4
李培林	li pei lin	12
李基宇	li ji yu	4
李塨	li gong	19
李士彬	li shi bin	3
李士桢	li shi zhen	8
李大嘴	li da zui	42
李大昌	li da chang	1
李天任	li tian ren	13
李天根	li tian gen	14
李天植	li tian zhi	12
李天馥	li tian fu	22
李好	li hao	8
李如一	li ru yi	5
李妍熙	li yan xi	4
李妍瑾	li yan jin	14
李妮娜	li ni na	28
李威克	li wei ke	3
李媛媛	li yuan yuan	47
李子亮	li zi liang	3
李子旸	li zi yang	3
李学川	li xue chuan	2
李学庆	li xue qing	19
李学林	li xue lin	48
李安全	li an quan	6
李宗信	li zong xin	8
李宗吾	li zong wu	30
李宗扬	li zong yang	5
李宗昉	li zong fang	22
李宗瀚	li zong han	2
李宜芳	li yi fang	2
李宝章	li bao zhang	19
李宪乔	li xian qiao	2
李家华	li jia hua	7
李封	li feng	4
李小双	li xiao shuang	37
李小婉	li xiao wan	49
李少春	li shao chun	47
李尹桑	li yin sang	2
李屾	li shen	3
李常在	li chang zai	2
李广平	li guang ping	5
李庆良	li qing liang	5
李康华	li kang hua	3
李廷相	li ting xiang	8
李建兵	li jian bing	7
李异	li yi	6
李弥	li mi	5
李彩虹	li cai hong	2
李德光	li de guang	3
李德孝	li de xiao	3
李德强	li de qiang	11
李德才	li de cai	13
李德旺	li de wang	45
李德纯	li de chun	3
李德钢	li de gang	3
李心传	li xin chuan	42
李心怡	li xin yi	10
李必蕃	li bi fan	19
李念慈	li nian ci	2
李怀民	li huai min	2
李思训	li si xun	38
李恩元	li en yuan	7
李惟淼	li wei miao	1
李想	li xiang	11
李惺	li xing	4
李意	li yi	6
李戈	li ge	7
李承鹏	li cheng peng	43
李振清	li zhen qing	40
李振裕	li zhen yu	7
李放	li fang	9
李敬思	li jing si	1
李敬泽	li jing ze	20
李文子	li wen zi	4
李文瀚	li wen han	8
李文炤	li wen zhao	6
李文耕	li wen geng	2
李文藻	li wen zao	9
李文通	li wen tong	14
李斯羽	li si yu	3
李新芳	li xin fang	10
李方膺	li fang ying	20
李方训	li fang xun	20
李日华	li ri hua	43
李时	li shi	6
李时行	li shi xing	7
李时雍	li shi yong	13
李昇	li sheng	4
李明德	li ming de	43
李明文	li ming wen	2
李明雪	li ming xue	3
李明顺	li ming shun	15
李易祥	li yi xiang	13
李星	li xing	10
李星沅	li xing yuan	48
李春熙	li chun xi	8
李春燕	li chun yan	34
李春福	li chun fu	9
李春香	li chun xiang	12
李昭玘	li zhao qi	3
李是男	li shi nan	12
李昱	li yu	42
李晏	li yan	42
李智屏	li zhi ping	1
李暄	li xuan	12
李服	li fu	2
李朔	li shuo	13
李期	li qi	3
李来群	li lai qun	11
李林松	li lin song	1
李楚瀛	li chu ying	13
李樯	li qiang	28
李正伦	li zheng lun	6
李正先	li zheng xian	9
李汉仪	li han yi	1
李汝华	li ru hua	13
李汝珍	li ru zhen	41
李汝龙	li ru long	4
李治民	li zhi min	2
李泉	li quan	9
李波	li bo	12
李泰成	li tai cheng	8
李洪海	li hong hai	4
李洵	li xun	41
李流芳	li liu fang	29
李济平	li ji ping	5
李海卓	li hai zhuo	2
李海洋	li hai yang	8
李海观	li hai guan	6
李海青	li hai qing	10
李涌	li yong	22
李淑华	li shu hua	9
李淑卿	li shu qing	5
李淦	li gan	19
李溥光	li pu guang	3
李漼	li cui	45
李潮	li chao	4
李澄中	li cheng zhong	6
李瀛寰	li ying huan	5
李灵	li ling	9
李炳辰	li bing chen	1
李焕章	li huan zhang	22
李熙垣	li xi yuan	3
李熹	li xi	24
李玄	li xuan	5
李玄霸	li xuan ba	28
李玉琳	li yu lin	7
李玟真	li wen zhen	10
李玥	li yue	15
李球	li qiu	6
李琛	li chen	47
李瑞英	li rui ying	42
李璋煜	li zhang yu	6
李生光	li sheng guang	1
李生寅	li sheng yin	2
李用清	li yong qing	2
李百军	li bai jun	3
李盖凡	li gai fan	3
李相勋	li xiang xun	19
李真	li zhen	11
李睍	li xian	2
李瞻	li zhan	22
李祖望	li zu wang	1
李祖泽	li zu ze	20
李祥凤	li xiang feng	2
李禹东	li yu dong	3
李秀明	li xiu ming	21
李秉德	li bing de	6
李秉衡	li bing heng	46
李童	li tong	9
李端	li duan	7
李符	li fu	2
李素妍	li su yan	32
李纪珠	li ji zhu	38
李绍珍	li shao zhen	6
李经	li jing	6
李绩	li ji	36
李续宜	li xu yi	20
李绮红	li qi hong	6
李群	li qun	11
李翠芳	li cui fang	2
李翠菊	li cui ju	3
李翰卿	li han qing	6
李耳	li er	7
李聃	li dan	10
李腾蛟	li teng jiao	11
李良年	li liang nian	21
李艾	li ai	9
李艾东	li ai dong	1
李苹	li ping	11
李萼	li e	42
李蒙	li meng	10
李蕃	li fan	33
李藩	li fan	5
李虎	li hu	10
李虎军	li hu jun	5
李西闽	li xi min	9
李见明	li jian ming	5
李觉	li jue	6
李觏	li gou	14
李言闻	li yan wen	2
李诗琪	li shi qi	1
李诚儒	li cheng ru	21
李详	li xiang	34
李谷	li gu	7
李豫川	li yu chuan	4
李贡	li gong	4
李贺	li he	10
李赞	li zan	7
李辉仁	li hui ren	3
李迎春	li ying chun	3
李迪	li di	11
李通	li tong	7
李重华	li zhong hua	6
李金斗	li jin dou	18
李鑫淼	li xin miao	4
李钟秀	li zhong xiu	4
李钢	li gang	29
李镜清	li jing qing	46
李长之	li chang zhi	18
李长熙	li chang xi	4
李阳春	li yang chun	23
李陵	li ling	7
李雄	li xiong	9
李雨霏	li yu fei	1
李雪松	li xue song	21
李雷	li lei	10
李霨	li wei	24
李青川	li qing chuan	5
李青海	li qing hai	5
李静芳	li jing fang	23
李颀	li qi	41
李颐	li yi	19
李颙	li yong	49
李馥	li fu	36
李驹	li ju	9
李鳝	li shan	8
李鸿嘉	li hong jia	1
李鸿裔	li hong yi	3
李默	li mo	8
李默然	li mo ran	34
李鼎峰	li ding feng	3
杏里	xing li	3
村上爱	cun shang ai	19
杜义	du yi	5
杜可名	du ke ming	3
杜唯	du wei	2
杜士基	du shi ji	2
杜大成	du da cheng	2
杜子美	du zi mei	12
杜宣	du xuan	17
杜库雷	du ku lei	4
杜微	du wei	42
杜志华	du zhi hua	5
杜思敬	du si jing	3
杜敬	du jing	47
杜文澜	du wen lan	13
杜春生	du chun sheng	2
杜本	du ben	5
杜欣	du xin	33
杜泉	du quan	3
杜煦	du xu	2
杜猛	du meng	6
杜睿	du rui	5
杜纲	du gang	15
杜绾	du wan	5
杜臻	du zhen	12
杜芸	du yun	6
杜荀鹤	du xun he	20
杜越	du yue	7
杜路	du lu	4
杜远	du yuan	10
杜锐	du rui	3
杜长生	du chang sheng	3
杜震宇	du zhen yu	32
杜鹏程	du peng cheng	26
来岛通总	lai dao tong zong	30
来敏	lai min	3
杨一	yang yi	9
杨东平	yang dong ping	16
杨东明	yang dong ming	38
杨中讷	yang zhong ne	8
杨丽菁	yang li jing	40
杨义臣	yang yi chen	38
杨乐渝	yang le yu	6
杨于嘉	yang yu jia	2
杨仁寿	yang ren shou	23
杨介	yang jie	3
杨仕省	yang shi sheng	4
杨以增	yang yi zeng	22
杨仪	yang yi	5
杨仲明	yang zhong ming	11
杨任	yang ren	5
杨修	yang xiu	6
杨兆麟	yang zhao lin	9
杨光钰	yang guang yu	7
杨兴权	yang xing quan	4
杨凝式	yang ning shi	28
杨凤苞	yang feng bao	11
杨劲松	yang jin song	7
杨匏安	yang pao an	37
杨吉昌	yang ji chang	2
杨名时	yang ming shi	22
杨向奎	yang xiang kui	30
杨嘉祚	yang jia zuo	2
杨国梁	yang guo liang	31
杨士林	yang shi lin	14
杨士海	yang shi hai	6
杨大明	yang da ming	11
杨天明	yang tian ming	1
杨天民	yang tian min	14
杨天骥	yang tian ji	1
杨奉	yang feng	3
杨娟	yang juan	21
杨婷	yang ting	30
杨学涛	yang xue tao	1
杨守愚	yang shou yu	45
杨宏胜	yang hong sheng	22
杨宏道	yang hong dao	3
杨宗稷	yang zong ji	41
杨宣	yang xuan	4
杨小乐	yang xiao le	3
杨尚文	yang shang wen	3
杨巍	yang wei	22
杨巨源	yang ju yuan	43
杨平	yang ping	11
杨应奎	yang ying kui	18
杨应春	yang ying chun	4
杨庚	yang geng	17
杨度	yang du	8
杨彬	yang bin	41
杨思圣	yang si sheng	3
杨思敏	yang si min	25
杨恢	yang hui	3
杨恩寿	yang en shou	3
杨恺	yang kai	27
杨惟义	yang wei yi	18
杨惠珊	yang hui shan	5
杨慧林	yang hui lin	1
杨振鸿	yang zhen hong	35
杨挺伟	yang ting wei	2
杨文意	yang wen yi	12
杨文骢	yang wen cong	21
杨文魁	yang wen kui	16
杨时乔	yang shi qiao	21
杨昂	yang ang	3
杨明哲	yang ming zhe	22
杨晋华	yang jin hua	1
杨晓明	yang xiao ming	6
杨晖	yang hui	31
杨晦	yang hui	15
杨朝英	yang chao ying	6
杨本	yang ben	6
杨朱	yang zhu	6
杨村彬	yang cun bin	8
杨果	yang guo	25
杨枢	yang shu	32
杨柏	yang bai	6
杨柯	yang ke	8
杨栋	yang dong	24
杨棨	yang qi	13
杨永年	yang yong nian	6
杨永衍	yang yong yan	3
杨沂孙	yang yi sun	6
杨泗洪	yang si hong	5
杨济	yang ji	3
杨海峰	yang hai feng	3
杨海鹰	yang hai ying	1
杨淑华	yang shu hua	5
杨清顺	yang qing shun	30
杨玉和	yang yu he	5
杨玉明	yang yu ming	18
杨琛	yang chen	8
杨琦	yang qi	34
杨琴	yang qin	23
杨瑀	yang yu	9
杨瑞云	yang rui yun	3
杨璇	yang xuan	14
杨磊	yang lei	46
杨秀川	yang xiu chuan	3
杨笃	yang du	9
杨笃生	yang du sheng	10
杨紫云	yang zi yun	1
杨绍文	yang shao wen	4
杨继业	yang ji ye	28
杨维桢	yang wei zhen	46
杨综	yang zong	13
杨缵绪	yang zuan xu	30
杨翰	yang han	20
杨联升	yang lian sheng	37
杨臣刚	yang chen gang	21
杨致和	yang zhi he	13
杨芳灿	yang fang can	16
杨若兮	yang ruo xi	24
杨虎山	yang hu shan	2
杨讷	yang ne	8
杨谦	yang qian	37
杨赓笙	yang geng sheng	9
杨重远	yang zhong yuan	3
杨钫涵	yang fang han	7
杨铎	yang duo	14
杨铨	yang quan	33
杨锋	yang feng	19
杨锡绂	yang xi fu	11
杨锦麟	yang jin lin	14
杨锴	yang kai	5
杨险峰	yang xian feng	4
杨雅筑	yang ya zhu	23
杨雍建	yang yong jian	9
杨霁云	yang ji yun	3
杨韵	yang yun	21
杨颐	yang yi	11
杨鸿玺	yang hong xi	4
杭世骏	hang shi jun	45
杰克伦敦	jie ke lun dun	11
松尾铃木	song wei ling mu	16
松山健一	song shan jian yi	2
松山千春	song shan qian chun	39
松岛枫	song dao feng	26
松岛菜菜子	song dao cai cai zi	27
松年	song nian	8
松本友	song ben you	17
松本大	song ben da	4
松本明子	song ben ming zi	27
松本晃彦	song ben huang yan	10
松雪	song xue	6
林之夏	lin zhi xia	6
林云铭	lin yun ming	2
林伯桐	lin bo tong	2
林佩琴	lin pei qin	3
林佳慧	lin jia hui	29
林佶	lin ji	5
林侗	lin tong	2
林兆华	lin zhao hua	45
林凤华	lin feng hua	3
林凤祥	lin feng xiang	49
林勇	lin yong	9
林原惠美	lin yuan hui mei	13
林又立	lin you li	10
林君桦	lin jun hua	1
林启桢	lin qi zhen	1
林国桢	lin guo zhen	6
林圣贤	lin sheng xian	41
林圭	lin gui	3
林奴儿	lin nu er	2
林子冲	lin zi chong	2
林宏敏	lin hong min	2
林宗庆	lin zong qing	4
林寿图	lin shou tu	18
林少华	lin shao hua	44
林尧英	lin yao ying	3
林尹民	lin yin min	10
林岫	lin xiu	6
林希逸	lin xi yi	7
林广发	lin guang fa	2
林庚白	lin geng bai	34
林建宏	lin jian hong	16
林彦峰	lin yan feng	8
林思进	lin si jin	7
林散之	lin san zhi	21
林文俊	lin wen jun	7
林文卿	lin wen qing	4
林文英	lin wen ying	16
林时	lin shi	8
林明军	lin ming jun	3
林春山	lin chun shan	5
林有麟	lin you lin	2
林朝华	lin chao hua	6
林朝崧	lin chao song	22
林枝春	lin zhi chun	3
林模	lin mo	2
林永升	lin yong sheng	39
林永裕	lin yong yu	1
林泉生	lin quan sheng	6
林清玄	lin qing xuan	39
林湘萍	lin xiang ping	32
林熊祥	lin xiong xiang	39
林熙蕾	lin xi lei	49
林獬	lin xie	8
林琼	lin qiong	48
林申	lin shen	6
林白水	lin bai shui	41
林祖密	lin zu mi	14
林竹	lin zhu	7
林纪	lin ji	2
林美惠	lin mei hui	3
林育容	lin yu rong	2
林艺	lin yi	6
林节	lin jie	3
林英灿	lin ying can	6
林莉	lin li	9
林蒲封	lin pu feng	3
林蓝	lin lan	7
林衡	lin heng	3
林进春	lin jin chun	15
林逋	lin bu	45
林野	lin ye	11
林针	lin zhen	4
林魁	lin kui	10
林龙	lin long	7
柏人	bai ren	3
柏原收史	bai yuan shou shi	22
柏景伟	bai jing wei	3
柏谦	bai qian	20
柏辉章	bai hui zhang	23
柏邦妮	bai bang ni	4
柚木提娜	you mu ti na	2
查升	zha sheng	2
查可欣	zha ke xin	2
查嗣瑮	zha si li	7
查士标	zha shi biao	9
查旭	cha xu	3
查礼	cha li	3
柯云路	ke yun lu	11
柯以柔	ke yi rou	39
柯奇士	ke qi shi	2
柯岩	ke yan	42
柯平	ke ping	4
柯怡	ke yi	1
柯琴	ke qin	12
柯罗连科	ke luo lian ke	31
柯铁	ke tie	3
柳信美	liu xin mei	26
柳大华	liu da hua	22
柳开	liu kai	2
柳敏	liu min	38
柳时元	liu shi yuan	34
柳比西奇	liu bi xi qi	33
柳真	liu zhen	5
柳诒徵	liu yi zhi	5
柳贯	liu guan	31
柳隐	liu yin	18
柴绍炳	chai shao bing	10
栗原小卷	li yuan xiao juan	25
栗原惠	li yuan hui	10
栗毓美	li yu mei	14
根岸季衣	gen an ji yi	30
根本博	gen ben bo	2
格尔凡德	ge er fan de	16
格里森姆	ge li sen mu	7
栾斌	luan bin	4
栾璞	luan pu	2
桂王	gui wang	5
桂衡	gui heng	5
桂馥	gui fu	36
桃井望	tao jing wang	27
桃城武	tao cheng wu	43
桐原亮司	tong yuan liang si	19
桑弧	sang hu	39
桑悦	sang yue	4
桑戴克	sang dai ke	6
桑门	sang men	2
桑雪	sang xue	10
桥口隆志	qiao kou long zhi	13
桥本丽香	qiao ben li xiang	14
桥本昌二	qiao ben chang er	15
桥本雄二郎	qiao ben xiong er lang	4
梁乃鹏	liang nai peng	49
梁九图	liang jiu tu	2
梁伟棠	liang wei tang	5
梁佳	liang jia	17
梁刚	liang gang	8
梁发芾	liang fa fu	2
梁周翰	liang zhou han	6
梁国治	liang guo zhi	25
梁宗岱	liang zong dai	26
梁宰豪	liang zai hao	14
梁寅	liang yin	7
梁小民	liang xiao min	4
梁希	liang xi	6
梁希贤	liang xi xian	11
梁序昭	liang xu zhao	23
梁廷楠	liang ting nan	1
梁思礼	liang si li	17
梁文斌	liang wen bin	4
梁斌	liang bin	37
梁晓声	liang xiao sheng	45
梁枢	liang shu	1
梁柏台	liang bai tai	5
梁楷	liang kai	38
梁永斌	liang yong bin	4
梁淑贞	liang shu zhen	15
梁清标	liang qing biao	41
梁玉珍	liang yu zhen	2
梁玉绳	liang yu sheng	36
梁琦	liang qi	5
梁瑛	liang ying	10
梁璐	liang lu	7
梁甫	liang fu	42
梁立柱	liang li zhu	8
梁紫	liang zi	22
梁绍壬	liang shao ren	22
梁群	liang qun	7
梁耀汉	liang yao han	3
梁蔼如	liang ai ru	2
梁诗正	liang shi zheng	41
梁鹤年	liang he nian	10
梁麟	liang lin	10
梅启照	mei qi zhao	8
梅宫安娜	mei gong an na	2
梅巧龄	mei qiao ling	2
梅希文	mei xi wen	3
梅成栋	mei cheng dong	4
梅洁	mei jie	12
梅清	mei qing	7
梅瑴成	mei jue cheng	14
梅益	mei yi	48
梅英杰	mei ying jie	2
梅诺蒂	mei nuo di	36
梅达沃	mei da wo	23
梅雨田	mei yu tian	10
梅鼎祚	mei ding zuo	18
梵隆	fan long	1
棉棉	mian mian	48
棋哥	qi ge	13
森光子	sen guang zi	45
森本龙太郎	sen ben long tai lang	25
森理世	sen li shi	13
森田美位子	sen tian mei wei zi	7
森田芳光	sen tian fang guang	49
植村花菜	zhi cun hua cai	40
楚幽王	chu you wang	30
楚简王	chu jian wang	19
楚肃王	chu su wang	23
楠桂	nan gui	13
楼玄	lou xuan	42
樊增祥	fan zeng xiang	46
樊彬	fan bin	4
樊志松	fan zhi song	3
樊春晖	fan chun hui	2
樊粹庭	fan cui ting	15
樊能	fan neng	4
樗里疾	chu li ji	48
樱井幸子	ying jing xing zi	21
樱井莉亚	ying jing li ya	19
橘未稀	ju wei xi	9
檀自新	tan zi xin	20
欧阳勋	ou yang xun	7
欧阳奋强	ou yang fen qiang	32
欧阳婵娟	ou yang chan juan	2
欧阳山	ou yang shan	47
欧阳峰	ou yang feng	31
欧阳章	ou yang zhang	2
欧阳贞	ou yang zhen	3
欧阳静茹	ou yang jing ru	3
欧震	ou zhen	41
止中	zhi zhong	3
步非烟	bu fei yan	17
武丁	wu ding	7
武乙	wu yi	3
武云	wu yun	5
武亿	wu yi	3
武伯英	wu bo ying	2
武兹	wu zi	2
武内英树	wu nei ying shu	34
武卫强	wu wei qiang	5
武原	wu yuan	8
武后	wu hou	7
武安国	wu an guo	23
武庭麟	wu ting lin	14
武泉	wu quan	3
武藤兰	wu teng lan	6
武藤美幸	wu teng mei xing	2
武衡	wu heng	38
段业	duan ye	3
段伯宇	duan bo yu	4
段光清	duan guang qing	19
段坚	duan jian	10
段大章	duan da zhang	2
段婷	duan ting	6
段嵘	duan rong	7
段暄	duan xuan	23
段琦	duan qi	9
段随	duan sui	6
殷兆镛	yin zhao yong	6
殷勇	yin yong	40
殷化行	yin hua xing	2
殷善	yin shan	11
殷士儋	yin shi dan	32
殷奎	yin kui	5
殷悦	yin yue	28
殷海洁	yin hai jie	2
殷纯	yin chun	7
殷罡	yin gang	2
殷震	yin zhen	16
比尔盖茨	bi er gai ci	34
比干	bi gan	4
比拉尔多	bi la er duo	3
毕慧	bi hui	16
毕昇	bi sheng	34
毕星海	bi xing hai	2
毕本	bi ben	2
毕涵	bi han	1
毕淑敏	bi shu min	35
毕然	bi ran	8
毕熙东	bi xi dong	1
毕玉玺	bi yu xi	6
毕琛	bi chen	3
毕磊	bi lei	3
毕锐	bi rui	3
毛依罕	mao yi han	1
毛子水	mao zi shui	39
毛宁	mao ning	9
毛岱钧	mao dai jun	3
毛志成	mao zhi cheng	1
毛怀	mao huai	3
毛戈平	mao ge ping	9
毛扆	mao yi	12
毛承基	mao cheng ji	1
毛昱衡	mao yu heng	2
毛晋	mao jin	4
毛森	mao sen	5
毛江森	mao jiang sen	6
毛润之	mao run zhi	7
毛澄	mao cheng	42
毛纪	mao ji	4
毛良	mao liang	4
毛际可	mao ji ke	10
毛鸿宾	mao hong bin	34
水华	shui hua	9
水均益	shui jun yi	38
水岛宏	shui dao hong	1
水菜丽	shui cai li	29
水野真纪	shui ye zhen ji	40
永山耕三	yong shan geng san	31
永珊	yong shan	38
永琴	yong qin	19
永穆	yong mu	2
汉安	han an	7
汉昌	han chang	6
汗王	han wang	5
江东伟	jiang dong wei	2
江云龙	jiang yun long	3
江以达	jiang yi da	11
江凯文	jiang kai wen	3
江国香织	jiang guo xiang zhi	37
江声	jiang sheng	7
江大来	jiang da lai	2
江姐	jiang jie	10
江孔殷	jiang kong yin	39
江尊	jiang zun	2
江小鱼	jiang xiao yu	33
江总	jiang zong	7
江恂	jiang xun	3
江春炎	jiang chun yan	4
江春霖	jiang chun lin	8
江昱	jiang yu	8
江柏	jiang bai	2
江柏青	jiang bai qing	8
江标	jiang biao	4
江桂	jiang gui	26
江欣荣	jiang xin rong	4
江泽	jiang ze	7
江泽熙	jiang ze xi	3
江炯	jiang jiong	6
江玉	jiang yu	5
江珩	jiang heng	2
江盈科	jiang ying ke	13
江立	jiang li	5
江胜	jiang sheng	4
江腾一	jiang teng yi	5
江蓉	jiang rong	5
江采	jiang cai	4
江铸久	jiang zhu jiu	31
江鸣久	jiang ming jiu	10
池内博之	chi nei bo zhi	48
池墨	chi mo	1
池田理代子	chi tian li dai zi	32
池胁千鹤	chi xie qian he	1
汤世澍	tang shi shu	2
汤光启	tang guang qi	2
汤卓光	tang zhuo guang	2
汤哲	tang zhe	13
汤圆成	tang yuan cheng	3
汤子敬	tang zi jing	3
汤宾	tang bin	30
汤川学	tang chuan xue	40
汤慧	tang hui	12
汤汉	tang han	4
汤涤	tang di	5
汤玮	tang wei	4
汤苏阳	tang su yang	2
汤贻汾	tang yi fen	8
汪一龙	wang yi long	1
汪丁丁	wang ding ding	14
汪乔年	wang qiao nian	29
汪云生	wang yun sheng	3
汪元亨	wang yuan heng	2
汪光华	wang guang hua	3
汪凤藻	wang feng zao	8
汪初	wang chu	2
汪后来	wang hou lai	4
汪喜孙	wang xi sun	5
汪士龙	wang shi long	2
汪大钧	wang da jun	2
汪庆	wang qing	17
汪廷珍	wang ting zhen	16
汪廷讷	wang ting ne	1
汪律本	wang lv ben	3
汪德耀	wang de yao	18
汪文柏	wang wen bai	5
汪文溥	wang wen pu	4
汪昂	wang ang	20
汪昉	wang fang	2
汪昭	wang zhao	6
汪昱	wang yu	31
汪晓波	wang xiao bo	6
汪曙	wang shu	5
汪机	wang ji	2
汪栋	wang dong	5
汪棣	wang di	1
汪森	wang sen	3
汪沁	wang qin	4
汪沆	wang hang	4
汪波	wang bo	21
汪洪度	wang hong du	1
汪洵	wang xun	11
汪浩	wang hao	42
汪淇	wang qi	6
汪溶	wang rong	1
汪灏	wang hao	16
汪炳文	wang bing wen	4
汪然	wang ran	9
汪珂玉	wang ke yu	3
汪琥	wang hu	2
汪琬	wang wan	41
汪璐	wang lu	3
汪皓	wang hao	21
汪端	wang duan	26
汪答应	wang da ying	3
汪篯	wang jian	1
汪继培	wang ji pei	7
汪舸	wang ge	1
汪芬	wang fen	4
汪若海	wang ruo hai	15
汪荣宝	wang rong bao	39
汪见虹	wang jian hong	11
汪辉	wang hui	13
汪辉祖	wang hui zu	26
汪近圣	wang jin sheng	2
汪连	wang lian	2
汪道昆	wang dao kun	45
汪铎	wang duo	22
汪震	wang zhen	13
汪霖	wang lin	2
汪鸣銮	wang ming luan	19
汪鸿志	wang hong zhi	1
汪龙	wang long	5
沃丁	wo ding	3
沃勒尔	wo le er	41
沃甲	wo jia	2
沈不负	shen bu fu	3
沈业富	shen ye fu	15
沈中阳	shen zhong yang	15
沈之问	shen zhi wen	2
沈伯俊	shen bo jun	4
沈兆霖	shen zhao lin	15
沈冰	shen bing	42
沈初	shen chu	33
沈前	shen qian	4
沈卫	shen wei	33
沈发藻	shen fa zao	18
沈史	shen shi	2
沈右	shen you	1
沈周	shen zhou	8
沈善登	shen shan deng	3
沈培艺	shen pei yi	6
沈增植	shen zeng zhi	2
沈宏非	shen hong fei	4
沈宗翰	shen zong han	1
沈宗骞	shen zong qian	1
沈容	shen rong	21
沈岸登	shen an deng	12
沈峻	shen jun	22
沈广	shen guang	9
沈度	shen du	21
沈彤	shen tong	40
沈彩	shen cai	10
沈心	shen xin	4
沈心工	shen xin gong	29
沈性	shen xing	4
沈恒	shen heng	5
沈恩孚	shen en fu	21
沈恺	shen kai	5
沈惠	shen hui	44
沈慧芬	shen hui fen	2
沈懋德	shen mao de	2
沈挺	shen ting	2
沈捷	shen jie	3
沈文婷	shen wen ting	3
沈时	shen shi	5
沈昂	shen ang	3
沈昆	shen kun	8
沈景修	shen jing xiu	3
沈朝初	shen chao chu	1
沈比利	shen bi li	8
沈永年	shen yong nian	2
沈浮	shen fu	27
沈涵	shen han	15
沈淮	shen huai	11
沈清瑞	shen qing rui	3
沈源	shen yuan	10
沈潜	shen qian	21
沈潮	shen chao	5
沈瀚	shen han	10
沈炎	shen yan	7
沈炼	shen lian	43
沈熙	shen xi	20
沈玲	shen ling	7
沈琼	shen qiong	46
沈瑜庆	shen yu qing	14
沈瑞清	shen rui qing	4
沈璇	shen xuan	25
沈璐	shen lu	4
沈瓒	shen zan	10
沈畅	shen chang	10
沈白	shen bai	3
沈真	shen zhen	3
沈硕	shen shuo	1
沈祖德	shen zu de	2
沈维鐈	shen wei qiao	2
沈翼	shen yi	7
沈肇年	shen zhao nian	11
沈育	shen yu	5
沈英	shen ying	5
沈荃	shen quan	16
沈荣庆	shen rong qing	1
沈莉	shen li	6
沈虹	shen hong	7
沈西苓	shen xi ling	30
沈诚	shen cheng	6
沈辽	shen liao	30
沈进	shen jin	5
沈遇	shen yu	2
沈遴奇	shen lin qi	2
沈铨	shen quan	9
沈颢	shen hao	9
沈鼎	shen ding	11
沐琮	mu cong	14
沙东	sha dong	8
沙我	sha wo	3
沙明	sha ming	5
沙陵	sha ling	3
沙雪	sha xue	5
河上肇	he shang zhao	39
河亶甲	he dan jia	41
河口恭吾	he kou gong wu	7
河村隆一	he cun long yi	44
河莉秀	he li xiu	16
泉陵	quan ling	28
法显	fa xian	9
法桢	fa zhen	3
法正	fa zheng	8
法聚	fa ju	5
法良	fa liang	2
法若真	fa ruo zhen	8
波伏瓦	bo fu wa	11
波佐	bo zuo	5
泥阳	ni yang	30
泫氏	xuan shi	45
泷廉太郎	long lian tai lang	22
泽尻绘里香	ze kao hui li xiang	9
洁尘	jie chen	18
洛兵	luo bing	5
洪兰友	hong lan you	32
洪如	hong ru	5
洪应明	hong ying ming	14
洪建平	hong jian ping	6
洪战辉	hong zhan hui	2
洪波	hong bo	11
洪渊	hong yuan	20
洪行	hong xing	4
洪钢	hong gang	5
流氓燕	liu mang yan	6
浅野优子	qian ye you zi	27
浦大邦	pu da bang	2
浦泽	pu ze	2
浦起龙	pu qi long	8
浦远	pu yuan	2
浪兄	lang xiong	11
浮克	fu ke	4
海伦凯勒	hai lun kai le	18
海升	hai sheng	7
海容天天	hai rong tian tian	1
海岩	hai yan	9
海怀	hai huai	3
海森伯	hai sen bo	18
海西公	hai xi gong	35
涂凌	tu ling	3
涂瀛	tu ying	1
涂紫凝	tu zi ning	1
涂长望	tu chang wang	31
淑惠妃	shu hui fei	36
深游	shen you	3
淳于意	chun yu yi	45
清春	qing chun	4
清贵	qing gui	5
渡边博子	du bian bo zi	3
渡边美奈	du bian mei nai	18
温世霖	wen shi lin	19
温子升	wen zi sheng	36
温斯莱特	wen si lai te	15
温汝能	wen ru neng	2
温汝适	wen ru shi	2
温汝遂	wen ru sui	2
温特哈尔特	wen te ha er te	2
温王	wen wang	3
温铁军	wen tie jun	15
温雯	wen wen	7
游本嘉	you ben jia	1
湖衣姬	hu yi ji	3
滕久寿	teng jiu shou	3
滕弘	teng hong	2
滕矢初	teng shi chu	17
满文军	man wen jun	45
漆侠	qi xia	20
漆琪生	qi qi sheng	3
漆道征	qi dao zheng	2
漠璇	mo xuan	3
潘举	pan ju	3
潘仪君	pan yi jun	32
潘伯鹰	pan bo ying	22
潘允端	pan yun duan	19
潘凤	pan feng	48
潘和	pan he	9
潘坤	pan kun	5
潘奕隽	pan yi jun	8
潘婕	pan jie	10
潘媛	pan yuan	1
潘府	pan fu	4
潘德舆	pan de yu	15
潘恭寿	pan gong shou	3
潘慈康	pan ci kang	2
潘振波	pan zhen bo	2
潘昌猷	pan chang you	7
潘春生	pan chun sheng	3
潘晓婷	pan xiao ting	42
潘永贵	pan yong gui	3
潘泉	pan quan	2
潘漠子	pan mo zi	2
潘燕辉	pan yan hui	3
潘琳	pan lin	11
潘相	pan xiang	27
潘眉	pan mei	18
潘秉衡	pan bing heng	4
潘西凤	pan xi feng	3
潘遂	pan sui	2
潘遵祁	pan zun qi	1
潘铎	pan duo	10
潘锡恩	pan xi en	17
潘锦	pan jin	33
潘隐	pan yin	11
潘飞声	pan fei sheng	1
潘鼎	pan ding	6
潘龄皋	pan ling gao	22
濑濑敬久	lai lai jing jiu	10
灞水	ba shui	11
焦仲卿	jiao zhong qing	20
焦建成	jiao jian cheng	4
焦文龙	jiao wen long	2
焦波	jiao bo	1
焦炳	jiao bing	3
焦立坤	jiao li kun	8
熊丙奇	xiong bing qi	12
熊严	xiong yan	18
熊仁荣	xiong ren rong	3
熊伯齐	xiong bo qi	1
熊伯龙	xiong bo long	3
熊佛西	xiong fo xi	47
熊侣	xiong lv	7
熊勇	xiong yong	17
熊均	xiong jun	2
熊大木	xiong da mu	16
熊川	xiong chuan	5
熊心	xiong xin	5
熊怡	xiong yi	1
熊成基	xiong cheng ji	49
熊文	xiong wen	10
熊晖	xiong hui	3
熊景星	xiong jing xing	2
熊梦祥	xiong meng xiang	6
熊横	xiong heng	7
熊汝霖	xiong ru lin	42
熊珍	xiong zhen	7
熊琪	xiong qi	4
熊田曜子	xiong tian yao zi	46
熊笑三	xiong xiao san	11
熊艳	xiong yan	4
熊赐履	xiong ci lv	47
熊超	xiong chao	8
熊过	xiong guo	3
熊迪	xiong di	4
熊通	xiong tong	32
熊锐	xiong rui	6
熊霜	xiong shuang	16
熙平	xi ping	4
爰书	yuan shu	8
爱尔维修	ai er wei xiu	23
爱彩	ai cai	6
爱田由	ai tian you	14
片冈聪	pian gang cong	14
牛振华	niu zhen hua	15
牛田洋	niu tian yang	32
牛莉	niu li	36
牛运震	niu yun zhen	15
牛金	niu jin	4
牛雨田	niu yu tian	24
牛青峰	niu qing feng	1
牧守	mu shou	37
牧正	mu zheng	3
牧野杉菜	mu ye shan cai	27
特伟	te wei	6
特勒骠	te le biao	7
特拉梅尔	te la mei er	27
狄尔泰	di er tai	39
狄慈根	di ci gen	9
狄膺	di ying	13
猫街	mao jie	5
玄德	xuan de	6
玉恒	yu heng	27
玉贵人	yu gui ren	15
王一宁	wang yi ning	20
王一峰	wang yi feng	3
王一鹏	wang yi peng	4
王万顺	wang wan shun	3
王与	wang yu	9
王世发	wang shi fa	4
王世宇	wang shi yu	9
王世德	wang shi de	18
王世懋	wang shi mao	27
王世永	wang shi yong	1
王世琛	wang shi chen	2
王世相	wang shi xiang	2
王世芬	wang shi fen	1
王世茂	wang shi mao	2
王世雄	wang shi xiong	42
王丙	wang bing	5
王业	wang ye	8
王东亮	wang dong liang	4
王中阳	wang zhong yang	5
王丽达	wang li da	15
王乃征	wang nai zheng	7
王义夫	wang yi fu	45
王之佐	wang zhi zuo	9
王之垣	wang zhi yuan	13
王之政	wang zhi zheng	3
王九思	wang jiu si	34
王买	wang mai	4
王二小	wang er xiao	9
王亚南	wang ya nan	48
王亚彬	wang ya bin	29
王亚楠	wang ya nan	24
王亚欧	wang ya ou	2
王亦民	wang yi min	2
王仁堪	wang ren kan	23
王仁龙	wang ren long	4
王仕鹏	wang shi peng	24
王仲元	wang zhong yuan	2
王仲铭	wang zhong ming	34
王任叔	wang ren shu	42
王伉	wang kang	17
王会汾	wang hui fen	2
王伯祥	wang bo xiang	34
王伯臣	wang bo chen	1
王作华	wang zuo hua	8
王作楫	wang zuo ji	1
王佩兰	wang pei lan	4
王佳一	wang jia yi	2
王佳宇	wang jia yu	4
王修	wang xiu	7
王偁	wang cheng	18
王允恭	wang yun gong	1
王元亮	wang yuan liang	3
王元勋	wang yuan xun	1
王元启	wang yuan qi	5
王元淑	wang yuan shu	2
王充	wang chong	8
王兆相	wang zhao xiang	30
王兆祥	wang zhao xiang	2
王克俭	wang ke jian	5
王六生	wang liu sheng	29
王兴家	wang xing jia	1
王兴尧	wang xing yao	3
王兵	wang bing	11
王冈	wang gang	3
王冉	wang ran	15
王军军	wang jun jun	2
王冠军	wang guan jun	8
王凡夫	wang fan fu	3
王凤仪	wang feng yi	12
王凤娴	wang feng xian	1
王凤山	wang feng shan	25
王凤岗	wang feng gang	4
王凤梧	wang feng wu	12
王凤翔	wang feng xiang	3
王凯泰	wang kai tai	26
王则	wang ze	9
王初桐	wang chu tong	4
王剑岳	wang jian yue	5
王劲修	wang jin xiu	18
王劼	wang jie	8
王勇峰	wang yong feng	16
王勋	wang xun	8
王华生	wang hua sheng	28
王原祁	wang yuan qi	47
王友亮	wang you liang	2
王友石	wang you shi	2
王叔和	wang shu he	36
王吉武	wang ji wu	2
王同愈	wang tong yu	7
王同辉	wang tong hui	13
王向明	wang xiang ming	12
王含	wang han	4
王嗣奭	wang si shi	7
王嘉福	wang jia fu	3
王嘉良	wang jia liang	11
王国光	wang guo guang	9
王国刚	wang guo gang	8
王国安	wang guo an	11
王国宾	wang guo bin	14
王国敏	wang guo min	5
王国斌	wang guo bin	25
王国林	wang guo lin	8
王垠	wang yin	17
王域	wang yu	7
王基	wang ji	4
王士元	wang shi yuan	37
王士禄	wang shi lu	12
王士雄	wang shi xiong	13
王士雯	wang shi wen	5
王复	wang fu	4
王复元	wang fu yuan	5
王大伟	wang da wei	25
王太岳	wang tai yue	1
王奇	wang qi	11
王妍	wang yan	34
王姝	wang shu	5
王姬	wang ji	9
王姮	wang heng	3
王婧	wang jing	41
王婷婷	wang ting ting	5
王嫱	wang qiang	11
王子平	wang zi ping	6
王子英	wang zi ying	5
王子鸣	wang zi ming	23
王子鹏	wang zi peng	10
王季思	wang ji si	25
王季烈	wang ji lie	23
王学浩	wang xue hao	7
王孺童	wang ru tong	3
王守恂	wang shou xun	7
王守才	wang shou cai	4
王宏亮	wang hong liang	1
王宏撰	wang hong zhuan	1
王宏祚	wang hong zuo	1
王宗山	wang zong shan	4
王宗沐	wang zong mu	33
王宗炎	wang zong yan	8
王定安	wang ding an	13
王宜胜	wang yi sheng	4
王宝仁	wang bao ren	3
王家楫	wang jia ji	20
王寂	wang ji	24
王寿年	wang shou nian	3
王封	wang feng	7
王尊三	wang zun san	3
王小丫	wang xiao ya	36
王小列	wang xiao lie	12
王小山	wang xiao shan	21
王小星	wang xiao xing	6
王少堂	wang shao tang	21
王少磊	wang shao lei	5
王尔琢	wang er zhuo	26
王履	wang lv	36
王履端	wang lv duan	2
王岩	wang yan	11
王岱	wang dai	17
王岳	wang yue	8
王岷	wang min	5
王崇德	wang chong de	2
王崇简	wang chong jian	15
王嵎生	wang yu sheng	7
王川	wang chuan	11
王左	wang zuo	5
王巩	wang gong	20
王希廉	wang xi lian	1
王广心	wang guang xin	4
王庆麟	wang qing lin	5
王应华	wang ying hua	15
王庭筠	wang ting yun	21
王康弘	wang kang hong	4
王廷魁	wang ting kui	1
王建华	wang jian hua	45
王建宏	wang jian hong	8
王建忠	wang jian zhong	16
王建章	wang jian zhang	8
王式丹	wang shi dan	13
王弥	wang mi	3
王得臣	wang de chen	4
王德标	wang de biao	3
王德瑛	wang de ying	15
王心一	wang xin yi	13
王心刚	wang xin gang	31
王必	wang bi	3
王志坚	wang zhi jian	12
王忠诚	wang zhong cheng	42
王念祖	wang nian zu	22
王思任	wang si ren	21
王思思	wang si si	26
王思懿	wang si yi	27
王怡	wang yi	10
王怡仁	wang yi ren	32
王愫	wang su	10
王懋功	wang mao gong	35
王懿德	wang yi de	37
王成家	wang cheng jia	10
王承烈	wang cheng lie	9
王拯	wang zheng	21
王持	wang chi	5
王振辉	wang zhen hui	4
王敏刚	wang min gang	41
王敏川	wang min chuan	45
王敏生	wang min sheng	6
王敏超	wang min chao	37
王敬铭	wang jing ming	6
王文思	wang wen si	5
王文洁	wang wen jie	5
王文琳	wang wen lin	1
王文禄	wang wen lu	3
王文雄	wang wen xiong	18
王方定	wang fang ding	11
王方正	wang fang zheng	4
王旭烽	wang xu feng	11
王易	wang yi	7
王春露	wang chun lu	11
王昱婷	wang yu ting	27
王晋	wang jin	11
王晓倩	wang xiao qian	2
王晓华	wang xiao hua	5
王晓明	wang xiao ming	43
王晓籁	wang xiao lai	31
王晓鲁	wang xiao lu	4
王晓鹰	wang xiao ying	12
王景和	wang jing he	5
王智新	wang zhi xin	5
王有仁	wang you ren	4
王有龄	wang you ling	27
王柏心	wang bai xin	9
王栋	wang dong	10
王树谷	wang shu gu	2
王桂元	wang gui yuan	5
王梦兰	wang meng lan	3
王植	wang zhi	5
王概	wang gai	9
王樵	wang qiao	17
王欣如	wang xin ru	1
王正敏	wang zheng min	7
王正鹏	wang zheng peng	1
王步青	wang bu qing	15
王毓曾	wang yu zeng	1
王毓麟	wang yu lin	4
王永旭	wang yong xu	2
王永民	wang yong min	22
王永积	wang yong ji	3
王汝南	wang ru nan	16
王汝璧	wang ru bi	5
王沅	wang yuan	20
王沈	wang shen	3
王泮	wang pan	39
王泰吉	wang tai ji	22
王泰林	wang tai lin	3
王洛	wang luo	5
王洪军	wang hong jun	6
王海钧	wang hai jun	4
王海鸰	wang hai ling	10
王淦	wang gan	10
王清任	wang qing ren	24
王潜	wang qian	39
王火	wang huo	7
王炀	wang yang	4
王炳森	wang bing sen	2
王炳燮	wang bing xie	3
王煜辉	wang yu hui	13
王煦	wang xu	15
王献	wang xian	4
王献唐	wang xian tang	26
王猷定	wang you ding	7
王玉国	wang yu guo	2
王玉如	wang yu ru	3
王玉娥	wang yu e	2
王玉璋	wang yu zhang	11
王玖	wang jiu	18
王玲珑	wang ling long	1
王球	wang qiu	4
王理	wang li	7
王琳娜	wang lin na	14
王瑚	wang hu	27
王瓘	wang guan	16
王用之	wang yong zhi	1
王甫	wang fu	8
王甲本	wang jia ben	16
王畴	wang chou	31
王百姓	wang bai xing	1
王真	wang zhen	9
王睿章	wang rui zhang	2
王祖光	wang zu guang	6
王祖庆	wang zu qing	1
王祜	wang hu	9
王祥	wang xiang	10
王禔	wang zhi	14
王禹九	wang yu jiu	4
王秉国	wang bing guo	3
王秉诚	wang bing cheng	3
王秉钧	wang bing jun	18
王立丰	wang li feng	6
王立德	wang li de	4
王立群	wang li qun	28
王答	wang da	13
王筝	wang zheng	12
王筱磊	wang xiao lei	6
王籍	wang ji	5
王累	wang lei	2
王纲	wang gang	7
王绂	wang fu	16
王绅	wang shen	24
王绍兰	wang shao lan	15
王统照	wang tong zhao	49
王继贤	wang ji xian	14
王继飞	wang ji fei	6
王维宁	wang wei ning	7
王维桢	wang wei zhen	25
王维珍	wang wei zhen	8
王维翰	wang wei han	14
王美人	wang mei ren	4
王美秀	wang mei xiu	5
王群	wang qun	12
王翘	wang qiao	2
王耀辉	wang yao hui	10
王聘珍	wang pin zhen	3
王肇基	wang zhao ji	5
王肇辉	wang zhao hui	1
王育芳	wang yu fang	2
王臣	wang chen	8
王节	wang jie	8
王芑孙	wang qi sun	10
王荪	wang sun	1
王莆中	wang pu zhong	2
王菁华	wang jing hua	19
王萌	wang meng	11
王葆心	wang bao xin	9
王蕴章	wang yun zhang	10
王藻	wang zao	3
王襄	wang xiang	2
王观	wang guan	7
王诏	wang zhao	2
王诗文	wang shi wen	5
王诗琪	wang shi qi	7
王诩	wang xu	37
王谋	wang mou	36
王谔	wang e	13
王谷祥	wang gu xiang	5
王象晋	wang xiang jin	22
王贝	wang bei	9
王贞仪	wang zhen yi	17
王贵福	wang gui fu	1
王跃文	wang yue wen	14
王跃飞	wang yue fei	18
王轶琼	wang yi qiong	3
王辅	wang fu	3
王辉耀	wang hui yao	28
王辟之	wang bi zhi	11
王连庆	wang lian qing	5
王道生	wang dao sheng	25
王邑	wang yi	2
王重民	wang zhong min	39
王金勇	wang jin yong	27
王金发	wang jin fa	47
王鎏	wang liu	2
王钊	wang zhao	41
王钟声	wang zhong sheng	14
王钺	wang yue	19
王铭新	wang ming xin	3
王铭琬	wang ming wan	43
王铸九	wang zhu jiu	2
王锜	wang qi	8
王锡元	wang xi yuan	4
王锡圭	wang xi gui	2
王锡彤	wang xi tong	18
王锡荣	wang xi rong	2
王锦辉	wang jin hui	34
王长喜	wang chang xi	3
王际华	wang ji hua	13
王隽	wang jun	29
王雅捷	wang ya jie	21
王雅迪	wang ya di	2
王雪纯	wang xue chun	19
王震生	wang zhen sheng	3
王青芳	wang qing fang	2
王顼龄	wang xu ling	17
王颀	wang qi	47
王飞雪	wang fei xue	5
王馥荔	wang fu li	23
王骥德	wang ji de	9
王鸣韶	wang ming shao	12
王鸿寿	wang hong shou	2
王鹏运	wang peng yun	22
王鹰	wang ying	7
王龄	wang ling	4
珍嫔	zhen pin	22
班录	ban lu	3
班扬	ban yang	4
班超	ban chao	7
琪琪格	qi qi ge	14
琶杰	pa jie	1
瑜妃	yu fei	8
瑶淼	yao miao	8
甄伟	zhen wei	5
甘丽初	gan li chu	35
甘国栋	gan guo dong	5
甘夫人	gan fu ren	38
甘旸	gan yang	3
甘渭汉	gan wei han	35
甘福	gan fu	3
甘萍	gan ping	4
田中大文	tian zhong da wen	21
田中真纪子	tian zhong zhen ji zi	45
田中美保	tian zhong mei bao	15
田中要次	tian zhong yao ci	45
田云龙	tian yun long	3
田伯平	tian bo ping	8
田兰芳	tian lan fang	2
田单	tian dan	6
田喆	tian zhe	3
田岷	tian min	3
田崎敬浩	tian qi jing hao	1
田建	tian jian	7
田昭武	tian zhao wu	15
田楠	tian nan	2
田沁鑫	tian qin xin	28
田海蓉	tian hai rong	38
田炯锦	tian jiong jin	26
田祥	tian xiang	6
田穰苴	tian rang ju	16
田章	tian zhang	3
田续	tian xu	3
田长霖	tian chang lin	26
田雯	tian wen	19
由拳	you quan	4
申东靖	shen dong jing	23
申佳胤	shen jia yin	30
申敏儿	shen min er	35
申梅	shen mei	32
申涵光	shen han guang	16
申贤俊	shen xian jun	10
申鹏	shen peng	8
画圣	hua sheng	5
留平	liu ping	4
番和	fan he	6
登闻鼓	deng wen gu	38
白义	bai yi	4
白云上	bai yun shang	5
白云鹏	bai yun peng	8
白亨利	bai heng li	3
白元	bai yuan	5
白凤鸣	bai feng ming	6
白君实	bai jun shi	12
白寿	bai shou	5
白庆琳	bai qing lin	9
白悦	bai yue	5
白永成	bai yong cheng	10
白洁	bai jie	42
白洲次郎	bai zhou ci lang	29
白淑湘	bai shu xiang	31
白灵	bai ling	8
白珽	bai ting	3
白石美帆	bai shi mei fan	42
白石裕	bai shi yu	6
白英	bai ying	6
白行简	bai xing jian	42
白蹄乌	bai ti wu	6
白采	bai cai	2
白音格力	bai yin ge li	2
白鹏飞	bai peng fei	8
百华	bai hua	5
百里溪	bai li xi	2
皇建	huang jian	4
皓天	hao tian	47
皮埃尔居里	pi ai er ju li	1
皮埃罗	pi ai luo	41
皮海洲	pi hai zhou	9
益若翼	yi ruo yi	21
盐渎	yan du	20
盖丽丽	gai li li	20
盖吕萨克	gai lv sa ke	5
盛和煜	sheng he yu	9
盛大士	sheng da shi	3
盛敏耕	sheng min geng	2
盛昌黎	sheng chang li	9
盛熙	sheng xi	7
相润	xiang run	3
相邦	xiang bang	5
省登宇	sheng deng yu	3
眉佳	mei jia	2
真琴翼	zhen qin yi	4
睦镇硕	mu zhen shuo	36
睿略	rui lve	8
瞿中溶	qu zhong rong	1
瞿俊	qu jun	2
瞿启甲	qu qi jia	6
瞿应绍	qu ying shao	3
瞿祐	qu you	2
瞿颖	qu ying	45
矢口高雄	shi kou gao xiong	13
矢泽爱	shi ze ai	42
矢野浩二	shi ye hao er	37
石作衡	shi zuo heng	9
石勤	shi qin	3
石原良纯	shi yuan liang chun	26
石子坚	shi zi jian	4
石小群	shi xiao qun	31
石川亚沙美	shi chuan ya sha mei	5
石川淳一	shi chuan chun yi	18
石川达三	shi chuan da san	33
石广元	shi guang yuan	6
石应康	shi ying kang	2
石康	shi kang	8
石弘	shi hong	3
石扬	shi yang	5
石挥	shi hui	33
石春霞	shi chun xia	2
石玉昆	shi yu kun	29
石璜	shi huang	12
石璞	shi pu	38
石田一成	shi tian yi cheng	3
石西民	shi xi min	33
石贺	shi he	5
石鑫	shi xin	8
石韫玉	shi yun yu	20
石颐	shi yi	2
砂器	sha qi	20
碧野	bi ye	14
祁坤	qi kun	2
祁寯藻	qi jun zao	29
祁彪佳	qi biao jia	48
祁曼	qi man	36
祁致中	qi zhi zhong	18
祁顺	qi shun	10
祖册	zu ce	4
祖厉	zu li	28
祖庚	zu geng	41
祖江	zu jiang	5
祖甲	zu jia	5
祖辛	zu xin	2
祝义才	zhu yi cai	9
祝史	zhu shi	3
祝希娟	zhu xi juan	21
祝明扬	zhu ming yang	3
祝望	zhu wang	1
祝潜	zhu qian	2
祝绍周	zhu shao zhou	36
祝阿	zhu e	4
祝静	zhu jing	6
神册	shen ce	3
神尔	shen er	3
神田沙也加	shen tian sha ye jia	42
福周	fu zhou	3
福泽克雄	fu ze ke xiong	41
福禄培尔	fu lu pei er	3
福贵人	fu gui ren	29
禹之鼎	yu zhi ding	10
秋吉久美子	qiu ji jiu mei zi	40
秋川雅史	qiu chuan ya shi	28
秋田雨雀	qiu tian yu que	8
秋苹	qiu ping	1
种拂	chong fu	24
科内鲁	ke nei lu	12
科尔沁夫	ke er qin fu	7
科斯坚纽克	ke si jian niu ke	16
秦仪	qin yi	6
秦仲文	qin zhong wen	4
秦伯未	qin bo wei	6
秦侃滢	qin kan ying	9
秦兆阳	qin zhao yang	19
秦力山	qin li shan	47
秦哀公	qin ai gong	49
秦大士	qin da shi	12
秦子忱	qin zi chen	1
秦宓	qin mi	46
秦宝	qin bao	30
秦宣公	qin xuan gong	25
秦德公	qin de gong	41
秦惠公	qin hui gong	48
秦成公	qin cheng gong	18
秦梁	qin liang	41
秦楠	qin nan	24
秦涛	qin tao	4
秦溱	qin zhen	4
秦瀛	qin ying	15
秦灵公	qin ling gong	34
秦炳	qin bing	18
秦炳文	qin bing wen	2
秦琪	qin qi	15
秦祖永	qin zu yong	6
秦良	qin liang	13
秦荣光	qin rong guang	8
秦裕伯	qin yu bo	13
秦铁	qin tie	14
秦霖	qin lin	35
秦鸣雷	qin ming lei	16
称制	cheng zhi	2
程云鹏	cheng yun peng	2
程先甲	cheng xian jia	1
程功	cheng gong	10
程勋	cheng xun	5
程南云	cheng nan yun	2
程发轫	cheng fa ren	16
程哲	cheng zhe	9
程嘉燧	cheng jia sui	21
程嘉美	cheng jia mei	3
程国仁	cheng guo ren	5
程堂	cheng tang	3
程奎光	cheng kui guang	6
程季淑	cheng ji shu	3
程岩	cheng yan	4
程川	cheng chuan	4
程庭鹭	cheng ting lu	2
程怡	cheng yi	7
程文荣	cheng wen rong	1
程本立	cheng ben li	10
程松	cheng song	45
程欣	cheng xin	1
程步高	cheng bu gao	11
程武	cheng wu	25
程法	cheng fa	3
程海	cheng hai	8
程炜	cheng wei	3
程瑞声	cheng rui sheng	4
程瑶田	cheng yao tian	15
程福生	cheng fu sheng	3
程绍	cheng shao	39
程胜	cheng sheng	12
程苓峰	cheng ling feng	6
程荣	cheng rong	16
程进超	cheng jin chao	1
程邃	cheng sui	10
程钜夫	cheng ju fu	11
程银	cheng yin	22
程长庚	cheng chang geng	49
程门雪	cheng men xue	5
程雄	cheng xiong	4
程青松	cheng qing song	10
程颂万	cheng song wan	13
程鹤麟	cheng he lin	5
稻垣润一	dao yuan run yi	7
稻森丽奈	dao sen li nai	2
穆青	mu qing	49
穆顺	mu shun	22
窦光鼐	dou guang nai	8
章剑锋	zhang jian feng	7
章宪	zhang xian	12
章寿麟	zhang shou lin	2
章小蕙	zhang xiao hui	39
章懋	zhang mao	42
章溢	zhang yi	13
章琰	zhang yan	1
章穆	zhang mu	2
章鉴	zhang jian	15
章鋆	zhang yun	7
章钰	zhang yu	13
章韵	zhang yun	5
童叶庚	tong ye geng	14
童大年	tong da nian	5
童大焕	tong da huan	1
童宁	tong ning	6
童炎生	tong yan sheng	12
童自荣	tong zi rong	23
童芷苓	tong zhi ling	29
童衡	tong heng	2
童轩	tong xuan	5
童钰	tong yu	5
童雪鸿	tong xue hong	2
笑楚	xiao chu	3
符廷贵	fu ting gui	12
符曾	fu zeng	4
符馨尹	fu xin yin	1
符验	fu yan	15
笪重光	da chong guang	15
第斯多惠	di si duo hui	4
筱原凉子	xiao yuan liang zi	3
筱崎爱	xiao qi ai	3
简明富	jian ming fu	21
简朝亮	jian chao liang	6
简福疆	jian fu jiang	9
简经纶	jian jing lun	12
管亥	guan hai	36
管学军	guan xue jun	2
管宁	guan ning	5
管干贞	guan gan zhen	23
管念慈	guan nian ci	5
管涛	guan tao	8
管清友	guan qing you	1
管燕草	guan yan cao	4
管鹏	guan peng	14
米万钟	mi wan zhong	15
米卢蒂诺维奇	mi lu di nuo wei qi	47
米友仁	mi you ren	37
米尼兹	mi ni zi	21
米拉蒙特斯	mi la meng te si	12
米晓彬	mi xiao bin	2
粟戎生	su rong sheng	28
糜夫人	mi fu ren	24
素黑	su hei	6
索乌萨	suo wu sa	2
索贝尔	suo bei er	27
紫葵	zi kui	2
紫雨林	zi yu lin	26
红兰	hong lan	5
红叱拨	hong chi bo	1
红月	hong yue	9
红音	hong yin	4
红音萤	hong yin ying	41
约瑟夫斯大林	yue se fu si da lin	3
约翰松	yue han song	8
约翰沃克	yue han wo ke	1
纪如璟	ji ru jing	9
纪容舒	ji rong shu	5
纪小龙	ji xiao long	6
纪敏佳	ji min jia	24
纪贞	ji zhen	6
纪远	ji yuan	3
纯情闪耀	chun qing shan yao	34
纳素夫	na su fu	2
纽兰兹	niu lan zi	31
细川智荣子	xi chuan zhi rong zi	11
经元善	jing yuan shan	16
结城聪	jie cheng cong	33
绝群	jue qun	13
绫波优	ling bo you	4
续桐溪	xu tong xi	3
维利莫维斯基	wei li mo wei si ji	2
维多利奥	wei duo li ao	30
维多利诺	wei duo li nuo	9
维尔塔宁	wei er ta ning	49
绿川英子	lv chuan ying zi	14
缪丹	miao dan	1
缪希雍	miao xi yong	6
缪昌期	miao chang qi	22
罗东进	luo dong jin	14
罗中旭	luo zhong xu	30
罗亨信	luo heng xin	6
罗京	luo jing	10
罗会祥	luo hui xiang	3
罗侨	luo qiao	2
罗允缵	luo yun zuan	1
罗兵	luo bing	9
罗典	luo dian	6
罗凤	luo feng	7
罗历戎	luo li rong	28
罗又伦	luo you lun	9
罗君强	luo jun qiang	27
罗国纲	luo guo gang	1
罗坤山	luo kun shan	7
罗学赞	luo xue zan	2
罗宾德拉纳特	luo bin de la na te	42
罗小卫	luo xiao wei	5
罗建文	luo jian wen	10
罗惇曧	luo dun rong	28
罗惇衍	luo dun yan	8
罗振宇	luo zhen yu	39
罗文俊	luo wen jun	6
罗斯金	luo si jin	6
罗晓莹	luo xiao ying	3
罗曼罗兰	luo man luo lan	25
罗永娟	luo yong juan	3
罗汝怀	luo ru huai	3
罗汝芳	luo ru fang	38
罗海琼	luo hai qiong	27
罗湘	luo xiang	5
罗点	luo dian	5
罗烈	luo lie	3
罗烜	luo xuan	3
罗玘	luo qi	29
罗璟	luo jing	6
罗盛教	luo sheng jiao	37
罗石冰	luo shi bing	15
罗礼贤	luo li xian	14
罗继祖	luo ji zu	7
罗聘	luo pin	33
罗肃	luo su	2
罗胤	luo yin	5
罗蛟	luo jiao	4
罗西北	luo xi bei	5
罗谦	luo qian	5
罗贤	luo xian	6
罗遵殿	luo zun dian	6
罗雪娟	luo xue juan	48
羌道	qiang dao	32
美内铃惠	mei nei ling hui	16
美川宪一	mei chuan xian yi	33
美稷	mei ji	19
美阳	mei yang	5
羽原大介	yu yuan da jie	16
羽根泰正	yu gen tai zheng	13
翁俊明	weng jun ming	48
翁同书	weng tong shu	27
翁子瑜	weng zi yu	2
翁心存	weng xin cun	43
翁森	weng sen	3
翁照	weng zhao	43
翁红	weng hong	5
翁良毓	weng liang yu	1
翁芝	weng zhi	5
翁萨格	weng sa ge	1
翟元	zhai yuan	6
翟勤	zhai qin	2
翟泉	zhai quan	15
翟灏	zhai hao	29
翟让	zhai rang	2
翠黄	cui huang	3
耶律隆绪	ye lv long xu	33
耿志炜	geng zhi wei	1
耿昭忠	geng zhao zhong	6
耿武	geng wu	14
耿渊	geng yuan	1
聂华苓	nie hua ling	38
聂夷中	nie yi zhong	8
聂豹	nie bao	46
聂铁文	nie tie wen	3
肖伯纳	xiao bo na	8
肖刚	xiao gang	7
肖利华	xiao li hua	5
肖劲	xiao jin	1
肖国栋	xiao guo dong	30
肖山令	xiao shan ling	2
肖峰	xiao feng	24
肖晓琳	xiao xiao lin	7
肖纪美	xiao ji mei	4
肖良志	xiao liang zhi	8
肖革联	xiao ge lian	3
胜保	sheng bao	4
胡一鹏	hu yi peng	2
胡万春	hu wan chun	1
胡世宁	hu shi ning	41
胡世昌	hu shi chang	6
胡世荣	hu shi rong	1
胡中玉	hu zhong yu	2
胡介祉	hu jie zhi	1
胡以晃	hu yi huang	23
胡伯翰	hu bo han	27
胡俊翔	hu jun xiang	2
胡俨	hu yan	34
胡元倓	hu yuan tan	15
胡冲	hu chong	20
胡凤丹	hu feng dan	2
胡凯莉	hu kai li	44
胡前	hu qian	3
胡助	hu zhu	2
胡华	hu hua	8
胡卫民	hu wei min	7
胡唐	hu tang	3
胡喆	hu zhe	9
胡嘉言	hu jia yan	3
胡因梦	hu yin meng	12
胡国栋	hu guo dong	11
胡坚	hu jian	7
胡大一	hu da yi	1
胡大文	hu da wen	3
胡奇	hu qi	7
胡宗仁	hu zong ren	3
胡宗华	hu zong hua	3
胡宗成	hu zong cheng	2
胡家凤	hu jia feng	7
胡密	hu mi	3
胡居仁	hu ju ren	14
胡峻	hu jun	8
胡希	hu xi	7
胡庆阳	hu qing yang	1
胡底	hu di	39
胡康民	hu kang min	2
胡廷	hu ting	3
胡志仁	hu zhi ren	4
胡才	hu cai	5
胡承诺	hu cheng nuo	4
胡方平	hu fang ping	1
胡旦	hu dan	19
胡春玲	hu chun ling	5
胡春生	hu chun sheng	14
胡晓光	hu xiao guang	16
胡智锋	hu zhi feng	2
胡有猷	hu you you	1
胡根天	hu gen tian	11
胡桂	hu gui	35
胡梅	hu mei	6
胡正栋	hu zheng dong	2
胡正言	hu zheng yan	18
胡永年	hu yong nian	4
胡汝嘉	hu ru jia	3
胡泰	hu tai	4
胡泳	hu yong	27
胡泽红	hu ze hong	7
胡渊	hu yuan	21
胡澍	hu shu	5
胡灵	hu ling	6
胡炳文	hu bing wen	7
胡然	hu ran	32
胡煦	hu xu	7
胡照	hu zhao	4
胡燕妮	hu yan ni	34
胡玉琦	hu yu qi	2
胡珏	hu jue	5
胡班	hu ban	4
胡琛	hu chen	23
胡璞	hu pu	2
胡百昌	hu bai chang	2
胡直	hu zhi	2
胡紫薇	hu zi wei	7
胡缵宗	hu zuan zong	42
胡艳	hu yan	11
胡节	hu jie	3
胡谊	hu yi	1
胡达源	hu da yuan	9
胡鄂公	hu e gong	42
胡隽	hu jun	2
胡雪峰	hu xue feng	33
胡震	hu zhen	23
胡震亨	hu zhen heng	30
胡鞍钢	hu an gang	44
胥浦	xu pu	46
脂习	zhi xi	9
臧启芳	zang qi fang	44
臧天朔	zang tian shuo	39
舒乙	shu yi	45
舒位	shu wei	4
舒健	shu jian	2
舒县	shu xian	3
舒天	shu tian	4
舒巧	shu qiao	6
舒庆春	shu qing chun	4
舒新城	shu xin cheng	26
舒浩	shu hao	4
舒绣文	shu xiu wen	35
舒荣	shu rong	39
舒高	shu gao	5
舜天齐	shun tian qi	1
般阳	ban yang	14
船越英一郎	chuan yue ying yi lang	37
艾县	ai xian	2
艾小羊	ai xiao yang	7
艾敬	ai jing	31
艾昕	ai xin	5
艾梦萌	ai meng meng	15
艾芜	ai wu	43
节文	jie wen	4
芙蓉姐姐	fu rong jie jie	26
花信风	hua xin feng	8
花永	hua yong	4
芹洋子	qin yang zi	21
苏六朋	su liu peng	11
苏叔阳	su shu yang	7
苏和	su he	8
苏培科	su pei ke	1
苏士澍	su shi shu	20
苏宣	su xuan	6
苏廷玉	su ting yu	27
苏新	su xin	8
苏昊	su hao	4
苏昕	su xin	1
苏杰	su jie	9
苏武	su wu	9
苏殷	su yin	3
苏浚	su jun	15
苏瑾	su jin	19
苏祥	su xiang	5
苏章	su zhang	4
苏答应	su da ying	1
苏翊杰	su yi jie	26
苏胜	su sheng	6
苏舜钦	su shun qin	38
苏芳	su fang	5
苏越	su yue	8
苏过	su guo	5
苏钲	su zheng	2
苏飞	su fei	7
苑田勇一	yuan tian yong yi	7
苗利明	miao li ming	1
苗朝阳	miao chao yang	3
苗永鹏	miao yong peng	2
苗泽	miao ze	20
苗炜	miao wei	3
苗立杰	miao li jie	18
若槻千夏	ruo gui qian xia	46
英布	ying bu	6
范之杰	fan zhi jie	2
范任	fan ren	4
范健	fan jian	11
范光阳	fan guang yang	4
范启	fan qi	13
范咸	fan xian	35
范小冲	fan xiao chong	7
范少卿	fan shao qing	2
范常	fan chang	3
范成	fan cheng	5
范承谟	fan cheng mo	29
范振绪	fan zhen xu	13
范摅	fan shu	8
范文成	fan wen cheng	3
范文英	fan wen ying	3
范昶	fan chang	2
范景文	fan jing wen	28
范曾	fan zeng	10
范松	fan song	4
范永祺	fan yong qi	2
范洪	fan hong	28
范涞	fan lai	8
范炳	fan bing	10
范猛	fan meng	4
范理	fan li	3
范瑞芳	fan rui fang	1
范疆	fan jiang	7
范紫东	fan zi dong	3
范绍增	fan shao zeng	44
范萍	fan ping	1
范锋	fan feng	1
范锴	fan kai	8
范鸿达	fan hong da	4
茅坤	mao kun	48
茅阳	mao yang	7
茶圣	cha sheng	8
荀况	xun kuang	20
荀恽	xun yun	18
荀正	xun zheng	9
荆歌	jing ge	1
荆浩	jing hao	39
草剪刚	cao jian gang	11
荒木由美子	huang mu you mei zi	11
荣松	rong song	3
荣柱	rong zhu	8
荣霖	rong lin	2
药圣	yao sheng	5
荻野真	di ye zhen	33
莉香	li xiang	5
莫万丹	mo wan dan	2
莫乃倩	mo nai qian	2
莫合买提	mo he mai ti	27
莫应丰	mo ying feng	17
莫德格玛	mo de ge ma	8
莫洛亚	mo luo ya	13
莫罕达斯	mo han da si	15
莫罗阿	mo luo a	3
莱博维茨	lai bo wei ci	14
莱昂尼达斯	lai ang ni da si	14
莱纳特	lai na te	46
莱茵克尔	lai yin ke er	4
莲佛美沙子	lian fo mei sha zi	44
菅田俊	jian tian jun	19
菊地凛子	ju di lin zi	43
菊川怜	ju chuan lian	34
菊池智子	ju chi zhi zi	2
菲洛尔	fei luo er	10
营道	ying dao	3
萧三	xiao san	6
萧乾	xiao qian	45
萧云从	xiao yun cong	8
萧公权	xiao gong quan	45
萧军	xiao jun	8
萧博仁	xiao bo ren	8
萧培元	xiao pei yuan	1
萧庄	xiao zhuang	48
萧德藻	xiao de zao	6
萧晨	xiao chen	1
萧淑慎	xiao shu shen	33
萧灼基	xiao zhuo ji	20
萧燕	xiao yan	18
萧秋水	xiao qiu shui	14
萧良有	xiao liang you	9
萧道管	xiao dao guan	2
萧长华	xiao chang hua	20
萧鼎	xiao ding	47
萧龙友	xiao long you	13
萨文	sa wen	6
萨本栋	sa ben dong	48
葛存壮	ge cun zhuang	27
葛昕	ge xin	3
葛红兵	ge hong bing	21
葛维蒲	ge wei pu	2
葛越	ge yue	3
葛雍	ge yong	8
葛震	ge zhen	3
董仲书	dong zhong shu	3
董份	dong fen	16
董勇	dong yong	30
董厥	dong jue	26
董含	dong han	5
董和	dong he	6
董国兴	dong guo xing	2
董国政	dong guo zheng	3
董大	dong da	6
董太后	dong tai hou	47
董学群	dong xue qun	3
董宗祈	dong zong qi	2
董宜阳	dong yi yang	1
董恂	dong xun	12
董文华	dong wen hua	34
董旭彬	dong xu bin	3
董旻	dong min	25
董易林	dong yi lin	4
董朗	dong lang	5
董朝	dong chao	20
董榕	dong rong	30
董沛	dong pei	21
董波	dong bo	8
董海超	dong hai chao	4
董炳	dong bing	34
董煜	dong yu	7
董燧	dong sui	2
董白	dong bai	4
董石才	dong shi cai	3
董祀	dong si	18
董维	dong wei	31
董藩	dong fan	1
董行佶	dong xing ji	15
董衡	dong heng	28
董讷	dong ne	9
董路	dong lu	21
董辰生	dong chen sheng	1
董邦达	dong bang da	18
葵实野理	kui shi ye li	3
蒋一葵	jiang yi kui	14
蒋举	jiang ju	7
蒋仁	jiang ren	42
蒋仪	jiang yi	3
蒋伊	jiang yi	3
蒋信	jiang xin	3
蒋元益	jiang yuan yi	2
蒋先云	jiang xian yun	35
蒋光煦	jiang guang xu	7
蒋全胜	jiang quan sheng	6
蒋博	jiang bo	3
蒋和	jiang he	7
蒋国榜	jiang guo bang	2
蒋坦	jiang tan	11
蒋士铨	jiang shi quan	48
蒋奇	jiang qi	28
蒋子龙	jiang zi long	27
蒋宝龄	jiang bao ling	2
蒋峰	jiang feng	1
蒋嵩	jiang song	4
蒋川	jiang chuan	19
蒋希曾	jiang xi zeng	1
蒋延	jiang yan	35
蒋彪	jiang biao	4
蒋恺	jiang kai	19
蒋惠	jiang hui	13
蒋攸铦	jiang you xian	37
蒋敬	jiang jing	16
蒋文平	jiang wen ping	1
蒋显	jiang xian	32
蒋月泉	jiang yue quan	10
蒋汝藻	jiang ru zao	5
蒋泽中	jiang ze zhong	4
蒋深	jiang shen	2
蒋溥	jiang pu	26
蒋炳	jiang bing	30
蒋煜	jiang yu	2
蒋理	jiang li	5
蒋能	jiang neng	5
蒋舒	jiang shu	36
蒋衡	jiang heng	14
蒋贵	jiang gui	38
蒋进	jiang jin	31
蒋锄欧	jiang chu ou	3
蒋骥	jiang ji	23
蒙文通	meng wen tong	33
蒙田	meng tian	8
蒯祥	kuai xiang	19
蒲子	pu zi	4
蒲洋	pu yang	2
蓝东	lan dong	3
蓝沁	lan qin	3
蓝涛	lan tao	5
蓝瑛	lan ying	29
蓝祖蔚	lan zu wei	29
蓝马	lan ma	7
蔡世远	cai shi yuan	7
蔡中	cai zhong	7
蔡为民	cai wei min	8
蔡亚林	cai ya lin	5
蔡会文	cai hui wen	22
蔡博	cai bo	5
蔡发	cai fa	3
蔡含	cai han	2
蔡和	cai he	8
蔡哀侯	cai ai hou	40
蔡哲夫	cai zhe fu	3
蔡国珍	cai guo zhen	10
蔡婧	cai jing	5
蔡子华	cai zi hua	4
蔡孟君	cai meng jun	1
蔡宇翔	cai yu xiang	5
蔡廷兰	cai ting lan	41
蔡建中	cai jian zhong	5
蔡建忠	cai jian zhong	3
蔡忠诚	cai zhong cheng	4
蔡文胜	cai wen sheng	12
蔡新	cai xin	6
蔡昉	cai fang	17
蔡智堪	cai zhi kan	17
蔡林蒸	cai lin zheng	1
蔡根	cai gen	3
蔡格	cai ge	2
蔡欢	cai huan	4
蔡泽	cai ze	3
蔡海山	cai hai shan	1
蔡渊	cai yuan	19
蔡潮	cai chao	10
蔡照明	cai zhao ming	3
蔡琼	cai qiong	34
蔡福如	cai fu ru	2
蔡绦	cai tao	19
蔡羽	cai yu	10
蔡远	cai yuan	4
蔡道宪	cai dao xian	6
蔡长沄	cai chang yun	4
蔡鸿岩	cai hong yan	5
蔺玉红	lin yu hong	5
蔺瑶	lin yao	3
蕃学	fan xue	25
薛乔	xue qiao	5
薛佳凝	xue jia ning	32
薛侃	xue kan	23
薛兆英	xue zhao ying	3
薛兰	xue lan	3
薛凤祚	xue feng zuo	23
薛则	xue ze	3
薛夫彬	xue fu bin	4
薛季宣	xue ji xuan	17
薛居正	xue ju zheng	48
薛承基	xue cheng ji	2
薛文强	xue wen qiang	5
薛时雨	xue shi yu	10
薛澍	xue shu	3
薛焕	xue huan	25
薛玉洋	xue yu yang	14
薛绍彭	xue shao peng	6
薛绍徽	xue shao hui	1
薛蕙	xue hui	10
薛论道	xue lun dao	13
薛雪	xue xue	14
藤井莉娜	teng jing li na	24
藤北彩香	teng bei cai xiang	30
藤川优里	teng chuan you li	5
藤泽周平	teng ze zhou ping	41
藤田惠美	teng tian hui mei	14
藤田真	teng tian zhen	2
虞人	yu ren	5
虞堪	yu kan	2
虞松	yu song	33
虞梅	yu mei	1
虞泳	yu yong	2
虞洋	yu yang	3
虹影	hong ying	25
蛯原友里	lao yuan you li	17
蜜雪薇琪	mi xue wei qi	19
行一	xing yi	11
衣笠贞之助	yi li zhen zhi zhu	34
袁一泓	yuan yi hong	3
袁世海	yuan shi hai	33
袁中道	yuan zhong dao	45
袁也烈	yuan ye lie	41
袁佑	yuan you	3
袁兆庄	yuan zhao zhuang	3
袁嘉谷	yuan jia gu	32
袁婷	yuan ting	1
袁媛	yuan yuan	21
袁守侗	yuan shou dong	10
袁宗道	yuan zong dao	33
袁家骝	yuan jia liu	39
袁岳	yuan yue	12
袁峻	yuan jun	7
袁希涛	yuan xi tao	21
袁廷梼	yuan ting tao	4
袁征	yuan zheng	23
袁晓园	yuan xiao yuan	25
袁树	yuan shu	26
袁树勋	yuan shu xun	43
袁桐	yuan tong	11
袁桷	yuan jue	28
袁梦	yuan meng	21
袁水拍	yuan shui pai	17
袁泓	yuan hong	4
袁燮	yuan xie	41
袁牧之	yuan mu zhi	45
袁瑛	yuan ying	6
袁瑞良	yuan rui liang	3
袁甫	yuan fu	22
袁登道	yuan deng dao	2
袁端	yuan duan	8
袁紫衣	yuan zi yi	38
袁耀	yuan yao	43
袁胤	yuan yin	30
袁茂峰	yuan mao feng	2
袁褧	yuan jiong	3
袁达	yuan da	4
袁野	yuan ye	27
袁雨来	yuan yu lai	3
袁鸣	yuan ming	20
袁鹰	yuan ying	17
袁黄	yuan huang	4
裴元庆	pei yuan qing	20
裴应章	pei ying zhang	2
裴怀亮	pei huai liang	15
裴文中	pei wen zhong	42
裴斯泰洛齐	pei si tai luo qi	48
裴景福	pei jing fu	6
裴绪	pei xu	3
裴远颖	pei yuan ying	4
裴钰	pei yu	9
褚人获	chu ren huo	40
褚师	chu shi	41
褚德彝	chu de yi	6
褚爽	chu shuang	18
西域马	xi yu ma	1
西尾由佳理	xi wei you jia li	11
西崎崇子	xi qi chong zi	17
西蒙玻利瓦尔	xi meng bo li wa er	12
西贝斯	xi bei si	3
西辽	xi liao	5
西鄂	xi e	4
要润	yao run	7
覃异之	qin yi zhi	41
覃彪喜	qin biao xi	2
观月雏乃	guan yue chu nai	8
觉堂	jue tang	34
解固基	jie gu ji	1
解小东	xie xiao dong	5
言穆江	yan mu jiang	1
言菊朋	yan ju peng	38
詹景凤	zhan jing feng	2
计楠	ji nan	1
议功	yi gong	7
议宾	yi bin	3
许乃普	xu nai pu	30
许乃钊	xu nai zhao	8
许之衡	xu zhi heng	4
许云峰	xu yun feng	7
许仲琳	xu zhong lin	22
许元溥	xu yuan pu	2
许初	xu chu	3
许华	xu hua	8
许南英	xu nan ying	43
许县	xu xian	6
许善达	xu shan da	4
许均	xu jun	5
许增	xu zeng	16
许孚远	xu fu yuan	17
许安安	xu an an	12
许尚	xu shang	22
许川	xu chuan	7
许建阳	xu jian yang	5
许惠	xu hui	3
许慈	xu ci	21
许戈辉	xu ge hui	22
许承宣	xu cheng xuan	1
许承尧	xu cheng yao	11
许文学	xu wen xue	4
许昭	xu zhao	2
许昱华	xu yu hua	15
许晓静	xu xiao jing	6
许朝	xu chao	3
许桂林	xu gui lin	2
许梿	xu lian	4
许汜	xu si	37
许波	xu bo	8
许瀚	xu han	20
许珍	xu zhen	6
许珏	xu jue	16
许琛	xu chen	11
许由	xu you	6
许知远	xu zhi yuan	32
许纯美	xu chun mei	40
许继慎	xu ji shen	48
许缵曾	xu zuan zeng	12
许肇南	xu zhao nan	6
许自昌	xu zi chang	6
许芝	xu zhi	18
许虹	xu hong	7
许观	xu guan	11
许达然	xu da ran	11
许还幻	xu huan huan	11
许遇	xu yu	6
许银川	xu yin chuan	34
许飞	xu fei	9
证停	zheng ting	6
诸宸	zhu chen	28
诸葛均	zhu ge jun	33
诸葛尚	zhu ge shang	35
诸葛玄	zhu ge xuan	41
诸葛绪	zhu ge xu	48
诸闻韵	zhu wen yun	11
诺盛	nuo sheng	4
读鞫	du ju	2
谈歌	tan ge	5
谋圣	mou sheng	6
谌容	chen rong	15
谌湛溪	chen zhan xi	1
谢业枧	xie ye jian	2
谢东娜	xie dong na	6
谢亚芳	xie ya fang	6
谢六逸	xie liu yi	18
谢兰生	xie lan sheng	5
谢军	xie jun	10
谢冠生	xie guan sheng	49
谢卓森	xie zhuo sen	2
谢向荣	xie xiang rong	4
谢园	xie yuan	6
谢国文	xie guo wen	2
谢国桢	xie guo zhen	32
谢堂	xie tang	3
谢娟	xie juan	2
谢寿康	xie shou kang	25
谢小双	xie xiao shuang	6
谢岿	xie kui	5
谢希德	xie xi de	49
谢平	xie ping	9
谢庄	xie zhuang	6
谢应芳	xie ying fang	4
谢思明	xie si ming	14
谢振定	xie zhen ding	11
谢旌	xie jing	6
谢时臣	xie shi chen	9
谢晓亮	xie xiao liang	17
谢有顺	xie you shun	7
谢榛	xie zhen	21
谢武	xie wu	7
谢洪赉	xie hong lai	4
谢济世	xie ji shi	31
谢玉琼	xie yu qiong	3
谢石	xie shi	7
谢石钦	xie shi qin	4
谢硕文	xie shuo wen	2
谢缙	xie jin	3
谢翱	xie ao	47
谢良	xie liang	6
谢观	xie guan	11
谢贯一	xie guan yi	17
谢远定	xie yuan ding	1
谢鑫	xie xin	41
谢雄	xie xiong	5
谢雨欣	xie yu xin	10
谢靖	xie jing	26
谢颖颖	xie ying ying	9
谢飞	xie fei	10
谦妃	qian fei	19
谭一平	tan yi ping	3
谭中军	tan zhong jun	4
谭元春	tan yuan chun	33
谭勇	tan yong	8
谭善	tan shan	37
谭处端	tan chu duan	47
谭泽闿	tan ze kai	5
谭炎午	tan yan wu	2
谭献	tan xian	23
谭莹	tan ying	14
谭迁	tan qian	4
谭邦林	tan bang lin	1
谭雄	tan xiong	11
谭颖	tan ying	22
谭飞	tan fei	4
谷利	gu li	3
谷口治郎	gu kou zhi lang	28
谷清	gu qing	4
豫章王萧栋	yu zhang wang xiao dong	23
貂禅	diao chan	5
贝尔戈米	bei er ge mi	17
贝贝托	bei bei tuo	30
贝阿尔佐特	bei a er zuo te	19
贝青乔	bei qing qiao	3
贡云峰	gong yun feng	2
贯云石	guan yun shi	11
贯地谷诗穗梨	guan di gu shi sui li	28
贵姬	gui ji	2
贵由	gui you	3
费丹旭	fei dan xu	10
费伯雄	fei bo xiong	2
费俊	fei jun	4
费公直	fei gong zhi	3
费夫尔	fei fu er	26
费恩曼	fei en man	26
费观	fei guan	2
费誓	fei shi	7
贺均	he jun	3
贺宽	he kuan	5
贺熙龄	he xi ling	14
贺金声	he jin sheng	3
贺钦	he qin	8
贺钧	he jun	1
贺铸	he zhu	23
贺长龄	he chang ling	38
贾一平	jia yi ping	16
贾三近	jia san jin	16
贾丹	jia dan	27
贾作光	jia zuo guang	4
贾卧龙	jia wo long	6
贾可	jia ke	5
贾培之	jia pei zhi	4
贾妮	jia ni	22
贾妮妮	jia ni ni	1
贾岛	jia dao	7
贾思勰	jia si xie	42
贾昊	jia hao	1
贾植芳	jia zhi fang	17
贾正	jia zheng	4
贾汉复	jia han fu	10
贾洪林	jia hong lin	4
贾知若	jia zhi ruo	7
贾铭	jia ming	6
贾鹏雷	jia peng lei	5
赖传湘	lai chuan xiang	8
赖佳微	lai jia wei	22
赖先	lai xian	3
赖名汤	lai ming tang	42
赖恭	lai gong	49
赖际熙	lai ji xi	48
赢驷	ying si	4
赤名莉香	chi ming li xiang	8
赫尔巴特	he er ba te	49
赫施巴赫	he shi ba he	22
赭白	zhe bai	11
赵万里	zhao wan li	46
赵丙	zhao bing	10
赵丰邦	zhao feng bang	31
赵丽宏	zhao li hong	13
赵乃抟	zhao nai tuan	1
赵之琛	zhao zhi chen	16
赵之谦	zhao zhi qian	42
赵令畴	zhao ling chou	1
赵以文	zhao yi wen	1
赵以炯	zhao yi jiong	3
赵传	zhao chuan	9
赵佑	zhao you	33
赵信	zhao xin	7
赵倩	zhao qian	41
赵光喜	zhao guang xi	3
赵冠芳	zhao guan fang	5
赵凤仪	zhao feng yi	3
赵凤翔	zhao feng xiang	11
赵勇刚	zhao yong gang	6
赵半山	zhao ban shan	31
赵半狄	zhao ban di	1
赵南哲	zhao nan zhe	27
赵原	zhao yuan	6
赵又新	zhao you xin	20
赵吉士	zhao ji shi	8
赵启霖	zhao qi lin	15
赵咨	zhao zi	35
赵善津	zhao shan jin	22
赵国荣	zhao guo rong	18
赵基	zhao ji	4
赵士祯	zhao shi zhen	2
赵士麟	zhao shi lin	6
赵备	zhao bei	5
赵大晋	zhao da jin	2
赵大贤	zhao da xian	3
赵天卫	zhao tian wei	3
赵姝	zhao shu	6
赵媛媛	zhao yuan yuan	10
赵安平	zhao an ping	1
赵完璧	zhao wan bi	35
赵家骧	zhao jia xiang	48
赵宽	zhao kuan	22
赵岑	zhao cen	14
赵师秀	zhao shi xiu	29
赵干	zhao gan	5
赵广	zhao guang	5
赵庆阁	zhao qing ge	3
赵廞	zhao xin	2
赵弼	zhao bi	13
赵怀业	zhao huai ye	1
赵怀玉	zhao huai yu	26
赵思敬	zhao si jing	2
赵懿	zhao yi	14
赵成穆	zhao cheng mu	1
赵执信	zhao zhi xin	27
赵承佑	zhao cheng you	3
赵文哲	zhao wen zhe	9
赵新宇	zhao xin yu	1
赵时春	zhao shi chun	15
赵昉	zhao fang	13
赵明阳	zhao ming yang	1
赵昭	zhao zhao	31
赵显宏	zhao xian hong	2
赵晓明	zhao xiao ming	16
赵普	zhao pu	10
赵景深	zhao jing shen	32
赵智凤	zhao zhi feng	8
赵曾	zhao zeng	6
赵月	zhao yue	7
赵桐珊	zhao tong shan	8
赵梦朱	zhao meng zhu	3
赵汉	zhao han	4
赵汉乘	zhao han cheng	44
赵沨	zhao feng	33
赵泰来	zhao tai lai	4
赵济羹	zhao ji geng	12
赵浩	zhao hao	31
赵浩生	zhao hao sheng	5
赵海川	zhao hai chuan	3
赵渭滨	zhao wei bin	11
赵灿	zhao can	12
赵炳麟	zhao bing lin	26
赵牧	zhao mu	22
赵玉芬	zhao yu fen	16
赵琛	zhao chen	42
赵畇	zhao yun	13
赵秉冲	zhao bing chong	2
赵秉忠	zhao bing zhong	22
赵立凡	zhao li fan	1
赵素	zhao su	2
赵统	zhao tong	27
赵维德	zhao wei de	2
赵舒翘	zhao shu qiao	29
赵良璋	zhao liang zhang	2
赵艳	zhao yan	19
赵苍璧	zhao cang bi	28
赵莲	zhao lian	8
赵虹	zhao hong	23
赵融	zhao rong	28
赵观涛	zhao guan tao	29
赵贞吉	zhao zhen ji	29
赵赵	zhao zhao	7
赵起	zhao qi	6
赵超构	zhao chao gou	37
赵越	zhao yue	10
赵连芳	zhao lian fang	18
赵野	zhao ye	10
赵鑫珊	zhao xin shan	3
赵鑫鑫	zhao xin xin	12
赵铨	zhao quan	5
赵锡田	zhao xi tian	24
赵陀	zhao tuo	10
赵青	zhao qing	49
赵音奇	zhao yin qi	1
赵颜	zhao yan	7
赵高	zhao gao	7
赵龙	zhao long	10
赵龙文	zhao long wen	16
越影	yue ying	6
路嘉怡	lu jia yi	25
路大荒	lu da huang	4
路振飞	lu zhen fei	24
车万育	che wan yu	9
车书	che shu	6
车令	che ling	9
车径行	che jing xing	1
车正	che zheng	11
车泽武	che ze wu	7
车胄	che zhou	25
载澜	zai lan	33
辛全	xin quan	4
辛德拉尔	xin de la er	20
辛明	xin ming	7
辛柏青	xin bai qing	32
辛逸	xin yi	2
辟兵	bi bing	23
辨喜	bian xi	10
辰巳奈都子	chen si nai du zi	18
边伟	bian wei	3
边让	bian rang	8
边贡	bian gong	20
达娃	da wa	8
达曾	da zeng	4
达洪阿	da hong a	36
达海林	da hai lin	1
达礼	da li	5
达萨耶夫	da sa ye fu	9
达贝妮	da bei ni	3
达鉴	da jian	2
迁陵	qian ling	43
迈耶尔	mai ye er	33
近野成美	jin ye cheng mei	18
远涌	yuan yong	9
连歌	lian ge	7
连阔如	lian kuo ru	11
迟万春	chi wan chun	18
迟帅	chi shuai	47
迟福林	chi fu lin	8
迟重瑞	chi zhong rui	22
迮朗	ze lang	3
迷当	mi dang	3
通容	tong rong	29
通文	tong wen	5
速水重道	su shui zhong dao	1
逾辉	yu hui	8
遂城	sui cheng	5
遇晗	yu han	3
邓义	deng yi	3
邓九云	deng jiu yun	13
邓予立	deng yu li	1
邓传安	deng chuan an	24
邓传密	deng chuan mi	1
邓加	deng jia	8
邓友梅	deng you mei	12
邓大林	deng da lin	3
邓婕	deng jie	40
邓实	deng shi	16
邓家彦	deng jia yan	25
邓希贤	deng xi xian	7
邓建国	deng jian guo	5
邓志谟	deng zhi mo	18
邓怀农	deng huai nong	3
邓惠芳	deng hui fang	1
邓散木	deng san mu	27
邓文宪	deng wen xian	3
邓昌友	deng chang you	30
邓毅生	deng yi sheng	1
邓渭	deng wei	2
邓焘	deng tao	4
邓焜	deng kun	15
邓牧	deng mu	5
邓玮	deng wei	9
邓石如	deng shi ru	30
邓良	deng liang	25
邓萃英	deng cui ying	41
邓萍	deng ping	31
邓蕾	deng lei	1
邓邦述	deng bang shu	20
邓郁	deng yu	12
邓钟岳	deng zhong yue	1
邓颂宏	deng song hong	3
邓龙	deng long	8
邝露	kuang lu	24
邢侗	xing tong	32
邢傲伟	xing ao wei	22
邢文军	xing wen jun	3
邢澍	xing shu	3
邢端	xing duan	14
那多	na duo	11
那威	na wei	6
邬彬	wu bin	3
邱冬	qiu dong	2
邱国栋	qiu guo dong	2
邱岳峰	qiu yue feng	28
邱心志	qiu xin zhi	34
邱昭良	qiu zhao liang	2
邱琦雯	qiu qi wen	30
邱立成	qiu li cheng	6
邱蔚六	qiu wei liu	4
邱震海	qiu zhen hai	13
邵一萍	shao yi ping	2
邵亦波	shao yi bo	9
邵伟刚	shao wei gang	2
邵兵	shao bing	44
邵周祥	shao zhou xiang	4
邵学	shao xue	3
邵宝	shao bao	22
邵小珊	shao xiao shan	1
邵弥	shao mi	7
邵沛	shao pei	3
邵源	shao yuan	10
邵炜刚	shao wei gang	20
邵谊	shao yi	2
邵达	shao da	5
邵雨涵	shao yu han	9
邵震中	shao zhen zhong	10
邹一桂	zou yi gui	12
邹伯奇	zou bo qi	12
邹声泉	zou sheng quan	1
邹安	zou an	2
邹建锋	zou jian feng	4
邹弢	zou tao	4
邹德忠	zou de zhong	4
邹忠	zou zhong	17
邹智	zou zhi	14
邹泉	zou quan	8
邹涛	zou tao	10
邹澍	zou shu	2
邹益	zou yi	1
邹秉文	zou bing wen	22
邹穆公	zou mu gong	5
邹立武	zou li wu	2
邹绍孟	zou shao meng	7
邹缉	zou ji	2
邹蓝	zou lan	3
邹谦	zou qian	6
邹铉	zou xuan	2
邹靖	zou jing	33
邹骏	zou jun	12
邹鸣鹤	zou ming he	8
邾隐公	zhu yin gong	43
郁文博	yu wen bo	5
郁琼	yu qiong	1
郎平	lang ping	11
郎廷极	lang ting ji	8
郎简	lang jian	2
郎绍安	lang shao an	4
郎葆辰	lang bao chen	1
郎遂	lang sui	8
郑一泓	zheng yi hong	2
郑乃东	zheng nai dong	3
郑之珍	zheng zhi zhen	6
郑仲夔	zheng zhong kui	1
郑伦	zheng lun	4
郑作民	zheng zuo min	18
郑侠	zheng xia	34
郑侨	zheng qiao	26
郑兰孙	zheng lan sun	2
郑凡	zheng fan	20
郑凤荣	zheng feng rong	13
郑勇	zheng yong	20
郑勋	zheng xun	16
郑吉	zheng ji	4
郑善夫	zheng shan fu	19
郑培	zheng pei	28
郑多彬	zheng duo bin	46
郑大海	zheng da hai	2
郑奎飞	zheng kui fei	1
郑宁	zheng ning	8
郑宇成	zheng yu cheng	4
郑宝清	zheng bao qing	47
郑小毛	zheng xiao mao	3
郑小瑛	zheng xiao ying	41
郑岱	zheng dai	2
郑岳	zheng yue	31
郑广文	zheng guang wen	6
郑度	zheng du	4
郑廉	zheng lian	24
郑思肖	zheng si xiao	47
郑振瑶	zheng zhen yao	18
郑敦谨	zheng dun jin	12
郑新年	zheng xin nian	3
郑新民	zheng xin min	1
郑昶	zheng chang	8
郑晋	zheng jin	13
郑晓东	zheng xiao dong	16
郑普	zheng pu	2
郑杭生	zheng hang sheng	6
郑树	zheng shu	6
郑梁	zheng liang	4
郑梅梅	zheng mei mei	3
郑樗	zheng chu	3
郑正秋	zheng zheng qiu	45
郑沅	zheng yuan	11
郑泽	zheng ze	5
郑海麟	zheng hai lin	7
郑湘	zheng xiang	7
郑濂	zheng lian	8
郑灵公	zheng ling gong	33
郑献甫	zheng xian fu	3
郑玮	zheng wei	30
郑环	zheng huan	3
郑璜	zheng huang	9
郑石桥	zheng shi qiao	1
郑簠	zheng fu	5
郑纪	zheng ji	3
郑若曾	zheng ruo ceng	10
郑虔	zheng qian	30
郑道光	zheng dao guang	6
郑鄤	zheng man	33
郑重光	zheng zhong guang	2
郑铮	zheng zheng	44
郑阳	zheng yang	15
郑际唐	zheng ji tang	4
郑集	zheng ji	7
郗虑	xi lv	39
郝丽娜	hao li na	5
郝宇飞	hao yu fei	3
郝懿行	hao yi xing	34
郝洪军	hao hong jun	1
郝海	hao hai	8
郝立新	hao li xin	2
郝莲	hao lian	3
郝菲尔	hao fei er	6
郭东	guo dong	8
郭云鹏	guo yun peng	2
郭任远	guo ren yuan	33
郭传林	guo chuan lin	2
郭凡生	guo fan sheng	6
郭则沄	guo ze yun	20
郭利君	guo li jun	2
郭励弘	guo li hong	3
郭华	guo hua	10
郭印	guo yin	7
郭图	guo tu	4
郭士强	guo shi qiang	21
郭大顺	guo da shun	5
郭子斌	guo zi bin	4
郭子章	guo zi zhang	48
郭小川	guo xiao chuan	33
郭小溪	guo xiao xi	2
郭尚先	guo shang xian	12
郭常	guo chang	3
郭应禄	guo ying lu	12
郭开森	guo kai sen	2
郭强	guo qiang	49
郭徽	guo hui	1
郭思演	guo si yan	5
郭恩	guo en	3
郭成	guo cheng	8
郭文涛	guo wen tao	3
郭昂	guo ang	20
郭晓冬	guo xiao dong	41
郭晟	guo sheng	11
郭智博	guo zhi bo	19
郭智敏	guo zhi min	8
郭松民	guo song min	6
郭柏苍	guo bo cang	15
郭楠	guo nan	8
郭汉	guo han	4
郭汝霖	guo ru lin	31
郭汝龙	guo ru long	3
郭沔	guo mian	14
郭海峰	guo hai feng	15
郭添财	guo tian cai	33
郭照	guo zhao	3
郭珍霓	guo zhen ni	27
郭瑞霞	guo rui xia	1
郭畀	guo bi	5
郭石	guo shi	4
郭磊	guo lei	36
郭立源	guo li yuan	2
郭策	guo ce	6
郭纯	guo chun	39
郭绚	guo xuan	22
郭翼	guo yi	13
郭莉萍	guo li ping	5
郭菩萨	guo pu sa	7
郭衣洞	guo yi dong	27
郭跃华	guo yue hua	14
郭郛	guo fu	6
郭金	guo jin	7
郭长顺	guo chang shun	3
郭雍	guo yong	19
郭颖	guo ying	20
郭风	guo feng	5
郭麟	guo lin	13
都任	du ren	7
都台	du tai	4
都德	du de	6
都锦生	du jin sheng	44
鄂尔奇	e er qi	6
鄢颇	yan po	11
酒井彩名	jiu jing cai ming	25
酒井忠胜	jiu jing zhong sheng	29
酒圣	jiu sheng	5
采女	cai nv	3
里维利诺	li wei li nuo	11
重泉	chong quan	33
重野秀一	zhong ye xiu yi	24
重鉴	chong jian	1
野村万斋	ye cun wan zhai	47
金一南	jin yi nan	24
金之俊	jin zhi jun	26
金乙东	jin yi dong	12
金俊明	jin jun ming	3
金兆梓	jin zhao zi	9
金光悌	jin guang ti	31
金农	jin nong	9
金准	jin zhun	5
金凯平	jin kai ping	6
金剑啸	jin jian xiao	33
金原瞳	jin yuan tong	22
金可采	jin ke cai	3
金启	jin qi	4
金启昌	jin qi chang	3
金善宝	jin shan bao	35
金国栋	jin guo dong	3
金坡	jin po	5
金基范	jin ji fan	9
金士高	jin shi gao	3
金天德	jin tian de	20
金宏义	jin hong yi	3
金寅	jin yin	34
金尚	jin shang	7
金履祥	jin lv xiang	17
金崇印	jin chong yin	9
金巧巧	jin qiao qiao	46
金建华	jin jian hua	5
金式如	jin shi ru	3
金彤	jin tong	4
金德舆	jin de yu	4
金志勋	jin zhi xun	13
金成龙	jin cheng long	7
金承俊	jin cheng jun	14
金敞	jin chang	26
金旋	jin xuan	2
金日焕	jin ri huan	4
金昆	jin kun	5
金晓辛	jin xiao xin	2
金智秀	jin zhi xiu	31
金李	jin li	5
金松	jin song	8
金梁	jin liang	8
金梓	jin zi	3
金檀	jin tan	5
金泽荣	jin ze rong	5
金渊	jin yuan	41
金焜	jin kun	11
金照	jin zhao	4
金理	jin li	5
金琮	jin cong	6
金璇	jin xuan	11
金璜	jin huang	4
金相庆	jin xiang qing	27
金磊	jin lei	16
金祎	jin yi	27
金继	jin ji	2
金维	jin wei	7
金莉莉	jin li li	9
金蓉镜	jin rong jing	12
金贵人	jin gui ren	25
金近	jin jin	5
金钟云	jin zhong yun	7
金镕	jin rong	24
金长勋	jin chang xun	6
金问	jin wen	5
鉴真	jian zhen	10
钟会	zhong hui	9
钟兰	zhong lan	4
钟复	zhong fu	27
钟宁	zhong ning	9
钟师	zhong shi	8
钟彬	zhong bin	47
钟志	zhong zhi	5
钟朋荣	zhong peng rong	1
钟树	zhong shu	4
钟欣怡	zhong xin yi	21
钟涛	zhong tao	1
钟礼	zhong li	40
钟纪	zhong ji	17
钟缙	zhong jin	2
钟进	zhong jin	39
钟阿城	zhong a cheng	12
钟震	zhong zhen	8
钭江明	tou jiang ming	1
钮福保	niu fu bao	6
钱万里	qian wan li	3
钱东	qian dong	6
钱临	qian lin	3
钱乙	qian yi	19
钱以发	qian yi fa	2
钱凤鸣	qian feng ming	2
钱北秋	qian bei qiu	1
钱厚	qian hou	5
钱名世	qian ming shi	25
钱宇平	qian yu ping	23
钱封	qian feng	4
钱崇澍	qian chong shu	45
钱廉	qian lian	4
钱式	qian shi	6
钱志伟	qian zhi wei	3
钱成	qian cheng	9
钱捷	qian jie	4
钱敬忠	qian jing zhong	17
钱新之	qian xin zhi	25
钱旃	qian zhan	1
钱时	qian shi	13
钱曾	qian zeng	6
钱杜	qian du	4
钱松	qian song	6
钱林	qian lin	7
钱枚	qian mei	3
钱楷	qian kai	10
钱沣	qian feng	43
钱泰吉	qian tai ji	4
钱泳	qian yong	39
钱渊	qian yuan	4
钱潮	qian chao	38
钱澄之	qian cheng zhi	14
钱熙	qian xi	3
钱理群	qian li qun	43
钱琦	qian qi	18
钱璞	qian pu	4
钱皮	qian pi	6
钱纳水	qian na shui	1
钱维乔	qian wei qiao	5
钱维城	qian wei cheng	16
钱缪	qian miao	7
钱肃乐	qian su le	36
钱芬	qian fen	4
钱芹	qian qin	8
钱观	qian guan	3
钱起	qian qi	5
钱载	qian zai	3
钱远镜	qian yuan jing	4
钱选	qian xuan	6
钱钧	qian jun	26
钱陆灿	qian lu can	8
钱陈群	qian chen qun	38
钱霖	qian lin	3
钱鼎铭	qian ding ming	5
铁保	tie bao	6
铁木耳	tie mu er	11
铃木春信	ling mu chun xin	28
铃木砂羽	ling mu sha yu	47
铃木雄介	ling mu xiong jie	6
铜爵	tong jue	15
锡县	xi xian	3
长岛一茂	chang dao yi mao	3
长崎莉奈	chang qi li nai	2
长社	chang she	2
长谷川润	chang gu chuan run	10
长谷川等伯	chang gu chuan deng bo	23
长龄	chang ling	3
闫勤	yan qin	1
闫文清	yan wen qing	4
闫晓龙	yan xiao long	3
闫跃龙	yan yue long	4
闯王李自成	chuang wang li zi cheng	44
闻信	wen xin	14
闻捷	wen jie	29
阎兴邦	yan xing bang	10
阎宇	yan yu	34
阎安	yan an	12
阎宗临	yan zong lin	18
阎尔梅	yan er mei	21
阎文清	yan wen qing	3
阎象	yan xiang	10
阎青妤	yan qing yu	13
阙道华	que dao hua	7
阚维雍	kan wei yong	19
阮云生	ruan yun sheng	9
阮孝绪	ruan xiao xu	20
阮宗泽	ruan zong ze	2
阮性山	ruan xing shan	3
阮晔	ruan ye	3
阮次山	ruan ci shan	36
阮煜	ruan yu	1
阮琳	ruan lin	1
阮葵生	ruan kui sheng	14
阮长耿	ruan chang geng	4
阳武	yang wu	4
阳群	yang qun	3
阳蕾	yang lei	11
阳阿	yang e	4
阵内智则	zhen nei zhi ze	35
阿兰德隆	a lan de long	4
阿初	a chu	5
阿庆嫂	a qing sao	30
阿德米尔	a de mi er	18
阿忆	a yi	17
阿怪	a guai	4
阿曼尼莎汗	a man ni sha han	17
阿来	a lai	10
阿沛阿旺晋美	a pei a wang jin mei	1
阿笛	a di	3
阿罗尼扬	a luo ni yang	48
阿英	a ying	10
阿贝格	a bei ge	4
阿赫罗梅耶夫	a he luo mei ye fu	22
阿辰	a chen	4
阿速吉八	a su ji ba	29
阿部力	a bu li	46
阿部规秀	a bu gui xiu	43
阿里克谢	a li ke xie	5
阿里汉	a li han	22
阿阳	a yang	7
阿马里尔多	a ma li er duo	1
际元	ji yuan	8
陆丹林	lu dan lin	9
陆九韶	lu jiu shao	6
陆九龄	lu jiu ling	26
陆云龙	lu yun long	2
陆仁	lu ren	43
陆以湉	lu yi tian	6
陆元琪	lu yuan qi	6
陆卫明	lu wei ming	4
陆原	lu yuan	7
陆友	lu you	17
陆圻	lu qi	34
陆坊	lu fang	9
陆天尧	lu tian yao	6
陆天明	lu tian ming	21
陆婉珍	lu wan zhen	13
陆学艺	lu xue yi	11
陆完	lu wan	3
陆宝	lu bao	5
陆宣	lu xuan	19
陆峥嵘	lu zheng rong	1
陆嵩	lu song	9
陆巡	lu xun	46
陆师	lu shi	4
陆师道	lu shi dao	5
陆广	lu guang	2
陆廷灿	lu ting can	2
陆徵祥	lu zheng xiang	5
陆怡	lu yi	21
陆恢	lu hui	15
陆文夫	lu wen fu	31
陆新之	lu xin zhi	1
陆晶清	lu jing qing	13
陆楷	lu kai	6
陆正	lu zheng	6
陆治	lu zhi	27
陆法言	lu fa yan	31
陆洪涛	lu hong tao	40
陆深	lu shen	45
陆灏	lu hao	15
陆灿	lu can	8
陆玑	lu ji	9
陆珍	lu zhen	2
陆琳	lu lin	15
陆耀	lu yao	17
陆耀遹	lu yao yu	3
陆艺	lu yi	4
陆英	lu ying	6
陆蓉	lu rong	14
陆西星	lu xi xing	20
陆费逵	lu fei kui	29
陆道培	lu dao pei	11
陆道淮	lu dao huai	2
陆采	lu cai	10
陆金	lu jin	9
陆钢	lu gang	2
陆锡熊	lu xi xiong	22
陆靖	lu jing	8
陆韬	lu tao	2
陈世倌	chen shi guan	38
陈世昌	chen shi chang	16
陈东湖	chen dong hu	1
陈中凡	chen zhong fan	19
陈临新	chen lin xin	17
陈丹赤	chen dan chi	1
陈丽娜	chen li na	46
陈乃乾	chen nai qian	4
陈之平	chen zhi ping	5
陈之遴	chen zhi lin	27
陈云峰	chen yun feng	5
陈云裳	chen yun shang	42
陈亚军	chen ya jun	1
陈亚宁	chen ya ning	1
陈仁锡	chen ren xi	20
陈仅	chen jin	4
陈介祺	chen jie qi	33
陈仙梅	chen xian mei	26
陈以诚	chen yi cheng	23
陈伟鸿	chen wei hong	27
陈伯华	chen bo hua	18
陈作霖	chen zuo lin	31
陈佩骐	chen pei qi	3
陈依秋	chen yi qiu	2
陈俊峰	chen jun feng	7
陈元安	chen yuan an	3
陈元赟	chen yuan yun	31
陈充	chen chong	21
陈兆龙	chen zhao long	24
陈先奎	chen xian kui	5
陈克非	chen ke fei	14
陈兰	chen lan	8
陈其元	chen qi yuan	11
陈其学	chen qi xue	8
陈其采	chen qi cai	31
陈兼	chen jian	3
陈农	chen nong	5
陈冠英	chen guan ying	18
陈凤林	chen feng lin	5
陈函辉	chen han hui	5
陈劲松	chen jin song	21
陈千秋	chen qian qiu	19
陈博生	chen bo sheng	20
陈厚	chen hou	4
陈原	chen yuan	8
陈去病	chen qu bing	48
陈君长	chen jun chang	2
陈吾德	chen wu de	5
陈周全	chen zhou quan	45
陈和	chen he	9
陈和生	chen he sheng	4
陈嘉荣	chen jia rong	14
陈嘉谟	chen jia mo	42
陈嘉锐	chen jia rui	6
陈国东	chen guo dong	5
陈国顺	chen guo shun	4
陈基	chen ji	6
陈墨	chen mo	21
陈墨香	chen mo xiang	3
陈士元	chen shi yuan	14
陈士铎	chen shi duo	1
陈复	chen fu	4
陈大受	chen da shou	20
陈大悲	chen da bei	46
陈大科	chen da ke	6
陈大齐	chen da qi	38
陈天桥	chen tian qiao	27
陈天瑞	chen tian rui	1
陈天锡	chen tian xi	11
陈奉兹	chen feng zi	1
陈奕禧	chen yi xi	6
陈好	chen hao	9
陈妃平	chen fei ping	1
陈威翰	chen wei han	17
陈娟红	chen juan hong	2
陈婧	chen jing	24
陈子升	chen zi sheng	14
陈子和	chen zi he	12
陈子威	chen zi wei	13
陈孙	chen sun	3
陈孝荣	chen xiao rong	8
陈学松	chen xue song	3
陈学海	chen xue hai	4
陈安保	chen an bao	3
陈安齐	chen an qi	4
陈完	chen wan	3
陈宓	chen mi	5
陈宗彝	chen zong yi	5
陈宫	chen gong	6
陈宽	chen kuan	7
陈富杰	chen fu jie	4
陈寒峰	chen han feng	3
陈寰	chen huan	1
陈小翠	chen xiao cui	38
陈小艺	chen xiao yi	40
陈尚志	chen shang zhi	38
陈就	chen jiu	8
陈尹	chen yin	10
陈履和	chen lv he	17
陈峻青	chen jun qing	1
陈师曾	chen shi zeng	46
陈希曾	chen xi zeng	45
陈应	chen ying	6
陈度	chen du	3
陈建翔	chen jian xiang	5
陈录	chen lu	4
陈彤	chen tong	32
陈德荣	chen de rong	24
陈志刚	chen zhi gang	30
陈志武	chen zhi wu	21
陈念祖	chen nian zu	4
陈怡嘉	chen yi jia	13
陈恪	chen ke	31
陈恺	chen kai	22
陈惠祯	chen hui zhen	4
陈揆	chen kui	9
陈敬学	chen jing xue	7
陈敬宗	chen jing zong	15
陈文定	chen wen ding	1
陈文杞	chen wen qi	8
陈文治	chen wen zhi	12
陈文灯	chen wen deng	1
陈文瑞	chen wen rui	5
陈新亚	chen xin ya	1
陈新全	chen xin quan	3
陈旅	chen lv	3
陈昂	chen ang	15
陈昌凤	chen chang feng	9
陈昌齐	chen chang qi	9
陈明远	chen ming yuan	38
陈星聚	chen xing ju	43
陈昭荣	chen zhao rong	48
陈显廷	chen xian ting	3
陈晓晓	chen xiao xiao	1
陈晓林	chen xiao lin	16
陈晓琦	chen xiao qi	3
陈普	chen pu	4
陈景藻	chen jing zao	5
陈暹	chen xian	9
陈朗	chen lang	7
陈枚	chen mei	5
陈柏祥	chen bai xiang	3
陈染	chen ran	8
陈柱天	chen zhu tian	2
陈栎	chen li	12
陈桐	chen tong	18
陈桓	chen huan	29
陈桓公	chen huan gong	35
陈梦飞	chen meng fei	2
陈楚良	chen chu liang	4
陈模	chen mo	21
陈樵	chen qiao	2
陈水	chen shui	10
陈永燊	chen yong shen	1
陈汉第	chen han di	9
陈汝言	chen ru yan	6
陈江波	chen jiang bo	1
陈波	chen bo	12
陈波儿	chen bo er	28
陈泰来	chen tai lai	27
陈洪武	chen hong wu	5
陈涟	chen lian	2
陈淑琬	chen shu wan	7
陈潢	chen huang	17
陈灵公	chen ling gong	35
陈炼	chen lian	9
陈炽	chen chi	17
陈焘	chen tao	3
陈焜	chen kun	44
陈煦	chen xu	43
陈熙晋	chen xi jin	3
陈燕燕	chen yan yan	41
陈玉佳	chen yu jia	2
陈玉辉	chen yu hui	5
陈玫君	chen mei jun	16
陈珏	chen jue	14
陈球	chen qiu	6
陈瑚	chen hu	24
陈瑞球	chen rui qiu	25
陈瑸	chen bin	45
陈璜	chen huang	3
陈生	chen sheng	10
陈用光	chen yong guang	10
陈申	chen shen	5
陈登	chen deng	6
陈登科	chen deng ke	20
陈登龙	chen deng long	3
陈白尘	chen bai chen	37
陈相	chen xiang	6
陈知建	chen zhi jian	10
陈祖武	chen zu wu	12
陈祚明	chen zuo ming	18
陈秀丽	chen xiu li	37
陈秉钧	chen bing jun	5
陈秋菊	chen qiu ju	35
陈立伟	chen li wei	1
陈立平	chen li ping	10
陈粲	chen can	9
陈素卿	chen su qing	19
陈紫函	chen zi han	43
陈红	chen hong	12
陈红峰	chen hong feng	2
陈纯甄	chen chun zhen	41
陈绍堂	chen shao tang	8
陈绍芳	chen shao fang	4
陈绍英	chen shao ying	1
陈继承	chen ji cheng	3
陈继红	chen ji hong	5
陈维博	chen wei bo	6
陈维城	chen wei cheng	4
陈维宗	chen wei zong	2
陈维邦	chen wei bang	2
陈翀	chen chong	14
陈聂恒	chen nie heng	4
陈肃	chen su	37
陈育平	chen yu ping	1
陈育新	chen yu xin	8
陈胡公	chen hu gong	42
陈舒	chen shu	47
陈良谟	chen liang mo	10
陈范	chen fan	5
陈荐夫	chen jian fu	2
陈荒煤	chen huang mei	32
陈荣昌	chen rong chang	25
陈荣森	chen rong sen	7
陈荣瑞	chen rong rui	1
陈莉莉	chen li li	16
陈藻	chen zao	19
陈虎	chen hu	10
陈虞之	chen yu zhi	1
陈虬	chen qiu	32
陈衡哲	chen heng zhe	20
陈衡恪	chen heng ke	23
陈裴之	chen pei zhi	1
陈西贝	chen xi bei	7
陈谏	chen jian	45
陈谟	chen mo	43
陈谦寿	chen qian shou	2
陈谷	chen gu	5
陈豫钟	chen yu zhong	14
陈质平	chen zhi ping	6
陈赛	chen sai	7
陈赛娟	chen sai juan	16
陈辰	chen chen	37
陈达元	chen da yuan	11
陈远	chen yuan	8
陈造	chen zao	3
陈逵	chen kui	20
陈遇	chen yu	3
陈道复	chen dao fu	2
陈道远	chen dao yuan	4
陈銮	chen luan	47
陈钊	chen zhao	9
陈铁军	chen tie jun	18
陈铨	chen quan	31
陈锡嘏	chen xi gu	3
陈锡文	chen xi wen	38
陈锦泉	chen jin quan	4
陈镔	chen bin	1
陈镜开	chen jing kai	25
陈镜湖	chen jing hu	43
陈闯	chen chuang	3
陈际泰	chen ji tai	15
陈雅丹	chen ya dan	1
陈雅玲	chen ya ling	8
陈雪根	chen xue gen	4
陈霆锐	chen ting rui	4
陈顺	chen shun	8
陈顺乐	chen shun le	3
陈颀	chen qi	4
陈鲤庭	chen li ting	25
陈鳌	chen ao	1
陈鸿寿	chen hong shou	30
陈鸿远	chen hong yuan	8
陈鸿道	chen hong dao	17
陈鹏年	chen peng nian	26
陈麟	chen lin	27
陈龙正	chen long zheng	6
陶东风	tao dong feng	2
陶复初	tao fu chu	2
陶季	tao ji	2
陶宏景	tao hong jing	7
陶寿伯	tao shou bo	4
陶思璇	tao si xuan	5
陶成	tao cheng	5
陶景奎	tao jing kui	1
陶柯	tao ke	1
陶梁	tao liang	17
陶楷	tao kai	3
陶樽	tao zun	3
陶正祥	tao zheng xiang	2
陶永	tao yong	45
陶汉明	tao han ming	4
陶汉章	tao han zhang	23
陶汝鼐	tao ru nai	6
陶浚	tao jun	7
陶滔	tao tao	1
陶熔	tao rong	4
陶珽	tao ting	9
陶琳	tao lin	7
陶红	tao hong	48
陶馥	tao fu	6
隆文	long wen	5
隋菲菲	sui fei fei	13
雅琦	ya qi	33
雍县	yong xian	4
雍忠玮	yong zhong wei	3
雏形明子	chu xing ming zi	41
雨宫萤	yu gong ying	15
雨音	yu yin	4
雪庄	xue zhuang	2
雪瑶	xue yao	25
零阳	ling yang	18
雷以诚	lei yi cheng	2
雷发达	lei fa da	4
雷大升	lei da sheng	4
雷恪	lei ke	28
雷恺	lei kai	11
雷晓丽	lei xiao li	4
雷永青	lei yong qing	4
雷玲	lei ling	6
雷米特	lei mi te	40
雷诺德	lei nuo de	42
雷贞倜	lei zhen ti	2
雷铜	lei tong	2
霍守义	huo shou yi	28
霍峻	huo jun	45
霍揆章	huo kui zhang	10
霍都	huo du	3
霍韬	huo tao	48
青之炎	qing zhi yan	39
青山真治	qing shan zhen zhi	26
青木爱	qing mu ai	1
青海骢	qing hai cong	1
靳军	jin jun	10
靳玉砚	jin yu yan	1
靳祥	jin xiang	12
靳荣藩	jin rong fan	2
靳贵	jin gui	33
靳鑫	jin xin	5
鞠萍	ju ping	48
韦君宜	wei jun yi	7
韦庆	wei qing	3
韦康	wei kang	4
韦拔群	wei ba qun	29
韦玄成	wei xuan cheng	41
韦编	wei bian	10
韦钰	wei yu	31
韩三奇	han san qi	3
韩世昌	han shi chang	16
韩乔生	han qiao sheng	25
韩佩颖	han pei ying	12
韩再芬	han zai fen	46
韩勇	han yong	19
韩哀侯	han ai hou	32
韩国钧	han guo jun	45
韩复榘	han fu ju	7
韩奕	han yi	26
韩孝珠	han xiao zhu	14
韩宰锡	han zai xi	4
韩家麟	han jia lin	4
韩巍	han wei	1
韩当	han dang	3
韩志国	han zhi guo	7
韩拙	han zhuo	3
韩文侯	han wen hou	13
韩松龄	han song ling	3
韩浩月	han hao yue	6
韩猛	han meng	12
韩玮	han wei	10
韩珩	han heng	7
韩琪	han qi	22
韩琼	han qiong	6
韩瑛	han ying	11
韩真真	han zhen zhen	4
韩石山	han shi shan	1
韩祯	han zhen	7
韩福	han fu	4
韩福德	han fu de	3
韩红林	han hong lin	3
韩胄	han zhou	2
韩荣光	han rong guang	3
韩菼	han tan	25
韩融	han rong	26
韩贞	han zhen	32
韩起祥	han qi xiang	7
韩邦庆	han bang qing	14
韩金英	han jin ying	3
韩飞	han fei	8
项元汴	xiang yuan bian	38
项县	xiang xian	5
项圣谟	xiang sheng mo	8
项穆	xiang mu	5
项立刚	xiang li gang	10
项维仁	xiang wei ren	2
顾仲彝	gu zhong yi	9
顾允成	gu yun cheng	19
顾元庆	gu yuan qing	14
顾光旭	gu guang xu	11
顾列铭	gu lie ming	4
顾印愚	gu yin yu	3
顾复初	gu fu chu	1
顾大申	gu da shen	7
顾大章	gu da zhang	25
顾岩	gu yan	3
顾广圻	gu guang qi	17
顾应祥	gu ying xiang	15
顾彩	gu cai	4
顾德林	gu de lin	4
顾文渊	gu wen yuan	3
顾昉	gu fang	2
顾明道	gu ming dao	7
顾晓明	gu xiao ming	6
顾景星	gu jing xing	30
顾樵	gu qiao	2
顾正红	gu zheng hong	37
顾汝修	gu ru xiu	6
顾沄	gu yun	6
顾海	gu hai	41
顾海滨	gu hai bin	3
顾湄	gu mei	11
顾湘	gu xiang	2
顾源	gu yuan	20
顾玉东	gu yu dong	9
顾玉龙	gu yu long	4
顾珊	gu shan	4
顾琳	gu lin	3
顾瑛	gu ying	10
顾瑜	gu yu	4
顾璘	gu lin	30
顾皋	gu gao	3
顾翰	gu han	9
顾英	gu ying	30
顾蕙	gu hui	1
顾衡	gu heng	3
顾贞观	gu zhen guan	25
顾起元	gu qi yuan	18
顾铨	gu quan	8
顾锡畴	gu xi chou	31
顾闻	gu wen	1
顾阳	gu yang	2
顾随	gu sui	9
顾鼎臣	gu ding chen	31
顿喜	dun xi	3
颜丹晨	yan dan chen	35
颜元	yan yuan	4
颜光敏	yan guang min	8
颜嘉璐	yan jia lu	3
颜晓华	yan xiao hua	6
颢然	hao ran	5
风味绝佳	feng wei jue jia	23
风音	feng yin	3
飒露紫	sa lu zi	15
飞翮	fei he	1
饭岛直子	fan dao zhi zi	45
饶国华	rao guo hua	31
饶鹏	rao peng	4
香月明美	xiang yue ming mei	7
騊駼	tao tu	2
马一龙	ma yi long	13
马丁路德金	ma ding lu de jin	37
马世俊	ma shi jun	12
马中立	ma zhong li	3
马伊俐	ma yi li	15
马信	ma xin	5
马俪文	ma li wen	21
马健	ma jian	11
马健翎	ma jian ling	9
马元驭	ma yuan yu	2
马兆麟	ma zhao lin	2
马全良	ma quan liang	21
马公愚	ma gong yu	14
马兵	ma bing	8
马其昶	ma qi chang	20
马凯尔	ma kai er	27
马刚	ma gang	9
马励武	ma li wu	49
马千里	ma qian li	12
马卡连柯	ma ka lian ke	13
马国伟	ma guo wei	4
马国瀚	ma guo han	3
马国珍	ma guo zhen	1
马国翰	ma guo han	45
马均	ma jun	5
马士图	ma shi tu	2
马天越	ma tian yue	3
马婧	ma jing	2
马宇	ma yu	8
马守真	ma shou zhen	24
马宗汉	ma zong han	27
马少华	ma shao hua	1
马尚	ma shang	8
马康年	ma kang nian	3
马延	ma yan	6
马彦祥	ma yan xiang	30
马德兴	ma de xing	3
马忠	ma zhong	7
马愈	ma yu	2
马拉多拉	ma la duo la	3
马文生	ma wen sheng	4
马斌	ma bin	25
马方业	ma fang ye	5
马昂	ma ang	4
马明博	ma ming bo	4
马晋	ma jin	9
马晓年	ma xiao nian	8
马晶	ma jing	10
马树华	ma shu hua	5
马注	ma zhu	2
马瀛	ma ying	6
马烽	ma feng	21
马燕红	ma yan hong	30
马特维耶维奇	ma te wei ye wei qi	14
马特西亚斯	ma te xi ya si	2
马玉仁	ma yu ren	38
马玉麟	ma yu lin	8
马玩	ma wan	4
马琬	ma wan	3
马璧	ma bi	26
马留	ma liu	5
马石	ma shi	6
马祖光	ma zu guang	10
马稷	ma ji	3
马约翰	ma yue han	7
马纯	ma chun	4
马绍荣	ma shao rong	3
马聪玲	ma cong ling	4
马肃	ma su	3
马胜利	ma sheng li	7
马自强	ma zi qiang	11
马臻	ma zhen	12
马艳丽	ma yan li	12
马芳	ma fang	11
马荣祖	ma rong zu	2
马莉	ma li	11
马融	ma rong	5
马遵	ma zun	31
马邈	ma miao	26
马郁	ma yu	5
马鑫	ma xin	7
马铁	ma tie	5
马长海	ma chang hai	14
马雄镇	ma xiong zhen	13
马霖	ma lin	2
马麟	ma lin	7
马鼎盛	ma ding sheng	47
骆爽	luo shuang	1
骆玉笙	luo yu sheng	29
骆轶航	luo yi hang	4
高佩	gao pei	5
高健	gao jian	12
高健平	gao jian ping	3
高元钧	gao yuan jun	14
高兆	gao zhao	3
高其佩	gao qi pei	29
高凤翰	gao feng han	17
高凤阁	gao feng ge	6
高剑巍	gao jian wei	2
高原彩	gao yuan cai	7
高吉人	gao ji ren	18
高启	gao qi	7
高咏	gao yong	3
高国栋	gao guo dong	1
高垲	gao kai	3
高士其	gao shi qi	28
高士华	gao shi hua	4
高士达	gao shi da	30
高奴	gao nu	3
高娅媛	gao ya yuan	10
高娜	gao na	6
高子平	gao zi ping	2
高守	gao shou	3
高定	gao ding	9
高宝宝	gao bao bao	5
高小英	gao xiao ying	6
高山南	gao shan nan	3
高峰秀子	gao feng xiu zi	26
高希舜	gao xi shun	21
高常在	gao chang zai	2
高平子	gao ping zi	34
高庆奎	gao qing kui	33
高振霄	gao zhen xiao	6
高敏	gao min	11
高文秀	gao wen xiu	13
高旗	gao qi	7
高明海	gao ming hai	4
高显	gao xian	6
高晓声	gao xiao sheng	10
高林生	gao lin sheng	7
高枫	gao feng	30
高柔	gao rou	4
高桥幸宏	gao qiao xing hong	45
高桥爱	gao qiao ai	3
高桥美纪	gao qiao mei ji	7
高桥阳一	gao qiao yang yi	24
高梦旦	gao meng dan	16
高棅	gao bing	14
高楷	gao kai	2
高殷	gao yin	4
高汀	gao ting	4
高沛	gao pei	4
高波	gao bo	11
高海博	gao hai bo	1
高海燕	gao hai yan	7
高润霖	gao run lin	7
高淮	gao huai	3
高濂	gao lian	28
高焕文	gao huan wen	2
高燮	gao xie	26
高玮	gao wei	32
高珊珊	gao shan shan	11
高田延彦	gao tian yan yan	18
高田裕司	gao tian yu si	11
高田麻衣	gao tian ma yi	1
高百岁	gao bai sui	5
高硕	gao shuo	4
高秋福	gao qiu fu	4
高立民	gao li min	4
高简	gao jian	3
高红	gao hong	9
高翥	gao zhu	15
高而颐	gao er yi	1
高虎	gao hu	10
高览	gao lan	42
高觉敷	gao jue fu	13
高辛	gao xin	8
高迪奥	gao di ao	31
高道士	gao dao shi	3
高道素	gao dao su	8
高部爱	gao bu ai	14
高鉴	gao jian	5
高钧	gao jun	4
高铃	gao ling	4
高铨	gao quan	7
高阜	gao fu	21
高顺	gao shun	6
高鹏振	gao peng zhen	47
髡残	kun can	11
鬲国	ge guo	1
魏乔	wei qiao	1
魏伯阳	wei bo yang	35
魏佳庆	wei jia qing	7
魏允贞	wei yun zhen	30
魏击	wei ji	15
魏初	wei chu	36
魏君子	wei jun zi	11
魏坤	wei kun	37
魏学	wei xue	5
魏学曾	wei xue zeng	33
魏学濂	wei xue lian	15
魏平	wei ping	8
魏徵	wei zheng	5
魏成	wei cheng	7
魏敏芝	wei min zhi	12
魏文通	wei wen tong	10
魏斐德	wei fei de	20
魏明伦	wei ming lun	22
魏校	wei xiao	24
魏湘	wei xiang	5
魏礼	wei li	3
魏祖清	wei zu qing	2
魏秀仁	wei xiu ren	1
魏裔介	wei yi jie	23
魏象枢	wei xiang shu	25
魏野	wei ye	4
魏长生	wei chang sheng	11
魏骥	wei ji	6
魏鹤龄	wei he ling	15
鱼夫	yu fu	4
鱼翼	yu yi	2
鲁公	lu gong	6
鲁孝公	lu xiao gong	47
鲁彦	lu yan	4
鲁彦周	lu yan zhou	7
鲁得之	lu de zhi	1
鲁悼公	lu dao gong	29
鲁惠公	lu hui gong	44
鲁杰里	lu jie li	19
鲁炀公	lu yang gong	12
鲁贞	lu zhen	2
鲁超	lu chao	7
鲁闵公	lu min gong	46
鲁顷公	lu qing gong	23
鲍俊	bao jun	9
鲍刚	bao gang	47
鲍宁	bao ning	46
鲍康	bao kang	42
鲍廷博	bao ting bo	26
鲍忠	bao zhong	23
鲍皋	bao gao	1
鲍素	bao su	1
鲍隆	bao long	20
鲜于枢	xian yu shu	29
鸾鸟	luan niao	34
鹿地亘	lu di gen	15
麟趾宫	lin zhi gong	24
麦人	mai ren	4
麦克马纳斯	mai ke ma na si	44
麦卡勒斯	mai ka le si	31
麻美由真	ma mei you zhen	42
黄一苇	huang yi wei	4
黄丕烈	huang pi lie	39
黄世忠	huang shi zhong	22
黄世成	huang shi cheng	2
黄世清	huang shi qing	14
黄世荣	huang shi rong	6
黄中理	huang zhong li	3
黄丽松	huang li song	45
黄举平	huang ju ping	2
黄义明	huang yi ming	2
黄亚平	huang ya ping	11
黄仕清	huang shi qing	3
黄仕豪	huang shi hao	18
黄以周	huang yi zhou	19
黄仲元	huang zhong yuan	4
黄仲生	huang zhong sheng	34
黄伯思	huang bo si	17
黄伯涛	huang bo tao	2
黄佐	huang zuo	5
黄体芳	huang ti fang	12
黄俊郎	huang jun lang	25
黄健中	huang jian zhong	46
黄元御	huang yuan yu	6
黄兴文	huang xing wen	5
黄利华	huang li hua	6
黄华琼	huang hua qiong	7
黄卿	huang qing	23
黄吉安	huang ji an	2
黄君	huang jun	9
黄启东	huang qi dong	6
黄启川	huang qi chuan	24
黄国祯	huang guo zhen	2
黄国镇	huang guo zhen	30
黄培芳	huang pei fang	12
黄士衡	huang shi heng	21
黄士陵	huang shi ling	8
黄天菊	huang tian ju	2
黄天鹏	huang tian peng	30
黄奕中	huang yi zhong	32
黄婉伶	huang wan ling	18
黄子卿	huang zi qing	18
黄子君	huang zi jun	8
黄守忠	huang shou zhong	5
黄安涛	huang an tao	3
黄宗仰	huang zong yang	18
黄宗会	huang zong hui	9
黄宗颜	huang zong yan	6
黄家驷	huang jia si	18
黄小燕	huang xiao yan	13
黄山寿	huang shan shou	3
黄岚	huang lan	8
黄峻	huang jun	22
黄崇	huang chong	3
黄希文	huang xi wen	5
黄应谌	huang ying chen	2
黄度	huang du	3
黄廉	huang lian	27
黄建华	huang jian hua	15
黄彦平	huang yan ping	3
黄彪	huang biao	9
黄彭年	huang peng nian	13
黄德源	huang de yuan	2
黄志红	huang zhi hong	8
黄念祖	huang nian zu	23
黄怒波	huang nu bo	26
黄性震	huang xing zhen	4
黄承彦	huang cheng yan	42
黄文达	huang wen da	3
黄明生	huang ming sheng	6
黄易	huang yi	8
黄晞	huang xi	10
黄晟	huang sheng	49
黄景仁	huang jing ren	32
黄景贤	huang jing xian	3
黄暐	huang wei	2
黄本骥	huang ben ji	21
黄权	huang quan	6
黄杜	huang du	5
黄格选	huang ge xuan	6
黄桂秋	huang gui qiu	9
黄棠	huang tang	7
黄楚九	huang chu jiu	28
黄正宗	huang zheng zong	2
黄永年	huang yong nian	28
黄永耀	huang yong yao	3
黄汝成	huang ru cheng	5
黄洛峰	huang luo feng	14
黄济	huang ji	5
黄浚	huang jun	13
黄海林	huang hai lin	1
黄淳耀	huang chun yao	44
黄溥	huang pu	5
黄瀚	huang han	12
黄熙	huang xi	5
黄爱	huang ai	7
黄爵滋	huang jue zi	27
黄玉莹	huang yu ying	5
黄玉阶	huang yu jie	48
黄玺庆	huang xi qing	4
黄珍吾	huang zhen wu	22
黄珏	huang jue	10
黄琮	huang cong	37
黄璟	huang jing	4
黄璧	huang bi	4
黄登	huang deng	6
黄省曾	huang sheng zeng	26
黄祯	huang zhen	16
黄福林	huang fu lin	5
黄秋耘	huang qiu yun	10
黄笑宇	huang xiao yu	3
黄绍昌	huang shao chang	1
黄绍统	huang shao tong	2
黄维仁	huang wei ren	1
黄绾	huang wan	46
黄罗斌	huang luo bin	48
黄自	huang zi	7
黄航	huang hang	4
黄舸	huang ge	1
黄良玉	huang liang yu	1
黄节	huang jie	6
黄荃	huang quan	11
黄葆戊	huang bao wu	2
黄蓓蕾	huang bei lei	2
黄薪	huang xin	29
黄衷	huang zhong	19
黄诚	huang cheng	47
黄谦	huang qian	45
黄超然	huang chao ran	2
黄进先	huang jin xian	3
黄远生	huang yuan sheng	27
黄金富	huang jin fu	10
黄鑫	huang xin	24
黄锦康	huang jin kang	3
黄阅	huang yue	8
黄集伟	huang ji wei	3
黄霑	huang zhan	7
黄鸣龙	huang ming long	48
黄齐生	huang qi sheng	16
黎凯	li kai	10
黎培敬	li pei jing	8
黎庶昌	li shu chang	48
黎德志	li de zhi	4
黎春华	li chun hua	10
黎民怀	li min huai	2
黎民表	li min biao	16
黎汝清	li ru qing	3
黎泽泰	li ze tai	1
黎玉玺	li yu xi	43
黎磊石	li lei shi	11
黎简	li jian	14
黎贞	li zhen	17
黑木明纱	hei mu ming sha	6
黑楠	hei nan	11
黑田如水	hei tian ru shui	31
黛琪	dai qi	5
齐世英	qi shi ying	39
齐丹	qi dan	33
齐千郡	qi qian jun	1
齐召南	qi zhao nan	26
齐哀公	qi ai gong	33
齐妃	qi fei	36
齐学启	qi xue qi	22
齐宣公	qi xuan gong	24
齐文公	qi wen gong	29
齐献公	qi xian gong	19
齐胡公	qi hu gong	26
齐良琨	qi liang kun	5
齐藤庆子	qi teng qing zi	3
齐闵王	qi min wang	11
龙为霖	long wei lin	4
龙仁夫	long ren fu	3
龙元任	long yuan ren	2
龙勒	long le	3
龙启	long qi	5
龙启瑞	long qi rui	10
龙媒	long mei	5
龙德施泰特	long de shi tai te	1
龙纪	long ji	4
龙舒	long shu	3
龙蕾	long lei	6
龚丽	gong li	23
龚兰生	gong lan sheng	1
龚勤	gong qin	1
龚均	gong jun	4
龚宝铨	gong bao quan	10
龚居中	gong ju zhong	2
龚廷贤	gong ting xian	2
龚明之	gong ming zhi	10
龚易图	gong yi tu	2
龚晓跃	gong xiao yue	17
龚景	gong jing	15
龚浩	gong hao	22
龚睿那	gong rui na	32
龚秋声	gong qiu sheng	3
龚稼农	gong jia nong	11
龚翔麟	gong xiang lin	15
龚蓓苾	gong bei bi	42
龚贤	gong xian	44
龚都	gong du	4
