# 微明领域词库：IT 与计算机，由 glimmer-dict-convert lexicon 从 THUOCL 拆出，基础词库里没有的部分。词	音节	词频
一元多项式	yi yuan duo xiang shi	22
一对一联系	yi dui yi lian xi	8
一级缓存	yi ji huan cun	47
一维数组	yi wei shu zu	13
一致性哈希	yi zhi xing ha xi	4
一致性检验	yi zhi xing jian yan	1
一致性测试	yi zhi xing ce shi	21
一致性约束	yi zhi xing yue shu	1
一般函数	yi ban han shu	14
一般图匹配	yi ban tu pi pei	7
一般处理程序	yi ban chu li cheng xu	10
一键分享	yi jian fen xiang	4
一键备份	yi jian bei fen	5
一键安装	yi jian an zhuang	10
一键恢复	yi jian hui fu	11
一键锁屏	yi jian suo ping	9
一阶矩	yi jie ju	8
七层协议	qi ceng xie yi	1
七层模型	qi ceng mo xing	3
七牛	qi niu	16
七牛云存储	qi niu yun cun chu	10
万兆网卡	wan zhao wang ka	8
万能适配器	wan neng shi pei qi	8
三位编码	san wei bian ma	3
三元运算符	san yuan yun suan fu	14
三分搜索	san fen sou suo	7
三分查找	san fen cha zhao	7
三大框架	san da kuang jia	1
三大范式	san da fan shi	1
三层交换	san ceng jiao huan	1
三层交换机	san ceng jiao huan ji	6
三层架构	san ceng jia gou	9
三态门	san tai men	8
三方库	san fang ku	11
三方插件	san fang cha jian	6
三方框架	san fang kuang jia	3
三方类库	san fang lei ku	7
三次握手	san ci wo shou	18
三消类游戏	san xiao lei you xi	1
三点透视	san dian tou shi	5
三目运算	san mu yun suan	1
三级模式	san ji mo shi	9
三级缓存	san ji huan cun	19
三级网络	san ji wang luo	3
三级联动	san ji lian dong	1
三维偏序	san wei pian xu	8
三维建模	san wei jian mo	36
三维扫描仪	san wei sao miao yi	21
三维数组	san wei shu zu	1
三维注册	san wei zhu ce	4
三维虚拟现实	san wei xu ni xian shi	5
三维重建	san wei chong jian	25
三维重构	san wei chong gou	1
三范式	san fan shi	13
三角剖分	san jiao pou fen	22
三角测距	san jiao ce ju	7
三角面片	san jiao mian pian	8
上下位关系	shang xia wei guan xi	4
上下拉刷新	shang xia la shua xin	10
上下文分析	shang xia wen fen xi	3
上下文切换	shang xia wen qie huan	33
上下文属性	shang xia wen shu xing	10
上下文菜单	shang xia wen cai dan	15
上下滑动	shang xia hua dong	20
上下滚动	shang xia gun dong	12
上下界最大流	shang xia jie zui da liu	7
上下界网络流	shang xia jie wang luo liu	8
上传下载	shang chuan xia zai	18
上传代码	shang chuan dai ma	3
上传图片	shang chuan tu pian	34
上传数据	shang chuan shu ju	12
上传文件	shang chuan wen jian	29
上传服务器	shang chuan fu wu qi	1
上传视频	shang chuan shi pin	46
上位机	shang wei ji	11
上升时间	shang sheng shi jian	9
上升沿	shang sheng yan	26
上层语言	shang ceng yu yan	10
上拉	shang la	13
上拉刷新	shang la shua xin	11
上拉加载	shang la jia zai	11
上拉加载更多	shang la jia zai geng duo	11
上拉电阻	shang la dian zu	48
上机作业	shang ji zuo ye	2
上机实践	shang ji shi jian	8
上架流程	shang jia liu cheng	7
上海传智	shang hai chuan zhi	7
上行链路	shang xing lian lu	36
下一状态	xia yi zhuang tai	14
下位机	xia wei ji	3
下拉列表	xia la lie biao	10
下拉列表框	xia la lie biao kuang	2
下拉刷新	xia la shua xin	4
下拉加载	xia la jia zai	10
下拉式选单	xia la shi xuan dan	24
下拉放大	xia la fang da	7
下拉框	xia la kuang	7
下拉电阻	xia la dian zu	10
下拉菜单	xia la cai dan	37
下推自动机	xia tui zi dong ji	37
下标越界	xia biao yue jie	2
下行链路	xia xing lian lu	44
下载图片	xia zai tu pian	4
下载工具	xia zai gong ju	42
下载管理器	xia zai guan li qi	43
下载缓存	xia zai huan cun	1
下载者	xia zai zhe	8
下降时间	xia jiang shi jian	8
下降沿	xia jiang yan	23
不区分大小写	bu qu fen da xiao xie	43
不变式	bu bian shi	38
不变模式	bu bian mo shi	9
不可变对象	bu ke bian dui xiang	5
不可变类	bu ke bian lei	2
不可抵赖	bu ke di lai	4
不可逆加密	bu ke ni jia mi	8
不可重复读	bu ke chong fu du	9
不启用	bu qi yong	13
不完全信息	bu wan quan xin xi	15
不完全性	bu wan quan xing	19
不完全数据	bu wan quan shu ju	7
不归零制	bu gui ling zhi	1
不执行	bu zhi xing	15
不确定性推理	bu que ding xing tui li	2
不确定推理	bu que ding tui li	2
不确定知识	bu que ding zhi shi	6
不等长编码	bu deng chang bian ma	7
不良资产处置	bu liang zi chan chu zhi	5
不重复随机数	bu chong fu sui ji shu	8
与运算	yu yun suan	13
丑数	chou shu	11
专业词典	zhuan ye ci dian	3
专业词库	zhuan ye ci ku	1
专家系统	zhuan jia xi tong	10
专家经验	zhuan jia jing yan	1
专用文件	zhuan yong wen jian	9
专用程序集	zhuan yong cheng xu ji	4
专用线路	zhuan yong xian lu	35
专用计算机	zhuan yong ji suan ji	8
专用词	zhuan yong ci	15
专线接入	zhuan xian jie ru	15
世界变换	shi jie bian huan	2
世界坐标	shi jie zuo biao	5
世界坐标系	shi jie zuo biao xi	7
丘奇论题	qiu qi lun ti	4
业务层	ye wu ceng	9
业务流程管理	ye wu liu cheng guan li	32
业务理解	ye wu li jie	9
业务知识	ye wu zhi shi	28
两个指针	liang ge zhi zhen	17
两点间距离	liang dian jian ju li	5
两端对齐	liang duan dui qi	6
严格模式	yan ge mo shi	9
个人云	ge ren yun	8
个人代码	ge ren dai ma	9
个人建站	ge ren jian zhan	7
个人数字助理	ge ren shu zi zhu li	15
个人机房重构	ge ren ji fang chong gou	6
个人版	ge ren ban	10
个体编码	ge ti bian ma	8
个性化推荐	ge xing hua tui jian	7
个性化设置	ge xing hua she zhi	11
中介者模式	zhong jie zhe mo shi	9
中值滤波	zhong zhi lv bo	7
中值滤波器	zhong zhi lv bo qi	30
中兴阅读	zhong xing yue du	5
中划线	zhong hua xian	3
中国剩余定理	zhong guo sheng yu ding li	47
中国菜刀下载	zhong guo cai dao xia zai	6
中型计算机	zhong xing ji suan ji	12
中央处理单元	zhong yang chu li dan yuan	20
中央处理机	zhong yang chu li ji	7
中序	zhong xu	13
中序遍历	zhong xu bian li	34
中心机构	zhong xin ji gou	6
中心矩	zhong xin ju	42
中文乱码	zhong wen luan ma	4
中文信息	zhong wen xin xi	47
中文分词	zhong wen fen ci	5
中文参数	zhong wen can shu	11
中文字符	zhong wen zi fu	19
中文平台	zhong wen ping tai	11
中文手册	zhong wen shou ce	5
中文排序	zhong wen pai xu	8
中文操作系统	zhong wen cao zuo xi tong	6
中文支持	zhong wen zhi chi	12
中文教程	zhong wen jiao cheng	11
中文文档	zhong wen wen dang	12
中文显示	zhong wen xian shi	26
中文编码	zhong wen bian ma	17
中文语料库	zhong wen yu liao ku	1
中文路径	zhong wen lu jing	1
中断上下文	zhong duan shang xia wen	12
中断事件	zhong duan shi jian	16
中断优先级	zhong duan you xian ji	11
中断向量	zhong duan xiang liang	34
中断向量表	zhong duan xiang liang biao	17
中断处理	zhong duan chu li	34
中断子系统	zhong duan zi xi tong	8
中断寄存器	zhong duan ji cun qi	9
中断屏蔽	zhong duan ping bi	3
中断机制	zhong duan ji zhi	3
中断流程	zhong duan liu cheng	8
中断请求	zhong duan qing qiu	33
中断队列	zhong duan dui lie	7
中断阻塞	zhong duan zu se	9
中断驱动	zhong duan qu dong	4
中期调度	zhong qi diao du	5
中级技术	zhong ji ji shu	17
中级数据结构	zhong ji shu ju jie gou	4
中缀表达式	zhong zhui biao da shi	6
中缀转后缀	zhong zhui zhuan hou zhui	8
中途相遇法	zhong tu xiang yu fa	7
中间代码	zhong jian dai ma	13
中间结点	zhong jian jie dian	2
中间设备	zhong jian she bei	12
串匹配	chuan pi pei	5
串口硬盘	chuan kou ying pan	8
串口编程	chuan kou bian cheng	10
串口调试	chuan kou tiao shi	2
串口通信	chuan kou tong xin	6
串口通讯	chuan kou tong xun	11
串处理	chuan chu li	3
串并	chuan bing	10
串并转换器	chuan bing zhuan huan qi	4
串联匹配	chuan lian pi pei	6
串行任务	chuan xing ren wu	7
串行传输	chuan xing chuan shu	5
串行加法器	chuan xing jia fa qi	5
串行化	chuan xing hua	29
串行排序	chuan xing pai xu	2
串行端口	chuan xing duan kou	28
串行计算机	chuan xing ji suan ji	3
串行调度	chuan xing diao du	1
串行队列	chuan xing dui lie	12
临时对象	lin shi dui xiang	35
临时文件	lin shi wen jian	48
临时表空间	lin shi biao kong jian	12
临界控制	lin jie kong zhi	1
临界资源	lin jie zi yuan	7
主从切换	zhu cong qie huan	10
主从同步	zhu cong tong bu	1
主从复制	zhu cong fu zhi	1
主从配置	zhu cong pei zhi	10
主体技术	zhu ti ji shu	3
主元素	zhu yuan su	10
主副本	zhu fu ben	1
主功能函数	zhu gong neng han shu	5
主动动词	zhu dong dong ci	8
主动查询	zhu dong cha xun	4
主动视觉	zhu dong shi jue	6
主存	zhu cun	49
主存数据库	zhu cun shu ju ku	5
主密钥	zhu mi yue	31
主属性	zhu shu xing	18
主席树	zhu xi shu	12
主控台	zhu kong tai	48
主数据	zhu shu ju	12
主文件	zhu wen jian	18
主方法	zhu fang fa	13
主时钟	zhu shi zhong	5
主机密钥	zhu ji mi yue	1
主机操作系统	zhu ji cao zuo xi tong	19
主段	zhu duan	4
主流处理器	zhu liu chu li qi	5
主流框架	zhu liu kuang jia	11
主目录	zhu mu lu	21
主线程	zhu xian cheng	16
主语言	zhu yu yan	8
主键生成策略	zhu jian sheng cheng ce lve	11
主键策略	zhu jian ce lve	8
主题切换	zhu ti qie huan	1
主题模型	zhu ti mo xing	16
乐器数字接口	yue qi shu zi jie kou	1
乐观锁	le guan suo	4
乒乓模式	ping pang mo shi	5
乘商寄存器	cheng shang ji cun qi	5
乘方运算	cheng fang yun suan	8
乘法口诀表	cheng fa kou jue biao	4
乘法逆元	cheng fa ni yuan	34
乘积最大	cheng ji zui da	11
九九乘法表	jiu jiu cheng fa biao	27
九大内置对象	jiu da nei zhi dui xiang	9
九章算法	jiu zhang suan fa	18
书店系统	shu dian xi tong	5
书籍推荐	shu ji tui jian	12
乱码解决	luan ma jie jue	10
乱码问题	luan ma wen ti	9
争用	zheng yong	21
争用条件	zheng yong tiao jian	8
事件代理	shi jian dai li	1
事件传递	shi jian chuan di	5
事件传递机制	shi jian chuan di ji zhi	10
事件冒泡	shi jian mao pao	12
事件冲突	shi jian chong tu	5
事件分发	shi jian fen fa	13
事件分发机制	shi jian fen fa ji zhi	11
事件响应	shi jian xiang ying	25
事件处理机制	shi jian chu li ji zhi	4
事件委托	shi jian wei tuo	1
事件对象	shi jian dui xiang	22
事件引擎	shi jian yin qing	7
事件循环	shi jian xun huan	31
事件总线	shi jian zong xian	2
事件拦截	shi jian lan jie	11
事件捕获	shi jian bu huo	11
事件控制	shi jian kong zhi	10
事件控制块	shi jian kong zhi kuai	7
事件方式	shi jian fang shi	9
事件机制	shi jian ji zhi	4
事件查询	shi jian cha xun	4
事件模型	shi jian mo xing	11
事件流	shi jian liu	8
事件源	shi jian yuan	9
事件监听	shi jian jian ting	2
事件监听器	shi jian jian ting qi	3
事件系统	shi jian xi tong	10
事件绑定	shi jian bang ding	3
事件表	shi jian biao	11
事件转移	shi jian zhuan yi	6
事件过滤器	shi jian guo lv qi	1
事件队列	shi jian dui lie	4
事件驱动程序	shi jian qu dong cheng xu	3
事件驱动语言	shi jian qu dong yu yan	5
事务分析	shi wu fen xi	6
事务回滚	shi wu hui gun	2
事务处理系统	shi wu chu li xi tong	16
事务控制	shi wu kong zhi	11
事务故障	shi wu gu zhang	7
事务时间	shi wu shi jian	44
事务死锁	shi wu si suo	8
事务调度	shi wu diao du	1
事务隔离	shi wu ge li	9
事务隔离级别	shi wu ge li ji bie	1
事务驱动	shi wu qu dong	6
事实库	shi shi ku	5
事实标准	shi shi biao zhun	49
事物管理	shi wu guan li	7
二义性	er yi xing	22
二值化	er zhi hua	22
二值图像	er zhi tu xiang	26
二元语法	er yuan yu fa	6
二分三分	er fen san fen	5
二分判断	er fen pan duan	8
二分匹配	er fen pi pei	11
二分图判定	er fen tu pan ding	7
二分图匹配	er fen tu pi pei	4
二分图染色	er fen tu ran se	8
二分思想	er fen si xiang	9
二分插入	er fen cha ru	8
二分插入排序	er fen cha ru pai xu	10
二分搜索	er fen sou suo	21
二分查找	er fen cha zhao	15
二分查找法	er fen cha zhao fa	12
二分查找算法	er fen cha zhao suan fa	11
二分求幂	er fen qiu mi	7
二分法查找	er fen fa cha zhao	11
二分猜答案	er fen cai da an	6
二分答案	er fen da an	12
二分类	er fen lei	12
二叉堆	er cha dui	34
二叉平衡树	er cha ping heng shu	10
二叉排序树	er cha pai xu shu	4
二叉搜索树	er cha sou suo shu	43
二叉树各种	er cha shu ge zhong	7
二叉树深度	er cha shu shen du	9
二叉树的遍历	er cha shu de bian li	1
二叉树遍历	er cha shu bian li	11
二叉索引树	er cha suo yin shu	7
二叉链表	er cha lian biao	18
二层交换	er ceng jiao huan	8
二次开发	er ci kai fa	47
二次排序	er ci pai xu	1
二次曲面	er ci qu mian	46
二次规划	er ci gui hua	44
二次采样	er ci cai yang	9
二级指针	er ji zhi zhen	12
二级索引	er ji suo yin	2
二级联动	er ji lian dong	9
二级菜单	er ji cai dan	1
二级高速缓存	er ji gao su huan cun	5
二维几何	er wei ji he	17
二维数组	er wei shu zu	24
二维树状数组	er wei shu zhuang shu zu	10
二维码扫描	er wei ma sao miao	27
二维码生成	er wei ma sheng cheng	10
二维码签到	er wei ma qian dao	5
二维线段树	er wei xian duan shu	10
二维背包	er wei bei bao	8
二路归并	er lu gui bing	1
二进制优化	er jin zhi you hua	2
二进制单元	er jin zhi dan yuan	5
二进制大对象	er jin zhi da dui xiang	3
二进制字符	er jin zhi zi fu	12
二进制数字	er jin zhi shu zi	48
二进制日志	er jin zhi ri zhi	12
二进制枚举	er jin zhi mei ju	9
二进制流	er jin zhi liu	3
二进制运算	er jin zhi yun suan	4
二重指针	er chong zhi zhen	9
云主机	yun zhu ji	4
云告警	yun gao jing	7
云备份	yun bei fen	21
云安全	yun an quan	9
云托管	yun tuo guan	4
云技术	yun ji shu	10
云操作系统	yun cao zuo xi tong	4
云数据库	yun shu ju ku	2
云栖社区	yun qi she qu	8
云测试	yun ce shi	2
云环境	yun huan jing	11
云监控	yun jian kong	3
云管理平台	yun guan li ping tai	1
云视频	yun shi pin	11
云计算大数据	yun ji suan da shu ju	2
云计算平台	yun ji suan ping tai	24
云计算应用	yun ji suan ying yong	7
云计算开发	yun ji suan kai fa	8
云课堂	yun ke tang	5
云音乐	yun yin yue	10
互操作程序集	hu cao zuo cheng xu ji	6
互斥对象	hu chi dui xiang	11
互斥量	hu chi liang	2
互联网产品	hu lian wang chan pin	19
互联网创业	hu lian wang chuang ye	18
互联网广告	hu lian wang guang gao	34
互联网应用	hu lian wang ying yong	49
互联网开发	hu lian wang kai fa	10
互联网教育	hu lian wang jiao yu	11
互联网架构	hu lian wang jia gou	14
互联网科技	hu lian wang ke ji	23
互联网编程	hu lian wang bian cheng	1
互联网营销	hu lian wang ying xiao	20
互联网资讯	hu lian wang zi xun	33
互联网项目	hu lian wang xiang mu	6
交互图	jiao hu tu	3
交互式处理	jiao hu shi chu li	1
交互式电视	jiao hu shi dian shi	2
交互式语言	jiao hu shi yu yan	3
交互技术	jiao hu ji shu	8
交互方式	jiao hu fang shi	25
交互设备	jiao hu she bei	1
交互设计师	jiao hu she ji shi	14
交互运作	jiao hu yun zuo	8
交互错误	jiao hu cuo wu	5
交叉存储器	jiao cha cun chu qi	5
交叉存取	jiao cha cun qu	3
交叉工具链	jiao cha gong ju lian	10
交叉开关	jiao cha kai guan	3
交叉引用	jiao cha yin yong	28
交叉搜索	jiao cha sou suo	5
交叉概率	jiao cha gai lv	2
交叉算子	jiao cha suan zi	8
交叉编译	jiao cha bian yi	27
交叉编译器	jiao cha bian yi qi	23
交叉编译环境	jiao cha bian yi huan jing	11
交叉耦合	jiao cha ou he	16
交叉连接	jiao cha lian jie	41
交换元素	jiao huan yuan su	4
交换排列	jiao huan pai lie	5
交换排序	jiao huan pai xu	1
交换芯片	jiao huan xin pian	2
交换虚电路	jiao huan xu dian lu	6
交易处理	jiao yi chu li	21
交错路径	jiao cuo lu jing	8
产业互联网	chan ye hu lian wang	2
产业生态链	chan ye sheng tai lian	2
产品人	chan pin ren	9
产品分析	chan pin fen xi	3
产品安全	chan pin an quan	8
产品库	chan pin ku	1
产品应用	chan pin ying yong	38
产品数据管理	chan pin shu ju guan li	4
产品文档	chan pin wen dang	8
产品测试	chan pin ce shi	26
产品研发管理	chan pin yan fa guan li	7
产品策划	chan pin ce hua	5
产品评论	chan pin ping lun	11
产品运营	chan pin yun ying	17
产生式系统	chan sheng shi xi tong	1
产生式规则	chan sheng shi gui ze	29
享元模式	xiang yuan mo shi	8
亮度比	liang du bi	33
人体行为识别	ren ti xing wei shi bie	8
人员定位	ren yuan ding wei	2
人工干预	ren gong gan yu	49
人工录入	ren gong lu ru	1
人工控制	ren gong kong zhi	48
人工智能语言	ren gong zhi neng yu yan	2
人工模拟	ren gong mo ni	13
人工测试	ren gong ce shi	4
人工神经元	ren gong shen jing yuan	14
人工管理阶段	ren gong guan li jie duan	7
人工约束	ren gong yue shu	5
人月神话	ren yue shen hua	29
人机工程	ren ji gong cheng	42
人机接口	ren ji jie kou	13
人机界面设计	ren ji jie mian she ji	6
人机系统	ren ji xi tong	5
人脸对齐	ren lian dui qi	1
人脸检测	ren lian jian ce	23
介质故障	jie zhi gu zhang	2
介质转换	jie zhi zhuan huan	5
从备份恢复	cong bei fen hui fu	4
从头读历史	cong tou du li shi	6
从站	cong zhan	9
仓储配送	cang chu pei song	6
仓库管理系统	cang ku guan li xi tong	4
代价函数	dai jia han shu	12
代数分析	dai shu fen xi	2
代数数据类型	dai shu shu ju lei xing	23
代理传值	dai li chuan zhi	8
代理方法	dai li fang fa	2
代理模式	dai li mo shi	18
代理类	dai li lei	6
代理脚本	dai li jiao ben	7
代理设计模式	dai li she ji mo shi	10
代码仓库	dai ma cang ku	19
代码优化	dai ma you hua	16
代码优化技巧	dai ma you hua ji qiao	7
代码健壮性	dai ma jian zhuang xing	9
代码分享	dai ma fen xiang	1
代码分析	dai ma fen xi	25
代码区	dai ma qu	13
代码变换	dai ma bian huan	7
代码备份	dai ma bei fen	1
代码复用	dai ma fu yong	32
代码大全	dai ma da quan	5
代码实例	dai ma shi li	3
代码实现	dai ma shi xian	35
代码审计	dai ma shen ji	8
代码工具	dai ma gong ju	1
代码工具类	dai ma gong ju lei	5
代码布局	dai ma bu ju	1
代码托管	dai ma tuo guan	34
代码扩充	dai ma kuo chong	5
代码技巧	dai ma ji qiao	8
代码技术	dai ma ji shu	5
代码提示	dai ma ti shi	5
代码整洁	dai ma zheng jie	10
代码整理	dai ma zheng li	2
代码格式化	dai ma ge shi hua	1
代码检查	dai ma jian cha	5
代码模板	dai ma mo ban	2
代码注释	dai ma zhu shi	6
代码测试	dai ma ce shi	13
代码混淆	dai ma hun xiao	27
代码片	dai ma pian	6
代码片段库	dai ma pian duan ku	1
代码生成器	dai ma sheng cheng qi	31
代码生成程序	dai ma sheng cheng cheng xu	2
代码移动	dai ma yi dong	1
代码签名	dai ma qian ming	34
代码管理	dai ma guan li	2
代码管理工具	dai ma guan li gong ju	10
代码类	dai ma lei	2
代码结构	dai ma jie gou	17
代码统计	dai ma tong ji	8
代码编写	dai ma bian xie	20
代码编辑器	dai ma bian ji qi	48
代码能力	dai ma neng li	11
代码自动补全	dai ma zi dong bu quan	3
代码行数	dai ma hang shu	13
代码补全	dai ma bu quan	20
代码表	dai ma biao	36
代码覆盖率	dai ma fu gai lv	25
代码规范	dai ma gui fan	2
代码记录	dai ma ji lu	10
代码设计	dai ma she ji	3
代码评审	dai ma ping shen	6
代码调试	dai ma tiao shi	12
代码质量	dai ma zhi liang	13
代码走查	dai ma zou cha	9
代码转换器	dai ma zhuan huan qi	1
代码重构	dai ma chong gou	35
代码重用	dai ma chong yong	7
代码阅读	dai ma yue du	2
代码隐藏文件	dai ma yin cang wen jian	7
代码隐藏类	dai ma yin cang lei	7
代码风格	dai ma feng ge	22
代码高亮	dai ma gao liang	4
令牌传递	ling pai chuan di	15
令牌传递协议	ling pai chuan di xie yi	1
令牌总线	ling pai zong xian	5
令牌总线网	ling pai zong xian wang	5
令牌环	ling pai huan	47
令牌环网	ling pai huan wang	8
以图搜图	yi tu sou tu	5
以太网交换机	yi tai wang jiao huan ji	26
以行为为中心	yi xing wei wei zhong xin	6
任务交换	ren wu jiao huan	2
任务分担	ren wu fen dan	1
任务协调	ren wu xie tiao	4
任务启动	ren wu qi dong	22
任务图	ren wu tu	5
任务处理	ren wu chu li	9
任务控制块	ren wu kong zhi kuai	10
任务描述符	ren wu miao shu fu	6
任务栈	ren wu zhan	12
任务框架	ren wu kuang jia	4
任务模型	ren wu mo xing	2
任务池	ren wu chi	8
任务终止	ren wu zhong zhi	11
任务调度	ren wu diao du	26
任务调度程序	ren wu diao du cheng xu	2
任务迁移	ren wu qian yi	1
任务队列	ren wu dui lie	15
任务集	ren wu ji	2
任意多边形	ren yi duo bian xing	9
仿函数	fang han shu	5
仿微信	fang wei xin	11
仿新浪微博	fang xin lang wei bo	8
仿真程序	fang zhen cheng xu	11
仿真终端	fang zhen zhong duan	1
企业信息化	qi ye xin xi hua	26
企业信息安全	qi ye xin xi an quan	7
企业地图开发	qi ye di tu kai fa	5
企业培训	qi ye pei xun	49
企业安全	qi ye an quan	9
企业对企业	qi ye dui qi ye	19
企业开发	qi ye kai fa	42
企业服务	qi ye fu wu	11
企业模型	qi ye mo xing	6
企业流程管理	qi ye liu cheng guan li	6
企业级	qi ye ji	14
企业级应用	qi ye ji ying yong	23
企业级框架	qi ye ji kuang jia	6
企业网	qi ye wang	10
企业证书	qi ye zheng shu	10
企业账号	qi ye zhang hao	10
企业资源规划	qi ye zi yuan gui hua	42
企业邮箱	qi ye you xiang	16
企业项目	qi ye xiang mu	10
休眠方式	xiu mian fang shi	7
休眠队列	xiu mian dui lie	6
优云软件	you yun ruan jian	6
优先数	you xian shu	1
优先权队列	you xian quan dui lie	8
优先级中断	you xian ji zhong duan	1
优先级反转	you xian ji fan zhuan	3
优先级控制	you xian ji kong zhi	9
优先级表	you xian ji biao	2
优先级调度	you xian ji diao du	5
优先级调整	you xian ji tiao zheng	8
优先级选择	you xian ji xuan ze	1
优先级队列	you xian ji dui lie	3
优化大师	you hua da shi	4
优化技巧	you hua ji qiao	2
优化操作	you hua cao zuo	4
优化理论	you hua li lun	12
优秀程序员	you xiu cheng xu yuan	1
会场安排问题	hui chang an pai wen ti	8
会声会影	hui sheng hui ying	48
会议系统	hui yi xi tong	9
会议连接	hui yi lian jie	5
会话密钥	hui hua mi yue	42
会话层	hui hua ceng	27
会话技术	hui hua ji shu	2
会话状态	hui hua zhuang tai	7
传值参数	chuan zhi can shu	2
传参数	chuan can shu	2
传引用	chuan yin yong	27
传播误差	chuan bo wu cha	6
传智播客	chuan zhi bo ke	12
传真服务	chuan zhen fu wu	39
传真服务器	chuan zhen fu wu qi	5
传真软件	chuan zhen ruan jian	2
传统编程语言	chuan tong bian cheng yu yan	7
传统网络	chuan tong wang luo	4
传统蓝牙	chuan tong lan ya	3
传统语法	chuan tong yu fa	33
传输媒体	chuan shu mei ti	13
传输延迟	chuan shu yan chi	17
传输损耗	chuan shu sun hao	10
传输错误	chuan shu cuo wu	29
传递函数依赖	chuan di han shu yi lai	9
传递参数	chuan di can shu	15
传递对象	chuan di dui xiang	16
传递数据	chuan di shu ju	31
传递闭包	chuan di bi bao	49
伪像	wei xiang	14
伪元素	wei yuan su	3
伪分布	wei fen bu	10
伪分布式	wei fen bu shi	12
伪分布模式	wei fen bu mo shi	10
伪列	wei lie	1
伪指令	wei zhi ling	2
伪目标	wei mu biao	11
伪类选择器	wei lei xuan ze qi	2
伪静态	wei jing tai	3
伴生对象	ban sheng dui xiang	10
伸展树	shen zhan shu	25
伺服电机	si fu dian ji	28
似然方程	si ran fang cheng	5
似然比	si ran bi	10
伽马校正	jia ma jiao zheng	9
位与	wei yu	13
位取反	wei qu fan	13
位域	wei yu	25
位密度	wei mi du	6
位平面	wei ping mian	4
位异或	wei yi huo	1
位提交	wei ti jiao	5
位标识	wei biao zhi	5
位段	wei duan	10
位移传感器	wei yi chuan gan qi	8
位移动画	wei yi dong hua	10
位置传感器	wei zhi chuan gan qi	15
位置服务	wei zhi fu wu	11
位置透明性	wei zhi tou ming xing	1
位运算	wei yun suan	37
位运算符	wei yun suan fu	14
位通道	wei tong dao	6
位非	wei fei	11
位驱动	wei qu dong	7
低功耗蓝牙	di gong hao lan ya	29
低秩矩阵	di zhi ju zhen	3
低级格式化	di ji ge shi hua	13
低级语言	di ji yu yan	28
低耦合	di ou he	25
体元	ti yuan	7
余弦相似度	yu xian xiang si du	6
作业优先级	zuo ye you xian ji	8
作业分割	zuo ye fen ge	6
作业分类	zuo ye fen lei	5
作业名	zuo ye ming	8
作业吞吐量	zuo ye tun tu liang	1
作业处理	zuo ye chu li	9
作业控制	zuo ye kong zhi	9
作业控制块	zuo ye kong zhi kuai	7
作业控制语言	zuo ye kong zhi yu yan	7
作业描述	zuo ye miao shu	7
作业文件	zuo ye wen jian	7
作业步	zuo ye bu	3
作业流	zuo ye liu	1
作业状态	zuo ye zhuang tai	5
作业目录	zuo ye mu lu	5
作业管理	zuo ye guan li	29
作业表	zuo ye biao	1
作业说明	zuo ye shuo ming	4
作业调度	zuo ye diao du	17
作业队列	zuo ye dui lie	1
作用域解析	zuo yong yu jie xi	10
作用域链	zuo yong yu lian	12
佩尔方程	pei er fang cheng	36
使用例子	shi yong li zi	12
使用帮助	shi yong bang zhu	11
使用教程	shi yong jiao cheng	17
使用方	shi yong fang	12
使用细节	shi yong xi jie	10
使用说明	shi yong shuo ming	14
依存关系树	yi cun guan xi shu	4
依存结构	yi cun jie gou	5
依存语法	yi cun yu fa	12
依赖保持	yi lai bao chi	2
依赖倒置	yi lai dao zhi	11
依赖倒置原则	yi lai dao zhi yuan ze	12
依赖倒转原则	yi lai dao zhuan yuan ze	1
依赖函数	yi lai han shu	7
依赖包	yi lai bao	11
依赖图	yi lai tu	12
依赖库	yi lai ku	9
依赖方	yi lai fang	19
依赖注入	yi lai zhu ru	28
依赖管理	yi lai guan li	4
侧抑制	ce yi zhi	3
侧拉菜单	ce la cai dan	8
侧滑删除	ce hua shan chu	9
侧滑栏	ce hua lan	9
侧滑菜单	ce hua cai dan	12
便利构造器	bian li gou zao qi	11
便捷使用	bian jie shi yong	2
便携式计算机	bian xie shi ji suan ji	13
保存区	bao cun qu	8
保存图片	bao cun tu pian	4
保存当前表单	bao cun dang qian biao dan	6
保存数据	bao cun shu ju	22
保存文件	bao cun wen jian	29
保存更改	bao cun geng gai	11
保存网页	bao cun wang ye	9
保护方式	bao hu fang shi	10
保护模式	bao hu mo shi	13
保活	bao huo	12
保留两位小数	bao liu liang wei xiao shu	18
保留内存	bao liu nei cun	2
保留小数	bao liu xiao shu	2
保留小数位数	bao liu xiao shu wei shu	9
保研机试	bao yan ji shi	7
信任列表	xin ren lie biao	2
信任链	xin ren lian	29
信元头	xin yuan tou	5
信号与槽	xin hao yu cao	4
信号交换	xin hao jiao huan	7
信号和槽	xin hao he cao	2
信号完整性	xin hao wan zheng xing	17
信号操作	xin hao cao zuo	1
信号槽	xin hao cao	11
信号源阻抗	xin hao yuan zu kang	5
信号线	xin hao xian	12
信号重构	xin hao chong gou	5
信息主体	xin xi zhu ti	3
信息主管	xin xi zhu guan	6
信息估计	xin xi gu ji	1
信息保存	xin xi bao cun	18
信息冗余	xin xi rong yu	13
信息分类	xin xi fen lei	13
信息加密	xin xi jia mi	14
信息协议	xin xi xie yi	17
信息反馈	xin xi fan kui	28
信息增益	xin xi zeng yi	17
信息处理系统	xin xi chu li xi tong	36
信息处理语言	xin xi chu li yu yan	3
信息字段	xin xi zi duan	2
信息学竞赛	xin xi xue jing sai	23
信息技术基础	xin xi ji shu ji chu	4
信息摘要算法	xin xi zhai yao suan fa	2
信息无障碍	xin xi wu zhang ai	11
信息服务器	xin xi fu wu qi	9
信息架构	xin xi jia gou	19
信息格式	xin xi ge shi	5
信息流模型	xin xi liu mo xing	7
信息浏览	xin xi liu lan	1
信息浏览服务	xin xi liu lan fu wu	7
信息港	xin xi gang	7
信息点播	xin xi dian bo	5
信息空间	xin xi kong jian	40
信息竞赛	xin xi jing sai	3
信息结构	xin xi jie gou	9
信息编码	xin xi bian ma	21
信息读取	xin xi du qu	1
信息资源管理	xin xi zi yuan guan li	20
信息隐蔽	xin xi yin bi	9
信息隐藏	xin xi yin cang	16
信用评分	xin yong ping fen	42
修复脚本	xiu fu jiao ben	7
修改全局设置	xiu gai quan ju she zhi	5
修改包名	xiu gai bao ming	9
修改字体	xiu gai zi ti	5
修改字段	xiu gai zi duan	12
修改密码	xiu gai mi ma	45
修改文件	xiu gai wen jian	34
修改时间	xiu gai shi jian	15
修改检测	xiu gai jian ce	7
修改项目名称	xiu gai xiang mu ming cheng	8
修理时间	xiu li shi jian	2
倍增算法	bei zeng suan fa	10
倒排索引	dao pai suo yin	6
候选解	hou xuan jie	27
值传	zhi chuan	2
值传递	zhi chuan di	20
值参	zhi can	5
值对象	zhi dui xiang	17
值栈	zhi zhan	10
值调用	zhi diao yong	34
假信号	jia xin hao	18
假冒攻击	jia mao gong ji	5
假脱机	jia tuo ji	4
假脱机文件	jia tuo ji wen jian	7
假脱机系统	jia tuo ji xi tong	5
假言推理	jia yan tui li	11
假设验证	jia she yan zheng	1
偏函数	pian han shu	49
偏好设置	pian hao she zhi	39
偏差控制	pian cha kong zhi	5
偏最小二乘	pian zui xiao er cheng	26
偏特化	pian te hua	15
偏转线圈	pian zhuan xian quan	1
停止信号	ting zhi xin hao	43
停止线程	ting zhi xian cheng	12
停靠窗口	ting kao chuang kou	8
健壮性	jian zhuang xing	36
偶发故障	ou fa gu zhang	5
偶数场	ou shu chang	6
偶数扫描	ou shu sao miao	2
偶检验	ou jian yan	5
傅里叶描述子	fu li ye miao shu zi	6
傲游浏览器	ao you liu lan qi	17
僵尸进程	jiang shi jin cheng	25
僵死进程	jiang si jin cheng	11
允许中断	yun xu zhong duan	1
元信令	yuan xin ling	7
元字符	yuan zi fu	11
元数据库	yuan shu ju ku	24
元数据驱动	yuan shu ju qu dong	2
元文件	yuan wen jian	12
元注解	yuan zhu jie	2
元知识	yuan zhi shi	6
元素定位	yuan su ding wei	2
元素节点	yuan su jie dian	7
元组	yuan zu	15
元组关系演算	yuan zu guan xi yan suan	7
元表	yuan biao	10
元语法	yuan yu fa	31
元语言	yuan yu yan	10
兄弟连	xiong di lian	11
先入先出队列	xian ru xian chu dui lie	1
先序	xian xu	13
先序遍历	xian xu bian li	7
先来先服务	xian lai xian fu wu	1
先进后出	xian jin hou chu	2
先进控制	xian jin kong zhi	6
先进操作系统	xian jin cao zuo xi tong	5
光口	guang kou	8
光子计算机	guang zi ji suan ji	2
光存储器	guang cun chu qi	5
光学图像	guang xue tu xiang	22
光带	guang dai	7
光强	guang qiang	10
光栅扫描	guang shan sao miao	8
光栅显示	guang shan xian shi	2
光流	guang liu	11
光流场	guang liu chang	9
光流法	guang liu fa	6
光照模型	guang zhao mo xing	15
光线投射	guang xian tou she	44
光线方向	guang xian fang xiang	7
克林闭包	ke lin bi bao	5
免安装	mian an zhuang	43
免密码	mian mi ma	3
免密码登录	mian mi ma deng lu	11
免登陆	mian deng lu	7
免证书	mian zheng shu	8
免费图标	mian fei tu biao	8
免费短信	mian fei duan xin	29
免费网	mian fei wang	5
免费资源	mian fei zi yuan	21
入事件	ru shi jian	7
入侵检测	ru qin jian ce	25
入侵检测系统	ru qin jian ce xi tong	37
入栈	ru zhan	33
全不选	quan bu xuan	10
全双工传输	quan shuang gong chuan shu	7
全局事务	quan ju shi wu	7
全局优化	quan ju you hua	13
全局共享资源	quan ju gong xiang zi yuan	5
全局函数	quan ju han shu	11
全局存储器	quan ju cun chu qi	8
全局对象	quan ju dui xiang	10
全局应用	quan ju ying yong	9
全局搜索	quan ju sou suo	7
全局故障	quan ju gu zhang	5
全局查询	quan ju cha xun	2
全局设置	quan ju she zhi	1
全屏幕	quan ping mu	36
全屏截图	quan ping jie tu	2
全屏显示	quan ping xian shi	8
全排列算法	quan pai lie suan fa	9
全排序	quan pai xu	1
全文搜索	quan wen sou suo	29
全文检索	quan wen jian suo	48
全文索引	quan wen suo yin	14
全景教程	quan jing jiao cheng	6
全景漫游	quan jing man you	9
全景视频	quan jing shi pin	24
全期望公式	quan qi wang gong shi	5
全栈工程师	quan zhan gong cheng shi	3
全球地址	quan qiu di zhi	2
全相联映射	quan xiang lian ying she	7
全称域名	quan cheng yu ming	1
全角	quan jiao	13
全连接	quan lian jie	20
全选反选	quan xuan fan xuan	7
全部刷新	quan bu shua xin	1
全限定域名	quan xian ding yu ming	7
八叉树	ba cha shu	27
八大排序算法	ba da pai xu suan fa	9
八数码	ba shu ma	1
八数码问题	ba shu ma wen ti	10
八皇后	ba huang hou	10
八皇后问题	ba huang hou wen ti	25
八进制数字	ba jin zhi shu zi	3
公众号开发	gong zhong hao kai fa	1
公共事件	gong gong shi jian	8
公共信息模型	gong gong xin xi mo xing	2
公共域	gong gong yu	11
公共子串	gong gong zi chuan	5
公共子序列	gong gong zi xu lie	24
公共对象	gong gong dui xiang	10
公共总线	gong gong zong xian	1
公共模数	gong gong mo shu	6
公共网关接口	gong gong wang guan jie kou	1
公共节点	gong gong jie dian	6
公共语言	gong gong yu yan	9
公共语言规范	gong gong yu yan gui fan	4
公共账号	gong gong zhang hao	8
公司项目	gong si xiang mu	12
公告板系统	gong gao ban xi tong	8
公平锁	gong ping suo	11
公开类	gong kai lei	9
公开课视频	gong kai ke shi pin	8
公式推导	gong shi tui dao	32
公式编辑器	gong shi bian ji qi	28
公有云	gong you yun	21
公有域	gong you yu	1
公有成员	gong you cheng yuan	7
公用数据网	gong yong shu ju wang	1
六大原则	liu da yuan ze	6
六度分离	liu du fen li	12
共享上网	gong xiang shang wang	10
共享内存结构	gong xiang nei cun jie gou	1
共享变量	gong xiang bian liang	14
共享名	gong xiang ming	1
共享存储	gong xiang cun chu	14
共享存储器	gong xiang cun chu qi	3
共享控件	gong xiang kong jian	5
共享操作系统	gong xiang cao zuo xi tong	7
共享数据	gong xiang shu ju	48
共享文件夹	gong xiang wen jian jia	9
共享段	gong xiang duan	9
共享白板	gong xiang bai ban	1
共享目录	gong xiang mu lu	6
共享程序集	gong xiang cheng xu ji	2
共享锁	gong xiang suo	4
共享页表	gong xiang ye biao	5
共享高速缓存	gong xiang gao su huan cun	6
共生矩阵	gong sheng ju zhen	8
共用体	gong yong ti	3
关于数据库	guan yu shu ju ku	2
关于程序员	guan yu cheng xu yuan	9
关系数据模型	guan xi shu ju mo xing	4
关系模式分解	guan xi mo shi fen jie	6
关系演算	guan xi yan suan	17
关系系统	guan xi xi tong	8
关系运算	guan xi yun suan	19
关系运算符	guan xi yun suan fu	8
关系逻辑	guan xi luo ji	4
关联关系	guan lian guan xi	37
关联分析	guan lian fen xi	33
关联容器	guan lian rong qi	22
关联对象	guan lian dui xiang	3
关联映射	guan lian ying she	11
关联查询	guan lian cha xun	12
关联源码	guan lian yuan ma	9
关联矩阵	guan lian ju zhen	11
关联类	guan lian lei	6
关联规则	guan lian gui ze	44
关联集	guan lian ji	1
关节点	guan jie dian	6
关键帧	guan jian zhen	41
关键帧动画	guan jian zhen dong hua	4
关键成功因素	guan jian cheng gong yin su	13
关键程度	guan jian cheng du	2
关键计算	guan jian ji suan	1
关键词布局	guan jian ci bu ju	7
关闭全部	guan bi quan bu	12
关闭句柄	guan bi ju bing	1
关闭并保存	guan bi bing bao cun	7
关闭所有标签	guan bi suo you biao qian	6
关闭按钮	guan bi an niu	11
关闭标签	guan bi biao qian	2
关闭程序	guan bi cheng xu	14
关闭窗口	guan bi chuang kou	6
关闭记录集	guan bi ji lu ji	1
关闭进程句柄	guan bi jin cheng ju bing	6
关闭键盘	guan bi jian pan	3
兼容字符	jian rong zi fu	6
兼容性测试	jian rong xing ce shi	15
兼容机制	jian rong ji zhi	1
兼容模式	jian rong mo shi	31
兼容计算机	jian rong ji suan ji	10
兼容问题	jian rong wen ti	27
内像素	nei xiang su	2
内务操作	nei wu cao zuo	4
内含逻辑	nei han luo ji	1
内存优化	nei cun you hua	3
内存保护	nei cun bao hu	32
内存共享	nei cun gong xiang	7
内存分布	nei cun fen bu	1
内存分析	nei cun fen xi	12
内存分配策略	nei cun fen pei ce lve	11
内存区域	nei cun qu yu	30
内存可见性	nei cun ke jian xing	2
内存四区	nei cun si qu	8
内存回收	nei cun hui shou	1
内存对齐	nei cun dui qi	5
内存屏障	nei cun ping zhang	31
内存布局	nei cun bu ju	12
内存拷贝	nei cun kao bei	3
内存插槽	nei cun cha cao	6
内存操作	nei cun cao zuo	18
内存数据库	nei cun shu ju ku	13
内存整理	nei cun zheng li	1
内存映射	nei cun ying she	31
内存映射文件	nei cun ying she wen jian	23
内存机制	nei cun ji zhi	2
内存检测	nei cun jian ce	10
内存模型	nei cun mo xing	21
内存泄露	nei cun xie lou	8
内存溢出	nei cun yi chu	7
内存碎片	nei cun sui pian	7
内存管理机制	nei cun guan li ji zhi	4
内存结构	nei cun jie gou	5
内存缓存	nei cun huan cun	6
内存警告	nei cun jing gao	12
内存计算	nei cun ji suan	2
内存调试	nei cun tiao shi	2
内存越界	nei cun yue jie	1
内存释放	nei cun shi fang	3
内存问题	nei cun wen ti	15
内容协商	nei rong xie shang	17
内容控件	nei rong kong jian	9
内容控制	nei rong kong zhi	8
内容提供器	nei rong ti gong qi	11
内容提供者	nei rong ti gong zhe	27
内容观察者	nei rong guan cha zhe	10
内容页	nei rong ye	7
内建函数	nei jian han shu	23
内排序	nei pai xu	3
内支付	nei zhi fu	8
内核函数	nei he han shu	16
内核分析	nei he fen xi	8
内核升级	nei he sheng ji	7
内核原理	nei he yuan li	1
内核同步	nei he tong bu	4
内核启动	nei he qi dong	11
内核态	nei he tai	40
内核数据结构	nei he shu ju jie gou	11
内核服务	nei he fu wu	5
内核栈	nei he zhan	11
内核模块	nei he mo kuai	49
内核移植	nei he yi zhi	3
内核程序	nei he cheng xu	1
内核空间	nei he kong jian	40
内核线程	nei he xian cheng	5
内核编程	nei he bian cheng	1
内核编译	nei he bian yi	1
内核调试	nei he tiao shi	5
内核进程	nei he jin cheng	3
内核配置	nei he pei zhi	12
内核重新编译	nei he chong xin bian yi	7
内核链表	nei he lian biao	9
内核驱动	nei he qu dong	11
内模式	nei mo shi	10
内网映射	nei wang ying she	8
内网渗透	nei wang shen tou	8
内网穿透	nei wang chuan tou	2
内置函数	nei zhi han shu	24
内置对象	nei zhi dui xiang	1
内置类型	nei zhi lei xing	4
内联元素	nei lian yuan su	12
内联函数	nei lian han shu	27
内联汇编	nei lian hui bian	12
内裁剪	nei cai jian	5
内边距	nei bian ju	3
内部函数	nei bu han shu	13
内部威胁	nei bu wei xie	16
内部存储	nei bu cun chu	46
内部寄存器	nei bu ji cun qi	6
内部对象	nei bu dui xiang	4
内部样式	nei bu yang shi	5
内部样式表	nei bu yang shi biao	1
内部碎片	nei bu sui pian	5
内部类	nei bu lei	20
内部级	nei bu ji	6
内部网关协议	nei bu wang guan xie yi	22
内部错误	nei bu cuo wu	6
再压缩	zai ya suo	22
再工程	zai gong cheng	8
冒泡排序	mao pao pai xu	34
冒泡排序法	mao pao pai xu fa	11
冒泡法	mao pao fa	1
冒泡算法	mao pao suan fa	10
冒烟测试	mao yan ce shi	26
写任务	xie ren wu	8
写保护	xie bao hu	11
写入文件	xie ru wen jian	27
写内存	xie nei cun	11
写出数据	xie chu shu ju	11
写到内存	xie dao nei cun	1
写后写	xie hou xie	5
写后读	xie hou du	11
写周期	xie zhou qi	5
写字段	xie zi duan	9
写数据	xie shu ju	15
写文档	xie wen dang	6
写无效	xie wu xiao	2
写时复制	xie shi fu zhi	43
写时拷贝	xie shi kao bei	1
写注册项	xie zhu ce xiang	5
写环境变量	xie huan jing bian liang	1
写直达	xie zhi da	1
写访问	xie fang wen	11
写通过	xie tong guo	8
冰刃	bing ren	30
冰盾	bing dun	25
冲突检测	chong tu jian ce	15
冲突消解	chong tu xiao jie	2
决策准则	jue ce zhun ze	5
决策函数	jue ce han shu	1
决策单调	jue ce dan diao	6
决策单调性	jue ce dan diao xing	7
决策控制	jue ce kong zhi	6
决策支持系统	jue ce zhi chi xi tong	44
决策树算法	jue ce shu suan fa	6
决策树系统	jue ce shu xi tong	6
决策模型	jue ce mo xing	10
决策矩阵	jue ce ju zhen	4
决策空间	jue ce kong jian	2
决策表	jue ce biao	4
决策规则	jue ce gui ze	18
决策语句	jue ce yu ju	5
决策问题	jue ce wen ti	44
冷备份	leng bei fen	1
净室软件工程	jing shi ruan jian gong cheng	1
净荷	jing he	3
减法器	jian fa qi	7
几何变形	ji he bian xing	4
几何变换	ji he bian huan	37
几何数学	ji he shu xue	2
几何校正	ji he jiao zheng	3
几何画板	ji he hua ban	13
几何画板下载	ji he hua ban xia zai	5
几何画板教程	ji he hua ban jiao cheng	7
几何算法	ji he suan fa	11
几何造型	ji he zao xing	27
凸优化	tu you hua	40
凸分解	tu fen jie	4
凹多边形	ao duo bian xing	25
出事件	chu shi jian	9
出栈	chu zhan	25
出现序列	chu xian xu lie	8
出错中断	chu cuo zhong duan	6
出错处理	chu cuo chu li	5
出错文件	chu cuo wen jian	1
出错率	chu cuo lv	6
出队	chu dui	14
函数优化	han shu you hua	2
函数传参	han shu chuan can	10
函数依赖	han shu yi lai	42
函数分析	han shu fen xi	9
函数回调	han shu hui tiao	1
函数实现	han shu shi xian	19
函数应用	han shu ying yong	49
函数式接口	han shu shi jie kou	1
函数式线段树	han shu shi xian duan shu	1
函数指针数组	han shu zhi zhen shu zu	11
函数栈	han shu zhan	1
函数模版	han shu mo ban	2
函数用法	han shu yong fa	12
函数程序设计	han shu cheng xu she ji	2
函数绑定	han shu bang ding	7
函数编程	han shu bian cheng	4
函数节流	han shu jie liu	8
函数表达式	han shu biao da shi	30
函数覆盖	han shu fu gai	1
函数讲解	han shu jiang jie	9
函数返回值	han shu fan hui zhi	23
函数重载	han shu chong zai	47
分享功能	fen xiang gong neng	37
分享朋友圈	fen xiang peng you quan	7
分别编译	fen bie bian yi	1
分割字符串	fen ge zi fu chuan	12
分割文本	fen ge wen ben	8
分割线	fen ge xian	39
分发应用	fen fa ying yong	3
分发机制	fen fa ji zhi	3
分发版	fen fa ban	9
分块	fen kuai	14
分块查找	fen kuai cha zhao	9
分块算法	fen kuai suan fa	6
分层图	fen ceng tu	1
分层遍历	fen ceng bian li	9
分布式事务	fen bu shi shi wu	23
分布式处理	fen bu shi chu li	17
分布式多媒体	fen bu shi duo mei ti	6
分布式存储	fen bu shi cun chu	18
分布式存储器	fen bu shi cun chu qi	10
分布式容错	fen bu shi rong cuo	3
分布式应用	fen bu shi ying yong	15
分布式开发	fen bu shi kai fa	1
分布式技术	fen bu shi ji shu	1
分布式排序	fen bu shi pai xu	7
分布式控制	fen bu shi kong zhi	7
分布式数据库	fen bu shi shu ju ku	31
分布式服务	fen bu shi fu wu	9
分布式架构	fen bu shi jia gou	6
分布式框架	fen bu shi kuang jia	3
分布式消息	fen bu shi xiao xi	5
分布式爬虫	fen bu shi pa chong	8
分布式算法	fen bu shi suan fa	3
分布式缓存	fen bu shi huan cun	7
分布式网站	fen bu shi wang zhan	9
分布式计算机	fen bu shi ji suan ji	9
分布式配置	fen bu shi pei zhi	1
分布式锁	fen bu shi suo	3
分布式锁服务	fen bu shi suo fu wu	10
分布式集群	fen bu shi ji qun	1
分布模式	fen bu mo shi	10
分布电容	fen bu dian rong	2
分布计算	fen bu ji suan	11
分布负载	fen bu fu zai	6
分布透明性	fen bu tou ming xing	1
分库分表	fen ku fen biao	12
分形几何	fen xing ji he	29
分接头	fen jie tou	11
分支合并	fen zhi he bing	13
分支条件覆盖	fen zhi tiao jian fu gai	5
分支管理	fen zhi guan li	1
分支结构	fen zhi jie gou	33
分支覆盖	fen zhi fu gai	5
分支限界	fen zhi xian jie	4
分支限界搜索	fen zhi xian jie sou suo	8
分支限界法	fen zhi xian jie fa	9
分散控制	fen san kong zhi	7
分数规划	fen shu gui hua	1
分时处理	fen shi chu li	6
分时操作系统	fen shi cao zuo xi tong	7
分时调度	fen shi diao du	9
分析函数	fen xi han shu	8
分析属性	fen xi shu xing	8
分析攻击	fen xi gong ji	6
分析阶段	fen xi jie duan	13
分段控件	fen duan kong jian	10
分段标志	fen duan biao zhi	6
分水岭算法	fen shui ling suan fa	9
分治思想	fen zhi si xiang	11
分治法	fen zhi fa	27
分治策略	fen zhi ce lve	2
分治算法	fen zhi suan fa	14
分派程序	fen pai cheng xu	1
分派表	fen pai biao	1
分片模式	fen pian mo shi	7
分立元件	fen li yuan jian	12
分类算法	fen lei suan fa	10
分类讨论	fen lei tao lun	10
分类识别	fen lei shi bie	2
分级控制	fen ji kong zhi	7
分组交换网	fen zu jiao huan wang	3
分组传送	fen zu chuan song	3
分组函数	fen zu han shu	11
分组层	fen zu ceng	2
分组查询	fen zu cha xun	11
分组背包	fen zu bei bao	10
分组长度	fen zu chang du	13
分表	fen biao	41
分解协调	fen jie xie tiao	5
分解质因子	fen jie zhi yin zi	8
分解质因数	fen jie zhi yin shu	4
分词器	fen ci qi	12
分辨率适配	fen bian lv shi pei	10
分部类型	fen bu lei xing	5
分配单位	fen pei dan wei	13
分配权限	fen pei quan xian	12
分配模式	fen pei mo shi	10
分页技术	fen ye ji shu	2
分页显示	fen ye xian shi	10
分页机制	fen ye ji zhi	6
分页查询	fen ye cha xun	13
分页程序	fen ye cheng xu	8
分页类	fen ye lei	10
切图	qie tu	12
切换动画	qie huan dong hua	2
切换标签	qie huan biao qian	10
切比雪夫距离	qie bi xue fu ju li	30
切片引擎	qie pian yin qing	6
切面编程	qie mian bian cheng	10
划分树	hua fen shu	10
划分算法	hua fen suan fa	3
列地址	lie di zhi	5
列地址选通	lie di zhi xuan tong	6
列式存储	lie shi cun chu	3
列表控件	lie biao kong jian	3
列表显示	lie biao xian shi	12
列表框	lie biao kuang	6
列表生成式	lie biao sheng cheng shi	1
列表解析	lie biao jie xi	5
列转行	lie zhuan xing	9
列选	lie xuan	8
刘汝佳白书	liu ru jia bai shu	6
创建原语	chuang jian yuan yu	6
创建图片对象	chuang jian tu pian dui xiang	8
创建型	chuang jian xing	1
创建型模式	chuang jian xing mo shi	20
创建工程	chuang jian gong cheng	3
创建数据库	chuang jian shu ju ku	10
创建文件	chuang jian wen jian	20
创建文件夹	chuang jian wen jian jia	3
创建日期	chuang jian ri qi	20
创建用户	chuang jian yong hu	8
创建目录	chuang jian mu lu	5
创建线程	chuang jian xian cheng	5
创建者模式	chuang jian zhe mo shi	9
创建虚拟机	chuang jian xu ni ji	5
创建表	chuang jian biao	7
创建表空间	chuang jian biao kong jian	11
创建进程	chuang jian jin cheng	7
创建项目	chuang jian xiang mu	6
创新工场	chuang xin gong chang	38
初始代码块	chu shi dai ma kuai	6
初始化列表	chu shi hua lie biao	36
初始化块	chu shi hua kuai	12
初始化方法	chu shi hua fang fa	5
初始化顺序	chu shi hua shun xu	12
初始尺寸	chu shi chi cun	8
初始序列	chu shi xu lie	2
初始标识	chu shi biao zhi	6
初始模型	chu shi mo xing	3
初始计数	chu shi ji shu	1
初始透明度	chu shi tou ming du	7
初等数论	chu deng shu lun	28
初级算法	chu ji suan fa	5
初级视觉	chu ji shi jue	21
初级运维	chu ji yun wei	5
删除元素	shan chu yuan su	29
删除图层	shan chu tu ceng	1
删除异常	shan chu yi chang	10
删除成员	shan chu cheng yuan	9
删除操作	shan chu cao zuo	40
删除数据	shan chu shu ju	17
删除文件夹	shan chu wen jian jia	7
删除用户	shan chu yong hu	9
删除目录	shan chu mu lu	11
删除硬件	shan chu ying jian	2
删除程序	shan chu cheng xu	18
删除结点	shan chu jie dian	3
删除自身	shan chu zi shen	3
删除节点	shan chu jie dian	12
删除行	shan chu hang	13
删除表	shan chu biao	6
删除项目	shan chu xiang mu	7
判别分析	pan bie fen xi	28
判别模型	pan bie mo xing	21
判定使用	pan ding shi yong	5
判定符号	pan ding fu hao	5
判定逻辑	pan ding luo ji	7
判断循环尾	pan duan xun huan wei	5
判断循环首	pan duan xun huan shou	5
判断素数	pan duan su shu	1
判断线段相交	pan duan xian duan xiang jiao	9
利川百姓网	li chuan bai xing wang	6
别名分析	bie ming fen xi	5
制造执行系统	zhi zao zhi xing xi tong	6
刷新周期	shua xin zhou qi	10
刷新数据	shua xin shu ju	4
刷新显示	shua xin xian shi	2
刷新测试	shua xin ce shi	7
刷新电路	shua xin dian lu	7
刷新页面	shua xin ye mian	17
刻度尺	ke du chi	13
前像	qian xiang	6
前台任务	qian tai ren wu	8
前台作业	qian tai zuo ye	7
前台分页	qian tai fen ye	7
前台开发	qian tai kai fa	10
前台服务	qian tai fu wu	5
前台框架	qian tai kuang jia	8
前台设计	qian tai she ji	8
前台进程	qian tai jin cheng	3
前台页面	qian tai ye mian	3
前同步码	qian tong bu ma	1
前后台	qian hou tai	10
前后台交互	qian hou tai jiao hu	8
前后端交互	qian hou duan jiao hu	8
前后端分离	qian hou duan fen li	10
前向声明	qian xiang sheng ming	17
前向算法	qian xiang suan fa	8
前序遍历	qian xu bian li	4
前景检测	qian jing jian ce	8
前期安装	qian qi an zhuang	6
前端优化	qian duan you hua	10
前端处理器	qian duan chu li qi	6
前端实践	qian duan shi jian	7
前端工具	qian duan gong ju	4
前端工程师	qian duan gong cheng shi	10
前端应用	qian duan ying yong	9
前端开发	qian duan kai fa	6
前端开发工具	qian duan kai fa gong ju	9
前端性能	qian duan xing neng	10
前端性能优化	qian duan xing neng you hua	10
前端插件	qian duan cha jian	7
前端效果	qian duan xiao guo	1
前端构建	qian duan gou jian	9
前端架构	qian duan jia gou	10
前端框架	qian duan kuang jia	11
前端测试	qian duan ce shi	8
前端知识	qian duan zhi shi	10
前端脚本	qian duan jiao ben	8
前端自动化	qian duan zi dong hua	9
前端规范	qian duan gui fan	8
前端设计	qian duan she ji	10
前端资源	qian duan zi yuan	9
前端问题	qian duan wen ti	1
前端页面	qian duan ye mian	1
前缀性质	qian zhui xing zhi	5
前缀数组	qian zhui shu zu	9
前缀树	qian zhui shu	9
前缀表达式	qian zhui biao da shi	7
前置修饰	qian zhi xiu shi	30
前置声明	qian zhi sheng ming	4
前置条件	qian zhi tiao jian	15
前馈控制	qian kui kong zhi	42
剖分	pou fen	19
剪切变换	jian qie bian huan	8
剪切图片	jian qie tu pian	9
剪切板	jian qie ban	7
剪枝优化	jian zhi you hua	8
剪裁过程	jian cai guo cheng	4
副本集	fu ben ji	2
割边	ge bian	9
割顶	ge ding	8
功能分解	gong neng fen jie	5
功能块	gong neng kuai	12
功能实现	gong neng shi xian	38
功能开发	gong neng kai fa	22
功能模型	gong neng mo xing	8
功能点	gong neng dian	13
功能类	gong neng lei	14
功能结构	gong neng jie gou	9
功能规约	gong neng gui yue	6
功能设计	gong neng she ji	11
功能语法	gong neng yu fa	28
功能部件	gong neng bu jian	13
功能项目	gong neng xiang mu	7
加亮	jia liang	11
加入项目	jia ru xiang mu	11
加壳	jia ke	15
加密文本	jia mi wen ben	5
加密结果	jia mi jie guo	4
加密芯片	jia mi xin pian	4
加密解密	jia mi jie mi	12
加密解密算法	jia mi jie mi suan fa	10
加权图	jia quan tu	22
加法原理	jia fa yuan li	8
加线条	jia xian tiao	4
加解密	jia jie mi	35
加载动画	jia zai dong hua	1
加载器	jia zai qi	24
加载图片	jia zai tu pian	1
加载数据	jia zai shu ju	5
加载更多	jia zai geng duo	13
加载机制	jia zai ji zhi	1
加载模式	jia zai mo shi	11
加载网络图片	jia zai wang luo tu pian	12
加载网页	jia zai wang ye	7
加载顺序	jia zai shun xu	3
加速图形端口	jia su tu xing duan kou	4
加速度传感器	jia su du chuan gan qi	25
加速时间	jia su shi jian	7
加速比	jia su bi	26
加速测试	jia su ce shi	6
加速计	jia su ji	33
加速键	jia su jian	5
动作规则	dong zuo gui ze	2
动作识别	dong zuo shi bie	3
动多态	dong duo tai	6
动归	dong gui	10
动态代理	dong tai dai li	1
动态代理模式	dong tai dai li mo shi	10
动态仿真	dong tai fang zhen	1
动态优先级	dong tai you xian ji	5
动态内存	dong tai nei cun	20
动态内存分配	dong tai nei cun fen pei	21
动态分析	dong tai fen xi	39
动态分配内存	dong tai fen pei nei cun	13
动态列	dong tai lie	8
动态创建	dong tai chuang jian	13
动态刷新	dong tai shua xin	4
动态加载	dong tai jia zai	18
动态图片	dong tai tu pian	19
动态地址转换	dong tai di zhi zhuan huan	7
动态域名	dong tai yu ming	10
动态域名解析	dong tai yu ming jie xi	1
动态处理	dong tai chu li	8
动态存储分配	dong tai cun chu fen pei	10
动态存储器	dong tai cun chu qi	2
动态存储管理	dong tai cun chu guan li	9
动态布局	dong tai bu ju	9
动态库	dong tai ku	20
动态报表	dong tai bao biao	2
动态控件	dong tai kong jian	8
动态控制	dong tai kong zhi	20
动态数据	dong tai shu ju	11
动态数据交换	dong tai shu ju jiao huan	3
动态数据源	dong tai shu ju yuan	9
动态数组	dong tai shu zu	20
动态显示	dong tai xian shi	24
动态更新	dong tai geng xin	23
动态标绘	dong tai biao hui	6
动态树	dong tai shu	1
动态树分治	dong tai shu fen zhi	6
动态注册	dong tai zhu ce	1
动态添加	dong tai tian jia	2
动态游标	dong tai you biao	10
动态点分治	dong tai dian fen zhi	6
动态生成	dong tai sheng cheng	41
动态生成程序	dong tai sheng cheng cheng xu	5
动态绑定	dong tai bang ding	25
动态缓冲	dong tai huan chong	7
动态缓冲区	dong tai huan chong qu	1
动态编译	dong tai bian yi	21
动态网站	dong tai wang zhan	12
动态网络	dong tai wang luo	1
动态网页	dong tai wang ye	45
动态联编	dong tai lian bian	11
动态聚焦	dong tai ju jiao	4
动态补偿	dong tai bu chang	20
动态表格	dong tai biao ge	5
动态规划专题	dong tai gui hua zhuan ti	6
动态规划初步	dong tai gui hua chu bu	5
动态规划法	dong tai gui hua fa	3
动态规划算法	dong tai gui hua suan fa	13
动态记忆	dong tai ji yi	12
动态调度	dong tai diao du	8
动态调用	dong tai diao yong	3
动态调试	dong tai tiao shi	12
动态资源分配	dong tai zi yuan fen pei	7
动态部署	dong tai bu shu	3
动态重定位	dong tai chong ding wei	9
动态重构	dong tai chong gou	3
动态链接	dong tai lian jie	43
动态链表	dong tai lian biao	10
动态错误	dong tai cuo wu	1
动态面板	dong tai mian ban	2
动态页面	dong tai ye mian	9
动态顺序表	dong tai shun xu biao	6
动态高度	dong tai gao du	9
动效	dong xiao	21
动画特效	dong hua te xiao	48
动静分离	dong jing fen li	11
包交换	bao jiao huan	16
包依赖	bao yi lai	5
包冲突	bao chong tu	3
包加密	bao jia mi	4
包名	bao ming	16
包围盒测试	bao wei he ce shi	4
包封	bao feng	28
包管理	bao guan li	22
包装类	bao zhuang lei	20
包过滤	bao guo lv	6
匈牙利命名法	xiong ya li ming ming fa	31
匈牙利算法	xiong ya li suan fa	7
化学绘图软件	hua xue hui tu ruan jian	6
北桥芯片	bei qiao xin pian	4
匹配模式	pi pei mo shi	18
匹配滤波	pi pei lv bo	6
匹配误差	pi pei wu cha	7
匹配问题	pi pei wen ti	31
区位码	qu wei ma	30
区域保护	qu yu bao hu	6
区域分割	qu yu fen ge	28
区域填充	qu yu tian chong	6
区域描述	qu yu miao shu	8
区域生长	qu yu sheng zhang	11
区域聚类	qu yu ju lei	5
区域边界	qu yu bian jie	40
区间修改	qu jian xiu gai	2
区间动规	qu jian dong gui	6
区间合并	qu jian he bing	6
区间和	qu jian he	12
区间处理	qu jian chu li	8
区间操作	qu jian cao zuo	2
区间更新	qu jian geng xin	11
区间最值	qu jian zui zhi	9
区间查询	qu jian cha xun	3
区间求和	qu jian qiu he	2
区间覆盖	qu jian fu gai	10
医学图像	yi xue tu xiang	18
医学图像处理	yi xue tu xiang chu li	7
医学影像处理	yi xue ying xiang chu li	2
匿名内部类	ni ming nei bu lei	2
匿名对象	ni ming dui xiang	2
匿名方法	ni ming fang fa	10
匿名服务器	ni ming fu wu qi	6
匿名登录	ni ming deng lu	2
匿名管道	ni ming guan dao	21
匿名类	ni ming lei	8
匿名类型	ni ming lei xing	15
十六进制地址	shi liu jin zhi di zhi	1
十六进制数字	shi liu jin zhi shu zi	45
十大算法	shi da suan fa	2
千兆网卡	qian zhao wang ka	4
千分位	qian fen wei	8
半双工传输	ban shuang gong chuan shu	2
半导体存储器	ban dao ti cun chu qi	7
半平面交	ban ping mian jiao	11
半监督学习	ban jian du xue xi	20
半连接	ban lian jie	20
半透明效果	ban tou ming xiao guo	8
华为机试	hua wei ji shi	8
华为网络	hua wei wang luo	2
华军软件	hua jun ruan jian	6
华夏互联	hua xia hu lian	5
华清远见	hua qing yuan jian	10
协作图	xie zuo tu	2
协作处理	xie zuo chu li	2
协作对象	xie zuo dui xiang	10
协作工具	xie zuo gong ju	22
协作环境	xie zuo huan jing	6
协同例程	xie tong li cheng	5
协同办公	xie tong ban gong	3
协同处理	xie tong chu li	49
协同开发	xie tong kai fa	24
协同程序	xie tong cheng xu	1
协同计算	xie tong ji suan	4
协同过滤算法	xie tong guo lv suan fa	2
协议分析	xie yi fen xi	9
协议失败	xie yi shi bai	16
协议套	xie yi tao	2
协议实体	xie yi shi ti	7
协议数据单元	xie yi shu ju dan yuan	16
协议映射	xie yi ying she	6
协议规范	xie yi gui fan	21
协议解析	xie yi jie xi	1
协议详解	xie yi xiang jie	9
协议转换	xie yi zhuan huan	5
协调世界时间	xie tiao shi jie shi jian	2
协调控制	xie tiao kong zhi	8
协调程序	xie tiao cheng xu	7
协调者	xie tiao zhe	11
单一职责	dan yi zhi ze	11
单一职责原则	dan yi zhi ze yuan ze	1
单个地址	dan ge di zhi	1
单个错误	dan ge cuo wu	2
单件模式	dan jian mo shi	11
单任务	dan ren wu	8
单例传值	dan li chuan zhi	6
单例模式	dan li mo shi	22
单例类	dan li lei	1
单例设计模式	dan li she ji mo shi	12
单元测试工具	dan yuan ce shi gong ju	10
单击事件	dan ji shi jian	2
单列模式	dan lie mo shi	9
单向传输	dan xiang chuan shu	10
单向函数	dan xiang han shu	37
单向密码	dan xiang mi ma	6
单向通信	dan xiang tong xin	6
单向链表	dan xiang lian biao	18
单处理器	dan chu li qi	38
单实例	dan shi li	9
单对象	dan dui xiang	4
单工传输	dan gong chuan shu	5
单循环链表	dan xun huan lian biao	2
单总线	dan zong xian	8
单指令	dan zhi ling	17
单故障	dan gu zhang	6
单数据流	dan shu ju liu	6
单文档	dan wen dang	2
单条语句	dan tiao yu ju	1
单板计算机	dan ban ji suan ji	9
单步操作	dan bu cao zuo	1
单源最短路	dan yuan zui duan lu	4
单源最短路径	dan yuan zui duan lu jing	10
单点增减	dan dian zeng jian	8
单点控制	dan dian kong zhi	5
单点故障	dan dian gu zhang	30
单点更新	dan dian geng xin	1
单点登录	dan dian deng lu	23
单点登录框架	dan dian deng lu kuang jia	1
单点登陆	dan dian deng lu	1
单片机应用	dan pian ji ying yong	1
单片机开发	dan pian ji kai fa	1
单片机技术	dan pian ji ji shu	1
单片机编程	dan pian ji bian cheng	1
单片计算机	dan pian ji suan ji	5
单用户	dan yong hu	40
单用户模式	dan yong hu mo shi	9
单目视觉	dan mu shi jue	8
单系统映像	dan xi tong ying xiang	5
单纯形法	dan chun xing fa	37
单继承	dan ji cheng	20
单色显示	dan se xian shi	16
单色设备	dan se she bei	6
单节点	dan jie dian	4
单行函数	dan xing han shu	10
单行注释	dan xing zhu shi	7
单表查询	dan biao cha xun	11
单词计数	dan ci ji shu	2
单调栈	dan diao zhan	11
单调队列	dan diao dui lie	1
单调队列优化	dan diao dui lie you hua	10
单进程	dan jin cheng	5
单选对话框	dan xuan dui hua kuang	9
单选按钮	dan xuan an niu	4
单选框	dan xuan kuang	6
单钥密码系统	dan yue mi ma xi tong	7
单链表反转	dan lian biao fan zhuan	9
单链表逆置	dan lian biao ni zhi	8
单页面应用	dan ye mian ying yong	2
南桥芯片	nan qiao xin pian	6
博客导航	bo ke dao hang	7
博客搬家	bo ke ban jia	1
博客管理	bo ke guan li	1
博客系统	bo ke xi tong	6
博客频道	bo ke pin dao	2
博弈树	bo yi shu	13
博弈树搜索	bo yi shu sou suo	5
占用量	zhan yong liang	8
卡常数	ka chang shu	1
卡方检验	ka fang jian yan	18
卡时间	ka shi jian	9
卡片穿孔	ka pian chuan kong	5
卡特兰数	ka te lan shu	11
卡精度	ka jing du	9
卡饭论坛	ka fan lun tan	5
卫星菜单	wei xing cai dan	8
印制板	yin zhi ban	6
即时压缩	ji shi ya suo	4
即时搜索	ji shi sou suo	3
即时查询	ji shi cha xun	9
即时编译器	ji shi bian yi qi	14
即时聊天	ji shi liao tian	31
即时解压缩	ji shi jie ya suo	6
即时通讯平台	ji shi tong xun ping tai	9
即时通讯开发	ji shi tong xun kai fa	7
即时通讯聊天	ji shi tong xun liao tian	1
卷积核	juan ji he	14
卷积网络	juan ji wang luo	5
卸载图片	xie zai tu pian	6
厄密多项式	e mi duo xiang shi	5
历史命令窗口	li shi ming ling chuang kou	5
历史数据	li shi shu ju	13
历史数据库	li shi shu ju ku	30
历史状态	li shi zhuang tai	10
压力变送器	ya li bian song qi	5
压栈	ya zhan	20
压缩函数	ya suo han shu	7
压缩图片	ya suo tu pian	6
压缩存储	ya suo cun chu	5
压缩版	ya suo ban	13
压缩纹理	ya suo wen li	2
压缩解压	ya suo jie ya	4
压缩解压缩	ya suo jie ya suo	1
原书代码	yuan shu dai ma	5
原代码	yuan dai ma	38
原创代码	yuan chuang dai ma	8
原创博客	yuan chuang bo ke	3
原创教程	yuan chuang jiao cheng	8
原创文档	yuan chuang wen dang	7
原创翻译	yuan chuang fan yi	2
原型图	yuan xing tu	4
原型图工具	yuan xing tu gong ju	6
原型对象	yuan xing dui xiang	11
原型模式	yuan xing mo shi	8
原型结构	yuan xing jie gou	3
原型继承	yuan xing ji cheng	7
原型链	yuan xing lian	1
原始套接字	yuan shi tao jie zi	15
原子变量	yuan zi bian liang	2
原子广播	yuan zi guang bo	1
原子操作	yuan zi cao zuo	44
原子类	yuan zi lei	1
原子锁	yuan zi suo	2
原根	yuan gen	10
原理分析	yuan li fen xi	5
原理图	yuan li tu	43
原理机制	yuan li ji zhi	1
原理研究	yuan li yan jiu	7
原生应用	yuan sheng ying yong	41
原生控件	yuan sheng kong jian	10
原语	yuan yu	13
原质化	yuan zhi hua	1
去广告	qu guang gao	9
去空格	qu kong ge	9
去除标题栏	qu chu biao ti lan	8
去除背景	qu chu bei jing	4
去雾	qu wu	8
参数优化	can shu you hua	12
参数信息	can shu xin xi	6
参数化类型	can shu hua lei xing	15
参数化设计	can shu hua she ji	4
参数寻优	can shu xun you	8
参数文件	can shu wen jian	13
参数测试	can shu ce shi	11
参数空间	can shu kong jian	39
参数约束	can shu yue shu	1
参数绑定	can shu bang ding	8
参数解析	can shu jie xi	2
参数设置	can shu she zhi	33
参数详解	can shu xiang jie	11
参数说明	can shu shuo ming	6
参数配置	can shu pei zhi	5
参照完整性	can zhao wan zheng xing	10
参考帧	can kao zhen	12
参考文档	can kao wen dang	18
参考码	can kao ma	5
参考资源	can kao zi yuan	11
叉乘	cha cheng	18
叉树	cha shu	18
友元函数	you yuan han shu	1
友元程序集	you yuan cheng xu ji	4
友元类	you yuan lei	12
友情链接	you qing lian jie	13
友盟分享	you meng fen xiang	10
友盟推送	you meng tui song	9
友盟统计	you meng tong ji	11
双亲委派模型	shuang qin wei pai mo xing	10
双位编码	shuang wei bian ma	5
双击事件	shuang ji shi jian	2
双击标签	shuang ji biao qian	7
双击标签栏	shuang ji biao qian lan	5
双击退出	shuang ji tui chu	8
双分支	shuang fen zhi	3
双列直插封装	shuang lie zhi cha feng zhuang	33
双列直插式	shuang lie zhi cha shi	10
双向交替通信	shuang xiang jiao ti tong xin	7
双向传输	shuang xiang chuan shu	15
双向关联	shuang xiang guan lian	12
双向同时通信	shuang xiang tong shi tong xin	6
双向广搜	shuang xiang guang sou	10
双向循环链表	shuang xiang xun huan lian biao	8
双向总线	shuang xiang zong xian	2
双向搜索	shuang xiang sou suo	3
双向绑定	shuang xiang bang ding	2
双向认证	shuang xiang ren zheng	1
双向通信	shuang xiang tong xin	42
双向链表	shuang xiang lian biao	32
双向队列	shuang xiang dui lie	12
双工传输	shuang gong chuan shu	6
双工方式	shuang gong fang shi	7
双循环链表	shuang xun huan lian biao	1
双指针	shuang zhi zhen	12
双机热备	shuang ji re bei	1
双目视觉	shuang mu shi jue	10
双目运算符	shuang mu yun suan fu	1
双端链表	shuang duan lian biao	9
双端队列	shuang duan dui lie	7
双精度小数	shuang jing du xiao shu	7
双系统	shuang xi tong	12
双系统安装	shuang xi tong an zhuang	8
双线性内插	shuang xian xing nei cha	3
双线性插值	shuang xian xing cha zhi	32
双线性过滤	shuang xian xing guo lv	20
双绞电缆	shuang jiao dian lan	5
双缓冲	shuang huan chong	4
双缓冲区	shuang huan chong qu	3
双缓存	shuang huan cun	10
双网卡	shuang wang ka	2
双联通	shuang lian tong	2
双联通分量	shuang lian tong fen liang	9
双边滤波	shuang bian lv bo	1
双进程守护	shuang jin cheng shou hu	7
双连通	shuang lian tong	5
双连通分支	shuang lian tong fen zhi	1
双连通分量	shuang lian tong fen liang	2
双连通性	shuang lian tong xing	6
双重检查锁	shuang chong jian cha suo	9
双重锁定	shuang chong suo ding	2
双链表	shuang lian biao	4
双飞翼布局	shuang fei yi bu ju	7
反依赖	fan yi lai	1
反向传值	fan xiang chuan zhi	7
反向传播	fan xiang chuan bo	39
反向传播算法	fan xiang chuan bo suan fa	43
反向信道	fan xiang xin dao	5
反向工程	fan xiang gong cheng	47
反向恢复	fan xiang hui fu	7
反向投影	fan xiang tou ying	1
反向推理	fan xiang tui li	2
反地理编码	fan di li bian ma	10
反射体	fan she ti	47
反射定律	fan she ding lv	27
反射库	fan she ku	6
反射技术	fan she ji shu	6
反射机制	fan she ji zhi	17
反射贴图	fan she tie tu	3
反序列化	fan xu lie hua	33
反引号	fan yin hao	11
反归档	fan gui dang	10
反斜杠	fan xie gang	36
反汇编程序	fan hui bian cheng xu	3
反渗透设备	fan shen tou she bei	7
反爬虫	fan pa chong	1
反病毒工具	fan bing du gong ju	6
反病毒工程师	fan bing du gong cheng shi	7
反码	fan ma	37
反编码	fan bian ma	1
反编译	fan bian yi	29
反编译器	fan bian yi qi	10
反编译工具	fan bian yi gong ju	1
反编译程序	fan bian yi cheng xu	1
反读	fan du	26
反调试	fan tiao shi	10
反转单链表	fan zhuan dan lian biao	9
反转字符串	fan zhuan zi fu chuan	1
反转链表	fan zhuan lian biao	11
反馈控制	fan kui kong zhi	25
发布网站	fa bu wang zhan	41
发布订阅	fa bu ding yue	12
发布证书	fa bu zheng shu	1
发送邮件	fa song you jian	48
发音比较	fa yin bi jiao	19
取主机名	qu zhu ji ming	1
取代码	qu dai ma	1
取分钟	qu fen zhong	5
取列数	qu lie shu	5
取命令行	qu ming ling xing	5
取回图片	qu hui tu pian	5
取回客户	qu hui ke hu	1
取回数据	qu hui shu ju	1
取地址	qu di zhi	21
取字段名	qu zi duan ming	8
取宽度	qu kuan du	6
取对象	qu dui xiang	11
取年份	qu nian fen	1
取当前目录	qu dang qian mu lu	1
取指	qu zhi	10
取指令	qu zhi ling	10
取数值	qu shu zhi	6
取数组下标	qu shu zu xia biao	5
取文件属性	qu wen jian shu xing	5
取文件长度	qu wen jian chang du	6
取文本	qu wen ben	7
取文本长度	qu wen ben chang du	5
取景变换	qu jing bian huan	7
取模运算	qu mo yun suan	11
取消装箱	qu xiao zhuang xiang	8
取石子游戏	qu shi zi you xi	10
取秒	qu miao	6
取绝对值	qu jue dui zhi	27
取背景色	qu bei jing se	5
取轮廓	qu lun kuo	5
取运行目录	qu yun xing mu lu	5
取进程	qu jin cheng	8
取错误	qu cuo wu	2
取随机数	qu sui ji shu	10
受保护资源	shou bao hu zi yuan	8
受控对象	shou kong dui xiang	1
受控访问	shou kong fang wen	1
受查异常	shou cha yi chang	8
受限访问	shou xian fang wen	2
变位词	bian wei ci	14
变化检测	bian hua jian ce	13
变参	bian can	1
变参函数	bian can han shu	10
变址	bian zhi	6
变址寄存器	bian zhi ji cun qi	3
变形转换	bian xing zhuan huan	1
变态跳台阶	bian tai tiao tai jie	7
变换中心	bian huan zhong xin	6
变换分析	bian huan fen xi	1
变换处理	bian huan chu li	1
变换系统	bian huan xi tong	10
变换编码	bian huan bian ma	28
变换规则	bian huan gui ze	18
变迁规则	bian qian gui ze	5
变量交换	bian liang jiao huan	1
变量作用域	bian liang zuo yong yu	6
变量初始化	bian liang chu shi hua	5
变量命名	bian liang ming ming	4
变量声明	bian liang sheng ming	32
变量提升	bian liang ti sheng	1
变量类型	bian liang lei xing	31
变长参数	bian chang can shu	6
变长编码	bian chang bian ma	12
叠片过滤器	die pian guo lv qi	5
口令攻击	kou ling gong ji	1
句子片段	ju zi pian duan	2
句柄类	ju bing lei	9
句法关系	ju fa guan xi	10
句法分析	ju fa fen xi	25
句法树	ju fa shu	5
句法模式识别	ju fa mo shi shi bie	1
句法规则	ju fa gui ze	20
另存为	ling cun wei	18
只读属性	zhi du shu xing	5
召回率	zhao hui lv	19
可串行性	ke chuan xing xing	12
可信计算基	ke xin ji suan ji	5
可修改性	ke xiu gai xing	5
可分级性	ke fen ji xing	7
可分配空间	ke fen pei kong jian	8
可变分区	ke bian fen qu	8
可变参数	ke bian can shu	26
可变参数函数	ke bian can shu han shu	21
可变参数列表	ke bian can shu lie biao	3
可变参数模板	ke bian can shu mu ban	16
可变字符串	ke bian zi fu chuan	1
可变字长	ke bian zi chang	1
可变数组	ke bian shu zu	1
可变比特率	ke bian bi te lv	16
可变长参数	ke bian chang can shu	1
可复用性	ke fu yong xing	6
可复用构件	ke fu yong gou jian	2
可存取性	ke cun qu xing	5
可安装性	ke an zhuang xing	1
可实现性	ke shi xian xing	23
可屏蔽中断	ke ping bi zhong duan	8
可并堆	ke bing dui	2
可恢复性	ke hui fu xing	10
可扩充性	ke kuo chong xing	27
可扩展语言	ke kuo zhan yu yan	2
可扩缩性	ke kuo suo xing	2
可拓展性	ke tuo zhan xing	3
可持久化	ke chi jiu hua	23
可擦	ke ca	32
可替换参数	ke ti huan can shu	8
可服务性	ke fu wu xing	3
可查询类型	ke cha xun lei xing	5
可检测性	ke jian ce xing	1
可测试性	ke ce shi xing	37
可测试性设计	ke ce shi xing she ji	15
可满足性问题	ke man zu xing wen ti	35
可理解性	ke li jie xing	34
可穿戴应用	ke chuan dai ying yong	7
可穿戴计算机	ke chuan dai ji suan ji	3
可管理性	ke guan li xing	7
可编程控制器	ke bian cheng kong zhi qi	16
可编辑	ke bian ji	13
可见性问题	ke jian xing wen ti	6
可见点	ke jian dian	7
可视分析	ke shi fen xi	2
可视化工具	ke shi hua gong ju	17
可视化管理器	ke shi hua guan li qi	5
可视化编程	ke shi hua bian cheng	16
可视语言	ke shi yu yan	5
可调度性	ke diao du xing	4
可路由协议	ke lu you xie yi	1
可达图	ke da tu	5
可选值	ke xuan zhi	3
可选参数	ke xuan can shu	27
可选工作流	ke xuan gong zuo liu	5
可选类型	ke xuan lei xing	11
可选链	ke xuan lian	2
可重入	ke chong ru	43
可重入函数	ke chong ru han shu	4
可靠性分析	ke kao xing fen xi	5
可靠性增长	ke kao xing zeng zhang	5
可靠性数据	ke kao xing shu ju	6
可靠性模型	ke kao xing mo xing	5
可靠性设计	ke kao xing she ji	6
可靠性评价	ke kao xing ping jia	6
台式计算机	tai shi ji suan ji	16
右匹配	you pi pei	9
右外连接	you wai lian jie	9
右滑返回	you hua fan hui	9
右线性文法	you xian xing wen fa	5
右连接	you lian jie	8
右键菜单	you jian cai dan	29
各向异性过滤	ge xiang yi xing guo lv	30
各种技术	ge zhong ji shu	12
各种排序	ge zhong pai xu	12
各种搜索	ge zhong sou suo	9
各种资料	ge zhong zi liao	12
各种错误	ge zhong cuo wu	25
各类排序算法	ge lei pai xu suan fa	6
合取范式	he qu fan shi	18
合并单元格	he bing dan yuan ge	10
合并拷贝	he bing kao bei	7
合并按钮	he bing an niu	6
合并排序	he bing pai xu	9
合并文件	he bing wen jian	10
合并流	he bing liu	3
合并边框	he bing bian kuang	7
合并链表	he bing lian biao	9
合成模式	he cheng mo shi	6
合成视频	he cheng shi pin	3
合肥人才网	he fei ren cai wang	7
吉比特以太网	ji bi te yi tai wang	39
同余定理	tong yu ding li	1
同余方程	tong yu fang cheng	19
同余模定理	tong yu mo ding li	8
同时性	tong shi xing	8
同步互斥	tong bu hu chi	1
同步代码块	tong bu dai ma kuai	1
同步传输	tong bu chuan shu	27
同步函数	tong bu han shu	4
同步刷新	tong bu shua xin	9
同步原语	tong bu yuan yu	9
同步复制	tong bu fu zhi	8
同步序列	tong bu xu lie	5
同步异步	tong bu yi bu	11
同步总线	tong bu zong xian	1
同步控制	tong bu kong zhi	16
同步操作	tong bu cao zuo	8
同步方法	tong bu fang fa	7
同步时分复用	tong bu shi fen fu yong	5
同步机制	tong bu ji zhi	16
同步算法	tong bu suan fa	1
同步请求	tong bu qing qiu	3
同步通信	tong bu tong xin	6
同步锁	tong bu suo	2
同源策略	tong yuan ce lve	13
同色三角形	tong se san jiao xing	7
名字对象	ming zi dui xiang	6
名称空间	ming cheng kong jian	37
后台下载	hou tai xia zai	4
后台任务	hou tai ren wu	9
后台作业	hou tai zuo ye	2
后台分页	hou tai fen ye	7
后台定位	hou tai ding wei	9
后台开发	hou tai kai fa	2
后台执行	hou tai zhi xing	13
后台播放	hou tai bo fang	8
后台服务器	hou tai fu wu qi	21
后台框架	hou tai kuang jia	9
后台模板	hou tai mu ban	9
后台监控	hou tai jian kong	6
后台程序	hou tai cheng xu	45
后台管理	hou tai guan li	11
后台管理框架	hou tai guan li kuang jia	5
后台线程	hou tai xian cheng	4
后台语言	hou tai yu yan	10
后台进程	hou tai jin cheng	34
后向传播	hou xiang chuan bo	1
后备系统	hou bei xi tong	26
后序	hou xu	13
后序遍历	hou xu bian li	17
后援存储器	hou yuan cun chu qi	6
后端开发	hou duan kai fa	2
后端服务	hou duan fu wu	11
后端框架	hou duan kuang jia	1
后续遍历	hou xu bian li	11
后缀数组	hou zhui shu zu	8
后缀树	hou zhui shu	24
后缀树组	hou zhui shu zu	6
后缀自动机	hou zhui zi dong ji	10
后缀表达式	hou zhui biao da shi	4
后进先出	hou jin xian chu	25
向上兼容	xiang shang jian rong	5
向上转型	xiang shang zhuan xing	1
向下转型	xiang xia zhuan xing	13
向量中断	xiang liang zhong duan	3
向量化	xiang liang hua	23
向量处理器	xiang liang chu li qi	36
向量指令	xiang liang zhi ling	8
向量数据结构	xiang liang shu ju jie gou	6
向量显示	xiang liang xian shi	2
向量空间模型	xiang liang kong jian mo xing	32
向量编码	xiang liang bian ma	6
向量量化	xiang liang liang hua	20
启动事务	qi dong shi wu	2
启动代码	qi dong dai ma	11
启动动画	qi dong dong hua	1
启动图	qi dong tu	10
启动图片	qi dong tu pian	11
启动失败	qi dong shi bai	15
启动子程序	qi dong zi cheng xu	7
启动应用	qi dong ying yong	23
启动报错	qi dong bao cuo	11
启动文件	qi dong wen jian	5
启动方式	qi dong fang shi	25
启动时打开	qi dong shi da kai	1
启动服务	qi dong fu wu	16
启动模式	qi dong mo shi	6
启动流程	qi dong liu cheng	6
启动画面	qi dong hua mian	27
启动界面	qi dong jie mian	6
启动盘	qi dong pan	30
启动脚本	qi dong jiao ben	24
启动过程	qi dong guo cheng	48
启动错误	qi dong cuo wu	1
启动页	qi dong ye	2
启动页面	qi dong ye mian	4
启动项	qi dong xiang	10
启动顺序	qi dong shun xu	9
启发式信息	qi fa shi xin xi	1
启发式函数	qi fa shi han shu	2
启发式合并	qi fa shi he bing	10
启发式技术	qi fa shi ji shu	8
启发式搜索	qi fa shi sou suo	16
启发式方法	qi fa shi fang fa	35
启发式知识	qi fa shi zhi shi	5
启发式算法	qi fa shi suan fa	44
启发式规则	qi fa shi gui ze	1
吸血鬼数字	xi xue gui shu zi	6
吸费电话加盟	xi fei dian hua jia meng	6
员工管理系统	yuan gong guan li xi tong	8
周期性中断	zhou qi xing zhong duan	5
周期窃取	zhou qi qie qu	4
命令处理程序	ming ling chu li cheng xu	1
命令大全	ming ling da quan	10
命令接口	ming ling jie kou	3
命令操作	ming ling cao zuo	8
命令模式	ming ling mo shi	18
命令窗口	ming ling chuang kou	5
命令系统	ming ling xi tong	9
命令缓冲区	ming ling huan chong qu	2
命令行参数	ming ling xing can shu	39
命令行接口	ming ling xing jie kou	11
命令行操作	ming ling xing cao zuo	4
命令行编译	ming ling xing bian yi	11
命令解释程序	ming ling jie shi cheng xu	10
命令详解	ming ling xiang jie	12
命令语言	ming ling yu yan	23
命令重试	ming ling chong shi	5
命名容器	ming ming rong qi	7
命名约定	ming ming yue ding	32
命名规范	ming ming gui fan	34
咨询系统	zi xun xi tong	6
品高云	pin gao yun	4
哈佛结构	ha fo jie gou	23
哈夫曼编码	ha fu man bian ma	37
哈密顿回路	ha mi dun hui lu	21
哈希冲突	ha xi chong tu	10
哈希加密	ha xi jia mi	8
哈希映射	ha xi ying she	10
哈希查找	ha xi cha zhao	10
哈希算法	ha xi suan fa	18
哈弗曼编码	ha fu man bian ma	9
响应分析	xiang ying fen xi	1
响应头	xiang ying tou	13
响应式布局	xiang ying shi bu ju	11
响应式编程	xiang ying shi bian cheng	31
响应式设计	xiang ying shi she ji	9
响应报文	xiang ying bao wen	4
响应窗口	xiang ying chuang kou	1
响应者链	xiang ying zhe lian	11
响应者链条	xiang ying zhe lian tiao	8
响应链	xiang ying lian	2
唤醒等待	huan xing deng dai	2
唯一分解定理	wei yi fen jie ding li	11
唯一序列号	wei yi xu lie hao	3
商务智能	shang wu zhi neng	16
商城项目	shang cheng xiang mu	1
喜欢编程	xi huan bian cheng	2
喷水装置	pen shui zhuang zhi	23
喷泉模型	pen quan mo xing	2
嗅探器	xiu tan qi	18
噪声容限	zao sheng rong xian	3
噪声抑制	zao sheng yi zhi	4
噪音抑制	zao yin yi zhi	4
四元组	si yuan zu	23
四叉树	si cha shu	6
四大组件	si da zu jian	13
四旋翼飞行器	si xuan yi fei xing qi	3
四次握手	si ci wo shou	3
四种启动模式	si zhong qi dong mo shi	11
四轴飞行器	si zhou fei xing qi	28
四边形不等式	si bian xing bu deng shi	1
回发	hui fa	11
回叫	hui jiao	9
回弹	hui tan	12
回归树	hui gui shu	14
回归测试	hui gui ce shi	35
回扫时间	hui sao shi jian	6
回收程序	hui shou cheng xu	5
回文串	hui wen chuan	1
回文判断	hui wen pan duan	8
回文子串	hui wen zi chuan	7
回文树	hui wen shu	8
回文自动机	hui wen zi dong ji	7
回朔法	hui shuo fa	7
回溯法	hui su fa	24
回溯算法	hui su suan fa	5
回滚事务	hui gun shi wu	4
回答模式	hui da mo shi	2
回调接口	hui tiao jie kou	2
回调方法	hui tiao fang fa	4
回调机制	hui tiao ji zhi	1
回调模式	hui tiao mo shi	1
回车换行	hui che huan xing	5
回车符	hui che fu	16
回退栈	hui tui zhan	11
回音消除	hui yin xiao chu	8
因子分析	yin zi fen xi	38
因子分解	yin zi fen jie	25
因子分解法	yin zi fen jie fa	5
因果推理	yin guo tui li	11
因果逻辑	yin guo luo ji	2
因特网协会	yin te wang xie hui	1
因特网工程	yin te wang gong cheng	1
因特网电话	yin te wang dian hua	1
团队协作工具	tuan dui xie zuo gong ju	8
团队建设	tuan dui jian she	30
团队管理	tuan dui guan li	41
园区网	yuan qu wang	1
固件库	gu jian ku	10
固定字长	gu ding zi chang	3
固定存储器	gu ding cun chu qi	6
固定宽度	gu ding kuan du	19
固态存储	gu tai cun chu	16
固态存储器	gu tai cun chu qi	1
固态盘	gu tai pan	2
固有特征	gu you te zheng	10
图书管理系统	tu shu guan li xi tong	6
图书馆客户端	tu shu guan ke hu duan	5
图优化	tu you hua	1
图像代码	tu xiang dai ma	1
图像元	tu xiang yuan	8
图像几何学	tu xiang ji he xue	5
图像函数	tu xiang han shu	3
图像分类	tu xiang fen lei	12
图像匹配	tu xiang pi pei	9
图像去噪	tu xiang qu zao	6
图像去雾	tu xiang qu wu	1
图像变换	tu xiang bian huan	5
图像合成	tu xiang he cheng	16
图像图像	tu xiang tu xiang	8
图像增强	tu xiang zeng qiang	27
图像处理算法	tu xiang chu li suan fa	6
图像复原	tu xiang fu yuan	8
图像局部特征	tu xiang ju bu te zheng	8
图像平滑	tu xiang ping hua	2
图像平面	tu xiang ping mian	21
图像序列	tu xiang xu lie	27
图像拼接	tu xiang pin jie	8
图像搜索	tu xiang sou suo	30
图像旋转	tu xiang xuan zhuan	5
图像梯度	tu xiang ti du	5
图像检索	tu xiang jian suo	36
图像滤波	tu xiang lv bo	1
图像滤镜	tu xiang lv jing	2
图像特征	tu xiang te zheng	19
图像特征提取	tu xiang te zheng ti qu	2
图像特效	tu xiang te xiao	1
图像理解	tu xiang li jie	8
图像直方图	tu xiang zhi fang tu	9
图像空间	tu xiang kong jian	5
图像算法	tu xiang suan fa	2
图像编码	tu xiang bian ma	21
图像编解码器	tu xiang bian jie ma qi	2
图像缩放	tu xiang suo fang	16
图像融合	tu xiang rong he	6
图像裁剪	tu xiang cai jian	9
图像识别算法	tu xiang shi bie suan fa	7
图像质量评价	tu xiang zhi liang ping jia	8
图像配准	tu xiang pei zhun	13
图像重建	tu xiang chong jian	7
图像金字塔	tu xiang jin zi ta	1
图像锐化	tu xiang rui hua	9
图元属性	tu yuan shu xing	5
图吧	tu ba	12
图型结构	tu xing jie gou	6
图层路径	tu ceng lu jing	6
图形上下文	tu xing shang xia wen	12
图形保真	tu xing bao zhen	2
图形包	tu xing bao	2
图形化界面	tu xing hua jie mian	19
图形图像	tu xing tu xiang	23
图形图像处理	tu xing tu xiang chu li	3
图形图表	tu xing tu biao	1
图形失真	tu xing shi zhen	5
图形字符	tu xing zi fu	33
图形学原理	tu xing xue yuan li	4
图形学基础	tu xing xue ji chu	6
图形工作站	tu xing gong zuo zhan	18
图形开发	tu xing kai fa	6
图形打印	tu xing da yin	4
图形技术	tu xing ji shu	42
图形数据库	tu xing shu ju ku	5
图形渲染	tu xing xuan ran	34
图形用户接口	tu xing yong hu jie kou	4
图形算法	tu xing suan fa	7
图形系统	tu xing xi tong	32
图形结构	tu xing jie gou	11
图形绘制	tu xing hui zhi	35
图形编程	tu xing bian cheng	15
图形芯片	tu xing xin pian	25
图形设备	tu xing she bei	23
图形设备界面	tu xing she bei jie mian	6
图形识别	tu xing shi bie	2
图形语言	tu xing yu yan	9
图形输入板	tu xing shu ru ban	6
图形适配器	tu xing shi pei qi	22
图搜索	tu sou suo	4
图数据库	tu shu ju ku	39
图文教程	tu wen jiao cheng	3
图文混排	tu wen hun pai	2
图文电视	tu wen dian shi	36
图标字体	tu biao zi ti	1
图标类型	tu biao lei xing	1
图标设计	tu biao she ji	29
图标集中	tu biao ji zhong	6
图案叠加	tu an die jia	1
图灵机器人	tu ling ji qi ren	9
图片上传	tu pian shang chuan	13
图片下载	tu pian xia zai	7
图片优化	tu pian you hua	10
图片切换	tu pian qie huan	1
图片剪切	tu pian jian qie	9
图片剪裁	tu pian jian cai	2
图片加载	tu pian jia zai	14
图片加载框架	tu pian jia zai kuang jia	11
图片压缩	tu pian ya suo	5
图片合成	tu pian he cheng	3
图片圆角	tu pian yuan jiao	10
图片处理	tu pian chu li	12
图片展示	tu pian zhan shi	33
图片异步加载	tu pian yi bu jia zai	11
图片拉伸	tu pian la shen	11
图片放大	tu pian fang da	1
图片旋转	tu pian xuan zhuan	11
图片服务器	tu pian fu wu qi	10
图片查看器	tu pian cha kan qi	2
图片格式	tu pian ge shi	33
图片框架	tu pian kuang jia	8
图片水印	tu pian shui yin	2
图片浏览	tu pian liu lan	8
图片浏览器	tu pian liu lan qi	8
图片滚动	tu pian gun dong	1
图片特效	tu pian te xiao	2
图片管理	tu pian guan li	12
图片缓存	tu pian huan cun	14
图片编辑	tu pian bian ji	35
图片缩放	tu pian suo fang	12
图片自适应	tu pian zi shi ying	9
图片裁剪	tu pian cai jian	11
图片识别	tu pian shi bie	2
图片资源	tu pian zi yuan	7
图片转换	tu pian zhuan huan	6
图片轮播	tu pian lun bo	11
图片轮播器	tu pian lun bo qi	10
图片适配	tu pian shi pei	9
图片选择	tu pian xuan ze	2
图片选择器	tu pian xuan ze qi	10
图片预览	tu pian yu lan	5
图片验证码	tu pian yan zheng ma	3
图的存储	tu de cun chu	10
图的遍历	tu de bian li	6
图符	tu fu	32
图算法	tu suan fa	40
图结构	tu jie gou	11
图表库	tu biao ku	1
图论知识	tu lun zhi shi	7
图论算法	tu lun suan fa	5
图语法	tu yu fa	4
图象处理	tu xiang chu li	15
图遍历	tu bian li	13
圆弧插补	yuan hu cha bu	4
圆形头像	yuan xing tou xiang	2
圆形菜单	yuan xing cai dan	10
圆形进度条	yuan xing jin du tiao	11
圆角图片	yuan jiao tu pian	11
圆角矩形	yuan jiao ju xing	41
圆角边框	yuan jiao bian kuang	10
土地网	tu di wang	4
在线升级	zai xian sheng ji	10
在线帮助	zai xian bang zhu	22
在线开发	zai xian kai fa	9
在线更新	zai xian geng xin	15
在线杀毒	zai xian sha du	5
在线游戏开发	zai xian you xi kai fa	1
在线笔试	zai xian bi shi	2
在线算法	zai xian suan fa	11
在线编程	zai xian bian cheng	4
在线编辑器	zai xian bian ji qi	8
在线表格	zai xian biao ge	4
在线预览	zai xian yu lan	5
地图代码	di tu dai ma	6
地图切片	di tu qie pian	1
地图制图	di tu zhi tu	34
地图定位	di tu ding wei	16
地图工具	di tu gong ju	5
地图应用	di tu ying yong	37
地图开发	di tu kai fa	3
地址传递	di zhi chuan di	12
地址变换	di zhi bian huan	1
地址字段	di zhi zi duan	8
地址寄存器	di zhi ji cun qi	13
地址总线	di zhi zong xian	48
地址掩码	di zhi yan ma	12
地址映射	di zhi ying she	19
地址栏搜索	di zhi lan sou suo	1
地址格式	di zhi ge shi	10
地址管理	di zhi guan li	2
地址解析	di zhi jie xi	12
地址解析协议	di zhi jie xi xie yi	20
地址译码器	di zhi yi ma qi	1
地理处理服务	di li chu li fu wu	7
地理定位	di li ding wei	41
地理编码	di li bian ma	43
地统计	di tong ji	9
地网	di wang	7
场景切换	chang jing qie huan	17
场频	chang pin	4
均值滤波	jun zhi lv bo	8
均衡化	jun heng hua	10
均衡器	jun heng qi	45
坐标系转换	zuo biao xi zhuan huan	6
坐标转换	zuo biao zhuan huan	48
块元素	kuai yuan su	31
块状元素	kuai zhuang yuan su	11
块状树	kuai zhuang shu	6
块状链表	kuai zhuang lian biao	6
块级作用域	kuai ji zuo yong yu	4
块级元素	kuai ji yuan su	6
块结构语言	kuai jie gou yu yan	6
坦克大战	tan ke da zhan	40
垂直分片	chui zhi fen pian	6
垂直刻度	chui zhi ke du	1
垂直居中	chui zhi ju zhong	1
垂直扫描频率	chui zhi sao miao pin lv	6
垂直翻转	chui zhi fan zhuan	7
垃圾回收机制	la ji hui shou ji zhi	20
垃圾回收算法	la ji hui shou suan fa	5
垃圾收集器	la ji shou ji qi	41
垃圾收集算法	la ji shou ji suan fa	11
垃圾清理	la ji qing li	46
埃及分数	ai ji fen shu	24
域分解	yu fen jie	2
域名控制器	yu ming kong zhi qi	2
域名服务	yu ming fu wu	26
培训材料	pei xun cai liao	11
培训记录	pei xun ji lu	4
基于主体	ji yu zhu ti	4
基于实例	ji yu shi li	8
基于构件	ji yu gou jian	5
基于特征	ji yu te zheng	11
基于知识	ji yu zhi shi	31
基于规则	ji yu gui ze	47
基于角色授权	ji yu jue se shou quan	5
基于解释	ji yu jie shi	5
基准程序	ji zhun cheng xu	8
基因数据处理	ji yin shu ju chu li	1
基址寄存器	ji zhi ji cun qi	3
基尔霍夫矩阵	ji er huo fu ju zhen	7
基带传输	ji dai chuan shu	5
基数排序	ji shu pai xu	22
基本优先级	ji ben you xian ji	7
基本命令	ji ben ming ling	21
基本平台	ji ben ping tai	4
基本排序算法	ji ben pai xu suan fa	8
基本控件	ji ben kong jian	2
基本数据类型	ji ben shu ju lei xing	33
基本数据结构	ji ben shu ju jie gou	6
基本组件	ji ben zu jian	23
基本词	ji ben ci	6
基本语法	ji ben yu fa	31
基本输入输出	ji ben shu ru shu chu	12
基本运算符	ji ben yun suan fu	3
基本配置	ji ben pei zhi	42
基本集	ji ben ji	10
基础代码	ji chu dai ma	12
基础函数	ji chu han shu	4
基础动画	ji chu dong hua	10
基础原理	ji chu yuan li	29
基础命令	ji chu ming ling	1
基础备份	ji chu bei fen	7
基础夯实	ji chu hang shi	1
基础工具	ji chu gong ju	18
基础应用	ji chu ying yong	14
基础操作	ji chu cao zuo	11
基础数据类型	ji chu shu ju lei xing	8
基础数据结构	ji chu shu ju jie gou	2
基础算法	ji chu suan fa	5
基础类	ji chu lei	13
基础类库	ji chu lei ku	12
基础网	ji chu wang	6
基础设置	ji chu she zhi	14
基础语法	ji chu yu fa	11
基础语言	ji chu yu yan	9
基础软件	ji chu ruan jian	27
基础部件	ji chu bu jian	10
基础部分	ji chu bu fen	12
基站定位	ji zhan ding wei	2
基类	ji lei	17
堆优化	dui you hua	3
堆内存	dui nei cun	4
堆区	dui qu	2
堆和栈	dui he zhan	2
堆排	dui pai	2
堆排序	dui pai xu	36
堆栈布局	dui zhan bu ju	7
堡垒主机	bao lei zhu ji	6
堡垒机	bao lei ji	1
填充区	tian chong qu	2
填充矩形	tian chong ju xing	1
填充空白	tian chong kong bai	1
增删改	zeng shan gai	9
增删改查	zeng shan gai cha	5
增删查改	zeng shan cha gai	10
增加字段	zeng jia zi duan	1
增加节点	zeng jia jie dian	3
增强学习	zeng qiang xue xi	17
增量升级	zeng liang sheng ji	4
增量压缩	zeng liang ya suo	1
增量备份	zeng liang bei fen	12
增量学习	zeng liang xue xi	1
增量更新	zeng liang geng xin	7
增量编译	zeng liang bian yi	5
增量转储	zeng liang zhuan chu	5
声卡驱动	sheng ka qu dong	13
声学模型	sheng xue mo xing	36
声明周期	sheng ming zhou qi	13
声明式事务	sheng ming shi shi wu	1
声明式编程	sheng ming shi bian cheng	12
声波传输	sheng bo chuan shu	2
声波通信	sheng bo tong xin	1
声波通讯	sheng bo tong xun	6
声纹识别	sheng wen shi bie	2
声讯吸费电话	sheng xun xi fei dian hua	7
声讯电话平台	sheng xun dian hua ping tai	6
声音合成	sheng yin he cheng	47
声音识别	sheng yin shi bie	16
声音输入设备	sheng yin shu ru she bei	6
声音输出设备	sheng yin shu chu she bei	1
处理事件	chu li shi jian	14
处理器分配	chu li qi fen pei	1
处理器技术	chu li qi ji shu	25
处理器管理	chu li qi guan li	9
处理器调度	chu li qi diao du	1
处理机对	chu li ji dui	6
处理机状态字	chu li ji zhuang tai zi	5
处理流	chu li liu	3
处理部件	chu li bu jian	3
备份域控制器	bei fen yu kong zhi qi	7
备份恢复	bei fen hui fu	8
备份文件	bei fen wen jian	21
备份软件	bei fen ruan jian	32
备份过程	bei fen guo cheng	6
备份还原	bei fen huan yuan	17
备忘录模式	bei wang lu mo shi	2
备用系统	bei yong xi tong	22
复位序列	fu wei xu lie	1
复位脉冲	fu wei mai chong	7
复制传播	fu zhi chuan bo	10
复制保护	fu zhi bao hu	36
复制数组	fu zhi shu zu	1
复制文件	fu zhi wen jian	28
复制构造函数	fu zhi gou zao han shu	21
复制粘贴	fu zhi zhan tie	30
复制集	fu zhi ji	9
复合控件	fu he kong jian	1
复合控制	fu he kong zhi	6
复合标识	fu he biao zhi	6
复合类型	fu he lei xing	27
复数类	fu shu lei	11
复数运算	fu shu yun suan	18
复杂事务	fu za shi wu	7
复杂度分析	fu za du fen xi	6
复杂度计算	fu za du ji suan	8
复杂指令集	fu za zhi ling ji	28
复杂数据类型	fu za shu ju lei xing	9
复杂符号	fu za fu hao	2
复用器	fu yong qi	17
复用类	fu yong lei	9
复选框	fu xuan kuang	30
外围处理机	wai wei chu li ji	5
外壳命令	wai ke ming ling	7
外壳脚本	wai ke jiao ben	2
外壳语言	wai ke yu yan	5
外壳进程	wai ke jin cheng	7
外存储器	wai cun chu qi	1
外排序	wai pai xu	10
外接程序	wai jie cheng xu	8
外文翻译	wai wen fan yi	39
外模式	wai mo shi	10
外网访问	wai wang fang wen	7
外联结	wai lian jie	3
外联网	wai lian wang	11
外裁剪	wai cai jian	7
外观文件	wai guan wen jian	4
外观模式	wai guan mo shi	8
外边距	wai bian ju	3
外连接	wai lian jie	39
外部中断	wai bu zhong duan	4
外部协议	wai bu xie yi	6
外部威胁	wai bu wei xie	6
外部存储	wai bu cun chu	26
外部工具	wai bu gong ju	14
外部总线	wai bu zong xian	13
外部排序	wai bu pai xu	2
外部样式	wai bu yang shi	3
外部样式表	wai bu yang shi biao	6
外部程序	wai bu cheng xu	13
外部类	wai bu lei	14
外部网关协议	wai bu wang guan xie yi	7
外部表	wai bu biao	11
外部调用	wai bu diao yong	4
外部页表	wai bu ye biao	5
外键关联	wai jian guan lian	1
外键约束	wai jian yue shu	1
多主体	duo zhu ti	6
多义	duo yi	10
多人协作	duo ren xie zuo	12
多任务管理	duo ren wu guan li	1
多任务编程	duo ren wu bian cheng	7
多优先级	duo you xian ji	6
多例模式	duo li mo shi	1
多值依赖	duo zhi yi lai	16
多元线性回归	duo yuan xian xing hui gui	15
多光谱图像	duo guang pu tu xiang	9
多分类	duo fen lei	12
多分辨率	duo fen bian lv	12
多分辨率分析	duo fen bian lv fen xi	8
多列	duo lie	14
多列显示	duo lie xian shi	8
多协议	duo xie yi	11
多参数	duo can shu	13
多叉树	duo cha shu	6
多国语言版	duo guo yu yan ban	9
多图上传	duo tu shang chuan	8
多图片上传	duo tu pian shang chuan	8
多址	duo zhi	10
多址访问	duo zhi fang wen	5
多域名	duo yu ming	2
多处理器调度	duo chu li qi diao du	2
多处理机	duo chu li ji	21
多处理机系统	duo chu li ji xi tong	3
多处理环境	duo chu li huan jing	5
多媒体业务	duo mei ti ye wu	15
多媒体会议	duo mei ti hui yi	7
多媒体处理	duo mei ti chu li	16
多媒体开发	duo mei ti kai fa	6
多媒体扩展	duo mei ti kuo zhan	7
多媒体数据库	duo mei ti shu ju ku	6
多媒体编程	duo mei ti bian cheng	2
多媒体计算机	duo mei ti ji suan ji	5
多媒体通信	duo mei ti tong xin	25
多媒体通讯	duo mei ti tong xun	12
多字节	duo zi jie	48
多实例	duo shi li	13
多客服	duo ke fu	8
多对一	duo dui yi	36
多对一联系	duo dui yi lian xi	1
多对多	duo dui duo	23
多对多联系	duo dui duo lian xi	1
多对象	duo dui xiang	11
多尺度分析	duo chi du fen xi	4
多层印制板	duo ceng yin zhi ban	6
多层感知机	duo ceng gan zhi ji	3
多屏幕适配	duo ping mu shi pei	9
多屏适配	duo ping shi pei	7
多布局	duo bu ju	9
多总线	duo zong xian	2
多指令	duo zhi ling	10
多数据	duo shu ju	13
多数据流	duo shu ju liu	39
多数据源	duo shu ju yuan	11
多文件	duo wen jian	13
多文件上传	duo wen jian shang chuan	2
多文档	duo wen dang	10
多机器人系统	duo ji qi ren xi tong	5
多条件查询	duo tiao jian cha xun	10
多条语句	duo tiao yu ju	2
多校训练	duo xiao xun lian	6
多模块	duo mo kuai	3
多次点击	duo ci dian ji	4
多波束	duo bo shu	25
多渠道打包	duo qu dao da bao	11
多源最短路径	duo yuan zui duan lu jing	8
多点会议	duo dian hui yi	1
多点触摸	duo dian chu mo	20
多点连接	duo dian lian jie	2
多点通信	duo dian tong xin	4
多版本	duo ban ben	13
多环境	duo huan jing	9
多用户	duo yong hu	14
多用户系统	duo yong hu xi tong	12
多目标	duo mu biao	11
多租户	duo zu hu	35
多程序	duo cheng xu	10
多窗口	duo chuang kou	34
多站点	duo zhan dian	16
多米诺效应	duo mi nuo xiao ying	7
多系统	duo xi tong	11
多级	duo ji	14
多级中断	duo ji zhong duan	6
多级反馈	duo ji fan kui	7
多级反馈队列	duo ji fan kui dui lie	9
多级安全	duo ji an quan	2
多级目录	duo ji mu lu	12
多级菜单	duo ji cai dan	1
多级高速缓存	duo ji gao su huan cun	6
多线程下载	duo xian cheng xia zai	4
多线程同步	duo xian cheng tong bu	5
多线程基础	duo xian cheng ji chu	8
多线程处理	duo xian cheng chu li	6
多线程多进程	duo xian cheng duo jin cheng	8
多线程安全	duo xian cheng an quan	1
多线程并发	duo xian cheng bing fa	6
多线程开发	duo xian cheng kai fa	11
多线程技术	duo xian cheng ji shu	7
多线程编程	duo xian cheng bian cheng	10
多线程网络	duo xian cheng wang luo	9
多线程通信	duo xian cheng tong xin	9
多组织访问	duo zu zhi fang wen	6
多终端	duo zhong duan	9
多继承	duo ji cheng	14
多维分析	duo wei fen xi	4
多维数据结构	duo wei shu ju jie gou	6
多维数组	duo wei shu zu	41
多网卡	duo wang ka	4
多网站	duo wang zhan	10
多节点	duo jie dian	21
多行标签	duo hang biao qian	5
多行注释	duo hang zhu shi	10
多表	duo biao	14
多表关联	duo biao guan lian	10
多表查询	duo biao cha xun	1
多视图	duo shi tu	16
多计算机	duo ji suan ji	8
多计算机系统	duo ji suan ji xi tong	5
多路分配器	duo lu fen pei qi	3
多路归并	duo lu gui bing	3
多边形分解	duo bian xing fen jie	7
多边形裁剪	duo bian xing cai jian	1
多边形面片	duo bian xing mian pian	5
多边形面积	duo bian xing mian ji	15
多进程	duo jin cheng	15
多进程多线程	duo jin cheng duo xian cheng	9
多进程编程	duo jin cheng bian cheng	9
多进程通信	duo jin cheng tong xin	1
多选框	duo xuan kuang	2
多通道	duo tong dao	12
多通道传输	duo tong dao chuan shu	1
多道程序	duo dao cheng xu	12
多道程序设计	duo dao cheng xu she ji	1
多重关系	duo chong guan xi	9
多重处理	duo chong chu li	10
多重异常	duo chong yi chang	1
多重纹理	duo chong wen li	2
多重背包	duo chong bei bao	12
多链路	duo lian lu	4
多项式拟合	duo xiang shi ni he	4
多项式空间	duo xiang shi kong jian	13
多项目	duo xiang mu	11
大于搜索	da yu sou suo	5
大型纹理	da xing wen li	5
大型网站	da xing wang zhan	27
大型网站架构	da xing wang zhan jia gou	10
大容量存储器	da rong liang cun chu qi	8
大小写不敏感	da xiao xie bu min gan	17
大小写敏感	da xiao xie min gan	33
大小写转换	da xiao xie zhuan huan	12
大小端	da xiao duan	2
大小端模式	da xiao duan mo shi	10
大屏幕显示器	da ping mu xian shi qi	2
大数乘法	da shu cheng fa	10
大数加法	da shu jia fa	10
大数取模	da shu qu mo	7
大数处理	da shu chu li	8
大数据云计算	da shu ju yun ji suan	2
大数据可视化	da shu ju ke shi hua	8
大数据培训	da shu ju pei xun	3
大数据处理	da shu ju chu li	5
大数据存储	da shu ju cun chu	2
大数据安全	da shu ju an quan	4
大数据工具	da shu ju gong ju	1
大数据平台	da shu ju ping tai	9
大数据开发	da shu ju kai fa	2
大数据技术	da shu ju ji shu	42
大数据方案	da shu ju fang an	1
大数据时代	da shu ju shi dai	43
大数据架构	da shu ju jia gou	9
大数据框架	da shu ju kuang jia	2
大数据算法	da shu ju suan fa	1
大数据管理	da shu ju guan li	22
大数据量	da shu ju liang	8
大数模拟	da shu mo ni	6
大数模板	da shu mu ban	9
大数求余	da shu qiu yu	7
大数相乘	da shu xiang cheng	10
大数相减	da shu xiang jian	7
大数相加	da shu xiang jia	10
大数类	da shu lei	8
大数计算	da shu ji suan	9
大数运算	da shu yun suan	3
大数阶乘	da shu jie cheng	1
大数题	da shu ti	7
大数高精度	da shu gao jing du	6
大整数	da zheng shu	12
大整数乘法	da zheng shu cheng fa	5
大整数加法	da zheng shu jia fa	8
大文件上传	da wen jian shang chuan	11
大根堆	da gen dui	1
大模拟	da mo ni	8
大端字节序	da duan zi jie xu	2
大端小端	da duan xiao duan	10
大端模式	da duan mo shi	1
大菲波数	da fei bo shu	8
大话设计	da hua she ji	8
天天爱消除	tian tian ai xiao chu	48
天气接口	tian qi jie kou	8
天气查询	tian qi cha xun	6
天气预报接口	tian qi yu bao jie kou	9
天空软件站	tian kong ruan jian zhan	1
天网防火墙	tian wang fang huo qiang	2
失去焦点	shi qu jiao dian	10
失效恢复	shi xiao hui fu	9
失效数据	shi xiao shu ju	9
失效检测	shi xiao jian ce	1
失效节点	shi xiao jie dian	9
头像上传	tou xiang shang chuan	4
头插法	tou cha fa	12
奇偶剪枝	ji ou jian zhi	9
奇偶排序	ji ou pai xu	3
奇偶检验	ji ou jian yan	24
奇偶检验位	ji ou jian yan wei	6
奇数场	ji shu chang	6
奇数扫描	ji shu sao miao	2
奇检验	ji jian yan	5
奈奎斯特准则	nai kui si te zhun ze	15
套接字编程	tao jie zi bian cheng	11
好文分享	hao wen fen xiang	6
委托事件	wei tuo shi jian	4
委托机制	wei tuo ji zhi	1
委托模式	wei tuo mo shi	10
姿态识别	zi tai shi bie	8
威佐夫博弈	wei zuo fu bo yi	1
威胁分析	wei xie fen xi	14
威胁情报	wei xie qing bao	9
媒体库	mei ti ku	47
媒体技术	mei ti ji shu	8
媒体控制接口	mei ti kong zhi jie kou	6
媒体查询	mei ti cha xun	35
媒体格式	mei ti ge shi	36
媒体访问控制	mei ti fang wen kong zhi	15
子串匹配	zi chuan pi pei	2
子任务	zi ren wu	12
子任务处理	zi ren wu chu li	1
子作业	zi zuo ye	6
子函数	zi han shu	13
子句语法	zi ju yu fa	7
子图匹配	zi tu pi pei	5
子字符串	zi zi fu chuan	24
子带编码	zi dai bian ma	5
子序列问题	zi xu lie wen ti	7
子数组	zi shu zu	5
子方法	zi fang fa	10
子查询	zi cha xun	28
子模式	zi mo shi	12
子段	zi duan	11
子目标	zi mu biao	8
子程序	zi cheng xu	14
子程序参数	zi cheng xu can shu	1
子程序指针	zi cheng xu zhi zhen	1
子窗口	zi chuang kou	44
子系统接口	zi xi tong jie kou	1
子级元素	zi ji yuan su	9
子线程	zi xian cheng	6
子结构	zi jie gou	11
子网	zi wang	13
子网划分	zi wang hua fen	5
子网掩码	zi wang yan ma	37
子菜单	zi cai dan	12
子视图	zi shi tu	14
子语言	zi yu yan	7
子采样	zi cai yang	9
子队列	zi dui lie	8
子集生成	zi ji sheng cheng	6
子集覆盖	zi ji fu gai	5
字串串	zi chuan chuan	5
字位	zi wei	9
字体加粗	zi ti jia cu	7
字体图标	zi ti tu biao	10
字体设置	zi ti she zhi	10
字典排序	zi dian pai xu	1
字典树	zi dian shu	3
字典转模型	zi dian zhuan mo xing	11
字处理	zi chu li	11
字形编码	zi xing bian ma	6
字模点阵	zi mu dian zhen	5
字段名	zi duan ming	17
字段类型	zi duan lei xing	6
字母图形	zi mu tu xing	7
字母字符集	zi mu zi fu ji	1
字符串专题	zi fu chuan zhuan ti	5
字符串全排列	zi fu chuan quan pai lie	8
字符串函数	zi fu chuan han shu	8
字符串分割	zi fu chuan fen ge	2
字符串切割	zi fu chuan qie ge	9
字符串加密	zi fu chuan jia mi	10
字符串匹配	zi fu chuan pi pei	20
字符串反转	zi fu chuan fan zhuan	11
字符串哈希	zi fu chuan ha xi	9
字符串回文	zi fu chuan hui wen	7
字符串处理	zi fu chuan chu li	23
字符串常量	zi fu chuan chang liang	9
字符串常量池	zi fu chuan chang liang chi	10
字符串截取	zi fu chuan jie qu	12
字符串拆分	zi fu chuan chai fen	10
字符串拷贝	zi fu chuan kao bei	12
字符串拼接	zi fu chuan pin jie	3
字符串指针	zi fu chuan zhi zhen	13
字符串排序	zi fu chuan pai xu	3
字符串搜索	zi fu chuan sou suo	30
字符串操作	zi fu chuan cao zuo	18
字符串数组	zi fu chuan shu zu	1
字符串旋转	zi fu chuan xuan zhuan	7
字符串替换	zi fu chuan ti huan	6
字符串查找	zi fu chuan cha zhao	5
字符串格式化	zi fu chuan ge shi hua	2
字符串模拟	zi fu chuan mo ni	9
字符串比较	zi fu chuan bi jiao	7
字符串相似度	zi fu chuan xiang si du	6
字符串算法	zi fu chuan suan fa	4
字符串类	zi fu chuan lei	9
字符串翻转	zi fu chuan fan zhuan	10
字符串计算	zi fu chuan ji suan	9
字符串详解	zi fu chuan xiang jie	5
字符串资源	zi fu chuan zi yuan	1
字符串转换	zi fu chuan zhuan huan	20
字符串转数字	zi fu chuan zhuan shu zi	9
字符串输入	zi fu chuan shu ru	1
字符串连接	zi fu chuan lian jie	10
字符串逆序	zi fu chuan ni xu	10
字符串长度	zi fu chuan chang du	18
字符函数	zi fu han shu	11
字符匹配	zi fu pi pei	2
字符发生器	zi fu fa sheng qi	1
字符变量	zi fu bian liang	12
字符处理	zi fu chu li	5
字符常量	zi fu chang liang	7
字符截取	zi fu jie qu	9
字符指针	zi fu zhi zhen	4
字符排序	zi fu pai xu	1
字符操作	zi fu cao zuo	2
字符数组	zi fu shu zu	12
字符替换	zi fu ti huan	11
字符流	zi fu liu	8
字符统计	zi fu tong ji	1
字符设备	zi fu she bei	7
字符设备驱动	zi fu she bei qu dong	11
字符识别	zi fu shi bie	7
字符转换	zi fu zhuan huan	13
字符输入	zi fu shu ru	10
字符边界	zi fu bian jie	9
字符集编码	zi fu ji bian ma	8
字符驱动	zi fu qu dong	10
字节对齐	zi jie dui qi	26
字节序	zi jie xu	44
字节数组	zi jie shu zu	9
字节集	zi jie ji	7
字计数	zi ji shu	3
字面值	zi mian zhi	37
字面常量	zi mian chang liang	18
存储位置	cun chu wei zhi	42
存储体	cun chu ti	12
存储保护	cun chu bao hu	2
存储元件	cun chu yuan jian	12
存储周期	cun chu zhou qi	7
存储器分配	cun chu qi fen pei	1
存储器层次	cun chu qi ceng ci	6
存储器带宽	cun chu qi dai kuan	1
存储器总线	cun chu qi zong xian	2
存储密度	cun chu mi du	13
存储带宽	cun chu dai kuan	7
存储引擎	cun chu yin qing	16
存储文件	cun chu wen jian	18
存储栈	cun chu zhan	1
存储模块	cun chu mo kuai	3
存储矩阵	cun chu ju zhen	1
存储碎片	cun chu sui pian	8
存储空间不足	cun chu kong jian bu zu	3
存储管理	cun chu guan li	23
存储管理服务	cun chu guan li fu wu	8
存储管理策略	cun chu guan li ce lve	5
存储管理部件	cun chu guan li bu jian	5
存储类型	cun chu lei xing	7
存储芯片	cun chu xin pian	29
存储虚拟化	cun chu xu ni hua	6
存储转发	cun chu zhuan fa	7
存储过程	cun chu guo cheng	36
存储选区	cun chu xuan qu	5
存储配置	cun chu pei zhi	25
存储阵列	cun chu zhen lie	5
存到文件	cun dao wen jian	11
存取冲突	cun qu chong tu	1
存取控制机制	cun qu kong zhi ji zhi	5
存取方法	cun qu fang fa	20
存取时间	cun qu shi jian	9
存取权	cun qu quan	20
存取矩阵	cun qu ju zhen	5
存取类型	cun qu lei xing	7
存取级别	cun qu ji bie	6
存取臂	cun qu bi	6
存取范畴	cun qu fan chou	5
存取表	cun qu biao	8
存取许可	cun qu xu ke	6
存取速度	cun qu su du	34
存取队列	cun qu dui lie	5
存档文件	cun dang wen jian	16
孙子定理	sun zi ding li	6
孤儿进程	gu er jin cheng	24
学生管理系统	xue sheng guan li xi tong	1
守恒性	shou heng xing	8
守护程序	shou hu cheng xu	13
守护线程	shou hu xian cheng	3
安全内核	an quan nei he	3
安全加密	an quan jia mi	16
安全域	an quan yu	5
安全套接层	an quan tao jie ceng	10
安全审计	an quan shen ji	26
安全工具	an quan gong ju	23
安全应急	an quan ying ji	7
安全性测试	an quan xing ce shi	13
安全技术研究	an quan ji shu yan jiu	5
安全操作	an quan cao zuo	48
安全操作系统	an quan cao zuo xi tong	3
安全攻防	an quan gong fang	2
安全标识符	an quan biao zhi fu	14
安全框架	an quan kuang jia	13
安全模型	an quan mo xing	28
安全焦点	an quan jiao dian	7
安全电子交易	an quan dian zi jiao yi	3
安全监控	an quan jian kong	49
安全知识	an quan zhi shi	46
安全类	an quan lei	15
安全编程	an quan bian cheng	2
安全网关	an quan wang guan	4
安全芯片	an quan xin pian	22
安全访问	an quan fang wen	10
安全识别	an quan shi bie	4
安全资讯	an quan zi xun	23
安全路由器	an quan lu you qi	2
安全过滤器	an quan guo lv qi	7
安全通信	an quan tong xin	31
安卓代码	an zhuo dai ma	9
安卓加密	an zhuo jia mi	5
安卓动画	an zhuo dong hua	7
安卓反编译	an zhuo fan bian yi	7
安卓后台	an zhuo hou tai	1
安卓四大组件	an zhuo si da zu jian	7
安卓图片	an zhuo tu pian	7
安卓安全	an zhuo an quan	7
安卓定制	an zhuo ding zhi	1
安卓屏幕适配	an zhuo ping mu shi pei	5
安卓布局	an zhuo bu ju	7
安卓常用	an zhuo chang yong	6
安卓应用	an zhuo ying yong	16
安卓应用开发	an zhuo ying yong kai fa	8
安卓开发	an zhuo kai fa	6
安卓开发工具	an zhuo kai fa gong ju	9
安卓开发技术	an zhuo kai fa ji shu	6
安卓开发经验	an zhuo kai fa jing yan	6
安卓开源	an zhuo kai yuan	3
安卓打包	an zhuo da bao	7
安卓控件	an zhuo kong jian	7
安卓推送	an zhuo tui song	1
安卓教程	an zhuo jiao cheng	6
安卓框架	an zhuo kuang jia	7
安卓模拟器	an zhuo mo ni qi	18
安卓测试	an zhuo ce shi	1
安卓游戏	an zhuo you xi	8
安卓源码分析	an zhuo yuan ma fen xi	5
安卓界面	an zhuo jie mian	2
安卓类	an zhuo lei	3
安卓编程	an zhuo bian cheng	8
安卓网络	an zhuo wang luo	7
安卓逆向	an zhuo ni xiang	6
安卓项目	an zhuo xiang mu	11
安卓驱动	an zhuo qu dong	6
安装使用	an zhuang shi yong	13
安装卸载	an zhuang xie zai	1
安装图解	an zhuang tu jie	9
安装失败	an zhuang shi bai	12
安装技术	an zhuang ji shu	11
安装指南	an zhuang zhi nan	12
安装插件	an zhuang cha jian	22
安装攻略	an zhuang gong lve	5
安装教程	an zhuang jiao cheng	2
安装文档	an zhuang wen dang	11
安装方法	an zhuang fang fa	27
安装步骤	an zhuang bu zhou	17
安装部署	an zhuang bu shu	4
安装配置	an zhuang pei zhi	48
安装错误	an zhuang cuo wu	4
安装问题	an zhuang wen ti	11
完全二叉树	wan quan er cha shu	15
完全保密	wan quan bao mi	22
完全函数依赖	wan quan han shu yi lai	4
完全分布式	wan quan fen bu shi	5
完全图	wan quan tu	11
完全平方数	wan quan ping fang shu	42
完全背包	wan quan bei bao	5
完全问题	wan quan wen ti	10
完全集	wan quan ji	7
完成端口	wan cheng duan kou	25
完整性控制	wan zheng xing kong zhi	16
完整性检查	wan zheng xing jian cha	16
完整性检验	wan zheng xing jian yan	1
完整性约束	wan zheng xing yue shu	18
完整项目	wan zheng xiang mu	2
宏元编程	hong yuan bian cheng	1
宏函数	hong han shu	1
宏定义	hong ding yi	14
宏指令	hong zhi ling	4
宏语言	hong yu yan	19
官方教程	guan fang jiao cheng	1
官方文档翻译	guan fang wen dang fan yi	9
官网文档	guan wang wen dang	12
官网翻译	guan wang fan yi	1
定义性	ding yi xing	9
定义数据类型	ding yi shu ju lei xing	12
定义符	ding yi fu	1
定义类	ding yi lei	28
定义阶段	ding yi jie duan	12
定位时间	ding wei shi jian	3
定向搜索	ding xiang sou suo	4
定性描述	ding xing miao shu	16
定时任务	ding shi ren wu	2
定时任务调度	ding shi ren wu diao du	8
定时关机	ding shi guan ji	11
定时分析	ding shi fen xi	5
定时刷新	ding shi shua xin	13
定时备份	ding shi bei fen	1
定时执行	ding shi zhi xing	2
定时调度	ding shi diao du	10
定时调度任务	ding shi diao du ren wu	7
定点运算	ding dian yun suan	12
定界符	ding jie fu	8
实体型	shi ti xing	2
实体完整性	shi ti wan zheng xing	7
实体容器	shi ti rong qi	1
实体数据模型	shi ti shu ju mo xing	5
实体映射	shi ti ying she	2
实体框架	shi ti kuang jia	9
实体类	shi ti lei	24
实体类型	shi ti lei xing	25
实体联系图	shi ti lian xi tu	2
实体解析	shi ti jie xi	1
实体造型	shi ti zao xing	35
实体鉴别	shi ti jian bie	6
实体集	shi ti ji	2
实例代码	shi li dai ma	3
实例分析	shi li fen xi	8
实例变量	shi li bian liang	37
实例名	shi li ming	13
实例域	shi li yu	11
实例方法	shi li fang fa	18
实地址	shi di zhi	2
实型变量	shi xing bian liang	9
实型常量	shi xing chang liang	9
实战开发	shi zhan kai fa	9
实战技巧	shi zhan ji qiao	9
实施规则	shi shi gui ze	14
实时三维重建	shi shi san wei chong jian	5
实时同步	shi shi tong bu	7
实时处理	shi shi chu li	23
实时多媒体	shi shi duo mei ti	8
实时控制	shi shi kong zhi	26
实时搜索	shi shi sou suo	22
实时数据库	shi shi shu ju ku	6
实时时钟	shi shi shi zhong	39
实时检索	shi shi jian suo	3
实时滤镜	shi shi lv jing	1
实时监控程序	shi shi jian kong cheng xu	5
实时系统	shi shi xi tong	32
实时约束	shi shi yue shu	2
实时视频	shi shi shi pin	31
实时计算	shi shi ji suan	41
实时计算机	shi shi ji suan ji	12
实时输入	shi shi shu ru	7
实时输出	shi shi shu chu	2
实时通讯	shi shi tong xun	21
实时预览	shi shi yu lan	10
实现原理	shi xian yuan li	7
实现类	shi xian lei	10
实现阶段	shi xian jie duan	16
实现需求	shi xian xu qiu	10
实用代码	shi yong dai ma	9
实用代码片段	shi yong dai ma pian duan	6
实用教程	shi yong jiao cheng	3
实用程序包	shi yong cheng xu bao	1
实用类	shi yong lei	4
实用网站	shi yong wang zhan	1
实用软件	shi yong ruan jian	10
实践手册	shi jian shou ce	5
实践指南	shi jian zhi nan	27
实践项目	shi jian xiang mu	41
实际开发	shi ji kai fa	22
实际案例	shi ji an li	49
实际页数	shi ji ye shu	4
审核指南	shen he zhi nan	9
审核被拒	shen he bei ju	1
审计跟踪	shen ji gen zong	6
客户体验	ke hu ti yan	43
客户化	ke hu hua	11
客户端开发	ke hu duan kai fa	7
客户端服务器	ke hu duan fu wu qi	12
客户端测试	ke hu duan ce shi	3
室内地图开发	shi nei di tu kai fa	5
室内定位	shi nei ding wei	10
家庭自动化	jia ting zi dong hua	30
容器云	rong qi yun	8
容器控件	rong qi kong jian	10
容器类	rong qi lei	16
容斥原理	rong chi yuan li	37
容斥定理	rong chi ding li	9
容量函数	rong liang han shu	8
容错控制	rong cuo kong zhi	4
容错计算	rong cuo ji suan	3
宽字符	kuan zi fu	23
宽带接入	kuan dai jie ru	45
宽带连接	kuan dai lian jie	11
宽度优先搜索	kuan du you xian sou suo	7
宽搜	kuan sou	10
宿主应用程序	su zhu ying yong cheng xu	8
宿主控件	su zhu kong jian	5
宿主系统	su zhu xi tong	12
寄存器重命名	ji cun qi chong ming ming	24
寄存器长度	ji cun qi chang du	1
寄生振荡	ji sheng zhen dang	2
寄生电容	ji sheng dian rong	39
密封类	mi feng lei	3
密封胶	mi feng jiao	35
密文分组链接	mi wen fen zu lian jie	6
密文反馈	mi wen fan kui	3
密码体制	mi ma ti zhi	12
密码修改	mi ma xiu gai	2
密码分析攻击	mi ma fen xi gong ji	6
密码安全	mi ma an quan	15
密码强度	mi ma qiang du	15
密码技术	mi ma ji shu	26
密码术	mi ma shu	7
密码框	mi ma kuang	1
密码破解	mi ma po jie	35
密码输入框	mi ma shu ru kuang	2
密码过期	mi ma guo qi	11
密码重置	mi ma chong zhi	7
密钥分配中心	mi yue fen pei zhong xin	1
密钥加密密钥	mi yue jia mi mi yue	1
密钥对	mi yue dui	36
密钥建立	mi yue jian li	2
密钥恢复	mi yue hui fu	6
密钥托管	mi yue tuo guan	12
密钥服务器	mi yue fu wu qi	3
密钥流	mi yue liu	31
密钥短语	mi yue duan yu	4
密钥证书	mi yue zheng shu	3
富文本	fu wen ben	32
富文本编辑器	fu wen ben bian ji qi	11
对偶原理	dui ou yuan li	4
对偶图	dui ou tu	26
对偶运算	dui ou yun suan	1
对应点	dui ying dian	11
对拍	dui pai	11
对比度扩展	dui bi du kuo zhan	5
对称加密	dui chen jia mi	46
对称密码	dui chen mi ma	16
对称树	dui chen shu	7
对策论	dui ce lun	6
对话模型	dui hua mo xing	2
对话系统	dui hua xi tong	31
对象创建	dui xiang chuang jian	23
对象初始化	dui xiang chu shi hua	7
对象名	dui xiang ming	14
对象图	dui xiang tu	8
对象复制	dui xiang fu zhi	8
对象字典	dui xiang zi dian	8
对象序列化	dui xiang xu lie hua	3
对象建模	dui xiang jian mo	3
对象建模技术	dui xiang jian mo ji shu	5
对象式	dui xiang shi	2
对象引用	dui xiang yin yong	37
对象归档	dui xiang gui dang	11
对象指针	dui xiang zhi zhen	3
对象排序	dui xiang pai xu	1
对象数组	dui xiang shu zu	11
对象方法	dui xiang fang fa	3
对象服务	dui xiang fu wu	8
对象标识符	dui xiang biao zhi fu	11
对象比较	dui xiang bi jiao	13
对象池	dui xiang chi	12
对象流	dui xiang liu	2
对象状态	dui xiang zhuang tai	7
对象管理器	dui xiang guan li qi	6
对象管理组	dui xiang guan li zu	2
对象管理结构	dui xiang guan li jie gou	5
对象请求代理	dui xiang qing qiu dai li	11
对象赋值	dui xiang fu zhi	3
对象路径	dui xiang lu jing	9
对象连接	dui xiang lian jie	6
对象锁	dui xiang suo	13
对齐线	dui qi xian	1
寻址方式	xun zhi fang shi	18
寻找文件	xun zhao wen jian	3
寻找文本	xun zhao wen ben	1
寻找最大数	xun zhao zui da shu	8
寻路算法	xun lu suan fa	2
寻道	xun dao	20
寻道时间	xun dao shi jian	7
导入导出	dao ru dao chu	15
导入工程	dao ru gong cheng	12
导入数据	dao ru shu ju	8
导入项目	dao ru xiang mu	13
导出函数	dao chu han shu	9
导出数据	dao chu shu ju	9
导出文件	dao chu wen jian	8
导出类	dao chu lei	2
导出表	dao chu biao	2
导出规则	dao chu gui ze	5
导包	dao bao	1
导航属性	dao hang shu xing	9
导航条	dao hang tiao	9
导航栏	dao hang lan	40
导航菜单	dao hang cai dan	5
导航页	dao hang ye	2
封装器	feng zhuang qi	5
封装工具类	feng zhuang gong ju lei	9
封装库	feng zhuang ku	6
封装性	feng zhuang xing	6
封装格式	feng zhuang ge shi	24
封装类	feng zhuang lei	5
封装继承多态	feng zhuang ji cheng duo tai	7
封锁粒度	feng suo li du	7
射频模块	she pin mo kuai	1
将金令	jiang jin ling	6
小事改变命运	xiao shi gai bian ming yun	5
小代码	xiao dai ma	11
小图标	xiao tu biao	24
小小项目	xiao xiao xiang mu	2
小平面	xiao ping mian	7
小应用程序	xiao ying yong cheng xu	16
小朋友排队	xiao peng you pai dui	2
小服务程序	xiao fu wu cheng xu	8
小根堆	xiao gen dui	2
小波去噪	xiao bo qu zao	7
小波基	xiao bo ji	2
小猫统计	xiao mao tong ji	6
小甲鱼	xiao jia yu	10
小白学算法	xiao bai xue suan fa	5
小程序查看器	xiao cheng xu cha kan qi	5
小端模式	xiao duan mo shi	1
小红伞	xiao hong san	15
小说阅读网	xiao shuo yue du wang	6
尚学堂	shang xue tang	10
就绪状态	jiu xu zhuang tai	11
尺取	chi qu	8
尺取法	chi qu fa	10
尺度空间	chi du kong jian	46
尼姆博弈	ni mu bo yi	1
尾插法	wei cha fa	12
局域网交换机	ju yu wang jiao huan ji	3
局域网多播	ju yu wang duo bo	1
局域网广播	ju yu wang guang bo	7
局域网技术	ju yu wang ji shu	8
局域网服务器	ju yu wang fu wu qi	1
局域网网关	ju yu wang wang guan	6
局部光照模型	ju bu guang zhao mo xing	7
局部内部类	ju bu nei bu lei	1
局部刷新	ju bu shua xin	1
局部坐标系	ju bu zuo biao xi	14
局部失效	ju bu shi xiao	6
局部存储	ju bu cun chu	15
局部应用	ju bu ying yong	15
局部总线	ju bu zong xian	3
局部故障	ju bu gu zhang	1
局部敏感哈希	ju bu min gan ha xi	8
局部模式	ju bu mo shi	5
局部特征	ju bu te zheng	20
层序遍历	ceng xu bian li	6
层次分解	ceng ci fen jie	1
层次存储系统	ceng ci cun chu xi tong	5
层次数据库	ceng ci shu ju ku	3
层次数据模型	ceng ci shu ju mo xing	6
层次模型	ceng ci mo xing	24
层次结构图	ceng ci jie gou tu	1
层次聚类	ceng ci ju lei	39
层次遍历	ceng ci bian li	2
层次遍历法	ceng ci bian li fa	5
居中显示	ju zhong xian shi	1
屏幕共享	ping mu gong xiang	12
屏幕切换	ping mu qie huan	2
屏幕坐标	ping mu zuo biao	5
屏幕宽度	ping mu kuan du	3
屏幕宽高	ping mu kuan gao	2
屏幕密度	ping mu mi du	1
屏幕常亮	ping mu chang liang	9
屏幕录制	ping mu lu zhi	29
屏幕方向	ping mu fang xiang	1
屏幕旋转	ping mu xuan zhuan	16
屏幕特效	ping mu te xiao	8
屏幕自适应	ping mu zi shi ying	10
屏幕适配	ping mu shi pei	5
屏幕高度	ping mu gao du	1
屏蔽双绞线	ping bi shuang jiao xian	19
屏蔽寄存器	ping bi ji cun qi	3
属性传值	shu xing chuan zhi	8
属性列表	shu xing lie biao	15
属性动画	shu xing dong hua	1
属性字符串	shu xing zi fu chuan	10
属性文件	shu xing wen jian	7
属性注入	shu xing zhu ru	1
属性继承	shu xing ji cheng	10
属性表	shu xing biao	9
属性设置	shu xing she zhi	5
属性语法	shu xing yu fa	2
属性选择器	shu xing xuan ze qi	6
属性闭包	shu xing bi bao	6
属性页	shu xing ye	2
属性驱动	shu xing qu dong	1
岭回归	ling hui gui	26
崩溃日志	beng kui ri zhi	2
嵌入式培训	qian ru shi pei xun	8
嵌入式处理器	qian ru shi chu li qi	28
嵌入式实验	qian ru shi shi yan	5
嵌入式工程师	qian ru shi gong cheng shi	2
嵌入式应用	qian ru shi ying yong	23
嵌入式开发	qian ru shi kai fa	14
嵌入式开发板	qian ru shi kai fa ban	1
嵌入式控制器	qian ru shi kong zhi qi	24
嵌入式硬件	qian ru shi ying jian	5
嵌入式编程	qian ru shi bian cheng	9
嵌入式计算机	qian ru shi ji suan ji	10
嵌入式设计	qian ru shi she ji	8
嵌入式语言	qian ru shi yu yan	2
嵌入式软件	qian ru shi ruan jian	25
嵌入式驱动	qian ru shi qu dong	7
嵌入水印	qian ru shui yin	1
嵌入资源	qian ru zi yuan	8
嵌套中断	qian tao zhong duan	9
嵌套事务	qian tao shi wu	3
嵌套循环	qian tao xun huan	4
嵌套查询	qian tao cha xun	2
嵌套类	qian tao lei	10
嵌套类型	qian tao lei xing	5
嵌套规则	qian tao gui ze	1
工业互联网	gong ye hu lian wang	28
工业控制	gong ye kong zhi	11
工业控制系统	gong ye kong zhi xi tong	38
工业相机	gong ye xiang ji	1
工业计算机	gong ye ji suan ji	3
工作体会	gong zuo ti hui	1
工作使用	gong zuo shi yong	9
工作区	gong zuo qu	14
工作区坐标	gong zuo qu zuo biao	5
工作存储区	gong zuo cun chu qu	5
工作存储器	gong zuo cun chu qi	2
工作平台	gong zuo ping tai	10
工作文件	gong zuo wen jian	11
工作文档	gong zuo wen dang	5
工作方法	gong zuo fang fa	11
工作日志	gong zuo ri zhi	40
工作模式	gong zuo mo shi	14
工作流引擎	gong zuo liu yin qing	10
工作温度	gong zuo wen du	10
工作站机群	gong zuo zhan ji qun	2
工作线程	gong zuo xian cheng	23
工作组服务器	gong zuo zu fu wu qi	4
工作资料	gong zuo zi liao	7
工作队列	gong zuo dui lie	10
工作集	gong zuo ji	11
工作页	gong zuo ye	7
工作项目	gong zuo xiang mu	10
工具介绍	gong ju jie shao	11
工具优化	gong ju you hua	9
工具使用	gong ju shi yong	12
工具使用教程	gong ju shi yong jiao cheng	5
工具安装	gong ju an zhuang	4
工具应用	gong ju ying yong	13
工具开发	gong ju kai fa	17
工具推荐	gong ju tui jian	5
工具提示	gong ju ti shi	18
工具插件	gong ju cha jian	1
工具效率	gong ju xiao lv	6
工具教程	gong ju jiao cheng	6
工具方法	gong ju fang fa	3
工具条	gong ju tiao	33
工具栏模式	gong ju lan mo shi	1
工具用法	gong ju yong fa	8
工具类	gong ju lei	23
工具类操作	gong ju lei cao zuo	6
工具类集合	gong ju lei ji he	6
工具设置	gong ju she zhi	4
工具配置	gong ju pei zhi	1
工厂方法	gong chang fang fa	34
工厂方法模式	gong chang fang fa mo shi	14
工厂模式	gong chang mo shi	5
工厂类	gong chang lei	2
工厂设计模式	gong chang she ji mo shi	10
工控	gong kong	44
工控图表	gong kong tu biao	5
工控安全	gong kong an quan	1
工控板卡	gong kong ban ka	5
工效学	gong xiao xue	24
工程优化	gong cheng you hua	7
工程图	gong cheng tu	10
工程应用	gong cheng ying yong	11
工程开发	gong cheng kai fa	10
工程数据库	gong cheng shu ju ku	1
工程文件	gong cheng wen jian	24
工程经验	gong cheng jing yan	19
工程软件	gong cheng ruan jian	12
工程配置	gong cheng pei zhi	2
左侧菜单	zuo ce cai dan	11
左偏树	zuo pian shu	12
左匹配	zuo pi pei	1
左外连接	zuo wai lian jie	17
左对齐	zuo dui qi	14
左旋转字符串	zuo xuan zhuan zi fu chuan	9
左滑删除	zuo hua shan chu	2
左线性文法	zuo xian xing wen fa	5
巨型计算机	ju xing ji suan ji	20
差分序列	cha fen xu lie	3
差分约束	cha fen yue shu	1
差分约束系统	cha fen yue shu xi tong	5
差别联合	cha bie lian he	9
差错恢复	cha cuo hui fu	8
差错控制	cha cuo kong zhi	5
差错控制编码	cha cuo kong zhi bian ma	5
差错校验	cha cuo jiao yan	1
差错检测	cha cuo jian ce	2
已分享	yi fen xiang	2
已知明文攻击	yi zhi ming wen gong ji	18
已验证	yi yan zheng	35
巴什博弈	ba shen bo yi	9
巴克斯范式	ba ke si fan shi	5
巴士博弈	ba shi bo yi	6
布尔搜索	bu er sou suo	2
布尔表达式	bu er biao da shi	47
布尔运算	bu er yun suan	35
布局优化	bu ju you hua	7
布局动画	bu ju dong hua	1
布局容器	bu ju rong qi	11
布局属性	bu ju shu xing	12
布局控件	bu ju kong jian	11
布局文件	bu ju wen jian	2
布局策略	bu ju ce lve	3
布局管理器	bu ju guan li qi	2
布局规则	bu ju gui ze	2
布线规则	bu xian gui ze	8
布隆过滤器	bu long guo lv qi	19
希尔排序	xi er pai xu	17
带压缩	dai ya suo	3
带参数	dai can shu	18
带外数据	dai wai shu ju	4
带宽速率	dai kuan su lv	7
带权并查集	dai quan bing cha ji	10
带状地图	dai zhuang di tu	5
带符号	dai fu hao	43
带花树	dai hua shu	7
帧内压缩	zhen nei ya suo	3
帧内编码	zhen nei bian ma	15
帧动画	zhen dong hua	16
帧同步	zhen tong bu	6
帧定位	zhen ding wei	6
帧封装	zhen feng zhuang	4
帧差法	zhen cha fa	8
帧布局	zhen bu ju	12
帧控制字段	zhen kong zhi zi duan	6
帧格式	zhen ge shi	34
帧检验序列	zhen jian yan xu lie	1
帧速率	zhen su lv	49
帧间压缩	zhen jian ya suo	3
帧间编码	zhen jian bian ma	4
帧间预测	zhen jian yu ce	7
帧频	zhen pin	10
帮助命令	bang zhu ming ling	11
帮助手册	bang zhu shou ce	2
帮助文档	bang zhu wen dang	25
帮助浏览器	bang zhu liu lan qi	1
帮助程序	bang zhu cheng xu	16
帮助类	bang zhu lei	13
帮助系统	bang zhu xi tong	11
常成员函数	chang cheng yuan han shu	10
常指针	chang zhi zhen	1
常数合并	chang shu he bing	6
常用代码	chang yong dai ma	10
常用函数	chang yong han shu	4
常用功能	chang yong gong neng	17
常用功能代码	chang yong gong neng dai ma	5
常用命令	chang yong ming ling	7
常用属性	chang yong shu xing	13
常用工具	chang yong gong ju	27
常用工具代码	chang yong gong ju dai ma	5
常用工具类	chang yong gong ju lei	1
常用库	chang yong ku	1
常用开发工具	chang yong kai fa gong ju	1
常用快捷键	chang yong kuai jie jian	12
常用指令	chang yong zhi ling	3
常用控件	chang yong kong jian	1
常用插件	chang yong cha jian	2
常用操作	chang yong cao zuo	12
常用效果	chang yong xiao guo	1
常用标签	chang yong biao qian	10
常用框架	chang yong kuang jia	9
常用模板	chang yong mu ban	7
常用算法	chang yong suan fa	8
常用类	chang yong lei	3
常用类库	chang yong lei ku	8
常用组件	chang yong zu jian	2
常用网址	chang yong wang zhi	7
常用网站	chang yong wang zhan	5
常用网络命令	chang yong wang luo ming ling	6
常用设置	chang yong she zhi	1
常用语法	chang yong yu fa	2
常用资源	chang yong zi yuan	8
常用软件	chang yong ruan jian	17
常用配置	chang yong pei zhi	11
常见异常	chang jian yi chang	2
常见技术	chang jian ji shu	8
常见算法	chang jian suan fa	2
常见错误	chang jian cuo wu	39
常见错误汇总	chang jian cuo wu hui zong	7
常量区	chang liang qu	13
常量指针	chang liang zhi zhen	4
常量池	chang liang chi	13
常量说明	chang liang shuo ming	7
幂等性	mi deng xing	15
干扰信号	gan rao xin hao	46
平凡函数依赖	ping fan han shu yi lai	2
平台企业版	ping tai qi ye ban	8
平台对接	ping tai dui jie	7
平台搭建	ping tai da jian	7
平台架构	ping tai jia gou	12
平台移植	ping tai yi zhi	40
平台调用	ping tai diao yong	3
平均修复时间	ping jun xiu fu shi jian	6
平均存取时间	ping jun cun qu shi jian	6
平均寻道时间	ping jun xun dao shi jian	2
平均等待时间	ping jun deng dai shi jian	10
平均访问时间	ping jun fang wen shi jian	1
平板扫描仪	ping ban sao miao yi	1
平板显示器	ping ban xian shi qi	42
平滑程度	ping hua cheng du	2
平移变换	ping yi bian huan	21
平行投影	ping xing tou ying	18
平行语料库	ping xing yu liao ku	6
平衡二叉树	ping heng er cha shu	6
平衡归并排序	ping heng gui bing pai xu	5
平衡语料库	ping heng yu liao ku	2
平面地址空间	ping mian di zhi kong jian	1
平面性	ping mian xing	6
平面文件	ping mian wen jian	10
平面文件系统	ping mian wen jian xi tong	2
平面映射	ping mian ying she	15
平面最近点对	ping mian zui jin dian dui	7
平面点集	ping mian dian ji	7
并发关系	bing fa guan xi	7
并发处理	bing fa chu li	6
并发多线程	bing fa duo xian cheng	7
并发容器	bing fa rong qi	10
并发控制机制	bing fa kong zhi ji zhi	5
并发操作系统	bing fa cao zuo xi tong	5
并发数据结构	bing fa shu ju jie gou	1
并发模型	bing fa mo xing	12
并发模拟	bing fa mo ni	5
并发测试	bing fa ce shi	2
并发程序设计	bing fa cheng xu she ji	4
并发编程	bing fa bian cheng	38
并发设计	bing fa she ji	8
并发进程	bing fa jin cheng	4
并发集合	bing fa ji he	1
并差集	bing cha ji	7
并查集	bing cha ji	24
并查集问题	bing cha ji wen ti	8
并査集	bing zha ji	5
并联匹配	bing lian pi pei	5
并行任务	bing xing ren wu	4
并行传输	bing xing chuan shu	9
并行加法器	bing xing jia fa qi	5
并行处理技术	bing xing chu li ji shu	1
并行实时处理	bing xing shi shi chu li	5
并行工程	bing xing gong cheng	1
并行度	bing xing du	6
并行开发	bing xing kai fa	20
并行性	bing xing xing	45
并行排序算法	bing xing pai xu suan fa	2
并行搜索	bing xing sou suo	7
并行操作	bing xing cao zuo	14
并行数据库	bing xing shu ju ku	1
并行程序设计	bing xing cheng xu she ji	3
并行端口	bing xing duan kou	14
并行算法	bing xing suan fa	29
并行编程	bing xing bian cheng	27
并行编程语言	bing xing bian cheng yu yan	3
并行计算机	bing xing ji suan ji	44
并行运算	bing xing yun suan	30
并行连接	bing xing lian jie	4
广义线性模型	guang yi xian xing mo xing	40
广告平台	guang gao ping tai	31
广告轮播	guang gao lun bo	4
广度优先	guang du you xian	13
广度优先搜索	guang du you xian sou suo	39
广度优先遍历	guang du you xian bian li	6
广度搜索	guang du sou suo	10
广搜	guang sou	36
广播地址	guang bo di zhi	20
广播接收器	guang bo jie shou qi	12
广播接收者	guang bo jie shou zhe	12
广播机制	guang bo ji zhi	3
广点通	guang dian tong	9
广语言	guang yu yan	8
序偶	xu ou	8
序列图	xu lie tu	22
序列型	xu lie xing	2
序列密码	xu lie mi ma	3
序列帧	xu lie zhen	1
序列表达式	xu lie biao da shi	2
库函数	ku han shu	42
库编译	ku bian yi	3
应用内付费	ying yong nei fu fei	2
应用内支付	ying yong nei zhi fu	5
应用名称	ying yong ming cheng	5
应用图标	ying yong tu biao	16
应用安全	ying yong an quan	14
应用层编程	ying yong ceng bian cheng	7
应用工具	ying yong gong ju	14
应用开发工具	ying yong kai fa gong ju	4
应用开发框架	ying yong kai fa kuang jia	2
应用性能	ying yong xing neng	5
应用性能管理	ying yong xing neng guan li	4
应用推广	ying yong tui guang	25
应用权限	ying yong quan xian	4
应用状况	ying yong zhuang kuang	2
应用环境	ying yong huan jing	44
应用生成器	ying yong sheng cheng qi	3
应用程序域	ying yong cheng xu yu	6
应用程序服务	ying yong cheng xu fu wu	7
应用程序清单	ying yong cheng xu qing dan	1
应用程序状态	ying yong cheng xu zhuang tai	10
应用程序编程	ying yong cheng xu bian cheng	43
应用程序设计	ying yong cheng xu she ji	5
应用签名	ying yong qian ming	2
应用管理	ying yong guan li	12
应用结构	ying yong jie gou	6
应用编程	ying yong bian cheng	23
应用跳转	ying yong tiao zhuan	7
应用进程	ying yong jin cheng	8
应用逻辑	ying yong luo ji	9
应用部署	ying yong bu shu	6
应用间跳转	ying yong jian tiao zhuan	6
应用间通信	ying yong jian tong xin	1
底层实现	di ceng shi xian	5
底层开发	di ceng kai fa	3
底层知识	di ceng zhi shi	10
底层语言	di ceng yu yan	17
底层驱动	di ceng qu dong	3
底部导航	di bu dao hang	9
底部导航栏	di bu dao hang lan	10
底部菜单	di bu cai dan	1
底部菜单栏	di bu cai dan lan	8
康托展开	kang tuo zhan kai	6
康拓展开	kang tuo zhan kai	8
廉价磁盘	lian jia ci pan	9
延时函数	yan shi han shu	1
延时加载	yan shi jia zai	12
延时操作	yan shi cao zuo	1
延期处理	yan qi chu li	1
延迟任务	yan chi ren wu	9
延迟加载	yan chi jia zai	4
延迟执行	yan chi zhi xing	15
延迟线	yan chi xian	38
延迟计算	yan chi ji suan	4
延迟转移	yan chi zhuan yi	1
建模仿真	jian mo fang zhen	2
建模工具	jian mo gong ju	46
建立时间	jian li shi jian	11
建站技术	jian zhan ji shu	6
建站系统	jian zhan xi tong	1
建站经验	jian zhan jing yan	1
建表	jian biao	9
建造者模式	jian zao zhe mo shi	13
开关噪声	kai guan zao sheng	1
开关按钮	kai guan an niu	12
开关时间	kai guan shi jian	6
开关电流	kai guan dian liu	6
开关问题	kai guan wen ti	2
开博	kai bo	10
开发代码库	kai fa dai ma ku	4
开发基础	kai fa ji chu	48
开发实战	kai fa shi zhan	11
开发实践	kai fa shi jian	7
开发小技巧	kai fa xiao ji qiao	6
开发工具使用	kai fa gong ju shi yong	9
开发工具箱	kai fa gong ju xiang	2
开发工具类	kai fa gong ju lei	2
开发工具配置	kai fa gong ju pei zhi	6
开发工程师	kai fa gong cheng shi	24
开发常用	kai fa chang yong	10
开发常见问题	kai fa chang jian wen ti	7
开发异常	kai fa yi chang	6
开发手册	kai fa shou ce	4
开发技巧	kai fa ji qiao	1
开发指南	kai fa zhi nan	8
开发效率	kai fa xiao lv	23
开发教程	kai fa jiao cheng	2
开发文档	kai fa wen dang	11
开发方法学	kai fa fang fa xue	4
开发日志	kai fa ri zhi	18
开发板	kai fa ban	32
开发模型	kai fa mo xing	22
开发测试	kai fa ce shi	36
开发环境搭建	kai fa huan jing da jian	1
开发环境配置	kai fa huan jing pei zhi	1
开发生存周期	kai fa sheng cun zhou qi	5
开发管理	kai fa guan li	46
开发类	kai fa lei	11
开发细节	kai fa xi jie	4
开发经历	kai fa jing li	9
开发综合	kai fa zong he	5
开发者大赛	kai fa zhe da sai	1
开发者工具	kai fa zhe gong ju	25
开发者服务	kai fa zhe fu wu	7
开发者模式	kai fa zhe mo shi	16
开发者社区	kai fa zhe she qu	43
开发者证书	kai fa zhe zheng shu	2
开发者账号	kai fa zhe zhang hao	3
开发艺术探索	kai fa yi shu tan suo	8
开发规范	kai fa gui fan	3
开发证书	kai fa zheng shu	12
开发语言	kai fa yu yan	42
开发调试	kai fa tiao shi	3
开发资料	kai fa zi liao	22
开发资源	kai fa zi yuan	45
开发路上	kai fa lu shang	6
开发辅助	kai fa fu zhu	3
开发辅助工具	kai fa fu zhu gong ju	8
开发进展	kai fa jin zhan	16
开始坐标	kai shi zuo biao	10
开始符号	kai shi fu hao	9
开放图形库	kai fang tu xing ku	2
开放声音系统	kai fang sheng yin xi tong	3
开放定址法	kai fang ding zhi fa	10
开放封闭原则	kai fang feng bi yuan ze	11
开放系统	kai fang xi tong	11
开放系统互连	kai fang xi tong hu lian	8
开放软件	kai fang ruan jian	13
开机动画	kai ji dong hua	5
开机启动	kai ji qi dong	20
开机启动项	kai ji qi dong xiang	5
开机广播	kai ji guang bo	10
开机自启	kai ji zi qi	2
开机自启动	kai ji zi qi dong	6
开机自检	kai ji zi jian	5
开源中国	kai yuan zhong guo	6
开源云	kai yuan yun	1
开源云平台	kai yuan yun ping tai	7
开源代码	kai yuan dai ma	37
开源分享	kai yuan fen xiang	1
开源协议	kai yuan xie yi	27
开源夏令营	kai yuan xia ling ying	8
开源工作流	kai yuan gong zuo liu	1
开源工具	kai yuan gong ju	35
开源工程	kai yuan gong cheng	2
开源控件	kai yuan kong jian	10
开源架构	kai yuan jia gou	3
开源框架	kai yuan kuang jia	11
开源硬件	kai yuan ying jian	27
开源类库	kai yuan lei ku	2
开源系统	kai yuan xi tong	22
开源组件	kai yuan zu jian	9
开源资讯	kai yuan zi xun	1
开源轮子	kai yuan lun zi	5
开源镜像站	kai yuan jing xiang zhan	9
开源项目研究	kai yuan xiang mu yan jiu	8
开源飞控	kai yuan fei kong	6
开灯问题	kai deng wen ti	7
开环控制	kai huan kong zhi	6
开窗口	kai chuang kou	6
开闭原则	kai bi yuan ze	14
异常中止	yi chang zhong zhi	2
异常信息	yi chang xin xi	2
异常分析	yi chang fen xi	9
异常处理机制	yi chang chu li ji zhi	22
异常处理程序	yi chang chu li cheng xu	7
异常安全	yi chang an quan	16
异常捕获	yi chang bu huo	12
异常收集	yi chang shou ji	7
异常机制	yi chang ji zhi	8
异常检测	yi chang jian ce	29
异常类型	yi chang lei xing	6
异常终止	yi chang zhong zhi	7
异常解决	yi chang jie jue	2
异常记录	yi chang ji lu	1
异常调试	yi chang tiao shi	7
异常错误	yi chang cuo wu	6
异常问题	yi chang wen ti	14
异或	yi huo	15
异或方程组	yi huo fang cheng zu	7
异或运算	yi huo yun suan	24
异或门	yi huo men	44
异构计算	yi gou ji suan	9
异步上传	yi bu shang chuan	10
异步任务	yi bu ren wu	2
异步传输	yi bu chuan shu	11
异步传输模式	yi bu chuan shu mo shi	31
异步传送	yi bu chuan song	8
异步刷新	yi bu shua xin	10
异步加载	yi bu jia zai	3
异步加载图片	yi bu jia zai tu pian	12
异步同步	yi bu tong bu	1
异步回发	yi bu hui fa	6
异步处理	yi bu chu li	3
异步复位	yi bu fu wei	8
异步工作流	yi bu gong zuo liu	1
异步总线	yi bu zong xian	1
异步控制	yi bu kong zhi	8
异步操作	yi bu cao zuo	7
异步方法	yi bu fang fa	12
异步时分复用	yi bu shi fen fu yong	5
异步消息	yi bu xiao xi	9
异步算法	yi bu suan fa	5
异步线程	yi bu xian cheng	13
异步编程	yi bu bian cheng	5
异步请求	yi bu qing qiu	3
异步调用	yi bu diao yong	4
异步过程调用	yi bu guo cheng diao yong	12
异步通信	yi bu tong xin	14
异步通知	yi bu tong zhi	1
引导修复	yin dao xiu fu	1
引导协议	yin dao xie yi	6
引导界面	yin dao jie mian	11
引导装入程序	yin dao zhuang ru cheng xu	6
引导页	yin dao ye	6
引导页面	yin dao ye mian	10
引擎工具	yin qing gong ju	3
引擎研究	yin qing yan jiu	6
引用传递	yin yong chuan di	12
引用变量	yin yong bian liang	4
引用名	yin yong ming	11
引用形参	yin yong xing can	10
引用数据类型	yin yong shu ju lei xing	1
引用约束	yin yong yue shu	8
引脚分配	yin jiao fen pei	11
弗洛伊德算法	fu luo yi de suan fa	4
弦图	xian tu	30
弱一致性模型	ruo yi zhi xing mo xing	7
弱密钥	ruo mi yue	17
弱引用	ruo yin yong	43
弱类型	ruo lei xing	12
弱连通图	ruo lian tong tu	1
弹出对话框	tan chu dui hua kuang	7
弹出层	tan chu ceng	11
弹出式菜单	tan chu shi cai dan	4
弹出框	tan chu kuang	2
弹出菜单	dan chu cai dan	11
弹性滑动	tan xing hua dong	9
弹性计算	tan xing ji suan	6
强一致性	qiang yi zhi xing	6
强制下线	qiang zhi xia xian	25
强制保护	qiang zhi bao hu	2
强制横屏	qiang zhi heng ping	8
强制类型转换	qiang zhi lei xing zhuan huan	11
强制访问控制	qiang zhi fang wen kong zhi	25
强制转换	qiang zhi zhuan huan	31
强名称	qiang ming cheng	8
强度削弱	qiang du xue ruo	8
强引用	qiang yin yong	23
强联通	qiang lian tong	9
强联通分量	qiang lian tong fen liang	10
强联通图	qiang lian tong tu	6
强联通缩点	qiang lian tong suo dian	7
强连通	qiang lian tong	24
强连通分支	qiang lian tong fen zhi	10
强连通图	qiang lian tong tu	6
强连通缩点	qiang lian tong suo dian	9
归并排序	gui bing pai xu	42
归档日志	gui dang ri zhi	12
归档解档	gui dang jie dang	9
归约	gui yue	11
归纳学习	gui na xue xi	8
归结原理	gui jie yuan li	6
当前优先级	dang qian you xian ji	1
当前对象	dang qian dui xiang	4
当前帐户	dang qian zhang hu	8
当前日期	dang qian ri qi	8
当前用户	dang qian yong hu	32
当前行指针	dang qian xing zhi zhen	4
当前路径	dang qian lu jing	3
当前进程句柄	dang qian jin cheng ju bing	5
当前页	dang qian ye	2
当前默认目录	dang qian mo ren mu lu	6
形式方法	xing shi fang fa	8
形式系统	xing shi xi tong	7
形式规则	xing shi gui ze	10
形式语言	xing shi yu yan	9
形式语言理论	xing shi yu yan li lun	23
形状因子	xing zhuang yin zi	8
形状描述	xing zhuang miao shu	2
形状曲线	xing zhuang qu xian	2
形状特征	xing zhuang te zheng	18
彩色显示	cai se xian shi	31
彩色显示器	cai se xian shi qi	23
往返行程	wang fan xing cheng	15
待修改	dai xiu gai	4
待分类	dai fen lei	32
待排序	dai pai xu	12
待编码数据	dai bian ma shu ju	6
循环不变式	xun huan bu bian shi	11
循环交叉	xun huan jiao cha	1
循环冗余检查	xun huan rong yu jian cha	8
循环冗余检验	xun huan rong yu jian yan	8
循环单链表	xun huan dan lian biao	1
循环右移	xun huan you yi	1
循环展开	xun huan zhan kai	18
循环嵌套	xun huan qian tao	12
循环引用	xun huan yin yong	12
循环执行语句	xun huan zhi xing yu ju	7
循环数组	xun huan shu zu	11
循环测试	xun huan ce shi	7
循环滑动	xun huan hua dong	9
循环矩阵	xun huan ju zhen	24
循环神经网络	xun huan shen jing wang luo	41
循环移位	xun huan yi wei	28
循环类	xun huan lei	3
循环结构	xun huan jie gou	36
循环缓冲	xun huan huan chong	9
循环语句	xun huan yu ju	25
循环调度	xun huan diao du	8
循环进位	xun huan jin wei	4
循环链表	xun huan lian biao	21
循环队列	xun huan dui lie	3
微信企业号	wei xin qi ye hao	9
微信公众平台	wei xin gong zhong ping tai	33
微信公众账号	wei xin gong zhong zhang hao	8
微信公共号	wei xin gong gong hao	3
微信公共平台	wei xin gong gong ping tai	11
微信公共账号	wei xin gong gong zhang hao	8
微信分享	wei xin fen xiang	3
微信商城	wei xin shang cheng	2
微信平台	wei xin ping tai	41
微信平台开发	wei xin ping tai kai fa	7
微信开发	wei xin kai fa	2
微信开放平台	wei xin kai fang ping tai	2
微信接入	wei xin jie ru	8
微信接口	wei xin jie kou	11
微信推广	wei xin tui guang	8
微信服务号	wei xin fu wu hao	10
微信游戏	wei xin you xi	4
微信登录	wei xin deng lu	3
微信登陆	wei xin deng lu	8
微信硬件平台	wei xin ying jian ping tai	7
微信签名	wei xin qian ming	8
微信营销	wei xin ying xiao	10
微信运营	wei xin yun ying	1
微分控制	wei fen kong zhi	21
微博分享	wei bo fen xiang	8
微博客户端	wei bo ke hu duan	2
微命令	wei ming ling	2
微带线	wei dai xian	30
微机原理	wei ji yuan li	14
微模块	wei mo kuai	6
微点	wei dian	6
微社区	wei she qu	7
微程序	wei cheng xu	33
微程序控制	wei cheng xu kong zhi	2
微程序设计	wei cheng xu she ji	4
微网站	wei wang zhan	2
微软企业库	wei ruan qi ye ku	7
微软开放技术	wei ruan kai fang ji shu	7
微软牛津	wei ruan niu jin	5
微软笔试题	wei ruan bi shi ti	7
心跳包	xin tiao bao	11
必应搜索引擎	bi ying sou suo yin qing	6
忙等待	mang deng dai	10
忠实度	zhong shi du	13
快启动	kuai qi dong	7
快慢指针	kuai man zhi zhen	11
快捷图标	kuai jie tu biao	2
快捷操作	kuai jie cao zuo	9
快捷键冲突	kuai jie jian chong tu	1
快捷键大全	kuai jie jian da quan	9
快排	kuai pai	14
快递查询	kuai di cha xun	1
快速乘	kuai su cheng	1
快速乘法	kuai su cheng fa	6
快速以太网	kuai su yi tai wang	10
快速幂	kuai su mi	3
快速幂取模	kuai su mi qu mo	10
快速幂运算	kuai su mi yun suan	8
快速开发	kuai su kai fa	45
快速开发平台	kuai su kai fa ping tai	1
快速开发框架	kuai su kai fa kuang jia	3
快速排序算法	kuai su pai xu suan fa	7
快速查找	kuai su cha zhao	18
快速查询	kuai su cha xun	12
快速消息	kuai su xiao xi	1
快速矩阵幂	kuai su ju zhen mi	7
快速索引	kuai su suo yin	2
快速转到	kuai su zhuan dao	7
快速选择	kuai su xuan ze	21
忽略列表	hu lve lie biao	1
忽略文件	hu lve wen jian	1
思科网络	si ke wang luo	3
思维导图软件	si wei dao tu ruan jian	12
思维方法	si wei fang fa	28
思维训练	si wei xun lian	13
性别识别	xing bie shi bie	2
性能优化	xing neng you hua	42
性能保证	xing neng bao zheng	7
性能分析工具	xing neng fen xi gong ju	14
性能压力	xing neng ya li	1
性能对比	xing neng dui bi	9
性能测试分析	xing neng ce shi fen xi	7
性能测试工具	xing neng ce shi gong ju	12
性能测试方面	xing neng ce shi fang mian	1
性能测量	xing neng ce liang	6
性能瓶颈	xing neng ping jing	9
性能监控	xing neng jian kong	12
性能监视	xing neng jian shi	2
性能管理	xing neng guan li	7
性能计数器	xing neng ji shu qi	2
性能评价	xing neng ping jia	19
性能评估	xing neng ping gu	26
性能评测	xing neng ping ce	7
性能诊断	xing neng zhen duan	9
性能调优	xing neng tiao you	2
性能需求	xing neng xu qiu	40
总体模型	zong ti mo xing	3
总线仲裁	zong xian zhong cai	8
总线结构	zong xian jie gou	6
总线网	zong xian wang	1
总线频率	zong xian pin lv	9
总线鼠标	zong xian shu biao	5
恒定比特率	heng ding bi te lv	1
恢复删除	hui fu shan chu	4
恢复块	hui fu kuai	7
恢复数据	hui fu shu ju	42
恢复程序	hui fu cheng xu	8
恢复能力	hui fu neng li	10
恢复鼠标	hui fu shu biao	6
悬浮按钮	xuan fu an niu	2
悬浮框	xuan fu kuang	1
悬浮窗	xuan fu chuang	23
悬浮窗口	xuan fu chuang kou	10
悬线法	xuan xian fa	7
悲观锁	bei guan suo	3
情况语句	qing kuang yu ju	7
情感分析	qing gan fen xi	36
情感分类	qing gan fen lei	5
意向锁	yi xiang suo	10
意外停机	yi wai ting ji	2
感知机	gan zhi ji	41
感知策略	gan zhi ce lve	5
慕司板	mu si ban	5
慕课网	mu ke wang	2
慢启动	man qi dong	38
慢查询	man cha xun	12
懒加载	lan jia zai	1
懒汉模式	lan han mo shi	1
成员内部类	cheng yuan nei bu lei	12
成员变量	cheng yuan bian liang	47
成员对象	cheng yuan dui xiang	12
成员方法	cheng yuan fang fa	15
成员类	cheng yuan lei	11
成本管理	cheng ben guan li	36
成段更新	cheng duan geng xin	1
成组传送	cheng zu chuan song	4
成绩转换	cheng ji zhuan huan	2
成都传智播客	cheng du chuan zhi bo ke	7
或事物	huo shi wu	9
或门	huo men	9
或非门	huo fei men	41
战略数据规划	zhan lve shu ju gui hua	4
截断误差	jie duan wu cha	17
所有帐户	suo you zhang hu	7
所有者描述	suo you zhe miao shu	4
扁平化设计	bian ping hua she ji	24
扁平封装	bian ping feng zhuang	5
扁平电缆	bian ping dian lan	3
手写代码	shou xie dai ma	2
手写数字	shou xie shu zi	1
手写数字识别	shou xie shu zi shi bie	2
手动查杀	shou dong cha sha	6
手势冲突	shou shi chong tu	9
手势密码	shou shi mi ma	1
手势操作	shou shi cao zuo	18
手势滑动	shou shi hua dong	11
手势监听	shou shi jian ting	10
手势解锁	shou shi jie suo	1
手势触摸	shou shi chu mo	7
手势识别	shou shi shi bie	27
手势识别器	shou shi shi bie qi	10
手势轨迹	shou shi gui ji	1
手势返回	shou shi fan hui	9
手势锁	shou shi suo	7
手工建库	shou gong jian ku	6
手工测试	shou gong ce shi	3
手机安全	shou ji an quan	10
手机安全卫士	shou ji an quan wei shi	8
手机工具	shou ji gong ju	1
手机市场	shou ji shi chang	10
手机应用开发	shou ji ying yong kai fa	9
手机开发	shou ji kai fa	12
手机操作系统	shou ji cao zuo xi tong	48
手机支付	shou ji zhi fu	47
手机测试	shou ji ce shi	7
手机浏览器	shou ji liu lan qi	30
手机游戏开发	shou ji you xi kai fa	25
手机病毒	shou ji bing du	4
手机管家	shou ji guan jia	34
手机网游	shou ji wang you	5
手机网站	shou ji wang zhan	10
手机网页	shou ji wang ye	29
手机视频	shou ji shi pin	11
手机视频开发	shou ji shi pin kai fa	5
手机软件测试	shou ji ruan jian ce shi	4
手机通讯录	shou ji tong xun lu	13
手机页面	shou ji ye mian	5
手机验证	shou ji yan zheng	18
手机验证码	shou ji yan zheng ma	28
手游开发	shou you kai fa	3
手游测试	shou you ce shi	6
打包发布	da bao fa bu	12
打包工具	da bao gong ju	8
打包签名	da bao qian ming	1
打包解包	da bao jie bao	9
打印图形	da yin tu xing	3
打印日志	da yin ri zhi	13
打印服务器	da yin fu wu qi	13
打印流	da yin liu	12
打印质量	da yin zhi liang	9
打印路径	da yin lu jing	1
打印选项	da yin xuan xiang	3
打开主页	da kai zhu ye	7
打开右键菜单	da kai you jian cai dan	7
打开对话框	da kai dui hua kuang	5
打开文件	da kai wen jian	42
打开程序	da kai cheng xu	6
打开编辑器	da kai bian ji qi	11
打开菜单	da kai cai dan	4
打表法	da biao fa	9
托盘图标	tuo pan tu biao	3
托管代码	tuo guan dai ma	21
托管数据	tuo guan shu ju	8
扣丁学堂	kou ding xue tang	8
执行上下文	zhi xing shang xia wen	6
执行主体	zhi xing zhu ti	7
执行例程	zhi xing li cheng	1
执行力	zhi xing li	12
执行开销	zhi xing kai xiao	1
执行引擎	zhi xing yin qing	18
执行时间	zhi xing shi jian	15
执行机构	zhi xing ji gou	9
执行栈	zhi xing zhan	1
执行流	zhi xing liu	1
执行流程	zhi xing liu cheng	12
执行状态	zhi xing zhuang tai	17
执行系统	zhi xing xi tong	13
执行缓冲区	zhi xing huan chong qu	2
执行顺序	zhi xing shun xu	37
扩充槽	kuo chong cao	49
扩展名	kuo zhan ming	16
扩展开发	kuo zhan kai fa	3
扩展总线	kuo zhan zong xian	5
扩展操作	kuo zhan cao zuo	3
扩展方法	kuo zhan fang fa	34
扩展模块	kuo zhan mo kuai	40
扩展欧几里得	kuo zhan ou ji li de	2
扩展欧几里德	kuo zhan ou ji li de	10
扩展知识	kuo zhan zhi shi	8
扫描模式	sao miao mo shi	18
扫描法	sao miao fa	7
扫描线算法	sao miao xian suan fa	3
扫描设计	sao miao she ji	5
扫描识别	sao miao shi bie	2
扫描识别系统	sao miao shi bie xi tong	5
扫描转换	sao miao zhuan huan	1
扫描输入	sao miao shu ru	2
扫描输出	sao miao shu chu	1
扫瞄器	sao miao qi	49
扫码登录	sao ma deng lu	2
批作业	pi zuo ye	26
批处理命令	pi chu li ming ling	3
批处理文件	pi chu li wen jian	23
批处理系统	pi chu li xi tong	7
批量上传	pi liang shang chuan	2
批量下载	pi liang xia zai	8
批量修改	pi liang xiu gai	2
批量删除	pi liang shan chu	15
批量处理	pi liang chu li	21
批量导入	pi liang dao ru	2
批量开票	pi liang kai piao	5
批量控制	pi liang kong zhi	1
批量插入	pi liang cha ru	1
批量插入数据	pi liang cha ru shu ju	10
批量操作	pi liang cao zuo	6
批量更新	pi liang geng xin	3
批量替换	pi liang ti huan	10
批量添加	pi liang tian jia	3
找规律	zhao gui lv	42
找零钱	zhao ling qian	21
技巧类	ji qiao lei	6
技术专题	ji shu zhuan ti	6
技术主管	ji shu zhu guan	49
技术书籍	ji shu shu ji	32
技术介绍	ji shu jie shao	10
技术代码	ji shu dai ma	2
技术储备	ji shu chu bei	44
技术内幕	ji shu nei mu	1
技术前沿	ji shu qian yan	5
技术区	ji shu qu	6
技术原创	ji shu yuan chuang	6
技术参考	ji shu can kao	9
技术周报	ji shu zhou bao	8
技术实践	ji shu shi jian	12
技术工具	ji shu gong ju	16
技术拓展	ji shu tuo zhan	4
技术指南	ji shu zhi nan	39
技术探讨	ji shu tan tao	5
技术控	ji shu kong	15
技术收集	ji shu shou ji	4
技术教程	ji shu jiao cheng	1
技术整理	ji shu zheng li	1
技术文摘	ji shu wen zhai	1
技术文档翻译	ji shu wen dang fan yi	1
技术无关	ji shu wu guan	11
技术架构	ji shu jia gou	39
技术栈	ji shu zhan	4
技术框架	ji shu kuang jia	6
技术概念	ji shu gai nian	8
技术深度	ji shu shen du	5
技术管理	ji shu guan li	11
技术综合	ji shu zong he	7
技术编码	ji shu bian ma	6
技术编程	ji shu bian cheng	1
技术网站	ji shu wang zhan	11
技术要点	ji shu yao dian	11
技术解析	ji shu jie xi	8
技术讨论	ji shu tao lun	24
技术调研	ji shu tiao yan	1
技术资料	ji shu zi liao	11
技术路线	ji shu lu xian	11
技术选型	ji shu xuan xing	2
技术难点	ji shu nan dian	24
技术集锦	ji shu ji jin	6
技能冷却	ji neng leng que	22
抓包工具	zhua bao gong ju	4
抓取网页	zhua qu wang ye	8
投影中心	tou ying zhong xin	19
投影变换	tou ying bian huan	30
投影矩阵	tou ying ju zhen	9
投影转换	tou ying zhuan huan	1
投票系统	tou piao xi tong	9
折半插入排序	zhe ban cha ru pai xu	11
折半枚举	zhe ban mei ju	7
折半查找	zhe ban cha zhao	1
折线分割平面	zhe xian fen ge ping mian	9
折线图	zhe xian tu	37
抢先调度	qiang xian diao du	1
报文交换	bao wen jiao huan	16
报文加密	bao wen jia mi	1
报文捕获	bao wen bu huo	8
报文鉴别	bao wen jian bie	6
报文鉴别码	bao wen jian bie ma	7
报表制作	bao biao zhi zuo	1
报表工具	bao biao gong ju	2
报表开发	bao biao kai fa	1
报表引擎	bao biao yin qing	9
报表数据源	bao biao shu ju yuan	8
报表系统	bao biao xi tong	10
报表组件	bao biao zu jian	7
报表统计	bao biao tong ji	1
报表解决方案	bao biao jie jue fang an	7
报表设计器	bao biao she ji qi	3
报表软件	bao biao ruan jian	1
报警信号	bao jing xin hao	10
报警显示	bao jing xian shi	5
报错信息	bao cuo xin xi	7
报错处理	bao cuo chu li	8
报错解决	bao cuo jie jue	9
抽屉原理	chou ti yuan li	10
抽屉效果	chou ti xiao guo	10
抽象函数	chou xiang han shu	1
抽象基类	chou xiang ji lei	6
抽象层次	chou xiang ceng ci	30
抽象工厂	chou xiang gong chang	12
抽象工厂模式	chou xiang gong chang mo shi	13
抽象数据类型	chou xiang shu ju lei xing	49
抽象方法	chou xiang fang fa	23
抽象类	chou xiang lei	38
拆点	chai dian	5
拆点法	chai dian fa	7
拆箱	chai xiang	39
拉东变换	la dong bian huan	42
拒绝服务	ju jue fu wu	12
拒绝访问	ju jue fang wen	26
拓展欧几里得	tuo zhan ou ji li de	9
拓展知识	tuo zhan zhi shi	10
拓扑排序	tuo pu pai xu	41
拓补排序	tuo bu pai xu	7
拟牛顿法	ni niu dun fa	11
括号匹配	kuo hao pi pei	4
括号序列	kuo hao xu lie	10
拷贝文件	kao bei wen jian	8
拷贝构造	kao bei gou zao	16
拷贝构造函数	kao bei gou zao han shu	3
拼接字符串	pin jie zi fu chuan	3
拼音编码	pin yin bian ma	8
持久化存储	chi jiu hua cun chu	3
持久层	chi jiu ceng	4
持久层框架	chi jiu ceng kuang jia	2
持续交付	chi xu jiao fu	33
持续集成	chi xu ji cheng	38
持续集成系统	chi xu ji cheng xi tong	10
挂起原语	gua qi yuan yu	6
挂起时间	gua qi shi jian	7
挂起状态	gua qi zhuang tai	2
挂起进程	gua qi jin cheng	10
指令优化	zhi ling you hua	2
指令分类	zhi ling fen lei	7
指令周期	zhi ling zhou qi	20
指令地址	zhi ling di zhi	16
指令处理	zhi ling chu li	27
指令字	zhi ling zi	8
指令寄存器	zhi ling ji cun qi	15
指令控制单元	zhi ling kong zhi dan yuan	1
指令控制器	zhi ling kong zhi qi	1
指令格式	zhi ling ge shi	13
指令流水线	zhi ling liu shui xian	27
指令生成	zhi ling sheng cheng	2
指令类型	zhi ling lei xing	2
指令系统	zhi ling xi tong	34
指令级并行	zhi ling ji bing xing	23
指令缓存	zhi ling huan cun	29
指令解码	zhi ling jie ma	13
指令计数器	zhi ling ji shu qi	2
指令译码器	zhi ling yi ma qi	4
指令调度	zhi ling diao du	21
指令跟踪	zhi ling gen zong	2
指令队列	zhi ling dui lie	3
指令预取	zhi ling yu qu	4
指令高速缓存	zhi ling gao su huan cun	5
指定目录	zhi ding mu lu	11
指示符	zhi shi fu	42
指针传递	zhi zhen chuan di	2
指针函数	zhi zhen han shu	1
指针参数	zhi zhen can shu	3
指针变量	zhi zhen bian liang	12
指针常量	zhi zhen chang liang	2
指针数组	zhi zhen shu zu	8
指针的指针	zhi zhen de zhi zhen	4
指针移动	zhi zhen yi dong	4
按位与	an wei yu	19
按位异或	an wei yi huo	18
按值传递	an zhi chuan di	8
按序执行	an xu zhi xing	9
按照指令	an zhao zhi ling	12
按钮点击事件	an niu dian ji shi jian	12
按钮类型	an niu lei xing	1
按键事件	an jian shi jian	1
按键精灵	an jian jing ling	21
按键驱动	an jian qu dong	9
按需加载	an xu jia zai	4
挑战程序竞赛	tiao zhan cheng xu jing sai	7
振荡周期	zhen dang zhou qi	20
捕获异常	bu huo yi chang	5
捕鱼游戏	bu yu you xi	2
捕鱼达人	bu yu da ren	11
换出	huan chu	12
换进	huan jin	9
换页	huan ye	24
授权表	shou quan biao	1
排名算法	pai ming suan fa	17
排它锁	pai ta suo	11
排序二叉树	pai xu er cha shu	2
排序方法	pai xu fang fa	25
排序检索	pai xu jian suo	7
排序策略	pai xu ce lve	10
排序网络	pai xu wang luo	5
排序规则	pai xu gui ze	17
排错	pai cuo	44
排队模型	pai dui mo xing	3
排队规则	pai dui gui ze	3
探测工具	tan ce gong ju	11
接受状态	jie shou zhuang tai	8
接受者	jie shou zhe	14
接口分析	jie kou fen xi	9
接口卡	jie kou ka	8
接口回调	jie kou hui tiao	12
接口定义语言	jie kou ding yi yu yan	6
接口实现	jie kou shi xian	26
接口开发	jie kou kai fa	5
接口开销	jie kou kai xiao	5
接口总线	jie kou zong xian	4
接口描述语言	jie kou miao shu yu yan	20
接口文档	jie kou wen dang	3
接口服务	jie kou fu wu	1
接口测试	jie kou ce shi	8
接口规约	jie kou gui yue	1
接口设计	jie kou she ji	10
接口调用	jie kou diao yong	5
接口速率	jie kou su lv	5
接口隔离原则	jie kou ge li yuan ze	7
接口需求	jie kou xu qiu	1
接地平面	jie di ping mian	7
接地系统	jie di xi tong	14
接触电阻	jie chu dian zu	25
控件使用	kong jian shi yong	1
控件功能	kong jian gong neng	9
控件属性	kong jian shu xing	12
控件状态	kong jian zhuang tai	10
控件类	kong jian lei	13
控件详解	kong jian xiang jie	7
控制依赖	kong zhi yi lai	9
控制关系	kong zhi guan xi	9
控制冲突	kong zhi chong tu	5
控制反转	kong zhi fan zhuan	26
控制变量	kong zhi bian liang	45
控制台程序	kong zhi tai cheng xu	6
控制台输入	kong zhi tai shu ru	8
控制器接口	kong zhi qi jie kou	19
控制块	kong zhi kuai	8
控制多边形	kong zhi duo bian xing	1
控制媒体	kong zhi mei ti	9
控制屏	kong zhi ping	10
控制帧	kong zhi zhen	1
控制总线	kong zhi zong xian	9
控制数据	kong zhi shu ju	26
控制文件	kong zhi wen jian	11
控制机	kong zhi ji	8
控制模块	kong zhi mo kuai	48
控制波形	kong zhi bo xing	6
控制流分析	kong zhi liu fen xi	8
控制流程图	kong zhi liu cheng tu	26
控制站	kong zhi zhan	7
控制算法	kong zhi suan fa	14
控制箱	kong zhi xiang	41
控制精度	kong zhi jing du	15
控制结构	kong zhi jie gou	13
控制网格	kong zhi wang ge	1
控制语句	kong zhi yu ju	10
控制通道	kong zhi tong dao	16
控制顶点	kong zhi ding dian	1
控制驱动	kong zhi qu dong	5
推公式	tui gong shi	6
推导树	tui dao shu	2
推理方法	tui li fang fa	15
推理模型	tui li mo xing	6
推理策略	tui li ce lve	2
推理系统	tui li xi tong	13
推理网络	tui li wang luo	5
推箱子	tui xiang zi	25
推荐书籍	tui jian shu ji	14
推荐引擎	tui jian yin qing	13
推荐算法	tui jian suan fa	9
推荐网站	tui jian wang zhan	7
推送服务	tui song fu wu	29
推送消息	tui song xiao xi	43
推送证书	tui song zheng shu	11
推送通知	tui song tong zhi	44
掩模图	yan mo tu	2
描述方法	miao shu fang fa	26
描述符表	miao shu fu biao	20
提交事务	ti jiao shi wu	10
提交代码	ti jiao dai ma	8
提交审核	ti jiao shen he	2
提交数据	ti jiao shu ju	6
提交状态	ti jiao zhuang tai	3
提交表单	ti jiao biao dan	9
提供数据	ti gong shu ju	14
提供方	ti gong fang	12
提供程序	ti gong cheng xu	15
提升进程权限	ti sheng jin cheng quan xian	7
提示信息	ti shi xin xi	40
提示框	ti shi kuang	17
提示窗口	ti shi chuang kou	12
插件使用	cha jian shi yong	18
插件化	cha jian hua	1
插件化开发	cha jian hua kai fa	9
插件安装	cha jian an zhuang	5
插件库	cha jian ku	6
插件开发	cha jian kai fa	4
插件栏	cha jian lan	5
插件示例	cha jian shi li	6
插值器	cha zhi qi	10
插值查找	cha zhi cha zhao	7
插入列	cha ru lie	10
插入图片	cha ru tu pian	13
插入异常	cha ru yi chang	10
插入成员	cha ru cheng yuan	6
插入数据	cha ru shu ju	12
插入文本	cha ru wen ben	1
插入节点	cha ru jie dian	12
插入项目	cha ru xiang mu	2
插补器	cha bu qi	8
搜搜地图	sou sou di tu	3
搜搜文档	sou sou wen dang	6
搜狗五笔	sou gou wu bi	7
搜狗地图	sou gou di tu	14
搜狗测试	sou gou ce shi	8
搜狗浏览器	sou gou liu lan qi	42
搜素	sou su	7
搜索二叉树	sou suo er cha shu	10
搜索剪枝	sou suo jian zhi	7
搜索图	sou suo tu	2
搜索引擎优化	sou suo yin qing you hua	42
搜索引擎技术	sou suo yin qing ji shu	6
搜索引擎营销	sou suo yin qing ying xiao	2
搜索技巧	sou suo ji qiao	3
搜索技术	sou suo ji shu	36
搜索推荐	sou suo tui jian	3
搜索文件	sou suo wen jian	13
搜索栏	sou suo lan	28
搜索求解	sou suo qiu jie	6
搜索空间	sou suo kong jian	31
搜索策略	sou suo ce lve	9
搜索表	sou suo biao	1
搜索规则	sou suo gui ze	9
搭建博客	da jian bo ke	9
搭建开发环境	da jian kai fa huan jing	11
搭建服务器	da jian fu wu qi	5
搭建环境	da jian huan jing	2
搭建网站	da jian wang zhan	10
摄像头标定	she xiang tou biao ding	8
摄像头驱动	she xiang tou qu dong	9
摄像机标定	she xiang ji biao ding	1
摘要算法	zhai yao suan fa	3
撤消原语	che xiao yuan yu	4
撤销列表	che xiao lie biao	7
撤销还原	che xiao huan yuan	5
播放声音	bo fang sheng yin	24
播放视频	bo fang shi pin	43
播放音频	bo fang yin pin	17
操作体统	cao zuo ti tong	6
操作包	cao zuo bao	8
操作命令	cao zuo ming ling	8
操作建议	cao zuo jian yi	1
操作开关	cao zuo kai guan	9
操作控制	cao zuo kong zhi	33
操作控制器	cao zuo kong zhi qi	4
操作文件	cao zuo wen jian	5
操作测试	cao zuo ce shi	25
操作确认	cao zuo que ren	2
操作符重载	cao zuo fu chong zai	6
操作系统功能	cao zuo xi tong gong neng	6
操作系统原理	cao zuo xi tong yuan li	1
操作系统基础	cao zuo xi tong ji chu	1
操作系统应用	cao zuo xi tong ying yong	7
操作系统开发	cao zuo xi tong kai fa	29
操作系统概论	cao zuo xi tong gai lun	7
操作系统知识	cao zuo xi tong zhi shi	1
操作系统类	cao zuo xi tong lei	6
操作系统项目	cao zuo xi tong xiang mu	6
操作表	cao zuo biao	1
操作语义	cao zuo yu yi	27
支付中心	zhi fu zhong xin	9
支付宝接口	zhi fu bao jie kou	9
支付宝支付	zhi fu bao zhi fu	24
支付宝集成	zhi fu bao ji cheng	8
支付接口	zhi fu jie kou	5
支持程序	zhi chi cheng xu	8
支持系统	zhi chi xi tong	11
支持软件	zhi chi ruan jian	14
支持过程	zhi chi guo cheng	9
支持集	zhi chi ji	6
收藏栏	shou cang lan	2
收费软件	shou fei ruan jian	13
收银系统	shou yin xi tong	13
收银软件	shou yin ruan jian	7
收集表单	shou ji biao dan	8
改变目录	gai bian mu lu	2
改变驱动器	gai bian qu dong qi	7
改善代码	gai shan dai ma	10
改字段名	gai zi duan ming	5
攻击程序	gong ji cheng xu	9
放大缩小	fang da suo xiao	47
放弃序列	fang qi xu lie	6
故事版	gu shi ban	10
故障分析	gu zhang fen xi	19
故障切换	gu zhang qie huan	11
故障处理	gu zhang chu li	16
故障安全	gu zhang an quan	3
故障定位	gu zhang ding wei	1
故障屏蔽	gu zhang ping bi	5
故障恢复	gu zhang hui fu	14
故障排查	gu zhang pai cha	6
故障控制	gu zhang kong zhi	5
故障时间	gu zhang shi jian	4
故障查找	gu zhang cha zhao	1
故障模型	gu zhang mo xing	3
故障模拟	gu zhang mo ni	2
故障注入	gu zhang zhu ru	1
故障测试	gu zhang ce shi	6
故障特征	gu zhang te zheng	1
故障解决	gu zhang jie jue	2
故障记录	gu zhang ji lu	15
故障隔离	gu zhang ge li	10
效率工具	xiao lv gong ju	2
敏感元件	min gan yuan jian	5
敏感数据	min gan shu ju	39
敏感词过滤	min gan ci guo lv	7
敏捷实践	min jie shi jian	1
敏捷工具	min jie gong ju	6
敏捷开发	min jie kai fa	45
敏捷开发原则	min jie kai fa yuan ze	1
敏捷开发工具	min jie kai fa gong ju	5
敏捷开发过程	min jie kai fa guo cheng	8
敏捷运维	min jie yun wei	5
教程推荐	jiao cheng tui jian	5
教程类	jiao cheng lei	8
散列索引	san lie suo yin	8
数位动规	shu wei dong gui	5
数位统计	shu wei tong ji	1
数值优化	shu zhi you hua	6
数值数据	shu zhi shu ju	10
数值算法	shu zhi suan fa	22
数值精度	shu zhi jing du	7
数列排序	shu lie pai xu	1
数列有序	shu lie you xu	8
数列特征	shu lie te zheng	7
数制转换	shu zhi zhuan huan	9
数塔问题	shu ta wen ti	10
数字三角形	shu zi san jiao xing	10
数字信封	shu zi xin feng	1
数字加密	shu zi jia mi	4
数字化仪	shu zi hua yi	5
数字反转	shu zi fan zhuan	2
数字图象处理	shu zi tu xiang chu li	1
数字地球	shu zi di qiu	31
数字处理	shu zi chu li	44
数字字符	shu zi zi fu	24
数字字符集	shu zi zi fu ji	6
数字对象	shu zi dui xiang	17
数字数据网	shu zi shu ju wang	2
数字时钟	shu zi shi zhong	13
数字标识	shu zi biao zhi	13
数字格式化	shu zi ge shi hua	8
数字段	shu zi duan	3
数字水印	shu zi shui yin	19
数字游戏	shu zi you xi	10
数字照相机	shu zi zhao xiang ji	2
数字电子技术	shu zi dian zi ji shu	15
数字签名标准	shu zi qian ming biao zhun	1
数字视频接口	shu zi shi pin jie kou	9
数字设计	shu zi she ji	7
数字识别	shu zi shi bie	6
数字输入	shu zi shu ru	19
数字输出	shu zi shu chu	7
数字集成电路	shu zi ji cheng dian lu	33
数学几何	shu xue ji he	10
数学基础知识	shu xue ji chu zhi shi	4
数学库	shu xue ku	15
数学归纳	shu xue gui na	3
数学形态学	shu xue xing tai xue	24
数学思想	shu xue si xiang	34
数学思维	shu xue si wei	15
数学技巧	shu xue ji qiao	28
数学推理	shu xue tui li	28
数学期望	shu xue qi wang	44
数学算法	shu xue suan fa	13
数学类	shu xue lei	10
数学规律	shu xue gui lv	7
数学运算函数	shu xue yun suan han shu	2
数学题目	shu xue ti mu	14
数形结合	shu xing jie he	2
数据一致性	shu ju yi zhi xing	12
数据交互	shu ju jiao hu	4
数据交换机	shu ju jiao huan ji	2
数据产品	shu ju chan pin	27
数据传输指令	shu ju chuan shu zhi ling	1
数据传递	shu ju chuan di	28
数据依赖	shu ju yi lai	7
数据保存	shu ju bao cun	32
数据保护	shu ju bao hu	11
数据信号	shu ju xin hao	39
数据值	shu ju zhi	41
数据倾斜	shu ju qing xie	11
数据偏斜	shu ju pian xie	1
数据冗余	shu ju rong yu	17
数据冲突	shu ju chong tu	8
数据分布	shu ju fen bu	32
数据分析师	shu ju fen xi shi	25
数据分析挖掘	shu ju fen xi wa jue	1
数据分析系统	shu ju fen xi xi tong	1
数据划分	shu ju hua fen	5
数据加密	shu ju jia mi	48
数据加密密钥	shu ju jia mi mi yue	7
数据加密标准	shu ju jia mi biao zhun	19
数据加密算法	shu ju jia mi suan fa	12
数据加载	shu ju jia zai	13
数据区	shu ju qu	14
数据去重	shu ju qu chong	3
数据回显	shu ju hui xian	9
数据处理中心	shu ju chu li zhong xin	10
数据处理系统	shu ju chu li xi tong	26
数据备份	shu ju bei fen	27
数据复制	shu ju fu zhi	35
数据多样性	shu ju duo yang xing	6
数据媒体	shu ju mei ti	6
数据字典	shu ju zi dian	17
数据存取	shu ju cun qu	14
数据宿	shu ju su	5
数据寄存器	shu ju ji cun qi	5
数据导入	shu ju dao ru	16
数据导入导出	shu ju dao ru dao chu	1
数据导出	shu ju dao chu	12
数据封装	shu ju feng zhuang	7
数据局部性	shu ju ju bu xing	6
数据属性	shu ju shu xing	3
数据差错	shu ju cha cuo	8
数据库中间件	shu ju ku zhong jian jian	9
数据库事务	shu ju ku shi wu	28
数据库优化	shu ju ku you hua	11
数据库作业	shu ju ku zuo ye	7
数据库修复	shu ju ku xiu fu	8
数据库函数	shu ju ku han shu	2
数据库分页	shu ju ku fen ye	10
数据库升级	shu ju ku sheng ji	11
数据库原理	shu ju ku yuan li	5
数据库备份	shu ju ku bei fen	13
数据库复制	shu ju ku fu zhi	5
数据库安全	shu ju ku an quan	5
数据库安装	shu ju ku an zhuang	11
数据库完整性	shu ju ku wan zheng xing	3
数据库应用	shu ju ku ying yong	12
数据库建模	shu ju ku jian mo	1
数据库开发	shu ju ku kai fa	7
数据库引擎	shu ju ku yin qing	48
数据库恢复	shu ju ku hui fu	3
数据库接口	shu ju ku jie kou	9
数据库操作	shu ju ku cao zuo	24
数据库方面	shu ju ku fang mian	3
数据库更新	shu ju ku geng xin	3
数据库服务器	shu ju ku fu wu qi	33
数据库机	shu ju ku ji	5
数据库查询	shu ju ku cha xun	35
数据库框架	shu ju ku kuang jia	2
数据库模型	shu ju ku mo xing	14
数据库环境	shu ju ku huan jing	2
数据库管理员	shu ju ku guan li yuan	19
数据库类	shu ju ku lei	1
数据库索引	shu ju ku suo yin	10
数据库结构	shu ju ku jie gou	9
数据库维护	shu ju ku wei hu	3
数据库缓存	shu ju ku huan cun	11
数据库编程	shu ju ku bian cheng	6
数据库范式	shu ju ku fan shi	1
数据库表	shu ju ku biao	33
数据库表设计	shu ju ku biao she ji	9
数据库设计	shu ju ku she ji	28
数据库访问	shu ju ku fang wen	22
数据库调优	shu ju ku tiao you	9
数据库迁移	shu ju ku qian yi	1
数据库连接	shu ju ku lian jie	30
数据库连接池	shu ju ku lian jie chi	1
数据库配置	shu ju ku pei zhi	2
数据库重构	shu ju ku chong gou	6
数据库重组	shu ju ku chong zu	5
数据库链接	shu ju ku lian jie	3
数据库问题	shu ju ku wen ti	2
数据库集成	shu ju ku ji cheng	8
数据库集群	shu ju ku ji qun	1
数据引擎	shu ju yin qing	7
数据录入	shu ju lu ru	14
数据手套	shu ju shou tao	4
数据抓取	shu ju zhua qu	2
数据抽象	shu ju chou xiang	15
数据持久	shu ju chi jiu	1
数据持久化	shu ju chi jiu hua	6
数据挖据	shu ju wa ju	7
数据挖掘分析	shu ju wa jue fen xi	1
数据挖掘原理	shu ju wa jue yuan li	6
数据挖掘技术	shu ju wa jue ji shu	7
数据挖掘算法	shu ju wa jue suan fa	5
数据排序	shu ju pai xu	9
数据控制语言	shu ju kong zhi yu yan	11
数据描述语言	shu ju miao shu yu yan	1
数据提供程序	shu ju ti gong cheng xu	3
数据操作	shu ju cao zuo	29
数据操纵	shu ju cao zong	12
数据操纵语言	shu ju cao zong yu yan	7
数据整理	shu ju zheng li	20
数据文件存储	shu ju wen jian cun chu	9
数据有效性	shu ju you xiao xing	2
数据本地化	shu ju ben di hua	9
数据机构	shu ju ji gou	9
数据架构	shu ju jia gou	4
数据查询	shu ju cha xun	27
数据校验	shu ju jiao yan	3
数据格式转换	shu ju ge shi zhuan huan	5
数据段	shu ju duan	15
数据汇	shu ju hui	1
数据泵	shu ju beng	2
数据流分析	shu ju liu fen xi	26
数据流图	shu ju liu tu	15
数据流计算机	shu ju liu ji suan ji	5
数据流语言	shu ju liu yu yan	1
数据测试	shu ju ce shi	10
数据清洗	shu ju qing xi	7
数据源控件	shu ju yuan kong jian	9
数据源配置	shu ju yuan pei zhi	12
数据独立性	shu ju du li xing	9
数据环境	shu ju huan jing	9
数据盘	shu ju pan	3
数据目录	shu ju mu lu	9
数据确认	shu ju que ren	23
数据科学家	shu ju ke xue jia	46
数据空间	shu ju kong jian	15
数据窗	shu ju chuang	6
数据算法	shu ju suan fa	8
数据管理程序	shu ju guan li cheng xu	1
数据类型转换	shu ju lei xing zhuan huan	7
数据精度	shu ju jing du	6
数据约束	shu ju yue shu	4
数据组织	shu ju zu zhi	12
数据终端设备	shu ju zhong duan she bei	8
数据绑定	shu ju bang ding	34
数据结构书	shu ju jie gou shu	9
数据结构实践	shu ju jie gou shi jian	7
数据结构实验	shu ju jie gou shi yan	11
数据结构算法	shu ju jie gou suan fa	1
数据结构题	shu ju jie gou ti	1
数据缓存	shu ju huan cun	38
数据编码	shu ju bian ma	20
数据获取	shu ju huo qu	22
数据规范化	shu ju gui fan hua	1
数据解析	shu ju jie xi	9
数据设计	shu ju she ji	4
数据访问层	shu ju fang wen ceng	11
数据访问路径	shu ju fang wen lu jing	6
数据请求	shu ju qing qiu	14
数据读取	shu ju du qu	14
数据质量	shu ju zhi liang	28
数据路径	shu ju lu jing	20
数据迁移	shu ju qian yi	15
数据过滤	shu ju guo lv	4
数据运营	shu ju yun ying	1
数据逆向	shu ju ni xiang	5
数据通信中	shu ju tong xin zhong	9
数据通路	shu ju tong lu	21
数据通道	shu ju tong dao	33
数据采掘	shu ju cai jue	5
数据采集系统	shu ju cai ji xi tong	15
数据重建	shu ju chong jian	4
数据重组	shu ju chong zu	2
数据链路控制	shu ju lian lu kong zhi	5
数据防泄漏	shu ju fang xie lou	5
数据降维	shu ju jiang wei	3
数据隐私	shu ju yin si	24
数据集市	shu ju ji shi	12
数据集成	shu ju ji cheng	28
数据预处理	shu ju yu chu li	10
数据验证	shu ju yan zheng	17
数据高速缓存	shu ju gao su huan cun	5
数控系统	shu kong xi tong	26
数根	shu gen	9
数模	shu mo	49
数模转换	shu mo zhuan huan	15
数模转换器	shu mo zhuan huan qi	12
数状数组	shu zhuang shu zu	8
数码管	shu ma guan	30
数组元素	shu zu yuan su	26
数组函数	shu zu han shu	1
数组分割	shu zu fen ge	10
数组初始化	shu zu chu shi hua	4
数组去重	shu zu qu chong	9
数组参数	shu zu can shu	4
数组名	shu zu ming	18
数组复制	shu zu fu zhi	1
数组指针	shu zu zhi zhen	3
数组排序	shu zu pai xu	5
数组操作	shu zu cao zuo	1
数组方法	shu zu fang fa	1
数组最大值	shu zu zui da zhi	8
数组查找	shu zu cha zhao	9
数组清零	shu zu qing ling	9
数组越界	shu zu yue jie	2
数组遍历	shu zu bian li	11
数组邻接表	shu zu lin jie biao	7
数组长度	shu zu chang du	11
数论专题	shu lun zhuan ti	5
数论算法	shu lun suan fa	5
整体二分	zheng ti er fen	9
整体光照模型	zheng ti guang zhao mo xing	5
整体失效	zheng ti shi xiao	1
整型变量	zheng xing bian liang	14
整型常量	zheng xing chang liang	6
整数划分	zheng shu hua fen	1
整数划分问题	zheng shu hua fen wen ti	8
整数拆分	zheng shu chai fen	3
整数线性规划	zheng shu xian xing gui hua	10
文件上传	wen jian shang chuan	28
文件上传下载	wen jian shang chuan xia zai	1
文件下载	wen jian xia zai	35
文件事件	wen jian shi jian	12
文件传送	wen jian chuan song	13
文件传送协议	wen jian chuan song xie yi	1
文件保存	wen jian bao cun	25
文件保护	wen jian bao hu	21
文件写入	wen jian xie ru	11
文件分享	wen jian fen xiang	33
文件分割	wen jian fen ge	6
文件分段	wen jian fen duan	8
文件分配	wen jian fen pei	7
文件分配表	wen jian fen pei biao	11
文件列表	wen jian lie biao	37
文件创建	wen jian chuang jian	20
文件删除	wen jian shan chu	15
文件加密	wen jian jia mi	17
文件压缩	wen jian ya suo	32
文件句柄	wen jian ju bing	27
文件合并	wen jian he bing	8
文件同步	wen jian tong bu	27
文件名乱码	wen jian ming luan ma	9
文件名扩展	wen jian ming kuo zhan	4
文件地址	wen jian di zhi	1
文件处理	wen jian chu li	37
文件备份	wen jian bei fen	14
文件复制	wen jian fu zhi	22
文件夹大小	wen jian jia da xiao	2
文件夹操作	wen jian jia cao zuo	9
文件夹遍历	wen jian jia bian li	7
文件子系统	wen jian zi xi tong	1
文件存储器	wen jian cun chu qi	8
文件存取	wen jian cun qu	5
文件安全	wen jian an quan	7
文件定义	wen jian ding yi	22
文件对比工具	wen jian dui bi gong ju	7
文件对话框	wen jian dui hua kuang	11
文件尺寸	wen jian chi cun	9
文件属性	wen jian shu xing	45
文件恢复	wen jian hui fu	18
文件批量上传	wen jian pi liang shang chuan	7
文件拖拽	wen jian tuo zhuai	2
文件拷贝	wen jian kao bei	7
文件指针	wen jian zhi zhen	13
文件控制	wen jian kong zhi	3
文件控制块	wen jian kong zhi kuai	1
文件搜索	wen jian sou suo	17
文件操作	wen jian cao zuo	23
文件操作函数	wen jian cao zuo han shu	11
文件操作命令	wen jian cao zuo ming ling	1
文件时间	wen jian shi jian	3
文件服务器	wen jian fu wu qi	46
文件权限	wen jian quan xian	12
文件查找	wen jian cha zhao	4
文件比较工具	wen jian bi jiao gong ju	4
文件流	wen jian liu	9
文件流操作	wen jian liu cao zuo	9
文件浏览器	wen jian liu lan qi	22
文件监控	wen jian jian kong	1
文件目录	wen jian mu lu	12
文件空间	wen jian kong jian	5
文件管理系统	wen jian guan li xi tong	10
文件系统制作	wen jian xi tong zhi zuo	8
文件系统阶段	wen jian xi tong jie duan	8
文件组织	wen jian zu zhi	2
文件结构	wen jian jie gou	34
文件维护	wen jian wei hu	1
文件编码	wen jian bian ma	7
文件编程	wen jian bian cheng	8
文件解析	wen jian jie xi	5
文件访问	wen jian fang wen	24
文件读写	wen jian du xie	7
文件读取	wen jian du qu	9
文件路径	wen jian lu jing	30
文件路径问题	wen jian lu jing wen ti	7
文件输入输出	wen jian shu ru shu chu	3
文件迁移	wen jian qian yi	1
文件选择	wen jian xuan ze	2
文件遍历	wen jian bian li	1
文件重定向	wen jian chong ding xiang	1
文件锁	wen jian suo	4
文件预览	wen jian yu lan	5
文字居中	wen zi ju zhong	11
文字打印	wen zi da yin	1
文字排版	wen zi pai ban	24
文字滚动	wen zi gun dong	5
文字识别	wen zi shi bie	18
文字转语音	wen zi zhuan yu yin	21
文字颜色	wen zi yan se	19
文本分析	wen ben fen xi	47
文本分类	wen ben fen lei	17
文本分词	wen ben fen ci	8
文本域	wen ben yu	4
文本处理	wen ben chu li	40
文本库	wen ben ku	7
文本挖掘	wen ben wa jue	48
文本数据库	wen ben shu ju ku	7
文本方法	wen ben fang fa	7
文本替换	wen ben ti huan	6
文本查询	wen ben cha xun	8
文本标签	wen ben biao qian	7
文本框	wen ben kuang	47
文本检索	wen ben jian suo	8
文本比较	wen ben bi jiao	8
文本相似度	wen ben xiang si du	7
文本编写器	wen ben bian xie qi	5
文本编辑	wen ben bian ji	34
文本编辑程序	wen ben bian ji cheng xu	8
文本聚类	wen ben ju lei	1
文本解析	wen ben jie xi	2
文本输入框	wen ben shu ru kuang	3
文本输出	wen ben shu chu	10
文本过滤	wen ben guo lv	3
文档处理	wen dang chu li	14
文档数据库	wen dang shu ju ku	13
文档检索	wen dang jian suo	7
文档模板	wen dang mo ban	10
文档注释	wen dang zhu shi	4
文档流	wen dang liu	12
文档管理	wen dang guan li	20
文档级别	wen dang ji bie	1
文档编制	wen dang bian zhi	2
文档编辑	wen dang bian ji	16
文档翻译	wen dang fan yi	6
文档解析	wen dang jie xi	11
文档边界	wen dang bian jie	1
文献数据库	wen xian shu ju ku	40
文献理解	wen xian li jie	1
文献管理	wen xian guan li	12
文献阅读	wen xian yue du	1
文章理解	wen zhang li jie	3
文语转换	wen yu zhuan huan	2
斐波拉契数列	fei bo la qi shu lie	9
斐波那契博弈	fei bo na qi bo yi	7
斐波那契查找	fei bo na qi cha zhao	8
斜坡函数	xie po han shu	13
斜投影	xie tou ying	12
斜率优化	xie lv you hua	1
断开客户	duan kai ke hu	8
断点下载	duan dian xia zai	11
断点开关	duan dian kai guan	6
断点续传	duan dian xu chuan	12
断点调试	duan dian tiao shi	12
斯坦福公开课	si tan fu gong kai ke	9
斯特林公式	si te lin gong shi	17
斯特林数	si te lin shu	1
新建工作表	xin jian gong zuo biao	6
新建快捷方式	xin jian kuai jie fang shi	6
新建按钮	xin jian an niu	10
新建文本	xin jian wen ben	9
新建文档	xin jian wen dang	4
新建标签	xin jian biao qian	10
新建用户	xin jian yong hu	2
新建窗口	xin jian chuang kou	10
新建索引	xin jian suo yin	9
新建项目	xin jian xiang mu	35
新手教程	xin shou jiao cheng	27
新指令集	xin zhi ling ji	11
新控件	xin kong jian	11
新特性	xin te xing	15
新窗口	xin chuang kou	15
新视图	xin shi tu	11
新闻发布系统	xin wen fa bu xi tong	7
方向传感器	fang xiang chuan gan qi	2
方向向量	fang xiang xiang liang	26
方向性光源	fang xiang xing guang yuan	7
方形像素	fang xing xiang su	3
方案定制	fang an ding zhi	6
方法内部类	fang fa nei bu lei	10
方法区	fang fa qu	14
方法参数	fang fa can shu	8
方法名	fang fa ming	16
方法多态	fang fa duo tai	7
方法库	fang fa ku	8
方法类	fang fa lei	5
方法综合	fang fa zong he	4
方法重写	fang fa chong xie	4
方法重载	fang fa chong zai	10
旁路电容	pang lu dian rong	1
旋转动画	xuan zhuan dong hua	3
旋转卡壳	xuan zhuan ka ke	10
旋转变换	xuan zhuan bian huan	24
旋转屏幕	xuan zhuan ping mu	15
旋转数组	xuan zhuan shu zu	10
旋转曲面	xuan zhuan qu mian	20
无关技术	wu guan ji shu	1
无分类	wu fen lei	9
无刷新	wu shua xin	12
无参函数	wu can han shu	10
无参构造函数	wu can gou zao han shu	6
无名管道	wu ming guan dao	10
无向网	wu xiang wang	4
无响应	wu xiang ying	43
无密码	wu mi ma	9
无密码登录	wu mi ma deng lu	11
无差错	wu cha cuo	20
无序数组	wu xu shu zu	2
无损分解	wu sun fen jie	2
无故障	wu gu zhang	22
无故障运行	wu gu zhang yun xing	7
无法上网	wu fa shang wang	18
无法删除	wu fa shan chu	25
无法加载	wu fa jia zai	14
无法更新	wu fa geng xin	45
无法解析	wu fa jie xi	36
无监督学习	wu jian du xue xi	31
无穷集	wu qiong ji	33
无符号数	wu fu hao shu	27
无线发送	wu xian fa song	7
无线数传模块	wu xian shu chuan mo kuai	1
无线模块	wu xian mo kuai	6
无线测试	wu xian ce shi	7
无线网卡驱动	wu xian wang ka qu dong	3
无线网络连接	wu xian wang luo lian jie	9
无线调试	wu xian tiao shi	8
无缝滚动	wu feng gun dong	9
无连接	wu lian jie	14
无连接业务	wu lian jie ye wu	5
无连接模式	wu lian jie mo shi	2
无锁编程	wu suo bian cheng	3
无锁队列	wu suo dui lie	1
无限分类	wu xian fen lei	9
无限极分类	wu xian ji fen lei	7
无限滚动	wu xian gun dong	2
无限级分类	wu xian ji fen lei	8
无限轮播	wu xian lun bo	8
日历控件	ri li kong jian	11
日志分析	ri zhi fen xi	23
日志分析系统	ri zhi fen xi xi tong	8
日志处理	ri zhi chu li	2
日志审计	ri zhi shen ji	8
日志工具	ri zhi gong ju	1
日志打印	ri zhi da yin	12
日志收集	ri zhi shou ji	1
日志文件	ri zhi wen jian	46
日志文件系统	ri zhi wen jian xi tong	45
日志服务器	ri zhi fu wu qi	5
日志框架	ri zhi kuang jia	11
日志监控	ri zhi jian kong	9
日志管理	ri zhi guan li	5
日志系统	ri zhi xi tong	11
日志记录	ri zhi ji lu	38
日志输出	ri zhi shu chu	14
日志配置	ri zhi pei zhi	11
日志采集	ri zhi cai ji	10
日期函数	ri qi han shu	1
日期处理	ri qi chu li	1
日期工具类	ri qi gong ju lei	8
日期控件	ri qi kong jian	11
日期方法	ri qi fang fa	7
日期时间	ri qi shi jian	14
日期格式	ri qi ge shi	24
日期格式化	ri qi ge shi hua	10
日期格式转换	ri qi ge shi zhuan huan	7
日期比较	ri qi bi jiao	8
日期类	ri qi lei	11
日期计算	ri qi ji suan	11
日期记录	ri qi ji lu	11
日期转换	ri qi zhuan huan	8
日期选择	ri qi xuan ze	10
日期选择器	ri qi xuan ze qi	1
时光轴	shi guang zhou	2
时分复用	shi fen fu yong	18
时域响应	shi yu xiang ying	2
时序分析	shi xu fen xi	33
时序图	shi xu tu	19
时序数据库	shi xu shu ju ku	1
时序约束	shi xu yue shu	1
时槽	shi cao	6
时空图	shi kong tu	24
时空权衡	shi kong quan heng	11
时钟偏差	shi zhong pian cha	7
时钟寄存器	shi zhong ji cun qi	1
时钟脉冲	shi zhong mai chong	19
时钟配置	shi zhong pei zhi	9
时钟驱动器	shi zhong qu dong qi	1
时间函数	shi jian han shu	12
时间分片	shi jian fen pian	10
时间同步问题	shi jian tong bu wen ti	1
时间处理	shi jian chu li	12
时间复杂性	shi jian fu za xing	10
时间对象	shi jian dui xiang	11
时间局部性	shi jian ju bu xing	17
时间工具类	shi jian gong ju lei	8
时间序列分析	shi jian xu lie fen xi	39
时间序列模型	shi jian xu lie mo xing	8
时间控件	shi jian kong jian	10
时间插件	shi jian cha jian	7
时间操作	shi jian cao zuo	11
时间日期	shi jian ri qi	12
时间显示	shi jian xian shi	12
时间服务器	shi jian fu wu qi	9
时间格式	shi jian ge shi	13
时间格式化	shi jian ge shi hua	9
时间格式转换	shi jian ge shi zhuan huan	7
时间片	shi jian pian	14
时间片轮转	shi jian pian lun zhuan	5
时间管理	shi jian guan li	12
时间类	shi jian lei	11
时间类型	shi jian lei xing	12
时间约束	shi jian yue shu	12
时间计算	shi jian ji suan	12
时间设置	shi jian she zhi	13
时间转换	shi jian zhuan huan	27
时间选择器	shi jian xuan ze qi	10
时间重叠	shi jian chong die	31
明文攻击	ming wen gong ji	2
明暗处理	ming an chu li	4
易修改性	yi xiu gai xing	5
易失性存储器	yi shi xing cun chu qi	36
易扩展性	yi kuo zhan xing	9
易景地球	yi jing di qiu	6
易移植性	yi yi zhi xing	6
易管理性	yi guan li xing	1
易维护性	yi wei hu xing	1
易语言	yi yu yan	22
易错点	yi cuo dian	1
星际译王	xing ji yi wang	20
映射关系	ying she guan xi	27
映射函数	ying she han shu	27
映射地址	ying she di zhi	4
映射文件	ying she wen jian	4
映射方式	ying she fang shi	9
映射程序	ying she cheng xu	7
映射规范语言	ying she gui fan yu yan	6
是否被合并	shi fou bei he bing	8
显卡插槽	xian ka cha cao	1
显卡驱动	xian ka qu dong	48
显式接口实现	xian shi jie kou shi xian	1
显式转换	xian shi zhuan huan	9
显示不全	xian shi bu quan	14
显示中文	xian shi zhong wen	23
显示图像	xian shi tu xiang	39
显示图片	xian shi tu pian	16
显示小图标	xian shi xiao tu biao	8
显示延时	xian shi yan shi	5
显示数据通道	xian shi shu ju tong dao	6
显示文件	xian shi wen jian	25
显示方式	xian shi fang shi	14
显示标签列表	xian shi biao qian lie biao	6
显示格式	xian shi ge shi	18
显示桌面	xian shi zhuo mian	8
显示算法	xian shi suan fa	1
显示终端	xian shi zhong duan	13
显示行号	xian shi hang hao	3
显示转换	xian shi zhuan huan	2
显示选区	xian shi xuan qu	5
显示隐藏	xian shi yin cang	1
晚绑定	wan bang ding	3
普通编程	pu tong bian cheng	9
普通语言学	pu tong yu yan xue	49
普里姆算法	pu li mu suan fa	11
晶体振荡器	jing ti zhen dang qi	29
晶振	jing zhen	21
智慧校园	zhi hui xiao yuan	17
智联招聘	zhi lian zhao pin	34
智能代理	zhi neng dai li	29
智能仪表	zhi neng yi biao	4
智能加速	zhi neng jia su	5
智能家电	zhi neng jia dian	22
智能小车	zhi neng xiao che	8
智能手机市场	zhi neng shou ji shi chang	31
智能指针	zhi neng zhi zhen	39
智能标记	zhi neng biao ji	4
智能检索	zhi neng jian suo	1
智能电脑	zhi neng dian nao	10
智能硬件	zhi neng ying jian	47
智能科学	zhi neng ke xue	35
智能终端	zhi neng zhong duan	37
智能计算	zhi neng ji suan	7
智能计算机	zhi neng ji suan ji	23
智能语言	zhi neng yu yan	1
智能语音	zhi neng yu yin	27
智能路由器	zhi neng lu you qi	4
暂停状态	zan ting zhuang tai	20
暂存区	zan cun qu	11
暴力打表	bao li da biao	9
暴力搜索	bao li sou suo	26
暴力枚举	bao li mei ju	13
暴力模拟	bao li mo ni	1
暴力求解法	bao li qiu jie fa	8
暴力法	bao li fa	16
暴力解法	bao li jie fa	1
暴力解题	bao li jie ti	6
暴搜	bao sou	11
曲线拟合	qu xian ni he	44
曲面分割	qu mian fen ge	2
曲面拟合	qu mian ni he	2
曲面拼接	qu mian pin jie	5
曲面模型	qu mian mo xing	22
曲面造型	qu mian zao xing	14
更改控制	geng gai kong zhi	4
更改硬件	geng gai ying jian	1
更改程序	geng gai cheng xu	4
更新传播	geng xin chuan bo	5
更新异常	geng xin yi chang	1
更新数据	geng xin shu ju	37
更新源	geng xin yuan	5
更新索引	geng xin suo yin	3
更新过程	geng xin guo cheng	35
曼哈顿距离	man ha dun ju li	39
替代密码	ti dai mi ma	6
替代选择	ti dai xuan ze	40
替换字符串	ti huan zi fu chuan	1
替换空格	ti huan kong ge	8
替换策略	ti huan ce lve	1
替换算法	ti huan suan fa	2
最优二叉树	zui you er cha shu	2
最优估计	zui you gu ji	8
最优化方法	zui you hua fang fa	5
最优化算法	zui you hua suan fa	32
最优匹配	zui you pi pei	2
最优归并树	zui you gui bing shu	9
最优性	zui you xing	25
最优矩阵链乘	zui you ju zhen lian cheng	7
最优算法	zui you suan fa	10
最优编码	zui you bian ma	1
最优路径	zui you lu jing	5
最佳优先搜索	zui jia you xian sou suo	8
最佳适配	zui jia shi pei	1
最佳适配法	zui jia shi pei fa	6
最值问题	zui zhi wen ti	2
最坏情况分析	zui huai qing kuang fen xi	7
最大乘积	zui da cheng ji	1
最大二分匹配	zui da er fen pi pei	8
最大值最小化	zui da zhi zui xiao hua	6
最大化平均值	zui da hua ping jun zhi	5
最大匹配	zui da pi pei	39
最大匹配数	zui da pi pei shu	11
最大团	zui da tuan	10
最大子列和	zui da zi lie he	8
最大子序列	zui da zi xu lie	11
最大子序列和	zui da zi xu lie he	10
最大子数组	zui da zi shu zu	10
最大子数组和	zui da zi shu zu he	9
最大子段和	zui da zi duan he	10
最大子矩形	zui da zi ju xing	7
最大子矩阵	zui da zi ju zhen	10
最大子矩阵和	zui da zi ju zhen he	8
最大字段和	zui da zi duan he	9
最大最小值	zui da zui xiao zhi	10
最大权闭合图	zui da quan bi he tu	9
最大流最小割	zui da liu zui xiao ge	26
最大熵	zui da shang	36
最大熵模型	zui da shang mo xing	3
最大独立集	zui da du li ji	29
最大生成树	zui da sheng cheng shu	2
最大连接数	zui da lian jie shu	2
最小割	zui xiao ge	42
最小割树	zui xiao ge shu	6
最小割模型	zui xiao ge mo xing	10
最小圆覆盖	zui xiao yuan fu gai	5
最小堆	zui xiao dui	28
最小宽度	zui xiao kuan du	16
最小支配集	zui xiao zhi pei ji	1
最小权匹配	zui xiao quan pi pei	9
最小树形图	zui xiao shu xing tu	2
最小点覆盖	zui xiao dian fu gai	2
最小特权	zui xiao te quan	5
最小特权原则	zui xiao te quan yuan ze	2
最小环	zui xiao huan	3
最小编辑距离	zui xiao bian ji ju li	1
最小范围	zui xiao fan wei	16
最小表示法	zui xiao biao shi fa	10
最小费用流	zui xiao fei yong liu	10
最小路径	zui xiao lu jing	11
最小路径覆盖	zui xiao lu jing fu gai	11
最小顶点覆盖	zui xiao ding dian fu gai	13
最少拦截系统	zui shao lan jie xi tong	9
最短路径算法	zui duan lu jing suan fa	7
最短路算法	zui duan lu suan fa	2
最近使用	zui jin shi yong	13
最近公共祖先	zui jin gong gong zu xian	17
最近点对	zui jin dian dui	10
最速下降法	zui su xia jiang fa	19
最长公共前缀	zui chang gong gong qian zhui	11
最长公共子串	zui chang gong gong zi chuan	6
最长反链	zui chang fan lian	7
最长回文	zui chang hui wen	1
最长回文串	zui chang hui wen chuan	1
最长回文子串	zui chang hui wen zi chuan	8
最长回文字串	zui chang hui wen zi chuan	8
最长子串	zui chang zi chuan	11
最长子序列	zui chang zi xu lie	1
最长路	zui chang lu	1
最长重复子串	zui chang chong fu zi chuan	9
最长链	zui chang lian	3
最高优先数	zui gao you xian shu	5
最高优先级	zui gao you xian ji	34
有参函数	you can han shu	9
有名管道	you ming guan dao	11
有向弧	you xiang hu	4
有向非循环图	you xiang fei xun huan tu	1
有序广播	you xu guang bo	12
有序性	you xu xing	33
有序搜索	you xu sou suo	5
有序数组	you xu shu zu	14
有序映射	you xu ying she	9
有序表	you xu biao	12
有序链表	you xu lian biao	1
有序集合	you xu ji he	27
有效字	you xiao zi	8
有效字符	you xiao zi fu	7
有效性检查	you xiao xing jian cha	2
有效时间	you xiao shi jian	13
有效状态	you xiao zhuang tai	6
有效节点	you xiao jie dian	1
有效请求	you xiao qing qiu	9
有效输入	you xiao shu ru	12
有效过程	you xiao guo cheng	1
有效项	you xiao xiang	1
有监督学习	you jian du xue xi	10
有穷自动机	you qiong zi dong ji	1
有符号数	you fu hao shu	37
有道	you dao	12
有道桌面词典	you dao zhuo mian ci dian	1
有道翻译	you dao fan yi	36
有限元分析	you xian yuan fen xi	46
有限点集	you xian dian ji	9
有限目标	you xian mu biao	9
有限自动机	you xian zi dong ji	34
服务例程	fu wu li cheng	1
服务列表	fu wu lie biao	12
服务化	fu wu hua	12
服务原语	fu wu yuan yu	8
服务发现	fu wu fa xian	11
服务号	fu wu hao	11
服务器交互	fu wu qi jiao hu	6
服务器优化	fu wu qi you hua	1
服务器备份	fu wu qi bei fen	2
服务器存储	fu wu qi cun chu	7
服务器安全	fu wu qi an quan	6
服务器应用	fu wu qi ying yong	16
服务器开发	fu wu qi kai fa	8
服务器性能	fu wu qi xing neng	5
服务器控件	fu wu qi kong jian	3
服务器搭建	fu wu qi da jian	11
服务器架构	fu wu qi jia gou	21
服务器架设	fu wu qi jia she	11
服务器模型	fu wu qi mo xing	8
服务器测试	fu wu qi ce shi	5
服务器环境	fu wu qi huan jing	4
服务器监控	fu wu qi jian kong	8
服务器端编程	fu wu qi duan bian cheng	11
服务器管理	fu wu qi guan li	11
服务器类	fu wu qi lei	10
服务器维护	fu wu qi wei hu	13
服务器编程	fu wu qi bian cheng	10
服务器网站	fu wu qi wang zhan	8
服务器设置	fu wu qi she zhi	5
服务器设计	fu wu qi she ji	3
服务器运维	fu wu qi yun wei	8
服务器部署	fu wu qi bu shu	11
服务器配置	fu wu qi pei zhi	14
服务器问题	fu wu qi wen ti	21
服务器集群	fu wu qi ji qun	18
服务性程序	fu wu xing cheng xu	5
服务接入点	fu wu jie ru dian	5
服务描述语言	fu wu miao shu yu yan	8
服务数据单元	fu wu shu ju dan yuan	4
服务框架	fu wu kuang jia	38
服务治理	fu wu zhi li	1
服务程序	fu wu cheng xu	20
服务窗	fu wu chuang	2
服务端开发	fu wu duan kai fa	1
服务端架构	fu wu duan jia gou	1
服务端编程	fu wu duan bian cheng	10
服务访问点	fu wu fang wen dian	2
服务调用	fu wu diao yong	7
服务进程	fu wu jin cheng	10
服务部署	fu wu bu shu	6
服务队列	fu wu dui lie	9
服务集群	fu wu ji qun	1
朗伯模型	lang bo mo xing	5
期刊会议	qi kan hui yi	8
期间失败	qi jian shi bai	10
木马克星	mu ma ke xing	5
未分类	wei fen lei	9
未响应	wei xiang ying	16
未归类	wei gui lei	33
未整理	wei zheng li	17
未来网络	wei lai wang luo	21
未登录词	wei deng lu ci	9
本地代码	ben di dai ma	21
本地图片	ben di tu pian	3
本地地址	ben di di zhi	35
本地存储	ben di cun chu	29
本地存放地址	ben di cun fang di zhi	5
本地广播	ben di guang bo	13
本地库	ben di ku	8
本地应用	ben di ying yong	11
本地开发	ben di kai fa	6
本地持久化	ben di chi jiu hua	10
本地接口	ben di jie kou	15
本地推送	ben di tui song	10
本地文件	ben di wen jian	40
本地方法	ben di fang fa	7
本地服务	ben di fu wu	35
本地源	ben di yuan	10
本地终端	ben di zhong duan	4
本地缓存	ben di huan cun	11
本地连接	ben di lian jie	7
本地通知	ben di tong zhi	1
本机代码	ben ji dai ma	24
本科毕业设计	ben ke bi ye she ji	3
本类对象	ben lei dui xiang	12
术语翻译	shu yu fan yi	6
朱刘算法	zhu liu suan fa	8
朴素贝叶斯	pu su bei ye si	4
机器人仿真	ji qi ren fang zhen	1
机器人开发	ji qi ren kai fa	16
机器人视觉	ji qi ren shi jue	4
机器发现	ji qi fa xian	6
机器周期	ji qi zhou qi	8
机器学习基石	ji qi xue xi ji shi	2
机器学习技法	ji qi xue xi ji fa	1
机器学习理论	ji qi xue xi li lun	5
机器学习算法	ji qi xue xi suan fa	38
机器指令	ji qi zhi ling	47
机器智能	ji qi zhi neng	36
机器视觉算法	ji qi shi jue suan fa	1
机器词典	ji qi ci dian	7
机器运行	ji qi yun xing	11
机型适配	ji xing shi pei	2
机房收费	ji fang shou fei	9
机房收费系统	ji fang shou fei xi tong	12
机房管理	ji fang guan li	3
机房维护	ji fang wei hu	5
机房重构	ji fang zhong gou	11
机架感知	ji jia gan zhi	9
杀死进程	sha si jin cheng	10
杀毒引擎	sha du yin qing	6
杀软厂商	sha ruan chang shang	5
杀进程	sha jin cheng	2
权值矩阵	quan zhi ju zhen	8
权值线段树	quan zhi xian duan shu	9
权函数	quan han shu	14
权威指南	quan wei zhi nan	10
权限修饰符	quan xian xiu shi fu	11
权限分配	quan xian fen pei	4
权限对象	quan xian dui xiang	8
权限控制	quan xian kong zhi	14
权限框架	quan xian kuang jia	1
权限管理	quan xian guan li	47
权限类	quan xian lei	9
权限系统	quan xian xi tong	2
权限设置	quan xian she zhi	20
权限设计	quan xian she ji	10
权限问题	quan xian wen ti	13
李笑来	li xiao lai	23
材料设计	cai liao she ji	9
条件冲突	tiao jian chong tu	6
条件判断	tiao jian pan duan	39
条件同步	tiao jian tong bu	1
条件式	tiao jian shi	9
条件控制结构	tiao jian kong zhi jie gou	5
条件断点	tiao jian duan dian	4
条件查询	tiao jian cha xun	1
条件编译	tiao jian bian yi	11
条件覆盖	tiao jian fu gai	5
条件语句	tiao jian yu ju	44
条件运算符	tiao jian yun suan fu	30
条件逻辑	tiao jian luo ji	2
条件随机场	tiao jian sui ji chang	14
条码扫描器	tiao ma sao miao qi	16
条码阅读器	tiao ma yue du qi	4
杨氏矩阵	yang shi ju zhen	10
杨辉三角	yang hui san jiao	15
杨辉三角形	yang hui san jiao xing	29
松弛法	song chi fa	2
松弛算法	song chi suan fa	6
松散耦合系统	song san ou he xi tong	5
松耦合	song ou he	46
极光推送	ji guang tui song	11
极大似然	ji da si ran	1
极大似然估计	ji da si ran gu ji	11
极客学院	ji ke xue yuan	1
极点配置	ji dian pei zhi	1
极角排序	ji jiao pai xu	10
极路由	ji lu you	22
极速浏览器	ji su liu lan qi	21
构件图	gou jian tu	3
构件块	gou jian kuai	3
构件对象	gou jian dui xiang	10
构件库	gou jian ku	8
构件编程	gou jian bian cheng	6
构建工具	gou jian gong ju	29
构架设计	gou jia she ji	2
构造代码块	gou zao dai ma kuai	12
构造几何	gou zao ji he	6
构造型	gou zao xing	10
构造性证明	gou zao xing zheng ming	46
构造泛型类型	gou zao fan xing lei xing	5
构造程序	gou zao cheng xu	2
构造算法	gou zao suan fa	3
构造类型	gou zao lei xing	15
析取范式	xi qu fan shi	11
枚举变量	mei ju bian liang	4
枚举暴力	mei ju bao li	6
枚举法	mei ju fa	9
枚举类	mei ju lei	1
枚举进程	mei ju jin cheng	8
架构分析	jia gou fen xi	13
架构探索	jia gou tan suo	1
架构文档	jia gou wen dang	1
架构方面	jia gou fang mian	15
架构模块	jia gou mo kuai	7
架构模式	jia gou mo shi	29
架构知识	jia gou zhi shi	1
架构类	jia gou lei	9
染色问题	ran se wen ti	19
柔性数组	rou xing shu zu	3
查分约束	cha fen yue shu	7
查找二叉树	cha zhao er cha shu	1
查找字符	cha zhao zi fu	1
查找文件	cha zhao wen jian	7
查找时间	cha zhao shi jian	8
查找替换	cha zhao ti huan	2
查找算法	cha zhao suan fa	9
查找记录	cha zhao ji lu	10
查漏补缺	cha lou bu que	35
查看源代码	cha kan yuan dai ma	7
查看源码	cha kan yuan ma	13
查表法	cha biao fa	6
查询优化	cha xun you hua	6
查询关键字	cha xun guan jian zi	2
查询分析器	cha xun fen xi qi	1
查询变量	cha xun bian liang	9
查询子句	cha xun zi ju	9
查询接口	cha xun jie kou	3
查询模式	cha xun mo shi	4
查询缓存	cha xun huan cun	13
查询表达式	cha xun biao da shi	18
查询语句	cha xun yu ju	8
柱状图	zhu zhuang tu	23
柱面坐标	zhu mian zuo biao	13
栅格数据	shan ge shu ju	18
栅格系统	shan ge xi tong	6
标准中断	biao zhun zhong duan	6
标准单元	biao zhun dan yuan	18
标准处理方式	biao zhun chu li fang shi	5
标准对象	biao zhun dui xiang	3
标准工具栏	biao zhun gong ju lan	1
标准库函数	biao zhun ku han shu	13
标准程序库	biao zhun cheng xu ku	12
标准语言	biao zhun yu yan	10
标准输入文件	biao zhun shu ru wen jian	9
标准输入流	biao zhun shu ru liu	7
标准输出文件	biao zhun shu chu wen jian	9
标准输出流	biao zhun shu chu liu	3
标准错误流	biao zhun cuo wu liu	1
标志序列	biao zhi xu lie	6
标志符号	biao zhi fu hao	12
标签云	biao qian yun	28
标签分组	biao qian fen zu	1
标签名	biao qian ming	8
标签宽度	biao qian kuan du	8
标签属性	biao qian shu xing	6
标签库	biao qian ku	29
标签栏	biao qian lan	3
标签样式	biao qian yang shi	10
标签跳转	biao qian tiao zhuan	7
标签集	biao qian ji	4
标绘	biao hui	42
标记变量	biao ji bian liang	1
标记类型	biao ji lei xing	4
标识变量	biao zhi bian liang	10
标识鉴别	biao zhi jian bie	7
标量处理器	biao liang chu li qi	20
标题按钮	biao ti an niu	8
标题栏	biao ti lan	38
栈与队列	zhan yu dui lie	9
栈元素	zhan yuan su	2
栈内存	zhan nei cun	4
栈内容	zhan nei rong	3
栈单元	zhan dan yuan	7
栈和队列	zhan he dui lie	2
栈地址	zhan di zhi	1
栈容量	zhan rong liang	9
栈展开	zhan zhan kai	10
栈指针	zhan zhi zhen	17
栈控制	zhan kong zhi	5
栈机制	zhan ji zhi	7
栈溢出	zhan yi chu	6
栈算法	zhan suan fa	4
树上倍增	shu shang bei zeng	8
树上最长链	shu shang zui chang lian	6
树上莫队	shu shang mo dui	8
树分块	shu fen kuai	7
树分治	shu fen zhi	9
树剖	shu pou	10
树型动态规划	shu xing dong tai gui hua	9
树套树	shu tao shu	10
树形动态规划	shu xing dong tai gui hua	8
树形动规	shu xing dong gui	6
树形控件	shu xing kong jian	10
树形数组	shu xing shu zu	5
树形结构	shu xing jie gou	26
树形背包	shu xing bei bao	8
树形菜单	shu xing cai dan	2
树状数组	shu zhuang shu zu	10
树网	shu wang	7
树遍历	shu bian li	3
树链刨分	shu lian pao fen	6
树链剖分	shu lian pou fen	12
校正信号	jiao zheng xin hao	3
校验器	jiao yan qi	1
校验状态	jiao yan zhuang tai	7
样式属性	yang shi shu xing	4
样本分布	yang ben fen bu	6
样本区间	yang ben qu jian	6
样本协方差	yang ben xie fang cha	2
样本矩	yang ben ju	6
样本集	yang ben ji	17
样条拟合	yang tiao ni he	6
样条曲线	yang tiao qu xian	24
样条曲面	yang tiao qu mian	2
核密度估计	he mi du gu ji	16
核心动画	he xin dong hua	7
核心板	he xin ban	2
核心系统	he xin xi tong	12
核心编程	he xin bian cheng	2
核心语法	he xin yu fa	8
根文件夹	gen wen jian jia	3
根文件系统	gen wen jian xi tong	14
根轨迹	gen gui ji	48
格式化字符串	ge shi hua zi fu chuan	12
格式化数据	ge shi hua shu ju	2
格式化日期	ge shi hua ri qi	10
格式化时间	ge shi hua shi jian	10
格式化输出	ge shi hua shu chu	9
格式控制	ge shi kong zhi	9
格式结构	ge shi jie gou	7
格式输出	ge shi shu chu	22
框架使用	kuang jia shi yong	22
框架应用	kuang jia ying yong	6
框架开发	kuang jia kai fa	19
框架推荐	kuang jia tui jian	7
框架搭建	kuang jia da jian	2
框架整合	kuang jia zheng he	1
框架模式	kuang jia mo shi	1
框架理解	kuang jia li jie	1
框架理论	kuang jia li lun	7
框架研究	kuang jia yan jiu	7
框架解析	kuang jia jie xi	8
框架讲解	kuang jia jiang jie	5
框架设计	kuang jia she ji	12
框架语法	kuang jia yu fa	5
桌面图标	zhuo mian tu biao	46
桌面处理器	zhuo mian chu li qi	30
桌面快捷方式	zhuo mian kuai jie fang shi	1
桌面操作系统	zhuo mian cao zuo xi tong	48
桌面检查	zhuo mian jian cha	7
桌面虚拟化	zhuo mian xu ni hua	7
桌面计算机	zhuo mian ji suan ji	34
桥接模式	qiao jie mo shi	7
桥梁模式	qiao liang mo shi	11
桶形失真	tong xing shi zhen	1
桶排序	tong pai xu	26
梯度下降	ti du xia jiang	37
梯度下降算法	ti du xia jiang suan fa	5
梳排序	shu pai xu	15
检查更新	jian cha geng xin	34
检查程序	jian cha cheng xu	42
检查链接	jian cha lian jie	2
检索技术	jian suo ji shu	8
检索机制	jian suo ji zhi	2
检索树	jian suo shu	10
检索空间	jian suo kong jian	1
检错	jian cuo	15
检错码	jian cuo ma	1
检验位	jian yan wei	4
检验器	jian yan qi	5
检验序列	jian yan xu lie	6
检验步骤	jian yan bu zhou	7
检验码	jian yan ma	3
检验程序	jian yan cheng xu	19
检验计算	jian yan ji suan	2
棋牌游戏	qi pai you xi	30
棋盘覆盖	qi pan fu gai	9
棋盘问题	qi pan wen ti	10
概念依赖	gai nian yi lai	5
概念分析	gai nian fen xi	25
概念分类	gai nian fen lei	6
概念数据模型	gai nian shu ju mo xing	3
概念术语	gai nian shu yu	5
概念模式	gai nian mo shi	18
概念理解	gai nian li jie	17
概率传播	gai lv chuan bo	5
概率函数	gai lv han shu	10
概率分析	gai lv fen xi	5
概率图模型	gai lv tu mo xing	17
概率推理	gai lv tui li	6
概率期望	gai lv qi wang	1
概率测试	gai lv ce shi	4
概率算法	gai lv suan fa	4
概率系统	gai lv xi tong	1
概率题	gai lv ti	11
概要设计	gai yao she ji	2
槽号	cao hao	7
模冗余	mo rong yu	5
模块分解	mo kuai fen jie	1
模块加载	mo kuai jia zai	3
模块化开发	mo kuai hua kai fa	2
模块化方法	mo kuai hua fang fa	1
模块化编程	mo kuai hua bian cheng	26
模块外	mo kuai wai	3
模块安装	mo kuai an zhuang	3
模块开发	mo kuai kai fa	3
模块性	mo kuai xing	43
模块测试	mo kuai ce shi	5
模块问题	mo kuai wen ti	7
模块驱动	mo kuai qu dong	9
模型变换	mo xing bian huan	14
模型库	mo xing ku	10
模型生成器	mo xing sheng cheng qi	6
模型简化	mo xing jian hua	2
模型表示	mo xing biao shi	10
模型视图	mo xing shi tu	1
模型识别	mo xing shi bie	9
模型选择	mo xing xuan ze	26
模型驱动方法	mo xing qu dong fang fa	1
模式分析	mo shi fen xi	18
模式分类	mo shi fen lei	8
模式描述	mo shi miao shu	23
模式搜索	mo shi sou suo	8
模式概念	mo shi gai nian	4
模式设计	mo shi she ji	11
模式识别算法	mo shi shi bie suan fa	1
模态框	mo tai kuang	1
模态窗口	mo tai chuang kou	1
模态视图	mo tai shi tu	10
模拟按键	mo ni an jian	3
模拟点击	mo ni dian ji	10
模拟电子	mo ni dian zi	42
模拟电子技术	mo ni dian zi ji shu	12
模拟登录	mo ni deng lu	11
模拟登陆	mo ni deng lu	4
模拟程序	mo ni cheng xu	32
模拟视频	mo ni shi pin	23
模拟语言	mo ni yu yan	2
模拟输入	mo ni shu ru	6
模拟输出	mo ni shu chu	6
模拟过程	mo ni guo cheng	25
模拟退火	mo ni tui huo	31
模拟退火算法	mo ni tui huo suan fa	12
模拟键盘	mo ni jian pan	2
模拟鼠标	mo ni shu biao	2
模数转换	mo shu zhuan huan	12
模数转换器	mo shu zhuan huan qi	11
模板元	mo ban yuan	8
模板元编程	mo ban yuan bian cheng	9
模板函数	mo ban han shu	34
模板化控件	mo ban hua kong jian	5
模板匹配	mo ban pi pei	12
模板库	mo ban ku	7
模板引擎	mo ban yin qing	40
模板技术	mo ban ji shu	7
模板整理	mo ban zheng li	4
模板方法	mo ban fang fa	8
模板方法模式	mo ban fang fa mo shi	2
模板模式	mo ban mo shi	4
模板消息	mo ban xiao xi	8
模板算法	mo ban suan fa	1
模板类	mo ban lei	42
模板编程	mo ban bian cheng	4
模板节点	mo ban jie dian	6
模板集	mo ban ji	6
模板题	mo ban ti	13
模版引擎	mo ban yin qing	2
模版方法	mo ban fang fa	10
模版方法模式	mo ban fang fa mo shi	10
模版类	mo ban lei	3
模线性方程组	mo xian xing fang cheng zu	9
模运算	mo yun suan	33
横向扫描	heng xiang sao miao	1
横向滑动	heng xiang hua dong	5
横屏竖屏	heng ping shu ping	10
次密钥	ci mi yue	1
次小生成树	ci xiao sheng cheng shu	11
次短路	ci duan lu	9
欢乐动漫	huan le dong man	5
欢迎界面	huan ying jie mian	9
欧几里得算法	ou ji li de suan fa	48
欧几里德算法	ou ji li de suan fa	5
欧拉回路	ou la hui lu	15
欧拉路径	ou la lu jing	22
欧拉通路	ou la tong lu	9
欧拉道路	ou la dao lu	8
欧氏距离	ou shi ju li	42
正交小波变换	zheng jiao xiao bo bian huan	5
正例	zheng li	15
正则匹配	zheng ze pi pei	1
正则序	zheng ze xu	3
正则形式	zheng ze xing shi	26
正则表达	zheng ze biao da	1
正则集	zheng ze ji	2
正向代理	zheng xiang dai li	3
正向传值	zheng xiang chuan zhi	6
正向推理	zheng xiang tui li	3
正常响应	zheng chang xiang ying	3
正式测试	zheng shi ce shi	8
正文编辑	zheng wen bian ji	5
正文编辑器	zheng wen bian ji qi	4
正易	zheng yi	5
正片叠加	zheng pian die jia	5
正版验证	zheng ban yan zheng	11
正益移动	zheng yi yi dong	6
正确性证明	zheng que xing zheng ming	11
正规文法	zheng gui wen fa	11
正规方程	zheng gui fang cheng	3
正闭包	zheng bi bao	6
正难则反	zheng nan ze fan	9
步进控制	bu jin kong zhi	5
步进电机	bu jin dian ji	47
歧义消解	qi yi xiao jie	7
死循环	si xun huan	46
死锁恢复	si suo hui fu	8
死锁检测	si suo jian ce	3
死锁消除	si suo xiao chu	5
死锁避免	si suo bi mian	9
死锁预防	si suo yu fang	8
残留数据	can liu shu ju	2
段地址	duan di zhi	17
段提交协议	duan ti jiao xie yi	8
段映射	duan ying she	4
段表地址	duan biao di zhi	6
段覆盖	duan fu gai	10
段锁	duan suo	2
母版页	mu ban ye	4
每日算法	mei ri suan fa	6
比例变换	bi li bian huan	2
比例带	bi li dai	5
比例控制	bi li kong zhi	47
比特币开发	bi te bi kai fa	1
比特精灵	bi te jing ling	6
比较器	bi jiao qi	13
比较运算符	bi jiao yun suan fu	20
毛玻璃效果	mao bo li xiao guo	3
毫秒级	hao miao ji	20
水平分片	shui ping fen pian	8
水平垂直居中	shui ping chui zhi ju zhong	10
水平集	shui ping ji	8
水晶报表	shui jing bao biao	1
永久故障	yong jiu gu zhang	1
永久虚电路	yong jiu xu dian lu	6
求余	qiu yu	15
求次方	qiu ci fang	6
求素数	qiu su shu	2
求职准备	qiu zhi zhun bei	6
求自然对数	qiu zi ran dui shu	6
求解策略	qiu jie ce lve	7
求逆序数	qiu ni xu shu	11
汇编指令	hui bian zhi ling	15
汇编程序	hui bian cheng xu	36
汇编编程	hui bian bian cheng	9
汉字交换码	han zi jiao huan ma	5
汉字代码	han zi dai ma	1
汉字信息处理	han zi xin xi chu li	18
汉字内码	han zi nei ma	3
汉字区位码	han zi qu wei ma	7
汉字识别	han zi shi bie	6
汉字输入	han zi shu ru	29
汉字输入码	han zi shu ru ma	5
汉字输出	han zi shu chu	3
汉字集	han zi ji	12
汉明码	han ming ma	40
汉语分析	han yu fen xi	1
汉语自动分词	han yu zi dong fen ci	1
汉语语音识别	han yu yu yin shi bie	5
池化	chi hua	22
沉浸式状态栏	chen jin shi zhuang tai lan	1
沙盒机制	sha he ji zhi	3
沙盒路径	sha he lu jing	10
泛化关系	fan hua guan xi	11
泛型接口	fan xing jie kou	9
泛型方法	fan xing fang fa	11
泛型算法	fan xing suan fa	2
泛型类	fan xing lei	38
泛型类型	fan xing lei xing	21
泛型类型参数	fan xing lei xing can shu	21
泛型类型变量	fan xing lei xing bian liang	1
泛型类型定义	fan xing lei xing ding yi	6
泛型编程	fan xing bian cheng	33
泛微	fan wei	3
泛洪	fan hong	18
泡网	pao wang	33
波峰焊	bo feng han	2
注册登录	zhu ce deng lu	12
注册码	zhu ce ma	14
注册过程	zhu ce guo cheng	10
注意力聚焦	zhu yi li ju jiao	5
注解开发	zhu jie kai fa	9
注解方式	zhu jie fang shi	4
注解配置	zhu jie pei zhi	12
注释模板	zhu shi mu ban	10
注释转换	zhu shi zhuan huan	6
泰森多边形	tai sen duo bian xing	7
洗牌算法	xi pai suan fa	9
活动分区	huo dong fen qu	19
活动图	huo dong tu	12
活动文件	huo dong wen jian	9
活动模板库	huo dong mu ban ku	2
活动状态	huo dong zhuang tai	14
活动目录	huo dong mu lu	33
活动进程	huo dong jin cheng	10
活动页	huo dong ye	2
活动驱动器	huo dong qu dong qi	4
流依赖	liu yi lai	4
流媒体协议	liu mei ti xie yi	5
流媒体开发	liu mei ti kai fa	1
流媒体服务器	liu mei ti fu wu qi	9
流媒体直播	liu mei ti zhi bo	20
流布局	liu bu ju	9
流式布局	liu shi bu ju	1
流式计算	liu shi ji suan	11
流操作	liu cao zuo	5
流方式	liu fang shi	10
流水线停顿	liu shui xian ting dun	10
流水线处理	liu shui xian chu li	5
流水线控制	liu shui xian kong zhi	5
流水线效率	liu shui xian xiao lv	6
流程引擎	liu cheng yin qing	11
流程控制语句	liu cheng kong zhi yu ju	2
流程模型	liu cheng mo xing	4
流程管理	liu cheng guan li	47
流程管理系统	liu cheng guan li xi tong	4
流程管理软件	liu cheng guan li ruan jian	1
流计算	liu ji suan	10
流量监控	liu liang jian kong	30
流量管理	liu liang guan li	15
流量统计	liu liang tong ji	45
浅克隆	qian ke long	10
浅复制	qian fu zhi	12
浅拷贝	qian kao bei	1
测试之道	ce shi zhi dao	7
测试例程	ce shi li cheng	8
测试台	ce shi tai	6
测试命令	ce shi ming ling	11
测试响应	ce shi xiang ying	7
测试工程师	ce shi gong cheng shi	43
测试开发	ce shi kai fa	11
测试思想	ce shi si xiang	8
测试技巧	ce shi ji qiao	1
测试探针	ce shi tan zhen	3
测试提示	ce shi ti shi	6
测试文本	ce shi wen ben	2
测试日志	ce shi ri zhi	1
测试有效性	ce shi you xiao xing	2
测试杂志	ce shi za zhi	1
测试板	ce shi ban	5
测试框架	ce shi kuang jia	20
测试流程	ce shi liu cheng	21
测试环境	ce shi huan jing	42
测试理论	ce shi li lun	11
测试生成	ce shi sheng cheng	2
测试策略	ce shi ce lve	3
测试管理	ce shi guan li	12
测试管理工具	ce shi guan li gong ju	9
测试类	ce shi lei	25
测试经验	ce shi jing yan	8
测试综合	ce shi zong he	2
测试背景	ce shi bei jing	1
测试脚本	ce shi jiao ben	23
测试自动化	ce shi zi dong hua	37
测试覆盖	ce shi fu gai	2
测试规约	ce shi gui yue	5
测试设计	ce shi she ji	12
测试评审	ce shi ping shen	2
测试语言	ce shi yu yan	4
测试资源	ce shi zi yuan	2
测试运维	ce shi yun wei	5
测试运行	ce shi yun xing	45
测试顺序	ce shi shun xu	8
测试驱动器	ce shi qu dong qi	1
测试驱动开发	ce shi qu dong kai fa	46
测试驱动程序	ce shi qu dong cheng xu	10
测量范围	ce liang fan wei	42
浏览器兼容	liu lan qi jian rong	12
浏览器兼容性	liu lan qi jian rong xing	14
浏览器内核	liu lan qi nei he	8
浏览器服务器	liu lan qi fu wu qi	9
浏览器版本	liu lan qi ban ben	20
浏览器缓存	liu lan qi huan cun	14
浏览器脚本	liu lan qi jiao ben	1
浏览器项目	liu lan qi xiang mu	4
浮动块	fu dong kuai	9
浮点乘	fu dian cheng	2
浮点加	fu dian jia	2
浮点变量	fu dian bian liang	4
浮点型	fu dian xing	29
浮点处理单元	fu dian chu li dan yuan	1
浮点常量	fu dian chang liang	9
浮点标准	fu dian biao zhun	3
浮点运算单元	fu dian yun suan dan yuan	49
浮点除	fu dian chu	17
海思开发	hai si kai fa	5
海水淡化膜	hai shui dan hua mo	5
海量存储器	hai liang cun chu qi	5
海量数据	hai liang shu ju	39
海量数据处理	hai liang shu ju chu li	12
海量数据挖掘	hai liang shu ju wa jue	7
海量连接	hai liang lian jie	6
消息中间件	xiao xi zhong jian jian	19
消息传送系统	xiao xi chuan song xi tong	6
消息传递库	xiao xi chuan di ku	5
消息传递接口	xiao xi chuan di jie kou	5
消息分发	xiao xi fen fa	5
消息发送	xiao xi fa song	45
消息响应	xiao xi xiang ying	1
消息处理	xiao xi chu li	37
消息处理机制	xiao xi chu li ji zhi	2
消息处理系统	xiao xi chu li xi tong	7
消息存储	xiao xi cun chu	5
消息循环	xiao xi xun huan	11
消息循环机制	xiao xi xun huan ji zhi	10
消息总线	xiao xi zong xian	2
消息排队	xiao xi pai dui	9
消息推送	xiao xi tui song	29
消息方式	xiao xi fang shi	1
消息日志	xiao xi ri zhi	3
消息映射	xiao xi ying she	12
消息机制	xiao xi ji zhi	5
消息框	xiao xi kuang	17
消息系统	xiao xi xi tong	12
消息路由	xiao xi lu you	10
消息转发	xiao xi zhuan fa	9
消息通信	xiao xi tong xin	5
消除锯齿	xiao chu ju chi	8
淘宝源	tao bao yuan	8
淡入淡出	dan ru dan chu	26
深克隆	shen ke long	10
深复制	shen fu zhi	13
深度优先	shen du you xian	11
深度优先搜寻	shen du you xian sou xun	7
深度优先遍历	shen du you xian bian li	18
深度克隆	shen du ke long	10
深度图	shen du tu	26
深度复制	shen du fu zhi	10
深度搜索	shen du sou suo	3
深度测试	shen du ce shi	7
深度缓存	shen du huan cun	6
深度网络	shen du wang luo	3
深度计算	shen du ji suan	4
深度遍历	shen du bian li	1
深拷贝	shen kao bei	1
深搜	shen sou	1
深搜广搜	shen sou guang sou	6
深浅拷贝	shen qian kao bei	9
混乱性	hun luan xing	5
混合云	hun he yun	32
混合应用	hun he ying yong	5
混合开发	hun he kai fa	8
混合系统	hun he xi tong	8
混合编码	hun he bian ma	12
混合编程	hun he bian cheng	1
混合背包	hun he bei bao	7
混合高斯模型	hun he gao si mo xing	3
混淆代码	hun xiao dai ma	3
混淆打包	hun xiao da bao	9
混淆矩阵	hun xiao ju zhen	10
混淆编译	hun xiao bian yi	8
添加删除按钮	tian jia shan chu an niu	7
添加属性	tian jia shu xing	14
添加数据	tian jia shu ju	3
添加用户	tian jia yong hu	2
添加硬件	tian jia ying jian	3
添加节点	tian jia jie dian	3
添加行	tian jia hang	1
添物	tian wu	7
清单文件	qing dan wen jian	13
清晰性	qing xi xing	23
清橙	qing cheng	1
清理缓存	qing li huan cun	41
清除切片	qing chu qie pian	4
清除历史记录	qing chu li shi ji lu	1
清除参考线	qing chu can kao xian	5
清除数组	qing chu shu zu	1
清除浮动	qing chu fu dong	12
清除缓存	qing chu huan cun	40
清除请求	qing chu qing qiu	7
渐变动画	jian bian dong hua	12
渐变叠加	jian bian die jia	7
渐变色	jian bian se	42
渗透学习	shen tou xue xi	5
温度控制器	wen du kong zhi qi	14
渲染效果	xuan ran xiao guo	18
渲染管线	xuan ran guan xian	20
游戏业务	you xi ye wu	8
游戏分析	you xi fen xi	8
游戏化	you xi hua	9
游戏客户端	you xi ke hu duan	18
游戏工具	you xi gong ju	8
游戏开发教程	you xi kai fa jiao cheng	1
游戏开发框架	you xi kai fa kuang jia	3
游戏引擎设计	you xi yin qing she ji	1
游戏技术	you xi ji shu	8
游戏数据	you xi shu ju	11
游戏服务端	you xi fu wu duan	9
游戏架构	you xi jia gou	19
游戏框架	you xi kuang jia	24
游戏测试	you xi ce shi	9
游戏策划	you xi ce hua	49
游戏算法	you xi suan fa	1
游戏类	you xi lei	10
游戏编程	you xi bian cheng	32
游戏脚本	you xi jiao ben	30
游程编码	you cheng bian ma	18
源代码下载	yuan dai ma xia zai	2
源代码分析	yuan dai ma fen xi	5
源代码加密	yuan dai ma jia mi	6
源代码教育	yuan dai ma jiao yu	6
源代码管理	yuan dai ma guan li	3
源代码阅读	yuan dai ma yue du	9
源服务器	yuan fu wu qi	13
源码下载	yuan ma xia zai	1
源码分享	yuan ma fen xiang	1
源码分析	yuan ma fen xi	1
源码剖析	yuan ma pou xi	1
源码包	yuan ma bao	7
源码安装	yuan ma an zhuang	2
源码实现	yuan ma shi xian	12
源码开发	yuan ma kai fa	6
源码理解	yuan ma li jie	9
源码研究	yuan ma yan jiu	9
源码管理	yuan ma guan li	1
源码编译	yuan ma bian yi	10
源码解读	yuan ma jie du	10
源码阅读	yuan ma yue du	11
源阻抗	yuan zu kang	4
溢出区	yi chu qu	1
溢出检查	yi chu jian cha	3
滑动事件	hua dong shi jian	12
滑动冲突	hua dong chong tu	11
滑动切换	hua dong qie huan	5
滑动删除	hua dong shan chu	1
滑动开关	hua dong kai guan	6
滑动效果	hua dong xiao guo	12
滑动条	hua dong tiao	7
滑动窗口	hua dong chuang kou	32
滑动菜单	hua dong cai dan	11
滑动菜单栏	hua dong cai dan lan	7
滑动返回	hua dong fan hui	11
滑动门	hua dong men	40
滚动字幕	gun dong zi mu	34
滚动效果	gun dong xiao guo	5
滚动数组	gun dong shu zu	12
滚动视图	gun dong shi tu	12
满二叉树	man er cha shu	4
滤波算法	lv bo suan fa	1
滤镜库	lv jing ku	7
滤镜操作	lv jing cao zuo	7
漏洞分析	lou dong fen xi	2
漏洞扫描	lou dong sao miao	21
漏洞挖掘	lou dong wa jue	1
漏洞收集	lou dong shou ji	5
漏洞演练	lou dong yan lian	5
演示程序	yan shi cheng xu	20
演绎数据库	yan yi shu ju ku	1
漫反射光	man fan she guang	3
潜伏时间	qian fu shi jian	12
激活原语	ji huo yuan yu	5
激活机制	ji huo ji zhi	5
瀑布模型	pu bu mo xing	34
瀑布流	pu bu liu	18
瀑布流布局	pu bu liu bu ju	10
火星坐标	huo xing zuo biao	1
火狐浏览器	huo hu liu lan qi	32
灰度值	hui du zhi	33
灰度共生矩阵	hui du gong sheng ju zhen	8
灰度变换	hui du bian huan	9
灰度图	hui du tu	9
灰度图像	hui du tu xiang	40
灰度校正	hui du jiao zheng	5
灰度直方图	hui du zhi fang tu	10
灰盒测试	hui he ce shi	6
灰鸽子	hui ge zi	16
灵犀云	ling xi yun	6
灾难恢复计划	zai nan hui fu ji hua	6
炫酷效果	xuan ku xiao guo	9
点乘	dian cheng	12
点九图	dian jiu tu	8
点云	dian yun	11
点云处理	dian yun chu li	1
点云库	dian yun ku	10
点修改	dian xiu gai	12
点击事件	dian ji shi jian	3
点击事件冲突	dian ji shi jian chong tu	7
点击效果	dian ji xiao guo	12
点击设备	dian ji she bei	2
点到点协议	dian dao dian xie yi	5
点双连通分量	dian shuang lian tong fen liang	8
点对多点通信	dian dui duo dian tong xin	4
点对点协议	dian dui dian xie yi	41
点对点连接	dian dui dian lian jie	14
点对点通信	dian dui dian tong xin	4
点数据分析	dian shu ju fen xi	5
点检索	dian jian suo	6
点点通	dian dian tong	7
点积	dian ji	12
点语法	dian yu fa	2
点运算	dian yun suan	4
点阵字库	dian zhen zi ku	1
点集	dian ji	13
烂笔头	lan bi tou	9
烧写	shao xie	18
热修复	re xiu fu	22
热加载	re jia zai	10
热启动	re qi dong	11
热备份	re bei fen	12
热更新	re geng xin	8
热补丁	re bu ding	6
热部署	re bu shu	6
焊盘	han pan	25
焦点图	jiao dian tu	3
照片处理	zhao pian chu li	8
熊猫烧香	xiong mao shao xiang	32
熔丝	rong si	39
爆搜	bao sou	2
爬山法	pa shan fa	2
爬山算法	pa shan suan fa	12
爬虫框架	pa chong kuang jia	1
爬虫项目	pa chong xiang mu	8
爱加密	ai jia mi	10
父子进程	fu zi jin cheng	4
父成员	fu cheng yuan	6
父窗口	fu chuang kou	28
父级元素	fu ji yuan su	1
父页面	fu ye mian	1
片选	pian xuan	12
版本信息	ban ben xin xi	34
版本兼容	ban ben jian rong	21
版本冲突	ban ben chong tu	3
版本回退	ban ben hui tui	1
版本定制	ban ben ding zhi	3
版本库	ban ben ku	41
版本控制器	ban ben kong zhi qi	9
版本控制工具	ban ben kong zhi gong ju	8
版本检测	ban ben jian ce	9
版本策略	ban ben ce lve	1
版本管理	ban ben guan li	15
版本管理工具	ban ben guan li gong ju	11
版本编程	ban ben bian cheng	1
版本适配	ban ben shi pei	1
牛客网	niu ke wang	10
牛津计划	niu jin ji hua	6
牛顿迭代	niu dun die dai	7
牛顿迭代法	niu dun die dai fa	5
物体检测	wu ti jian ce	11
物体空间	wu ti kong jian	13
物体识别	wu ti shi bie	30
物化视图	wu hua shi tu	7
物媒体	wu mei ti	6
物理介质	wu li jie zhi	40
物理信号	wu li xin hao	9
物理分页	wu li fen ye	9
物理媒体连接	wu li mei ti lian jie	5
物理对象	wu li dui xiang	41
物理布局	wu li bu ju	5
物理布线	wu li bu xian	5
物理故障	wu li gu zhang	8
物理数据模型	wu li shu ju mo xing	1
物理模式	wu li mo shi	7
物理模拟	wu li mo ni	33
物理符号系统	wu li fu hao xi tong	26
物理设备	wu li she bei	29
物理需求	wu li xu qiu	2
物联网世界	wu lian wang shi jie	6
物联网开发	wu lian wang kai fa	1
物联网技术	wu lian wang ji shu	21
特征交互	te zheng jiao hu	4
特征分析	te zheng fen xi	27
特征匹配	te zheng pi pei	5
特征工程	te zheng gong cheng	1
特征抽取	te zheng chou qu	11
特征检测	te zheng jian ce	45
特征模型	te zheng mo xing	8
特征点检测	te zheng dian jian ce	6
特征生成	te zheng sheng cheng	8
特征编码	te zheng bian ma	3
特征识别	te zheng shi bie	42
特征选择	te zheng xuan ze	24
特征项	te zheng xiang	9
特权命令	te quan ming ling	1
特权指令	te quan zhi ling	9
特权级	te quan ji	14
特殊回文数	te shu hui wen shu	6
特殊恢复	te shu hui fu	5
特殊数据	te shu shu ju	5
特殊算法	te shu suan fa	2
状压	zhuang ya	2
状态保存	zhuang tai bao cun	25
状态压缩	zhuang tai ya suo	2
状态图	zhuang tai tu	48
状态字	zhuang tai zi	11
状态栈	zhuang tai zhan	8
状态栏颜色	zhuang tai lan yan se	10
状态栏高度	zhuang tai lan gao du	11
状态模式	zhuang tai mo shi	2
状态爆炸	zhuang tai bao zha	5
状态空间搜索	zhuang tai kong jian sou suo	2
状态空间表示	zhuang tai kong jian biao shi	27
状态转移图	zhuang tai zhuan yi tu	2
状态队列	zhuang tai dui lie	8
独立程序	du li cheng xu	21
猜数字游戏	cai shu zi you xi	2
玩转树莓派	wan zhuan shu mei pai	5
环境光	huan jing guang	11
环境变量设置	huan jing bian liang she zhi	3
环境变量配置	huan jing bian liang pei zhi	13
环境安装	huan jing an zhuang	12
环境搭建	huan jing da jian	14
环境映射	huan jing ying she	20
环境编程	huan jing bian cheng	1
环境设置	huan jing she zhi	7
环境配置	huan jing pei zhi	2
环形缓冲	huan xing huan chong	6
环形进度条	huan xing jin du tiao	10
环形队列	huan xing dui lie	11
现代优化算法	xian dai you hua suan fa	5
现场升级	xian chang sheng ji	2
现场设备	xian chang she bei	34
理想流	li xiang liu	4
瑞星杀毒软件	rui xing sha du ruan jian	5
瑞星防火墙	rui xing fang huo qiang	5
瓦片地图	wa pian di tu	1
甘特图	gan te tu	45
生产力工具	sheng chan li gong ju	12
生产管理	sheng chan guan li	10
生产者消费者	sheng chan zhe xiao fei zhe	7
生存周期	sheng cun zhou qi	21
生存周期模型	sheng cun zhou qi mo xing	5
生成二维码	sheng cheng er wei ma	4
生成器模式	sheng cheng qi mo shi	9
生成图片	sheng cheng tu pian	3
生成日志	sheng cheng ri zhi	2
生成树问题	sheng cheng shu wen ti	8
生成策略	sheng cheng ce lve	12
生成随机颜色	sheng cheng sui ji yan se	1
生日攻击	sheng ri gong ji	6
生物测定	sheng wu ce ding	17
生物计算机	sheng wu ji suan ji	12
用例图	yong li tu	19
用例扩展	yong li kuo zhan	5
用例数目	yong li shu mu	5
用例设计	yong li she ji	1
用友	yong you	11
用户中心	yong hu zhong xin	10
用户主体	yong hu zhu ti	6
用户交互	yong hu jiao hu	38
用户任务	yong hu ren wu	4
用户体验设计	yong hu ti yan she ji	21
用户作业	yong hu zuo ye	9
用户兴趣	yong hu xing qu	6
用户内存	yong hu nei cun	1
用户分区	yong hu fen qu	1
用户加密	yong hu jia mi	2
用户区	yong hu qu	11
用户坐标	yong hu zuo biao	9
用户坐标系	yong hu zuo biao xi	2
用户定义消息	yong hu ding yi xiao xi	8
用户密钥	yong hu mi yue	12
用户授权	yong hu shou quan	13
用户接口	yong hu jie kou	27
用户控件	yong hu kong jian	11
用户文件目录	yong hu wen jian mu lu	6
用户文档	yong hu wen dang	5
用户日志	yong hu ri zhi	1
用户权限	yong hu quan xian	42
用户标识	yong hu biao zhi	12
用户标识码	yong hu biao zhi ma	5
用户栈	yong hu zhan	2
用户栈指针	yong hu zhan zhi zhen	6
用户注销	yong hu zhu xiao	4
用户消息	yong hu xiao xi	6
用户状态表	yong hu zhuang tai biao	6
用户画像	yong hu hua xiang	2
用户登陆	yong hu deng lu	6
用户程序	yong hu cheng xu	37
用户简介	yong hu jian jie	2
用户线程	yong hu xian cheng	11
用户线程模型	yong hu xian cheng mo xing	6
用户自定	yong hu zi ding	8
用户行为分析	yong hu xing wei fen xi	11
用户认证	yong hu ren zheng	27
用户账号	yong hu zhang hao	39
用户账户	yong hu zhang hu	45
用户选项	yong hu xuan xiang	9
申请栈	shen qing zhan	8
电力系统仿真	dian li xi tong fang zhen	2
电商架构	dian shang jia gou	7
电商系统	dian shang xi tong	10
电商营销	dian shang ying xiao	2
电子付款	dian zi fu kuan	13
电子出版	dian zi chu ban	7
电子函件地址	dian zi han jian di zhi	5
电子图书馆	dian zi tu shu guan	7
电子市场	dian zi shi chang	10
电子情报	dian zi qing bao	4
电子数据交换	dian zi shu ju jiao huan	14
电子文本	dian zi wen ben	31
电子服务	dian zi fu wu	6
电子杂志	dian zi za zhi	9
电子模块	dian zi mo kuai	7
电子相册	dian zi xiang ce	8
电子硬件	dian zi ying jian	9
电子线路	dian zi xian lu	48
电子设计	dian zi she ji	10
电子邮件营销	dian zi you jian ying xiao	10
电子金融	dian zi jin rong	12
电子银行业务	dian zi yin hang ye wu	6
电容式触摸屏	dian rong shi chu mo ping	20
电报码	dian bao ma	25
电机控制	dian ji kong zhi	29
电气性能	dian qi xing neng	17
电源总线	dian yuan zong xian	5
电脑使用	dian nao shi yong	11
电脑基础	dian nao ji chu	4
电脑技术	dian nao ji shu	9
电脑故障	dian nao gu zhang	33
电脑维修	dian nao wei xiu	39
电脑维护	dian nao wei hu	11
电脑设置	dian nao she zhi	36
电脑配置	dian nao pei zhi	17
电视会议	dian shi hui yi	7
电视盒子	dian shi he zi	45
电话拨号器	dian hua bo hao qi	1
电路交换网	dian lu jiao huan wang	1
电阻负载	dian zu fu zai	8
画图形	hua tu xing	3
画图板	hua tu ban	6
画图片	hua tu pian	1
画圆角矩形	hua yuan jiao ju xing	9
画家算法	hua jia suan fa	17
画矩形	hua ju xing	5
画面刷新率	hua mian shua xin lv	1
畅通工程	chang tong gong cheng	6
畅通工程续	chang tong gong cheng xu	9
界面优化	jie mian you hua	9
界面传值	jie mian chuan zhi	7
界面切换	jie mian qie huan	1
界面布局	jie mian bu ju	8
界面库	jie mian ku	4
界面开发	jie mian kai fa	7
界面效果	jie mian xiao guo	5
界面显示	jie mian xian shi	22
界面特效	jie mian te xiao	1
界面绘制	jie mian hui zhi	1
界面编程	jie mian bian cheng	1
界面美化	jie mian mei hua	9
界面跳转	jie mian tiao zhuan	1
留学申请	liu xue shen qing	8
番茄工作法	fan qie gong zuo fa	9
番茄花园	fan qie hua yuan	31
疑难解答	yi nan jie da	12
病毒分析	bing du fen xi	4
病毒木马	bing du mu ma	4
病毒防治	bing du fang zhi	6
登录拦截	deng lu lan jie	7
登录模式	deng lu mo shi	2
登录注册	deng lu zhu ce	6
登录界面	deng lu jie mian	42
登录脚本	deng lu jiao ben	4
登录页面	deng lu ye mian	14
登录验证	deng lu yan zheng	5
登陆注册	deng lu zhu ce	9
登陆界面	deng lu jie mian	16
登陆验证	deng lu yan zheng	11
白体	bai ti	5
白盒	bai he	28
白盒测试	bai he ce shi	33
白箱测试	bai xiang ce shi	4
白话经典算法	bai hua jing dian suan fa	10
百兆网卡	bai zhao wang ka	7
百分比布局	bai fen bi bu ju	10
百度云推送	bai du yun tui song	10
百度卫士	bai du wei shi	17
百度地图定位	bai du di tu ding wei	5
百度地图开发	bai du di tu kai fa	9
百度定位	bai du ding wei	2
百度工具栏	bai du gong ju lan	14
百度应用	bai du ying yong	2
百度推广	bai du tui guang	34
百度推送	bai du tui song	2
百度文库	bai du wen ku	47
百度旅游	bai du lv you	17
百度浏览器	bai du liu lan qi	23
百度离线地图	bai du li xian di tu	5
百度经验	bai du jing yan	9
百度编辑器	bai du bian ji qi	8
百度词典	bai du ci dian	3
百度魔拍	bai du mo pai	4
百练	bai lian	12
皮克定理	pi ke ding li	22
皮肤检测	pi fu jian ce	1
盈利模式	ying li mo shi	38
监听事件	jian ting shi jian	3
监听器	jian ting qi	28
监听模式	jian ting mo shi	12
监听键盘	jian ting jian pan	1
监控任务	jian kong ren wu	9
监控台	jian kong tai	2
监控告警	jian kong gao jing	8
监控工具	jian kong gong ju	13
监控方式	jian kong fang shi	1
监控程序	jian kong cheng xu	15
监测网络	jian ce wang luo	45
监督控制	jian du kong zhi	5
监视定时器	jian shi ding shi qi	5
监视数据	jian shi shu ju	9
监视状态	jian shi zhuang tai	7
盒子模型	he zi mo xing	11
盒式磁带	he shi ci dai	32
盒模型	he mo xing	49
盖写	gai xie	5
盘片组	pan pian zu	6
盘符	pan fu	17
目录排序	mu lu pai xu	2
目录操作	mu lu cao zuo	2
目录树	mu lu shu	28
目录配置	mu lu pei zhi	12
目标分类	mu biao fen lei	9
目标机	mu biao ji	12
目标检测	mu biao jian ce	14
目标目录	mu biao mu lu	16
目标程序	mu biao cheng xu	13
目标系统	mu biao xi tong	13
目标计算机	mu biao ji suan ji	17
目标识别	mu biao shi bie	41
目标跟踪	mu biao gen zong	39
目标路径	mu biao lu jing	2
目标集	mu biao ji	10
目标驱动	mu biao qu dong	2
盲目搜索	mang mu sou suo	3
直接寻址	zhi jie xun zhi	11
直接插入排序	zhi jie cha ru pai xu	13
直接映射	zhi jie ying she	25
直接模式	zhi jie mo shi	8
直播技术	zhi bo ji shu	8
直播流	zhi bo liu	18
直方图修正	zhi fang tu xiu zheng	6
直方图匹配	zhi fang tu pi pei	8
直方图均衡	zhi fang tu jun heng	9
直方图均衡化	zhi fang tu jun heng hua	24
直方图规定化	zhi fang tu gui ding hua	7
直线拟合	zhi xian ni he	9
直线检测	zhi xian jian ce	2
相互调用	xiang hu diao yong	2
相似度计算	xiang si du ji suan	4
相似性度量	xiang si xing du liang	17
相似性测度	xiang si xing ce du	4
相位编码	xiang wei bian ma	20
相关分析	xiang guan fen xi	10
相关匹配	xiang guan pi pei	9
相对地址	xiang dui di zhi	7
相对坐标	xiang dui zuo biao	1
相对定位	xiang dui ding wei	7
相对布局	xiang dui bu ju	13
相对虚拟地址	xiang dui xu ni di zhi	8
相对路径	xiang dui lu jing	19
相机应用	xiang ji ying yong	25
相机标定	xiang ji biao ding	10
省市级联	sheng shi ji lian	6
看打	kan da	6
看板工具	kan ban gong ju	5
真实感图形	zhen shi gan tu xing	6
真机测试	zhen ji ce shi	2
真机调试	zhen ji tiao shi	13
着色数	zhuo se shu	17
瞬态分析	shun tai fen xi	2
瞬时故障	shun shi gu zhang	6
瞬时错误	shun shi cuo wu	5
矢量图层	shi liang tu ceng	2
矢量蒙版	shi liang meng ban	6
知识冗余	zhi shi rong yu	5
知识单元	zhi shi dan yuan	8
知识发现	zhi shi fa xian	9
知识块	zhi shi kuai	7
知识处理	zhi shi chu li	11
知识复杂性	zhi shi fu za xing	5
知识工程	zhi shi gong cheng	34
知识库系统	zhi shi ku xi tong	4
知识扩展	zhi shi kuo zhan	2
知识拓展	zhi shi tuo zhan	3
知识推理	zhi shi tui li	11
知识提取	zhi shi ti qu	1
知识梳理	zhi shi shu li	8
知识概念	zhi shi gai nian	10
知识模块	zhi shi mo kuai	6
知识模型	zhi shi mo xing	4
知识模式	zhi shi mo shi	6
知识源	zhi shi yuan	14
知识组织	zhi shi zu zhi	6
知识结构	zhi shi jie gou	32
知识获取	zhi shi huo qu	19
知识表示	zhi shi biao shi	9
知识详解	zhi shi xiang jie	7
矩形覆盖	ju xing fu gai	3
矩形面积并	ju xing mian ji bing	9
矩阵优化	ju zhen you hua	8
矩阵分析	ju zhen fen xi	20
矩阵切换器	ju zhen qie huan qi	5
矩阵加速	ju zhen jia su	8
矩阵变换	ju zhen bian huan	15
矩阵实验室	ju zhen shi yan shi	3
矩阵应用	ju zhen ying yong	8
矩阵快速幂	ju zhen kuai su mi	1
矩阵操作	ju zhen cao zuo	5
矩阵旋转	ju zhen xuan zhuan	3
矩阵构造	ju zhen gou zao	9
矩阵树定理	ju zhen shu ding li	2
矩阵求导	ju zhen qiu dao	5
矩阵计算	ju zhen ji suan	33
矩阵转置	ju zhen zhuan zhi	11
矩阵连乘	ju zhen lian cheng	1
矩阵链乘	ju zhen lian cheng	3
矩阵链乘法	ju zhen lian cheng fa	8
矩阵键盘	ju zhen jian pan	9
短信发送	duan xin fa song	19
短信客户端	duan xin ke hu duan	7
短信拦截	duan xin lan jie	4
短信接口	duan xin jie kou	9
短信猫	duan xin mao	8
短信验证码	duan xin yan zheng ma	16
短整数	duan zheng shu	7
短期调度	duan qi diao du	4
短语结构语法	duan yu jie gou yu fa	4
短路故障	duan lu gu zhang	13
短连接	duan lian jie	2
短链接	duan lian jie	11
码实	ma shi	1
码本	ma ben	8
码流分析	ma liu fen xi	8
码率控制	ma lv kong zhi	3
研发工具	yan fa gong ju	1
研发架构	yan fa jia gou	1
研发管理	yan fa guan li	6
研究生机试	yan jiu sheng ji shi	11
破解分析	po jie fen xi	1
破解补丁	po jie bu ding	10
破译者	po yi zhe	12
硬件仿真	ying jian fang zhen	10
硬件信息	ying jian xin xi	9
硬件冗余	ying jian rong yu	1
硬件地址	ying jian di zhi	15
硬件多线程	ying jian duo xian cheng	5
硬件安全	ying jian an quan	21
硬件开发	ying jian kai fa	21
硬件技术	ying jian ji shu	22
硬件故障	ying jian gu zhang	18
硬件测试	ying jian ce shi	8
硬件电路	ying jian dian lu	27
硬件电路设计	ying jian dian lu she ji	1
硬件结构设计	ying jian jie gou she ji	5
硬件维护	ying jian wei hu	5
硬件编程	ying jian bian cheng	1
硬件编解码	ying jian bian jie ma	8
硬件驱动	ying jian qu dong	8
硬件验证	ying jian yan zheng	32
硬故障	ying gu zhang	6
硬盘分区	ying pan fen qu	47
硬盘对拷	ying pan dui kao	6
硬盘序号	ying pan xu hao	5
硬盘接口	ying pan jie kou	1
硬磁盘	ying ci pan	1
硬编码	ying bian ma	34
硬解码	ying jie ma	3
硬连接	ying lian jie	4
硬错误	ying cuo wu	2
确保操作	que bao cao zuo	4
确信度	que xin du	1
确定性算法	que ding xing suan fa	18
碰撞检测	peng zhuang jian ce	28
磁场感应器	ci chang gan ying qi	5
磁带库	ci dai ku	9
磁带归档	ci dai gui dang	8
磁带驱动器	ci dai qu dong qi	11
磁盘克隆	ci pan ke long	3
磁盘冗余阵列	ci pan rong yu zhen lie	2
磁盘分区	ci pan fen qu	45
磁盘接口	ci pan jie kou	4
磁盘控制器	ci pan kong zhi qi	7
磁盘操作系统	ci pan cao zuo xi tong	40
磁盘管理	ci pan guan li	20
磁盘缓存	ci pan huan cun	13
磁盘适配器	ci pan shi pei qi	1
磁盘镜像	ci pan jing xiang	31
磁盘阵列	ci pan zhen lie	28
磁盘驱动器	ci pan qu dong qi	40
磁盘高速缓存	ci pan gao su huan cun	1
磁道	ci dao	43
示例代码	shi li dai ma	47
示例程序	shi li cheng xu	25
社交应用	she jiao ying yong	44
社会化分享	she hui hua fen xiang	10
社会化媒体	she hui hua mei ti	47
社会化组件	she hui hua zu jian	9
社会规则	she hui gui ze	6
神经元模型	shen jing yuan mo xing	12
神经元网络	shen jing yuan wang luo	21
神经网络模型	shen jing wang luo mo xing	19
神经计算	shen jing ji suan	21
神经计算机	shen jing ji suan ji	2
禁止中断	jin zhi zhong duan	8
禁止显示	jin zhi xian shi	4
禁止横屏	jin zhi heng ping	8
禁止状态	jin zhi zhuang tai	1
禁止表	jin zhi biao	2
禁止输入	jin zhi shu ru	25
离屏渲染	li ping xuan ran	10
离散卷积	li san juan ji	15
离散对数问题	li san dui shu wen ti	27
离线地图	li xian di tu	17
离线处理	li xian chu li	4
离线大法	li xian da fa	7
离线存储	li xian cun chu	3
离线安装	li xian an zhuang	9
离线操作	li xian cao zuo	8
离线算法	li xian suan fa	3
离线缓存	li xian huan cun	3
私有仓库	si you cang ku	5
私有变量	si you bian liang	17
私有属性	si you shu xing	13
私有库	si you ku	10
私有方法	si you fang fa	4
私有程序集	si you cheng xu ji	6
私有继承	si you ji cheng	3
种子填充算法	zhong zi tian chong suan fa	7
种类并查集	zhong lei bing cha ji	8
科学上网	ke xue shang wang	45
科学数据库	ke xue shu ju ku	10
科学计数法	ke xue ji shu fa	18
科技前沿	ke ji qian yan	12
科技新闻	ke ji xin wen	9
科技潮流	ke ji chao liu	1
科技论文写作	ke ji lun wen xie zuo	6
秘密密钥	mi mi mi yue	4
租用线路	zu yong xian lu	4
积分图	ji fen tu	22
积分控制	ji fen kong zhi	10
移位乘法	yi wei cheng fa	5
移位器	yi wei qi	27
移位指令	yi wei zhi ling	3
移位操作	yi wei cao zuo	11
移位运算	yi wei yun suan	11
移位运算符	yi wei yun suan fu	3
移到文件尾	yi dao wen jian wei	10
移动互联	yi dong hu lian	15
移动代理	yi dong dai li	6
移动代码	yi dong dai ma	4
移动优先	yi dong you xian	4
移动信息化	yi dong xin xi hua	8
移动前端	yi dong qian duan	9
移动前端框架	yi dong qian duan kuang jia	5
移动办公	yi dong ban gong	19
移动医疗	yi dong yi liao	8
移动平台开发	yi dong ping tai kai fa	3
移动广告	yi dong guang gao	8
移动广告平台	yi dong guang gao ping tai	4
移动应用开发	yi dong ying yong kai fa	13
移动应用测试	yi dong ying yong ce shi	8
移动开发	yi dong kai fa	18
移动开发工具	yi dong kai fa gong ju	7
移动开发技术	yi dong kai fa ji shu	8
移动开发框架	yi dong kai fa kuang jia	9
移动开发者	yi dong kai fa zhe	2
移动控件	yi dong kong jian	9
移动搜索	yi dong sou suo	12
移动智能电视	yi dong zhi neng dian shi	5
移动智能终端	yi dong zhi neng zhong duan	8
移动机器人	yi dong ji qi ren	31
移动架构	yi dong jia gou	6
移动测试	yi dong ce shi	1
移动浏览器	yi dong liu lan qi	36
移动游戏开发	yi dong you xi kai fa	1
移动电子商务	yi dong dian zi shang wu	1
移动社交	yi dong she jiao	7
移动窗体	yi dong chuang ti	8
移动窗口	yi dong chuang kou	4
移动端开发	yi dong duan kai fa	11
移动类	yi dong lei	2
移动网页	yi dong wang ye	8
移动营销	yi dong ying xiao	8
移动视频	yi dong shi pin	16
移动计算	yi dong ji suan	47
移动计算机	yi dong ji suan ji	20
移动设计	yi dong she ji	3
移动语义	yi dong yu yi	21
移动镜头	yi dong jing tou	22
移动飞信	yi dong fei xin	1
移频键控	yi pin jian kong	1
稀疏数据	xi shu shu ju	6
稀疏矩阵	xi shu ju zhen	45
稀疏编码	xi shu bian ma	3
稀疏自编码器	xi shu zi bian ma qi	8
稀疏表示	xi shu biao shi	10
程序上传	cheng xu shang chuan	8
程序优先级	cheng xu you xian ji	6
程序优化	cheng xu you hua	20
程序体系结构	cheng xu ti xi jie gou	2
程序保护	cheng xu bao hu	8
程序修改	cheng xu xiu gai	9
程序出错	cheng xu chu cuo	26
程序划分	cheng xu hua fen	3
程序化交易	cheng xu hua jiao yi	4
程序发布	cheng xu fa bu	14
程序变异	cheng xu bian yi	2
程序启动	cheng xu qi dong	35
程序启动原理	cheng xu qi dong yuan li	8
程序员之家	cheng xu yuan zhi jia	8
程序员健康	cheng xu yuan jian kang	7
程序员养成	cheng xu yuan yang cheng	8
程序员创业	cheng xu yuan chuang ye	7
程序员升级	cheng xu yuan sheng ji	6
程序员必备	cheng xu yuan bi bei	1
程序员必读	cheng xu yuan bi du	9
程序员杂志	cheng xu yuan za zhi	1
程序员联盟	cheng xu yuan lian meng	7
程序块	cheng xu kuai	5
程序基础	cheng xu ji chu	1
程序存储	cheng xu cun chu	10
程序安装	cheng xu an zhuang	9
程序实例	cheng xu shi li	3
程序实践	cheng xu shi jian	7
程序寄存器	cheng xu ji cun qi	1
程序局部性	cheng xu ju bu xing	2
程序崩溃	cheng xu beng kui	13
程序开发工具	cheng xu kai fa gong ju	1
程序异常	cheng xu yi chang	12
程序性能	cheng xu xing neng	10
程序扩展	cheng xu kuo zhan	7
程序技术	cheng xu ji shu	9
程序探测	cheng xu tan ce	1
程序接口	cheng xu jie kou	8
程序暂停	cheng xu zan ting	4
程序有误	cheng xu you wu	3
程序架构	cheng xu jia gou	39
程序格式	cheng xu ge shi	2
程序模块	cheng xu mo kuai	18
程序段	cheng xu duan	14
程序源代码	cheng xu yuan dai ma	28
程序状态	cheng xu zhuang tai	24
程序理解	cheng xu li jie	8
程序生成	cheng xu sheng cheng	35
程序生成器	cheng xu sheng cheng qi	2
程序确认	cheng xu que ren	8
程序移植	cheng xu yi zhi	8
程序竞赛	cheng xu jing sai	5
程序结构	cheng xu jie gou	25
程序综合	cheng xu zong he	2
程序编程	cheng xu bian cheng	2
程序解释	cheng xu jie shi	2
程序计数器	cheng xu ji shu qi	42
程序设计作业	cheng xu she ji zuo ye	5
程序设计技术	cheng xu she ji ji shu	5
程序设计方法	cheng xu she ji fang fa	35
程序设计模式	cheng xu she ji mo shi	2
程序设计环境	cheng xu she ji huan jing	5
程序设计逻辑	cheng xu she ji luo ji	1
程序语言设计	cheng xu yu yan she ji	3
程序调度	cheng xu diao du	1
程序调试	cheng xu tiao shi	4
程序质量	cheng xu zhi liang	9
程序转换	cheng xu zhuan huan	12
程序运行时间	cheng xu yun xing shi jian	2
程序退出	cheng xu tui chu	12
程序重定位	cheng xu chong ding wei	6
程序锁	cheng xu suo	1
程序问题	cheng xu wen ti	11
程序隔离	cheng xu ge li	2
程序集元数据	cheng xu ji yuan shu ju	1
程序集变量	cheng xu ji bian liang	6
程序集合	cheng xu ji he	3
程序集清单	cheng xu ji qing dan	4
程序集缓存	cheng xu ji huan cun	9
程序验证	cheng xu yan zheng	11
程序高手	cheng xu gao shou	9
稠密性	chou mi xing	13
稳压电源	wen ya dian yuan	9
稳定婚姻问题	wen ding hun yin wen ti	3
稳定排序	wen ding pai xu	4
稳定时间	wen ding shi jian	8
稳态信号	wen tai xin hao	3
稳态误差	wen tai wu cha	14
穷举	qiong ju	49
穷举搜索	qiong ju sou suo	9
穷举攻击	qiong ju gong ji	2
穷举法	qiong ju fa	43
穷举测试	qiong ju ce shi	7
穷竭	qiong jie	46
穷竭搜索	qiong jie sou suo	7
空地址	kong di zhi	10
空字符串	kong zi fu chuan	28
空心字	kong xin zi	2
空指针异常	kong zhi zhen yi chang	2
空操作指令	kong cao zuo zhi ling	7
空标签	kong biao qian	3
空格替换	kong ge ti huan	10
空白符	kong bai fu	17
空白软盘	kong bai ruan pan	5
空类	kong lei	12
空闲物理内存	kong xian wu li nei cun	9
空间分割	kong jian fen ge	37
空间复杂性	kong jian fu za xing	1
空间局部性	kong jian ju bu xing	19
空间拓扑关系	kong jian tuo pu guan xi	5
空间控制	kong jian kong zhi	7
空间数据库	kong jian shu ju ku	12
空间查询	kong jian cha xun	11
空间检索	kong jian jian suo	1
空间索引	kong jian suo yin	13
空间统计	kong jian tong ji	3
空间自相关	kong jian zi xiang guan	24
空间配置器	kong jian pei zhi qi	10
空间需要	kong jian xu yao	10
突发传输	tu fa chuan shu	5
突发噪声	tu fa zao sheng	5
窗体区域	chuang ti qu yu	6
窗体开发	chuang ti kai fa	6
窗体设计器	chuang ti she ji qi	2
窗口函数	chuang kou han shu	14
窗口句柄	chuang kou ju bing	7
窗口大小	chuang kou da xiao	45
窗口构件	chuang kou gou jian	6
窗口标题	chuang kou biao ti	4
窗口程序集	chuang kou cheng xu ji	1
窗口组件	chuang kou zu jian	7
窥孔优化	kui kong you hua	16
立体匹配	li ti pi pei	5
立体显示	li ti xian shi	21
立即下载	li ji xia zai	4
立即执行函数	li ji zhi xing han shu	10
站点名	zhan dian ming	6
站点地图	zhan dian di tu	23
站点导航	zhan dian dao hang	1
站长助手	zhan zhang zhu shou	1
竞争网络	jing zheng wang luo	6
竞品分析	jing pin fen xi	2
竞赛图	jing sai tu	1
端口冲突	duan kou chong tu	1
端口占用	duan kou zhan yong	12
端口扫描	duan kou sao miao	25
端口映射	duan kou ying she	23
端口转发	duan kou zhuan fa	13
端对端传送	duan dui duan chuan song	5
端接电阻	duan jie dian zu	1
端系统	duan xi tong	11
笔试算法题	bi shi suan fa ti	6
笔试题	bi shi ti	5
笔试题库	bi shi ti ku	7
符号分析	fu hao fen xi	4
符号常量	fu hao chang liang	7
符号执行	fu hao zhi xing	36
符号文件	fu hao wen jian	1
符号计算	fu hao ji suan	34
符号语言	fu hao yu yan	32
符号逻辑	fu hao luo ji	46
符号间干扰	fu hao jian gan rao	12
第一代计算机	di yi dai ji suan ji	4
第一代语言	di yi dai yu yan	4
第一次启动	di yi ci qi dong	16
第一范式	di yi fan shi	4
第三代计算机	di san dai ji suan ji	5
第三代语言	di san dai yu yan	2
第三方分享	di san fang fen xiang	5
第三方包	di san fang bao	3
第三方字体	di san fang zi ti	3
第三方工具	di san fang gong ju	43
第三方平台	di san fang ping tai	39
第三方库	di san fang ku	27
第三方库使用	di san fang ku shi yong	1
第三方库管理	di san fang ku guan li	8
第三方开源库	di san fang kai yuan ku	1
第三方接口	di san fang jie kou	10
第三方控件	di san fang kong jian	3
第三方插件	di san fang cha jian	42
第三方服务	di san fang fu wu	26
第三方框架	di san fang kuang jia	2
第三方模块	di san fang mo kuai	9
第三方登录	di san fang deng lu	11
第三方登陆	di san fang deng lu	9
第三方类	di san fang lei	1
第三方类库	di san fang lei ku	1
第三方资源	di san fang zi yuan	6
第三方集成	di san fang ji cheng	4
第三章习题	di san zhang xi ti	5
第二代计算机	di er dai ji suan ji	7
第二代语言	di er dai yu yan	2
第二范式	di er fan shi	4
第五代计算机	di wu dai ji suan ji	7
第五代语言	di wu dai yu yan	5
第五范式	di wu fan shi	10
第四代计算机	di si dai ji suan ji	2
第四代语言	di si dai yu yan	3
第四范式	di si fan shi	12
等价转换	deng jia zhuan huan	5
等价运算	deng jia yun suan	3
等价问题	deng jia wen ti	9
等值连接	deng zhi lian jie	9
等待事件	deng dai shi jian	5
等待唤醒机制	deng dai huan xing ji zhi	10
等待状态	deng dai zhuang tai	19
等待表	deng dai biao	7
等待队列	deng dai dui lie	5
等长编码	deng chang bian ma	7
策略模式	ce lve mo shi	13
策略设计模式	ce lve she ji mo shi	10
策略路由	ce lve lu you	7
筛法求素数	shai fa qiu su shu	2
筛素数	shai su shu	10
筛选器	shai xuan qi	36
筛选法求素数	shai xuan fa qiu su shu	8
签发者无效	qian fa zhe wu xiao	7
签名打包	qian ming da bao	10
签名文件	qian ming wen jian	8
签名模式	qian ming mo shi	1
签名算法	qian ming suan fa	18
签名证书	qian ming zheng shu	12
签名错误	qian ming cuo wu	1
签名验证	qian ming yan zheng	6
简单使用	jian dan shi yong	14
简单几何	jian dan ji he	19
简单博弈	jian dan bo yi	3
简单基础	jian dan ji chu	4
简单多边形	jian dan duo bian xing	36
简单实例	jian dan shi li	3
简单实现	jian dan shi xian	13
简单工厂	jian dan gong chang	2
简单工厂模式	jian dan gong chang mo shi	13
简单思维	jian dan si wei	1
简单排序	jian dan pai xu	1
简单搜索	jian dan sou suo	3
简单数据结构	jian dan shu ju jie gou	1
简单数论	jian dan shu lun	6
简单枚举	jian dan mei ju	1
简单模拟	jian dan mo ni	2
简单深搜	jian dan shen sou	7
简单程序	jian dan cheng xu	10
简单算法	jian dan suan fa	12
简单编程	jian dan bian cheng	2
简单网	jian dan wang	2
简单计算	jian dan ji suan	37
简单计算器	jian dan ji suan qi	10
简单选择排序	jian dan xuan ze pai xu	12
简单链表	jian dan lian biao	8
简易计算器	jian yi ji suan qi	1
简洁代码	jian jie dai ma	9
简洁性	jian jie xing	40
算术平均	suan shu ping jun	37
算术操作符	suan shu cao zuo fu	1
算术移位	suan shu yi wei	12
算术表达式	suan shu biao da shi	8
算术运算符	suan shu yun suan fu	7
算术逻辑部件	suan shu luo ji bu jian	6
算法之美	suan fa zhi mei	1
算法之道	suan fa zhi dao	10
算法代码	suan fa dai ma	2
算法优化	suan fa you hua	7
算法保密	suan fa bao mi	1
算法分享	suan fa fen xiang	6
算法分类	suan fa fen lei	10
算法初步	suan fa chu bu	5
算法原理	suan fa yuan li	6
算法合集	suan fa he ji	7
算法复杂度	suan fa fu za du	28
算法实战	suan fa shi zhan	5
算法实践	suan fa shi jian	6
算法实验	suan fa shi yan	8
算法导论	suan fa dao lun	17
算法导论习题	suan fa dao lun xi ti	7
算法小结	suan fa xiao jie	7
算法思想	suan fa si xiang	13
算法提高	suan fa ti gao	1
算法数据结构	suan fa shu ju jie gou	9
算法整理	suan fa zheng li	8
算法模板	suan fa mu ban	9
算法模版	suan fa mu ban	6
算法正确性	suan fa zheng que xing	5
算法汇总	suan fa hui zong	6
算法理解	suan fa li jie	1
算法理论	suan fa li lun	13
算法知识	suan fa zhi shi	1
算法研究	suan fa yan jiu	21
算法示例	suan fa shi li	4
算法程序设计	suan fa cheng xu she ji	6
算法竞赛	suan fa jing sai	16
算法类	suan fa lei	6
算法精髓	suan fa jing sui	6
算法经典	suan fa jing dian	1
算法结构	suan fa jie gou	2
算法编程	suan fa bian cheng	8
算法解析	suan fa jie xi	1
算法解题	suan fa jie ti	1
算法训练	suan fa xun lian	2
算法讲解	suan fa jiang jie	9
算法设计	suan fa she ji	39
算法语言	suan fa yu yan	12
算法进化历程	suan fa jin hua li cheng	5
管理之道	guan li zhi dao	4
管理例程	guan li li cheng	1
管理员帐号	guan li yuan zhang hao	6
管理员登陆	guan li yuan deng lu	10
管理基础	guan li ji chu	9
管理应用程序	guan li ying yong cheng xu	23
管理控制	guan li kong zhi	11
管理理念	guan li li nian	38
管理程序调用	guan li cheng xu diao yong	4
管理表单数据	guan li biao dan shu ju	7
管理计算机	guan li ji suan ji	21
管理过程	guan li guo cheng	11
管道文件	guan dao wen jian	1
管道流	guan dao liu	8
管道符号	guan dao fu hao	5
管道通信	guan dao tong xin	1
管道通信机制	guan dao tong xin ji zhi	6
类与对象	lei yu dui xiang	2
类关系	lei guan xi	12
类初始化	lei chu shi hua	13
类加载	lei jia zai	3
类加载器	lei jia zai qi	33
类加载机制	lei jia zai ji zhi	11
类反射	lei fan she	9
类变量	lei bian liang	35
类名	lei ming	17
类和对象	lei he dui xiang	7
类图	lei tu	15
类型参数列表	lei xing can shu lie biao	8
类型变量	lei xing bian liang	45
类型域	lei xing yu	6
类型实参	lei xing shi can	1
类型形参	lei xing xing can	11
类型推断	lei xing tui duan	21
类型推理	lei xing tui li	3
类型擦除	lei xing ca chu	9
类型约束	lei xing yue shu	9
类型转化	lei xing zhuan hua	2
类属性	lei shu xing	12
类库	lei ku	16
类成员	lei cheng yuan	14
类成员函数	lei cheng yuan han shu	19
类扩展	lei kuo zhan	6
类方法	lei fang fa	16
类比推理	lei bi tui li	22
类的加载	lei de jia zai	13
类的继承	lei de ji cheng	8
类簇	lei cu	2
类类型	lei lei xing	22
类继承	lei ji cheng	39
类装载器	lei zhuang zai qi	3
类设计器	lei she ji qi	5
类集	lei ji	9
类集框架	lei ji kuang jia	8
粒子效果	li zi xiao guo	11
粒子滤波	li zi lv bo	15
粒子特效	li zi te xiao	8
粒子编辑器	li zi bian ji qi	1
粒子群	li zi qun	17
粒子群算法	li zi qun suan fa	8
粗定位	cu ding wei	6
粗粒度	cu li du	19
粗糙集	cu cao ji	12
粘着位	zhan zhuo wei	9
粘贴板	zhan tie ban	1
粤嵌	yue qian	6
精品软件	jing pin ruan jian	1
精定位	jing ding wei	1
精度问题	jing du wen ti	12
精确覆盖	jing que fu gai	22
精简指令	jing jian zhi ling	3
精简点名	jing jian dian ming	5
糗事百科	qiu shi bai ke	21
系统下载	xi tong xia zai	4
系统中断	xi tong zhong duan	16
系统中断请求	xi tong zhong duan qing qiu	5
系统互连	xi tong hu lian	2
系统任务	xi tong ren wu	12
系统优化	xi tong you hua	40
系统体系结构	xi tong ti xi jie gou	6
系统保护	xi tong bao hu	10
系统信息	xi tong xin xi	14
系统修复	xi tong xiu fu	25
系统兼容性	xi tong jian rong xing	6
系统内容	xi tong nei rong	9
系统再启动	xi tong zai qi dong	6
系统出错	xi tong chu cuo	46
系统函数	xi tong han shu	35
系统分区	xi tong fen qu	33
系统分析	xi tong fen xi	12
系统分析员	xi tong fen xi yuan	19
系统分析设计	xi tong fen xi she ji	1
系统分派	xi tong fen pai	2
系统前端	xi tong qian duan	1
系统功能	xi tong gong neng	14
系统变量	xi tong bian liang	8
系统可用性	xi tong ke yong xing	2
系统可行性	xi tong ke xing xing	45
系统命令	xi tong ming ling	13
系统声音	xi tong sheng yin	11
系统备份	xi tong bei fen	17
系统安全	xi tong an quan	13
系统完整性	xi tong wan zheng xing	10
系统实施	xi tong shi shi	10
系统实用程序	xi tong shi yong cheng xu	6
系统密钥	xi tong mi yue	1
系统对	xi tong dui	14
系统属性	xi tong shu xing	8
系统平台	xi tong ping tai	13
系统广播	xi tong guang bo	11
系统库	xi tong ku	13
系统应用	xi tong ying yong	13
系统底层	xi tong di ceng	14
系统开销	xi tong kai xiao	5
系统引导	xi tong yin dao	24
系统急救箱	xi tong ji jiu xiang	5
系统恢复	xi tong hui fu	12
系统托盘图标	xi tong tuo pan tu biao	3
系统执行程序	xi tong zhi xing cheng xu	6
系统扩充	xi tong kuo chong	8
系统控件	xi tong kong jian	1
系统控制	xi tong kong zhi	12
系统控制器	xi tong kong zhi qi	7
系统控制文件	xi tong kong zhi wen jian	6
系统提示符	xi tong ti shi fu	9
系统搭建	xi tong da jian	4
系统操作	xi tong cao zuo	12
系统攻击	xi tong gong ji	7
系统文件夹	xi tong wen jian jia	16
系统文档	xi tong wen dang	4
系统日志	xi tong ri zhi	12
系统时钟	xi tong shi zhong	32
系统时间	xi tong shi jian	14
系统服务	xi tong fu wu	15
系统权限	xi tong quan xian	25
系统构建	xi tong gou jian	24
系统构架	xi tong gou jia	3
系统架构师	xi tong jia gou shi	30
系统架构设计	xi tong jia gou she ji	2
系统核心	xi tong he xin	12
系统框架	xi tong kuang jia	20
系统概述	xi tong gai shu	17
系统模拟	xi tong mo ni	36
系统死锁	xi tong si suo	9
系统活动	xi tong huo dong	10
系统测试	xi tong ce shi	12
系统消息	xi tong xiao xi	12
系统源码	xi tong yuan ma	11
系统源码分析	xi tong yuan ma fen xi	5
系统状况	xi tong zhuang kuang	9
系统环境	xi tong huan jing	15
系统生成	xi tong sheng cheng	30
系统监控	xi tong jian kong	20
系统监视	xi tong jian shi	9
系统盘	xi tong pan	12
系统目录	xi tong mu lu	23
系统目录表	xi tong mu lu biao	5
系统目标	xi tong mu biao	9
系统相册	xi tong xiang ce	1
系统相机	xi tong xiang ji	31
系统知识	xi tong zhi shi	10
系统硬件	xi tong ying jian	28
系统确认	xi tong que ren	9
系统移植	xi tong yi zhi	26
系统程序	xi tong cheng xu	12
系统签名	xi tong qian ming	1
系统管理	xi tong guan li	14
系统管理中断	xi tong guan li zhong duan	2
系统管理文件	xi tong guan li wen jian	5
系统管理模式	xi tong guan li mo shi	15
系统类	xi tong lei	13
系统类库	xi tong lei ku	10
系统经验	xi tong jing yan	7
系统结构	xi tong jie gou	13
系统综合	xi tong zong he	8
系统编程	xi tong bian cheng	33
系统编程语言	xi tong bian cheng yu yan	7
系统编译	xi tong bian yi	3
系统补丁	xi tong bu ding	9
系统设置	xi tong she zhi	15
系统评价	xi tong ping jia	6
系统诊断	xi tong zhen duan	8
系统调度	xi tong diao du	20
系统调度程序	xi tong diao du cheng xu	6
系统调查	xi tong diao cha	6
系统调试	xi tong tiao shi	12
系统资源	xi tong zi yuan	16
系统资源管理	xi tong zi yuan guan li	2
系统软件	xi tong ruan jian	13
系统辨识	xi tong bian shi	12
系统边界	xi tong bian jie	9
系统运维	xi tong yun wei	1
系统进程	xi tong jin cheng	18
系统退化	xi tong tui hua	16
系统适配	xi tong shi pei	2
系统通信	xi tong tong xin	22
系统通讯录	xi tong tong xun lu	9
系统部署	xi tong bu shu	23
系统重装	xi tong chong zhuang	1
系统锁	xi tong suo	1
系统间通信	xi tong jian tong xin	1
系统防御	xi tong fang yu	5
系统颠簸	xi tong dian bo	3
系统验证	xi tong yan zheng	26
素因子分解	su yin zi fen jie	3
素性测试	su xing ce shi	28
素数分解	su shu fen jie	7
素数判定	su shu pan ding	19
素数判断	su shu pan duan	9
素数打表	su shu da biao	10
素数环	su shu huan	1
素数筛	su shu shai	1
素数筛法	su shu shai fa	1
素数筛选	su shu shai xuan	1
素数筛选法	su shu shai xuan fa	8
素数表	su shu biao	4
素材网	su cai wang	1
索引优化	suo yin you hua	11
索引器	suo yin qi	27
索引图像	suo yin tu xiang	5
索引查找	suo yin cha zhao	3
索引标志	suo yin biao zhi	2
紧凑模式	jin cou mo shi	3
紫书	zi shu	23
累加寄存器	lei jia ji cun qi	8
红叉	hong cha	35
红外遥控	hong wai yao kong	39
红色代码	hong se dai ma	15
红色感叹号	hong se gan tan hao	27
约数个数	yue shu ge shu	10
约束传播	yue shu chuan bo	6
约束函数	yue shu han shu	8
约束方程	yue shu fang cheng	22
约束满足	yue shu man zu	31
约束矩阵	yue shu ju zhen	2
约束规则	yue shu gui ze	9
级控	ji kong	2
级联分类器	ji lian fen lei qi	4
级联删除	ji lian shan chu	12
级联操作	ji lian cao zuo	11
级联查询	ji lian cha xun	9
级联菜单	ji lian cai dan	8
纯代码	chun dai ma	1
纯虚函数	chun xu han shu	13
纵向扫描	zong xiang sao miao	5
纹理分割	wen li fen ge	2
纹理化	wen li hua	7
纹理图像	wen li tu xiang	5
纹理编码	wen li bian ma	5
纹理贴图	wen li tie tu	48
线光源	xian guang yuan	6
线密度	xian mi du	6
线延迟	xian yan chi	8
线性分类	xian xing fen lei	15
线性分类器	xian xing fen lei qi	23
线性判别分析	xian xing pan bie fen xi	17
线性动态规划	xian xing dong tai gui hua	6
线性同余方程	xian xing tong yu fang cheng	17
线性基	xian xing ji	6
线性布局	xian xing bu ju	2
线性扫描	xian xing sao miao	4
线性排序	xian xing pai xu	4
线性探查	xian xing tan cha	10
线性搜索	xian xing sou suo	10
线性时间排序	xian xing shi jian pai xu	2
线性查找	xian xing cha zhao	4
线性检测	xian xing jian ce	7
线性次序	xian xing ci xu	2
线性渐变	xian xing jian bian	6
线性滤波	xian xing lv bo	15
线性筛	xian xing shai	1
线性筛法	xian xing shai fa	2
线性组织	xian xing zu zhi	6
线性结构	xian xing jie gou	36
线性过滤	xian xing guo lv	21
线性链表	xian xing lian biao	8
线性预测编码	xian xing yu ce bian ma	32
线段数	xian duan shu	1
线段树	xian duan shu	42
线段树合并	xian duan shu he bing	8
线段相交	xian duan xiang jiao	4
线段覆盖	xian duan fu gai	10
线电阻	xian dian zu	7
线确认	xian que ren	5
线程中断	xian cheng zhong duan	12
线程优先级	xian cheng you xian ji	6
线程创建	xian cheng chuang jian	5
线程协作	xian cheng xie zuo	9
线程同步	xian cheng tong bu	5
线程安全	xian cheng an quan	47
线程并发	xian cheng bing fa	5
线程控制块	xian cheng kong zhi kuai	9
线程模型	xian cheng mo xing	5
线程死锁	xian cheng si suo	11
线程状态	xian cheng zhuang tai	2
线程管理	xian cheng guan li	12
线程组	xian cheng zu	12
线程结构	xian cheng jie gou	1
线程编程	xian cheng bian cheng	1
线程调度	xian cheng diao du	17
线程通信	xian cheng tong xin	12
线程锁	xian cheng suo	12
线程间的通信	xian cheng jian de tong xin	1
线程间通信	xian cheng jian tong xin	3
线程阻塞	xian cheng zu se	4
线筛	xian shai	7
线索二叉树	xian suo er cha shu	19
线索化	xian suo hua	14
线路噪声	xian lu zao sheng	6
线路编码	xian lu bian ma	27
组件化	zu jian hua	8
组件对象模型	zu jian dui xiang mo xing	38
组件开发	zu jian kai fa	11
组件栏	zu jian lan	5
组件类库	zu jian lei ku	5
组合博弈	zu he bo yi	33
组合控件	zu he kong jian	11
组合数取模	zu he shu qu mo	9
组合查询	zu he cha xun	11
组合框	zu he kuang	8
组合模式	zu he mo shi	18
组合游戏	zu he you xi	9
组合策略	zu he ce lve	3
组合行为	zu he xing wei	2
组合计数	zu he ji shu	19
组合逻辑	zu he luo ji	39
组合逻辑电路	zu he luo ji dian lu	33
组合问题	zu he wen ti	11
组地址	zu di zhi	25
组态软件	zu tai ruan jian	8
组成原理	zu cheng yuan li	2
组相联映射	zu xiang lian ying she	7
组织界面	zu zhi jie mian	3
组织过程	zu zhi guo cheng	9
组网	zu wang	12
组装技术	zu zhuang ji shu	13
组队赛	zu dui sai	25
细节层次	xi jie ceng ci	45
织梦仿站	zhi meng fang zhan	7
织梦模板	zhi meng mu ban	8
终止程序	zhong zhi cheng xu	14
终点地址	zhong dian di zhi	6
终端仿真软件	zhong duan fang zhen ruan jian	1
终端作业	zhong duan zuo ye	1
终端命令	zhong duan ming ling	3
终结状态	zhong jie zhuang tai	6
经典代码	jing dian dai ma	9
经典思想	jing dian si xiang	11
经典排序算法	jing dian pai xu suan fa	9
经典模型	jing dian mo xing	21
经典算法	jing dian suan fa	16
经典算法问题	jing dian suan fa wen ti	1
经典错误	jing dian cuo wu	2
经典问题	jing dian wen ti	12
经济可行性	jing ji ke xing xing	44
经验系统	jing yan xi tong	5
经验贴	jing yan tie	35
绑定事件	bang ding shi jian	13
绑定变量	bang ding bian liang	12
绑定域名	bang ding yu ming	2
绑定服务	bang ding fu wu	2
结合性	jie he xing	12
结对编程	jie dui bian cheng	41
结巴分词	jie ba fen ci	9
结束坐标	jie shu zuo biao	10
结束块	jie shu kuai	8
结束打印	jie shu da yin	7
结束进程	jie shu jin cheng	11
结构之法	jie gou zhi fa	10
结构体对齐	jie gou ti dui qi	10
结构体指针	jie gou ti zhi zhen	4
结构体排序	jie gou ti pai xu	10
结构体数组	jie gou ti shu zu	1
结构冲突	jie gou chong tu	3
结构化保护	jie gou hua bao hu	5
结构化分析	jie gou hua fen xi	32
结构化方法	jie gou hua fang fa	15
结构化程序	jie gou hua cheng xu	15
结构化设计	jie gou hua she ji	19
结构型	jie gou xing	11
结构型模式	jie gou xing mo shi	4
结构查询语言	jie gou cha xun yu yan	6
结构模式	jie gou mo shi	29
结构模式识别	jie gou mo shi shi bie	5
结构算法	jie gou suan fa	8
结果填空	jie guo tian kong	6
结果集	jie guo ji	16
结题报告	jie ti bao gao	4
绘制图形	hui zhi tu xing	16
绘图基础	hui tu ji chu	1
绘图机	hui tu ji	16
绘图机制	hui tu ji zhi	1
绝对地址	jue dui di zhi	9
绝对定位	jue dui ding wei	4
绝对路径	jue dui lu jing	24
统计假设	tong ji jia she	6
统计决策理论	tong ji jue ce li lun	1
统计学习	tong ji xue xi	23
统计工具	tong ji gong ju	17
统计推理	tong ji tui li	2
统计时分复用	tong ji shi fen fu yong	6
统计机器学习	tong ji ji qi xue xi	2
统计模式识别	tong ji mo shi shi bie	5
统计模拟	tong ji mo ni	9
统计编码	tong ji bian ma	1
统计难题	tong ji nan ti	9
继承方式	ji cheng fang shi	36
继承映射	ji cheng ying she	10
继承父类成员	ji cheng fu lei cheng yuan	5
继续畅通工程	ji xu chang tong gong cheng	9
维护屏幕	wei hu ping mu	6
维护时间	wei hu shi jian	9
维护程序	wei hu cheng xu	7
维护计划	wei hu ji hua	28
维护过程	wei hu guo cheng	12
维护阶段	wei hu jie duan	1
维特比算法	wei te bi suan fa	20
维纳滤波	wei na lv bo	22
综合布线	zong he bu xian	6
综合应用	zong he ying yong	21
综合测试	zong he ce shi	39
绿盟科技	lv meng ke ji	3
绿色浏览器	lv se liu lan qi	4
绿色版	lv se ban	9
缓冲区分配	huan chong qu fen pei	10
缓冲区管理	huan chong qu guan li	3
缓冲存储器	huan chong cun chu qi	6
缓冲寄存器	huan chong ji cun qi	1
缓冲技术	huan chong ji shu	19
缓冲池	huan chong chi	4
缓冲流	huan chong liu	1
缓动	huan dong	11
缓存文件	huan cun wen jian	11
缓存服务器	huan cun fu wu qi	24
缓存机制	huan cun ji zhi	16
缓存框架	huan cun kuang jia	2
缓存策略	huan cun ce lve	2
缓存系统	huan cun xi tong	10
编写代码	bian xie dai ma	49
编址	bian zhi	31
编码习惯	bian ma xi guan	2
编码值	bian ma zhi	27
编码字符	bian ma zi fu	18
编码工具类	bian ma gong ju lei	6
编码形式	bian ma xing shi	24
编码效率	bian ma xiao lv	26
编码法	bian ma fa	8
编码类	bian ma lei	9
编码表示	bian ma biao shi	11
编码规范	bian ma gui fan	19
编码解码	bian ma jie ma	9
编码转换	bian ma zhuan huan	18
编码问题	bian ma wen ti	13
编码风格	bian ma feng ge	3
编程之旅	bian cheng zhi lv	8
编程之法	bian cheng zhi fa	8
编程之美	bian cheng zhi mei	12
编程之道	bian cheng zhi dao	4
编程习惯	bian cheng xi guan	5
编程习题	bian cheng xi ti	5
编程代码	bian cheng dai ma	10
编程仿真	bian cheng fang zhen	5
编程基本功	bian cheng ji ben gong	8
编程基础知识	bian cheng ji chu zhi shi	1
编程实例	bian cheng shi li	3
编程实战	bian cheng shi zhan	9
编程实现	bian cheng shi xian	14
编程实践	bian cheng shi jian	8
编程实验	bian cheng shi yan	2
编程导论	bian cheng dao lun	9
编程小技巧	bian cheng xiao ji qiao	6
编程小白	bian cheng xiao bai	7
编程小结	bian cheng xiao jie	6
编程应用	bian cheng ying yong	3
编程开发	bian cheng kai fa	4
编程异常	bian cheng yi chang	1
编程思想	bian cheng si xiang	4
编程思路	bian cheng si lu	1
编程感想	bian cheng gan xiang	5
编程技巧	bian cheng ji qiao	12
编程技术	bian cheng ji shu	39
编程指南	bian cheng zhi nan	4
编程挑战	bian cheng tiao zhan	1
编程效率	bian cheng xiao lv	4
编程教学	bian cheng jiao xue	6
编程新手	bian cheng xin shou	4
编程方法	bian cheng fang fa	20
编程服务	bian cheng fu wu	6
编程框架	bian cheng kuang jia	9
编程模式	bian cheng mo shi	14
编程源代码	bian cheng yuan dai ma	5
编程环境配置	bian cheng huan jing pei zhi	5
编程珠玑	bian cheng zhu ji	4
编程理论	bian cheng li lun	5
编程知识	bian cheng zhi shi	13
编程示例	bian cheng shi li	1
编程算法	bian cheng suan fa	9
编程类	bian cheng lei	2
编程素质	bian cheng su zhi	5
编程细节	bian cheng xi jie	1
编程经历	bian cheng jing li	2
编程经验	bian cheng jing yan	14
编程网站	bian cheng wang zhan	1
编程能力	bian cheng neng li	31
编程艺术	bian cheng yi shu	10
编程规则	bian cheng gui ze	2
编程规范	bian cheng gui fan	2
编程训练	bian cheng xun lian	1
编程设计	bian cheng she ji	9
编程语法	bian cheng yu fa	4
编程语言之	bian cheng yu yan zhi	2
编程语言类	bian cheng yu yan lei	7
编程资料	bian cheng zi liao	8
编程资源	bian cheng zi yuan	1
编程软件	bian cheng ruan jian	10
编程辅助	bian cheng fu zhu	1
编程错误	bian cheng cuo wu	13
编程问题	bian cheng wen ti	8
编程风格	bian cheng feng ge	34
编程马拉松	bian cheng ma la song	12
编译优化	bian yi you hua	9
编译内核	bian yi nei he	5
编译出错	bian yi chu cuo	6
编译参数	bian yi can shu	2
编译器优化	bian yi qi you hua	25
编译型语言	bian yi xing yu yan	4
编译处理	bian yi chu li	1
编译安装	bian yi an zhuang	8
编译工具	bian yi gong ju	35
编译打包	bian yi da bao	2
编译报错	bian yi bao cuo	20
编译指令	bian yi zhi ling	11
编译时错误	bian yi shi cuo wu	3
编译源码	bian yi yuan ma	4
编译环境	bian yi huan jing	8
编译程序	bian yi cheng xu	28
编译类型	bian yi lei xing	10
编译系统	bian yi xi tong	27
编译调试	bian yi tiao shi	2
编译过程	bian yi guo cheng	26
编译选项	bian yi xuan xiang	42
编译速度	bian yi su du	10
编译配置	bian yi pei zhi	2
编译链接	bian yi lian jie	6
编译错误	bian yi cuo wu	32
编辑器使用	bian ji qi shi yong	10
编辑器扩展	bian ji qi kuo zhan	9
编辑文件	bian ji wen jian	25
编辑框	bian ji kuang	13
编辑程序	bian ji cheng xu	12
编辑距离	bian ji ju li	22
编辑页面	bian ji ye mian	13
缩放动画	suo fang dong hua	12
缩放工具	suo fang gong ju	5
缩放比例	suo fang bi li	20
缩点	suo dian	20
缺失值	que shi zhi	9
缺失率	que shi lv	7
缺省参数	que sheng can shu	23
缺省路由	que sheng lu you	10
缺陷管理	que xian guan li	5
缺页	que ye	31
缺页中断	que ye zhong duan	1
网上商城	wang shang shang cheng	31
网卡信息	wang ka xin xi	11
网卡绑定	wang ka bang ding	1
网卡驱动	wang ka qu dong	17
网址导航	wang zhi dao hang	28
网拓扑	wang tuo pu	6
网摘	wang zhai	23
网易云捕	wang yi yun bu	6
网易云课堂	wang yi yun ke tang	4
网易视频云	wang yi shi pin yun	7
网易邮箱	wang yi you xiang	36
网格布局	wang ge bu ju	11
网格生成	wang ge sheng cheng	7
网格视图	wang ge shi tu	6
网游开发	wang you kai fa	3
网状数据库	wang zhuang shu ju ku	6
网状数据模型	wang zhuang shu ju mo xing	1
网状网	wang zhuang wang	1
网狐	wang hu	7
网狐棋牌	wang hu qi pai	6
网狐经典版	wang hu jing dian ban	5
网盾	wang dun	15
网站优化	wang zhan you hua	3
网站制作	wang zhan zhi zuo	10
网站前台	wang zhan qian tai	9
网站前端	wang zhan qian duan	5
网站名	wang zhan ming	10
网站后台	wang zhan hou tai	6
网站安全	wang zhan an quan	10
网站建设	wang zhan jian she	12
网站开发	wang zhan kai fa	13
网站性能	wang zhan xing neng	1
网站性能优化	wang zhan xing neng you hua	9
网站推荐	wang zhan tui jian	14
网站搭建	wang zhan da jian	2
网站收集	wang zhan shou ji	37
网站改版	wang zhan gai ban	35
网站构建	wang zhan gou jian	2
网站架构	wang zhan jia gou	12
网站架构设计	wang zhan jia gou she ji	7
网站模板	wang zhan mu ban	2
网站源码	wang zhan yuan ma	10
网站监控	wang zhan jian kong	1
网站策划	wang zhan ce hua	2
网站管理	wang zhan guan li	10
网站设计	wang zhan she ji	12
网站转发	wang zhan zhuan fa	5
网站运维	wang zhan yun wei	1
网站运营	wang zhan yun ying	27
网站部署	wang zhan bu shu	1
网系统	wang xi tong	7
网络互连	wang luo hu lian	14
网络仿真	wang luo fang zhen	5
网络优化	wang luo you hua	17
网络体系结构	wang luo ti xi jie gou	7
网络信息服务	wang luo xin xi fu wu	11
网络分割	wang luo fen ge	1
网络分析图层	wang luo fen xi tu ceng	5
网络判断	wang luo pan duan	9
网络加载	wang luo jia zai	3
网络加速	wang luo jia su	3
网络协议栈	wang luo xie yi zhan	10
网络单元	wang luo dan yuan	10
网络原理	wang luo yuan li	2
网络同步	wang luo tong bu	20
网络命令	wang luo ming ling	2
网络图片	wang luo tu pian	5
网络基本功	wang luo ji ben gong	7
网络多线程	wang luo duo xian cheng	6
网络字节序	wang luo zi jie xu	8
网络字节顺序	wang luo zi jie shun xu	1
网络安全技术	wang luo an quan ji shu	5
网络安全研究	wang luo an quan yan jiu	7
网络家电	wang luo jia dian	5
网络工具	wang luo gong ju	25
网络工程师	wang luo gong cheng shi	48
网络带宽	wang luo dai kuan	43
网络常识	wang luo chang shi	6
网络开发	wang luo kai fa	37
网络异常	wang luo yi chang	43
网络引擎	wang luo yin qing	5
网络手机	wang luo shou ji	4
网络抓包	wang luo zhua bao	1
网络拥塞	wang luo yong se	20
网络推广	wang luo tui guang	21
网络摄像头	wang luo she xiang tou	49
网络操作系统	wang luo cao zuo xi tong	12
网络收音机	wang luo shou yin ji	21
网络攻防	wang luo gong fang	5
网络数据请求	wang luo shu ju qing qiu	9
网络文摘	wang luo wen zhai	1
网络日志	wang luo ri zhi	36
网络时间协议	wang luo shi jian xie yi	21
网络最大流	wang luo zui da liu	8
网络架构	wang luo jia gou	48
网络栈	wang luo zhan	4
网络框架	wang luo kuang jia	6
网络检测	wang luo jian ce	1
网络模型	wang luo mo xing	37
网络流最大流	wang luo liu zui da liu	8
网络流问题	wang luo liu wen ti	12
网络测试	wang luo ce shi	9
网络状态	wang luo zhuang tai	15
网络监听	wang luo jian ting	10
网络监测	wang luo jian ce	5
网络类型	wang luo lei xing	15
网络编程	wang luo bian cheng	12
网络编程开发	wang luo bian cheng kai fa	6
网络虚拟化	wang luo xu ni hua	4
网络蠕虫	wang luo ru chong	1
网络解析	wang luo jie xi	9
网络计算机	wang luo ji suan ji	7
网络设施	wang luo she shi	23
网络设置	wang luo she zhi	35
网络诊断	wang luo zhen duan	6
网络请求	wang luo qing qiu	7
网络请求数据	wang luo qing qiu shu ju	2
网络请求框架	wang luo qing qiu kuang jia	11
网络资讯	wang luo zi xun	32
网络运维	wang luo yun wei	4
网络连接状态	wang luo lian jie zhuang tai	12
网络适配器	wang luo shi pei qi	29
网络通信协议	wang luo tong xin xie yi	5
网络通信技术	wang luo tong xin ji shu	4
网络通信编程	wang luo tong xin bian cheng	7
网络通讯编程	wang luo tong xun bian cheng	5
网络部分	wang luo bu fen	11
网络配置	wang luo pei zhi	14
网路编程	wang lu bian cheng	1
网际互连	wang ji hu lian	1
网际协议地址	wang ji xie yi di zhi	1
网际快车	wang ji kuai che	6
网页制作	wang ye zhi zuo	44
网页前端	wang ye qian duan	6
网页前端技术	wang ye qian duan ji shu	5
网页历史	wang ye li shi	2
网页图表	wang ye tu biao	1
网页布局	wang ye bu ju	3
网页开发	wang ye kai fa	37
网页技术	wang ye ji shu	33
网页抓取	wang ye zhua qu	24
网页授权	wang ye shou quan	10
网页木马	wang ye mu ma	7
网页爬虫	wang ye pa chong	3
网页特效	wang ye te xiao	10
网页编程	wang ye bian cheng	5
网页编辑	wang ye bian ji	13
网页编辑器	wang ye bian ji qi	13
网页解析	wang ye jie xi	2
置为顶层	zhi wei ding ceng	6
置位	zhi wei	35
置换密码	zhi huan mi ma	4
置数据	zhi shu ju	7
置文件属性	zhi wen jian shu xing	5
置类型	zhi lei xing	6
置背景色	zhi bei jing se	5
美团网	mei tuan wang	32
美国微软公司	mei guo wei ruan gong si	45
美术表现	mei shu biao xian	11
群体智能	qun ti zhi neng	19
群相册	qun xiang ce	18
群组选择器	qun zu xuan ze qi	9
翻译文档	fan yi wen dang	4
翻译程序	fan yi cheng xu	10
翻页效果	fan ye xiao guo	3
老化试验	lao hua shi yan	1
老年代	lao nian dai	13
老板键	lao ban jian	7
考试系统	kao shi xi tong	10
耦合度	ou he du	13
耦合系统	ou he xi tong	14
聊天工具	liao tian gong ju	34
聊天界面	liao tian jie mian	26
聊天程序	liao tian cheng xu	2
聊天系统	liao tian xi tong	31
职业路线	zhi ye lu xian	7
职场规划	zhi chang gui hua	1
职责链	zhi ze lian	11
职责链模式	zhi ze lian mo shi	11
联众游戏	lian zhong you xi	2
联合主键	lian he zhu jian	11
联合查询	lian he cha xun	3
联合索引	lian he suo yin	1
联想存储器	lian xiang cun chu qi	7
联想网络	lian xiang wang luo	3
联想记忆	lian xiang ji yi	10
联想输入	lian xiang shu ru	1
联机事务处理	lian ji shi wu chu li	4
联机分析处理	lian ji fen xi chu li	4
联机分析挖掘	lian ji fen xi wa jue	5
联机处理	lian ji chu li	7
联机查询	lian ji cha xun	5
联机测试	lian ji ce shi	6
联机系统	lian ji xi tong	6
联机调试	lian ji tiao shi	9
联邦数据库	lian bang shu ju ku	2
聚合事件	ju he shi jian	4
聚合关系	ju he guan xi	4
聚合函数	ju he han shu	43
聚合数据	ju he shu ju	6
聚簇索引	ju cu suo yin	11
聚类算法	ju lei suan fa	38
聚集索引	ju ji suo yin	7
股票分析	gu piao fen xi	5
肤色检测	fu se jian ce	1
背景合并	bei jing he bing	6
背景图层	bei jing tu ceng	9
背景建模	bei jing jian mo	6
背景选择器	bei jing xuan ze qi	8
背景透明	bei jing tou ming	1
能力成熟	neng li cheng shu	5
能力表	neng li biao	7
脆弱点	cui ruo dian	10
脉冲噪声	mai chong zao sheng	3
脉冲幅度	mai chong fu du	10
脉冲频率	mai chong pin lv	6
脉动阵列	mai dong zhen lie	2
脉码调制	mai ma tiao zhi	7
脏数据	zang shu ju	10
脏数据检查	zang shu ju jian cha	8
脑模型	nao mo xing	5
脚本开发	jiao ben kai fa	10
脚本技术	jiao ben ji shu	7
脚本编程	jiao ben bian cheng	9
脚本编程语言	jiao ben bian cheng yu yan	1
脚本语言编程	jiao ben yu yan bian cheng	2
脚本错误	jiao ben cuo wu	3
脱机处理	tuo ji chu li	6
脱机工作	tuo ji gong zuo	7
脸部识别	lian bu shi bie	29
腾讯开放平台	teng xun kai fang ping tai	3
腾讯笔试	teng xun bi shi	8
腾讯笔试题	teng xun bi shi ti	7
自主可控	zi zhu ke kong	17
自主安全	zi zhu an quan	2
自主系统	zi zhu xi tong	29
自主访问控制	zi zhu fang wen kong zhi	22
自作用	zi zuo yong	5
自制操作系统	zi zhi cao zuo xi tong	2
自动上传	zi dong shang chuan	22
自动分类	zi dong fen lei	28
自动分词	zi dong fen ci	5
自动分页	zi dong fen ye	1
自动切分	zi dong qie fen	9
自动刷新	zi dong shua xin	32
自动加载	zi dong jia zai	20
自动化构建	zi dong hua gou jian	30
自动化运维	zi dong hua yun wei	2
自动化部署	zi dong hua bu shu	3
自动回发	zi dong hui fa	5
自动填充	zi dong tian chong	15
自动备份	zi dong bei fen	44
自动寻路	zi dong xun lu	8
自动布局	zi dong bu ju	3
自动布线	zi dong bu xian	3
自动并行化	zi dong bing xing hua	2
自动建表	zi dong jian biao	10
自动开票	zi dong kai piao	6
自动引用计数	zi dong yin yong ji shu	5
自动打包	zi dong da bao	4
自动拆箱	zi dong chai xiang	3
自动挂载	zi dong gua zai	7
自动换行	zi dong huan hang	22
自动控制原理	zi dong kong zhi yuan li	11
自动推理	zi dong tui li	28
自动提示	zi dong ti shi	25
自动文摘	zi dong wen zhai	2
自动构建	zi dong gou jian	13
自动检验	zi dong jian yan	3
自动测试	zi dong ce shi	28
自动滚动	zi dong gun dong	4
自动生成代码	zi dong sheng cheng dai ma	4
自动登录	zi dong deng lu	34
自动登陆	zi dong deng lu	7
自动程序设计	zi dong cheng xu she ji	6
自动绘图	zi dong hui tu	3
自动编号	zi dong bian hao	3
自动编译	zi dong bian yi	6
自动补偿	zi dong bu chang	12
自动补全	zi dong bu quan	26
自动装箱	zi dong zhuang xiang	12
自动装配	zi dong zhuang pei	2
自动记忆	zi dong ji yi	11
自动跳转	zi dong tiao zhuan	33
自动轮播	zi dong lun bo	10
自动运维	zi dong yun wei	8
自动部署	zi dong bu shu	8
自动释放池	zi dong shi fang chi	13
自动重连	zi dong chong lian	2
自动高亮	zi dong gao liang	9
自反传递闭包	zi fan chuan di bi bao	8
自同步	zi tong bu	7
自启动	zi qi dong	42
自增	zi zeng	40
自增列	zi zeng lie	11
自增自减	zi zeng zi jian	10
自增长	zi zeng zhang	4
自定义事件	zi ding yi shi jian	1
自定义函数	zi ding yi han shu	9
自定义动画	zi ding yi dong hua	12
自定义单元格	zi ding yi dan yuan ge	6
自定义字体	zi ding yi zi ti	6
自定义对话框	zi ding yi dui hua kuang	11
自定义对象	zi ding yi dui xiang	3
自定义导航栏	zi ding yi dao hang lan	9
自定义属性	zi ding yi shu xing	6
自定义布局	zi ding yi bu ju	1
自定义异常	zi ding yi yi chang	13
自定义拦截器	zi ding yi lan jie qi	11
自定义指令	zi ding yi zhi ling	3
自定义按钮	zi ding yi an niu	11
自定义排序	zi ding yi pai xu	11
自定义控件	zi ding yi kong jian	1
自定义插件	zi ding yi cha jian	3
自定义方法	zi ding yi fang fa	1
自定义权限	zi ding yi quan xian	1
自定义标签	zi ding yi biao qian	8
自定义样式	zi ding yi yang shi	5
自定义注解	zi ding yi zhu jie	1
自定义消息	zi ding yi xiao xi	1
自定义滚动条	zi ding yi gun dong tiao	8
自定义界面	zi ding yi jie mian	10
自定义相机	zi ding yi xiang ji	9
自定义类	zi ding yi lei	1
自定义类型	zi ding yi lei xing	9
自定义组件	zi ding yi zu jian	4
自定义背景	zi ding yi bei jing	7
自定义菜单	zi ding yi cai dan	1
自定义表单	zi ding yi biao dan	9
自定义视图	zi ding yi shi tu	2
自定义进度条	zi ding yi jin du tiao	9
自定义适配器	zi ding yi shi pei qi	11
自定义键盘	zi ding yi jian pan	10
自底向上	zi di xiang shang	31
自底向上方法	zi di xiang shang fang fa	1
自引用	zi yin yong	12
自描述	zi miao shu	11
自描述性	zi miao shu xing	2
自旋锁	zi xuan suo	34
自模型	zi mo xing	5
自治系统	zi zhi xi tong	10
自测试	zi ce shi	8
自然序	zi ran xu	2
自然推理	zi ran tui li	1
自然数幂和	zi ran shu mi he	7
自然纹理	zi ran wen li	5
自然联结	zi ran lian jie	6
自然语言理解	zi ran yu yan li jie	42
自然语言生成	zi ran yu yan sheng cheng	22
自然语言语法	zi ran yu yan yu fa	2
自由曲线	zi you qu xian	3
自由曲面	zi you qu mian	11
自由模式	zi you mo shi	8
自由节点	zi you jie dian	5
自由表	zi you biao	7
自组织映射	zi zu zhi ying she	12
自组织系统	zi zu zhi xi tong	8
自绘	zi hui	15
自绘控件	zi hui kong jian	9
自联结	zi lian jie	7
自解压	zi jie ya	11
自调整	zi tiao zheng	8
自连接	zi lian jie	11
自适应大小	zi shi ying da xiao	10
自适应屏幕	zi shi ying ping mu	1
自适应布局	zi shi ying bu ju	1
自适应性	zi shi ying xing	7
自适应高度	zi shi ying gao du	11
自顶向下	zi ding xiang xia	36
自顶向下方法	zi ding xiang xia fang fa	3
自顶向下测试	zi ding xiang xia ce shi	5
自顶向下设计	zi ding xiang xia she ji	1
舆情分析	yu qing fen xi	19
舞蹈链	wu dao lian	15
航班查询接口	hang ban cha xun jie kou	6
色平衡	se ping heng	1
色度图	se du tu	14
色度坐标	se du zuo biao	5
色度学	se du xue	11
色彩范围	se cai fan wei	13
色模型	se mo xing	3
色空间	se kong jian	8
色调分离	se diao fen li	17
色键	se jian	36
艺萌管家	yi meng guan jia	6
节点删除	jie dian shan chu	2
节点操作	jie dian cao zuo	2
节能模式	jie neng mo shi	19
花指令	hua zhi ling	9
花生壳	hua sheng ke	15
英文资料翻译	ying wen zi liao fan yi	5
英特尔架构	ying te er jia gou	8
苹果官方文档	ping guo guan fang wen dang	11
苹果审核	ping guo shen he	4
苹果应用商店	ping guo ying yong shang dian	22
苹果开发	ping guo kai fa	6
苹果支付	ping guo zhi fu	3
范例表示	fan li biao shi	3
范围变量	fan wei bian liang	1
范围界限	fan wei jie xian	6
范型	fan xing	12
莫比乌斯函数	mo bi wu si han shu	4
莫比乌斯反演	mo bi wu si fan yan	4
莫队算法	mo dui suan fa	10
获取值	huo qu zhi	6
获取参数	huo qu can shu	4
获取图片	huo qu tu pian	1
获取当前时间	huo qu dang qian shi jian	13
获取数据	huo qu shu ju	42
获取时间	huo qu shi jian	8
获取标签	huo qu biao qian	11
获取焦点	huo qu jiao dian	13
获取版本号	huo qu ban ben hao	10
获取用户信息	huo qu yong hu xin xi	12
获取系统时间	huo qu xi tong shi jian	1
获取网络图片	huo qu wang luo tu pian	10
获取联系人	huo qu lian xi ren	11
获取路径	huo qu lu jing	12
获取过程	huo qu guo cheng	5
菊花链	ju hua lian	20
菜单栏	cai dan lan	34
菜单项	cai dan xiang	24
菲波那切数列	fei bo na qie shu lie	7
蓝桥杯大赛	lan qiao bei da sai	5
蓝桥杯比赛	lan qiao bei bi sai	6
蓝桥杯省赛	lan qiao bei sheng sai	6
蓝海卓越	lan hai zhuo yue	5
蓝牙低功耗	lan ya di gong hao	34
蓝牙协议	lan ya xie yi	8
蓝牙开发	lan ya kai fa	10
蓝牙通信	lan ya tong xin	3
薄膜晶体管	bao mo jing ti guan	12
薄膜键盘	bao mo jian pan	13
蘑菇街	mo gu jie	36
虚函数表	xu han shu biao	14
虚参数	xu can shu	6
虚基类	xu ji lei	42
虚存机制	xu cun ji zhi	5
虚存系统	xu cun xi tong	6
虚引用	xu yin yong	9
虚拟专用网	xu ni zhuan yong wang	22
虚拟专用网络	xu ni zhuan yong wang luo	21
虚拟串口	xu ni chuan kou	10
虚拟企业	xu ni qi ye	2
虚拟光盘	xu ni guang pan	1
虚拟光驱	xu ni guang qu	10
虚拟制造	xu ni zhi zao	4
虚拟图书馆	xu ni tu shu guan	42
虚拟处理器	xu ni chu li qi	2
虚拟存储	xu ni cun chu	6
虚拟存储器	xu ni cun chu qi	3
虚拟存储管理	xu ni cun chu guan li	8
虚拟寻址	xu ni xun zhi	1
虚拟局域网	xu ni ju yu wang	22
虚拟库	xu ni ku	2
虚拟成员	xu ni cheng yuan	9
虚拟技术	xu ni ji shu	31
虚拟控制台	xu ni kong zhi tai	3
虚拟摇杆	xu ni yao gan	8
虚拟操作系统	xu ni cao zuo xi tong	8
虚拟文件系统	xu ni wen jian xi tong	34
虚拟方式	xu ni fang shi	3
虚拟机安装	xu ni ji an zhuang	11
虚拟现实技术	xu ni xian shi ji shu	45
虚拟用户	xu ni yong hu	2
虚拟盘	xu ni pan	4
虚拟目录	xu ni mu lu	3
虚拟磁盘	xu ni ci pan	25
虚拟系统	xu ni xi tong	26
虚拟继承	xu ni ji cheng	3
虚拟装配	xu ni zhuang pei	1
虚拟视点	xu ni shi dian	5
虚拟计算机	xu ni ji suan ji	6
虚拟路径	xu ni lu jing	3
虚拟软盘	xu ni ruan pan	7
虚指针	xu zhi zhen	12
虚方法	xu fang fa	17
虚析构函数	xu xi gou han shu	1
虚树	xu shu	1
虚电路	xu dian lu	21
虚继承	xu ji cheng	45
虚表	xu biao	41
虚通道	xu tong dao	1
虚页号	xu ye hao	5
虹膜识别	hong mo shi bie	10
蚁群算法	yi qun suan fa	15
蚂蚁感冒	ma yi gan mao	8
蛇形填数	she xing tian shu	8
蛇形矩阵	she xing ju zhen	8
螺旋模型	luo xuan mo xing	25
螺旋矩阵	luo xuan ju zhen	9
行业信息	hang ye xin xi	5
行业数据	hang ye shu ju	12
行业趋势	hang ye qu shi	4
行业软件	hang ye ruan jian	7
行为主体	xing wei zhu ti	34
行为动画	xing wei dong hua	6
行为型模式	xing wei xing mo shi	5
行为树	xing wei shu	11
行为模型	xing wei mo xing	20
行为识别	xing wei shi bie	3
行人检测	xing ren jian ce	9
行人识别	xing ren shi bie	1
行内元素	xing nei yuan su	3
行列转换	xing lie zhuan huan	9
行地址	xing di zhi	2
行地址选通	xing di zhi xuan tong	6
行情分析	hang qing fen xi	2
行扫描	xing sao miao	3
行程编码	xing cheng bian ma	3
行程长度	xing cheng chang du	7
行程长度编码	xing cheng chang du bian ma	8
行缓冲	xing huan chong	11
行编辑	xing bian ji	10
行转列	xing zhuan lie	1
行间距	hang jian ju	12
行高	hang gao	13
补偿事务	bu chang shi wu	3
补间动画	bu jian dong hua	12
表关联	biao guan lian	1
表分区	biao fen qu	4
表单提交	biao dan ti jiao	5
表单校验	biao dan jiao yan	9
表单美化	biao dan mei hua	6
表单验证	biao dan yan zheng	8
表名	biao ming	16
表处理	biao chu li	9
表处理语言	biao chu li yu yan	1
表复制	biao fu zhi	10
表布局	biao bu ju	2
表情识别	biao qing shi bie	2
表数据	biao shu ju	26
表格布局	biao ge bu ju	3
表格控件	biao ge kong jian	3
表格操作	biao ge cao zuo	1
表现层	biao xian ceng	39
表示图	biao shi tu	11
表示层	biao shi ceng	13
表空间	biao kong jian	41
表约束	biao yue shu	9
表结构	biao jie gou	20
表视图	biao shi tu	1
表达式树	biao da shi shu	10
表达式计算	biao da shi ji suan	6
表达式语言	biao da shi yu yan	41
表连接	biao lian jie	7
表面安装技术	biao mian an zhuang ji shu	24
衰减时间	shuai jian shi jian	15
被调用者	bei diao yong zhe	20
裁剪图片	cai jian tu pian	1
装入模块	zhuang ru mo kuai	2
装入程序	zhuang ru cheng xu	2
装箱拆箱	zhuang xiang chai xiang	1
装箱问题	zhuang xiang wen ti	2
装配件	zhuang pei jian	21
装配图	zhuang pei tu	11
装饰器模式	zhuang shi qi mo shi	12
装饰模式	zhuang shi mo shi	5
装饰者模式	zhuang shi zhe mo shi	11
装饰设计模式	zhuang shi she ji mo shi	11
裸机开发	luo ji kai fa	8
裸机程序	luo ji cheng xu	10
裸板程序	luo ban cheng xu	8
裸设备	luo she bei	14
裸题	luo ti	12
覆盖测试	fu gai ce shi	8
观察者模式	guan cha zhe mo shi	19
规划系统	gui hua xi tong	8
规则库	gui ze ku	2
规则引擎	gui ze yin qing	10
规则推理	gui ze tui li	2
规则集	gui ze ji	34
规格化处理	gui ge hua chu li	5
规格说明	gui ge shuo ming	31
规模估计	gui mo gu ji	5
规范名	gui fan ming	8
视向	shi xiang	5
视图切换	shi tu qie huan	1
视图动画	shi tu dong hua	10
视图开发	shi tu kai fa	6
视图控件	shi tu kong jian	12
视图控制器	shi tu kong zhi qi	1
视图框架	shi tu kuang jia	9
视图状态	shi tu zhuang tai	2
视图解析器	shi tu jie xi qi	13
视平面	shi ping mian	2
视窗操作系统	shi chuang cao zuo xi tong	24
视觉模型	shi jue mo xing	6
视觉算法	shi jue suan fa	2
视觉设计师	shi jue she ji shi	18
视觉跟踪	shi jue gen zong	4
视音频编解码	shi yin pin bian jie ma	8
视频下载	shi pin xia zai	9
视频云	shi pin yun	1
视频会议开发	shi pin hui yi kai fa	5
视频会议系统	shi pin hui yi xi tong	10
视频传输	shi pin chuan shu	12
视频加密	shi pin jia mi	2
视频卡	shi pin ka	9
视频图像	shi pin tu xiang	25
视频图像处理	shi pin tu xiang chu li	1
视频图形阵列	shi pin tu xing zhen lie	7
视频处理	shi pin chu li	38
视频多媒体	shi pin duo mei ti	1
视频存储器	shi pin cun chu qi	6
视频广告	shi pin guang gao	35
视频开发	shi pin kai fa	8
视频插件	shi pin cha jian	8
视频播放器	shi pin bo fang qi	30
视频教程	shi pin jiao cheng	15
视频模式	shi pin mo shi	7
视频消息	shi pin xiao xi	6
视频缓冲区	shi pin huan chong qu	8
视频编解码	shi pin bian jie ma	13
视频缩略图	shi pin suo lve tu	1
视频聊天	shi pin liao tian	34
视频解码	shi pin jie ma	21
视频质量评价	shi pin zhi liang ping jia	1
视频转换	shi pin zhuan huan	16
视频追踪	shi pin zhui zong	5
视频采集	shi pin cai ji	11
角点	jiao dian	12
角点检测	jiao dian jian ce	11
解决报错	jie jue bao cuo	8
解包	jie bao	48
解压文件	jie ya wen jian	7
解压版	jie ya ban	10
解析数据	jie xi shu ju	7
解释器模式	jie shi qi mo shi	1
解释型语言	jie shi xing yu yan	16
解释程序	jie shi cheng xu	8
解锁数据库	jie suo shu ju ku	5
解除分配	jie chu fen pei	10
解题报告	jie ti bao gao	13
触发对象	chu fa dui xiang	10
触屏事件	chu ping shi jian	11
触摸事件	chu mo shi jian	1
触摸机制	chu mo ji zhi	8
警告框	jing gao kuang	12
计划任务	ji hua ren wu	13
计数排序	ji shu pai xu	14
计时类	ji shi lei	2
计次循环尾	ji ci xun huan wei	6
计次循环首	ji ci xun huan shou	6
计算使用	ji suan shi yong	10
计算几何基础	ji suan ji he ji chu	7
计算几何知识	ji suan ji he zhi shi	5
计算广告学	ji suan guang gao xue	9
计算引擎	ji suan yin qing	49
计算弹道	ji suan dan dao	11
计算性能	ji suan xing neng	22
计算排序	ji suan pai xu	1
计算数目	ji suan shu mu	4
计算智能	ji suan zhi neng	20
计算机下棋	ji suan ji xia qi	5
计算机书籍	ji suan ji shu ji	2
计算机产业	ji suan ji chan ye	14
计算机体系	ji suan ji ti xi	5
计算机原理	ji suan ji yuan li	6
计算机名	ji suan ji ming	12
计算机图书	ji suan ji tu shu	2
计算机图像	ji suan ji tu xiang	24
计算机基础	ji suan ji ji chu	29
计算机基础课	ji suan ji ji chu ke	5
计算机字	ji suan ji zi	1
计算机实现	ji suan ji shi xian	13
计算机常识	ji suan ji chang shi	6
计算机性能	ji suan ji xing neng	18
计算机技能	ji suan ji ji neng	5
计算机数学	ji suan ji shu xue	3
计算机数据	ji suan ji shu ju	24
计算机文化	ji suan ji wen hua	7
计算机显示	ji suan ji xian shi	13
计算机概论	ji suan ji gai lun	11
计算机犯罪	ji suan ji fan zui	17
计算机理解	ji suan ji li jie	2
计算机理论	ji suan ji li lun	18
计算机科普	ji suan ji ke pu	5
计算机算法	ji suan ji suan fa	35
计算机管理	ji suan ji guan li	39
计算机类	ji suan ji lei	25
计算机类型	ji suan ji lei xing	3
计算机组成	ji suan ji zu cheng	20
计算机结构	ji suan ji jie gou	18
计算机绘图	ji suan ji hui tu	27
计算机维修	ji suan ji wei xiu	2
计算机维护	ji suan ji wei hu	2
计算机艺术	ji suan ji yi shu	13
计算机英语	ji suan ji ying yu	1
计算机资源	ji suan ji zi yuan	25
计算机配置	ji suan ji pei zhi	4
计算机问题	ji suan ji wen ti	7
计算构架	ji suan gou jia	5
计算程序	ji suan cheng xu	45
计算策略	ji suan ce lve	2
计算系统	ji suan xi tong	11
计算表达式	ji suan biao da shi	13
计算视觉	ji suan shi jue	1
计算逻辑	ji suan luo ji	15
计网	ji wang	5
计蒜客	ji suan ke	9
订单系统	ding dan xi tong	3
订票系统	ding piao xi tong	26
订阅号	ding yue hao	21
订餐系统	ding can xi tong	3
认知机	ren zhi ji	5
认知模型	ren zhi mo xing	42
认知系统	ren zhi xi tong	41
认证模式	ren zheng mo shi	6
认证链	ren zheng lian	1
训练分类器	xun lian fen lei qi	6
训练指南	xun lian zhi nan	5
讯飞语音	xun fei yu yin	5
记事本开发	ji shi ben kai fa	8
记住密码	ji zhu mi ma	13
记录块	ji lu kuai	8
记录方式	ji lu fang shi	10
记录日志	ji lu ri zhi	8
记录测量	ji lu ce liang	1
记录路径	ji lu lu jing	2
记录锁	ji lu suo	1
记录锁定	ji lu suo ding	8
记忆化	ji yi hua	23
记忆化搜索	ji yi hua sou suo	13
记忆训练	ji yi xun lian	5
记法	ji fa	11
记账码	ji zhang ma	5
论文排版	lun wen pai ban	5
论文翻译	lun wen fan yi	14
论文阅读	lun wen yue du	7
设备信息	she bei xin xi	6
设备功能	she bei gong neng	15
设备号	she bei hao	13
设备名	she bei ming	13
设备坐标	she bei zuo biao	1
设备坐标系	she bei zuo biao xi	2
设备型号	she bei xing hao	31
设备存储器	she bei cun chu qi	7
设备定义	she bei ding yi	6
设备控件	she bei kong jian	5
设备描述	she bei miao shu	9
设备树	she bei shu	1
设备模型	she bei mo xing	9
设备筛选器	she bei shai xuan qi	5
设备管理	she bei guan li	12
设备节点	she bei jie dian	26
设备适配器	she bei shi pei qi	6
设置中心	she zhi zhong xin	11
设置别名	she zhi bie ming	1
设置向导	she zhi xiang dao	4
设置图案	she zhi tu an	1
设计之美	she ji zhi mei	2
设计分析	she ji fen xi	9
设计审查	she ji shen cha	6
设计库	she ji ku	9
设计方法学	she ji fang fa xue	7
设计架构	she ji jia gou	22
设计模式原则	she ji mo shi yuan ze	8
设计约束	she ji yue shu	10
设计编辑器	she ji bian ji qi	5
设计规划	she ji gui hua	8
设计规约	she ji gui yue	2
设计语言	she ji yu yan	11
设计验证	she ji yan zheng	20
访问令牌	fang wen ling pai	15
访问修饰符	fang wen xiu shi fu	2
访问共享	fang wen gong xiang	14
访问冲突	fang wen chong tu	6
访问周期	fang wen zhou qi	5
访问局部性	fang wen ju bu xing	10
访问授权	fang wen shou quan	5
访问控制列表	fang wen kong zhi lie biao	24
访问权	fang wen quan	39
访问特权	fang wen te quan	3
访问矩阵	fang wen ju zhen	1
访问类型	fang wen lei xing	4
访问级别	fang wen ji bie	11
访问网络	fang wen wang luo	46
访问者模式	fang wen zhe mo shi	13
访问表	fang wen biao	1
访问许可	fang wen xu ke	12
访问限制	fang wen xian zhi	17
证书作废表	zheng shu zuo fei biao	6
证书失效	zheng shu shi xiao	8
证书废除	zheng shu fei chu	6
证书无效	zheng shu wu xiao	6
证书状态	zheng shu zhuang tai	20
证书管理	zheng shu guan li	12
证书管理机构	zheng shu guan li ji gou	3
证书过期	zheng shu guo qi	4
证书配置	zheng shu pei zhi	5
证书链	zheng shu lian	23
证件识别	zheng jian shi bie	7
证据理论	zheng ju li lun	1
证明树	zheng ming shu	1
评价函数	ping jia han shu	1
评分卡	ping fen ka	3
识别文本	shi bie wen ben	4
诊断模型	zhen duan mo xing	3
诊断程序	zhen duan cheng xu	25
词云	ci yun	8
词元	ci yuan	5
词切分	ci qie fen	6
词向量	ci xiang liang	7
词性标注	ci xing biao zhu	16
词汇分析	ci hui fen xi	2
词法分析	ci fa fen xi	25
词法分析器	ci fa fen xi qi	41
词法范围	ci fa fan wei	3
词类标注	ci lei biao zhu	7
词语切分	ci yu qie fen	6
词频分布	ci pin fen bu	5
词频统计	ci pin tong ji	9
试探法	shi tan fa	1
详细教程	xiang xi jiao cheng	8
语义信息	yu yi xin xi	34
语义分析	yu yi fen xi	27
语义化	yu yi hua	22
语义属性	yu yi shu xing	4
语义树	yu yi shu	5
语义检查	yu yi jian cha	1
语义相关性	yu yi xiang guan xing	2
语义网络	yu yi wang luo	48
语义词典	yu yi ci dian	1
语义距离	yu yi ju li	7
语句定义符	yu ju ding yi fu	5
语意学	yu yi xue	23
语法分析程序	yu fa fen xi cheng xu	9
语法基础	yu fa ji chu	3
语法属性	yu fa shu xing	3
语法描述语言	yu fa miao shu yu yan	5
语法细节	yu fa xi jie	3
语法解析	yu fa jie xi	21
语言信息	yu yan xin xi	21
语言基础	yu yan ji chu	46
语言处理程序	yu yan chu li cheng xu	7
语言学理论	yu yan xue li lun	48
语言生成	yu yan sheng cheng	16
语言程序	yu yan cheng xu	40
语言程序设计	yu yan cheng xu she ji	20
语言获取	yu yan huo qu	2
语言识别	yu yan shi bie	15
语言集成查询	yu yan ji cheng cha xun	7
语音信号处理	yu yin xin hao chu li	11
语音增强	yu yin zeng qiang	4
语音处理	yu yin chu li	49
语音搜索	yu yin sou suo	48
语音输入法	yu yin shu ru fa	9
误分类	wu fen lei	1
误差估计	wu cha gu ji	16
说明性语言	shuo ming xing yu yan	3
说话人识别	shuo hua ren shi bie	3
请求分页	qing qiu fen ye	9
请求参数	qing qiu can shu	4
请求处理	qing qiu chu li	27
请求头	qing qiu tou	14
请求报文	qing qiu bao wen	20
请求数据	qing qiu shu ju	20
请求评论	qing qiu ping lun	1
请求超时	qing qiu chao shi	5
请求转发	qing qiu zhuan fa	7
诺依曼结构	nuo yi man jie gou	2
读任务	du ren wu	2
读信号	du xin hao	2
读入一行	du ru yi xing	1
读入数据	du ru shu ju	5
读入文件	du ru wen jian	1
读入文本	du ru wen ben	9
读写分离	du xie fen li	13
读写周期	du xie zhou qi	1
读写控制电路	du xie kong zhi dian lu	4
读写文件	du xie wen jian	7
读写磁头	du xie ci tou	9
读写锁	du xie suo	18
读出时间	du chu shi jian	2
读出电路	du chu dian lu	4
读取图像	du qu tu xiang	7
读取文件	du qu wen jian	26
读取配置文件	du qu pei zhi wen jian	4
读后写	du hou xie	5
读字段	du zi duan	1
读属性	du shu xing	1
读数据线	du shu ju xian	4
读文件	du wen jian	11
读文本	du wen ben	8
读访问	du fang wen	11
读锁	du suo	6
调优	tiao you	16
调度作业	diao du zuo ye	9
调度方式	diao du fang shi	9
调度模块	diao du mo kuai	1
调度程序	diao du cheng xu	32
调度策略	diao du ce lve	10
调度算法	diao du suan fa	26
调度规则	diao du gui ze	3
调度资源	diao du zi yuan	6
调度问题	diao du wen ti	46
调度队列	diao du dui lie	11
调用方法	diao yong fang fa	31
调用相机	diao yong xiang ji	10
调用顺序	diao yong shun xu	2
调相	diao xiang	22
调试例程	tiao shi li cheng	5
调试工具	tiao shi gong ju	38
调试报错	tiao shi bao cuo	6
调试模型	tiao shi mo xing	1
调试程序	tiao shi cheng xu	18
调试错误	tiao shi cuo wu	10
调试问题	tiao shi wen ti	1
谐波信号	xie bo xin hao	5
谓词演算	wei ci yan suan	45
谓词符号	wei ci fu hao	22
谢尔排序	xie er pai xu	5
谱聚类	pu ju lei	14
谷歌卫星地图	gu ge wei xing di tu	4
谷歌地球	gu ge di qiu	31
谷歌学术	gu ge xue shu	43
谷歌浏览器	gu ge liu lan qi	37
贝叶斯估计	bei ye si gu ji	9
贝叶斯公式	bei ye si gong shi	11
贝叶斯决策	bei ye si jue ce	3
贝叶斯分析	bei ye si fen xi	16
贝叶斯分类	bei ye si fen lei	5
贝叶斯分类器	bei ye si fen lei qi	14
贝叶斯推理	bei ye si tui li	23
贝叶斯方法	bei ye si fang fa	39
贝叶斯算法	bei ye si suan fa	2
贝叶斯网络	bei ye si wang luo	17
贝塞尔曲线	bei sai er qu xian	32
贝济埃曲线	bei ji ai qu xian	6
贝赛尔曲线	bei sai er qu xian	10
负载均衡技术	fu zai jun heng ji shu	1
负载电阻	fu zai dian zu	25
负载端	fu zai duan	26
负逻辑	fu luo ji	7
责任链模式	ze ren lian mo shi	7
败者树	bai zhe shu	10
货车运输	huo che yun shu	35
质因子分解	zhi yin zi fen jie	2
质量工程	zhi liang gong cheng	6
质量把控	zhi liang ba kong	1
贪婪算法	tan lan suan fa	9
贪心专题	tan xin zhuan ti	5
贪心法	tan xin fa	16
贪心策略	tan xin ce lve	2
贪心算法	tan xin suan fa	31
贪心问题	tan xin wen ti	1
购物系统	gou wu xi tong	5
费用流	fei yong liu	2
资料下载	zi liao xia zai	25
资料分享	zi liao fen xiang	8
资料整合	zi liao zheng he	33
资料文档	zi liao wen dang	1
资料链接	zi liao lian jie	9
资源下载	zi yuan xia zai	25
资源共享控制	zi yuan gong xiang kong zhi	8
资源冲突	zi yuan chong tu	12
资源分享	zi yuan fen xiang	38
资源分配表	zi yuan fen pei biao	1
资源加密	zi yuan jia mi	8
资源加载	zi yuan jia zai	4
资源备份	zi yuan bei fen	5
资源大全	zi yuan da quan	1
资源子网	zi yuan zi wang	8
资源打包	zi yuan da bao	1
资源搜集	zi yuan sou ji	15
资源操作	zi yuan cao zuo	1
资源收集	zi yuan shou ji	22
资源整理	zi yuan zheng li	1
资源文件	zi yuan wen jian	25
资源汇总	zi yuan hui zong	2
资源管理程序	zi yuan guan li cheng xu	6
资源素材	zi yuan su cai	1
资源调度	zi yuan diao du	22
资源释放	zi yuan shi fang	6
资源重复	zi yuan chong fu	5
赋值函数	fu zhi han shu	12
赋值操作符	fu zhi cao zuo fu	5
赋值构造函数	fu zhi gou zao han shu	8
赋值语句	fu zhi yu ju	45
赋值运算符	fu zhi yun suan fu	39
赫夫曼编码	he fu man bian ma	1
走出象牙塔	zou chu xiang ya ta	5
赶集网	gan ji wang	37
起始信号	qi shi xin hao	9
起始目录	qi shi mu lu	5
起始页	qi shi ye	15
起泡排序	qi pao pai xu	9
超五类	chao wu lei	1
超人学院	chao ren xue yuan	6
超出隐藏	chao chu yin cang	7
超图	chao tu	8
超声波传感器	chao sheng bo chuan gan qi	11
超声波测距	chao sheng bo ce ju	7
超媒体	chao mei ti	11
超时控制	chao shi kong zhi	9
超标量	chao biao liang	35
超标量结构	chao biao liang jie gou	1
超流水线	chao liu shui xian	7
超流水线结构	chao liu shui xian jie gou	1
超算	chao suan	8
超类	chao lei	14
超级巡警	chao ji xun jing	5
超级服务器	chao ji fu wu qi	1
超级楼梯	chao ji lou ti	8
超级终端	chao ji zhong duan	6
超级编译器	chao ji bian yi qi	6
超级表格	chao ji biao ge	8
超级链接	chao ji lian jie	12
超线程技术	chao xian cheng ji shu	27
超链接	chao lian jie	15
超长指令字	chao chang zhi ling zi	20
超长文本	chao chang wen ben	6
趣味程序	qu wei cheng xu	5
趣味编程	qu wei bian cheng	6
跑酷游戏	pao ku you xi	23
跑马灯效果	pao ma deng xiao guo	4
距离向量	ju li xiang liang	22
距离度量	ju li du liang	26
跟踪球	gen zong qiu	2
跟踪算法	gen zong suan fa	7
跟踪误差	gen zong wu cha	4
跟踪路由	gen zong lu you	7
跨列合并	kua lie he bing	6
跨域访问	kua yu fang wen	12
跨域请求	kua yu qing qiu	12
跨域问题	kua yu wen ti	11
跨平台开发	kua ping tai kai fa	26
跨接	kua jie	14
跨浏览器	kua liu lan qi	30
跨线程	kua xian cheng	2
跨行合并	kua hang he bing	1
跨语言调用	kua yu yan diao yong	8
跨进程	kua jin cheng	9
跨进程通信	kua jin cheng tong xin	1
路径分析	lu jing fen xi	8
路径压缩	lu jing ya suo	9
路径名	lu jing ming	23
路径命令	lu jing ming ling	8
路径搜索	lu jing sou suo	5
路径条件	lu jing tiao jian	6
路径表达式	lu jing biao da shi	4
路径规划	lu jing gui hua	13
路径记录	lu jing ji lu	2
路由交换	lu you jiao huan	9
路由器开发	lu you qi kai fa	5
路由器配置	lu you qi pei zhi	3
路由选择	lu you xuan ze	17
路由选择协议	lu you xuan ze xie yi	10
路由选择算法	lu you xuan ze suan fa	9
路由配置	lu you pei zhi	11
跳出循环	tiao chu xun huan	5
跳台阶	tiao tai jie	2
跳跃表	tiao yue biao	1
跳转页面	tiao zhuan ye mian	3
身份证校验	shen fen zheng jiao yan	8
身份证识别	shen fen zheng shi bie	3
身份证验证	shen fen zheng yan zheng	6
车牌识别	che pai shi bie	23
车辆违章查询	che liang wei zhang cha xun	6
轨迹曲线	gui ji qu xian	4
轨迹模型	gui ji mo xing	2
轨迹颜色	gui ji yan se	5
转义符	zhuan yi fu	7
转入转出	zhuan ru zhuan chu	8
转向语句	zhuan xiang yu ju	8
转场动画	zhuan chang dong hua	4
转屏	zhuan ping	10
转换为主机名	zhuan huan wei zhu ji ming	6
转换方法	zhuan huan fang fa	31
转换框架	zhuan huan kuang jia	6
转换流	zhuan huan liu	12
转接板	zhuan jie ban	7
转接线	zhuan jie xian	37
转移指令	zhuan yi zhi ling	7
转移目标地址	zhuan yi mu biao di zhi	5
转移预测	zhuan yi yu ce	2
转载类	zhuan zai lei	5
轮廓提取	lun kuo ti qu	9
轮廓检测	lun kuo jian ce	1
轮廓生成	lun kuo sheng cheng	5
轮廓识别	lun kuo shi bie	5
轮廓跟踪	lun kuo gen zong	1
轮廓预测	lun kuo yu ce	5
轮播图	lun bo tu	1
轮转法调度	lun zhuan fa diao du	7
软中断	ruan zhong duan	11
软中断信号	ruan zhong duan xin hao	9
软中断机制	ruan zhong duan ji zhi	8
软件中断	ruan jian zhong duan	7
软件主体	ruan jian zhu ti	2
软件体系结构	ruan jian ti xi jie gou	4
软件作品	ruan jian zuo pin	8
软件使用	ruan jian shi yong	12
软件使用教程	ruan jian shi yong jiao cheng	1
软件保护	ruan jian bao hu	9
软件分享	ruan jian fen xiang	1
软件创业	ruan jian chuang ye	1
软件加密	ruan jian jia mi	5
软件区	ruan jian qu	6
软件单元	ruan jian dan yuan	3
软件发布	ruan jian fa bu	48
软件可移植性	ruan jian ke yi zhi xing	1
软件可维护性	ruan jian ke wei hu xing	7
软件可靠性	ruan jian ke kao xing	8
软件基础	ruan jian ji chu	5
软件复用	ruan jian fu yong	14
软件外包	ruan jian wai bao	22
软件失效	ruan jian shi xiao	5
软件安全	ruan jian an quan	8
软件安全性	ruan jian an quan xing	2
软件安装配置	ruan jian an zhuang pei zhi	6
软件定义网络	ruan jian ding yi wang luo	13
软件工程思想	ruan jian gong cheng si xiang	8
软件工程环境	ruan jian gong cheng huan jing	1
软件工程类	ruan jian gong cheng lei	2
软件常识	ruan jian chang shi	5
软件开发周期	ruan jian kai fa zhou qi	6
软件开发培训	ruan jian kai fa pei xun	6
软件开发库	ruan jian kai fa ku	1
软件开发手册	ruan jian kai fa shou ce	5
软件开发方法	ruan jian kai fa fang fa	17
软件开发模型	ruan jian kai fa mo xing	2
软件开发流程	ruan jian kai fa liu cheng	4
软件开发环境	ruan jian kai fa huan jing	19
软件开发管理	ruan jian kai fa guan li	9
软件开发类	ruan jian kai fa lei	7
软件开发计划	ruan jian kai fa ji hua	2
软件思想	ruan jian si xiang	7
软件性能	ruan jian xing neng	4
软件总线	ruan jian zong xian	7
软件打包	ruan jian da bao	5
软件推荐	ruan jian tui jian	21
软件操作	ruan jian cao zuo	10
软件故障	ruan jian gu zhang	12
软件教程	ruan jian jiao cheng	2
软件数据库	ruan jian shu ju ku	1
软件文档	ruan jian wen dang	29
软件方法学	ruan jian fang fa xue	3
软件构件	ruan jian gou jian	5
软件构建	ruan jian gou jian	8
软件构架	ruan jian gou jia	1
软件架构师	ruan jian jia gou shi	8
软件架构设计	ruan jian jia gou she ji	1
软件框架	ruan jian kuang jia	33
软件水平考试	ruan jian shui ping kao shi	1
软件测试工具	ruan jian ce shi gong ju	7
软件测试理论	ruan jian ce shi li lun	7
软件测试管理	ruan jian ce shi guan li	8
软件源	ruan jian yuan	43
软件版权	ruan jian ban quan	6
软件环境配置	ruan jian huan jing pei zhi	5
软件生产率	ruan jian sheng chan lv	8
软件生存周期	ruan jian sheng cun zhou qi	9
软件研发	ruan jian yan fa	23
软件研发过程	ruan jian yan fa guo cheng	1
软件破解	ruan jian po jie	15
软件管理	ruan jian guan li	17
软件类	ruan jian lei	6
软件结构	ruan jian jie gou	4
软件维护	ruan jian wei hu	11
软件编程	ruan jian bian cheng	12
软件缺陷	ruan jian que xian	36
软件获取	ruan jian huo qu	6
软件训练营	ruan jian xun lian ying	4
软件设置	ruan jian she zhi	12
软件设计师	ruan jian she ji shi	32
软件评测	ruan jian ping ce	2
软件质量	ruan jian zhi liang	48
软件质量保证	ruan jian zhi liang bao zheng	6
软件资源	ruan jian zi yuan	13
软件过程	ruan jian guo cheng	12
软件逆向	ruan jian ni xiang	1
软件配置	ruan jian pei zhi	8
软件配置管理	ruan jian pei zhi guan li	19
软件错误	ruan jian cuo wu	23
软件陷阱	ruan jian xian jing	5
软件项目管理	ruan jian xiang mu guan li	6
软件风险	ruan jian feng xian	6
软件验收	ruan jian yan shou	7
软工	ruan gong	18
软工学习	ruan gong xue xi	5
软工文档	ruan gong wen dang	8
软引用	ruan yin yong	4
软技能	ruan ji neng	9
软故障	ruan gu zhang	6
软计算	ruan ji suan	18
软连接	ruan lian jie	4
软链接	ruan lian jie	14
软键盘	ruan jian pan	14
轻开平台	qing kai ping tai	9
轻量级应用	qing liang ji ying yong	2
载入图片	zai ru tu pian	10
载入材质	zai ru cai zhi	6
载波侦听	zai bo zhen ting	17
辅助任务	fu zhu ren wu	32
辅助函数	fu zhu han shu	27
辅助副本	fu zhu fu ben	6
辅助存储器	fu zhu cun chu qi	2
辅助开发工具	fu zhu kai fa gong ju	8
辅助段	fu zhu duan	3
辅助知识	fu zhu zhi shi	2
辅助索引	fu zhu suo yin	15
辅助集	fu zhu ji	22
辐射度方法	fu she du fang fa	5
输入优先级	shu ru you xian ji	5
输入依赖	shu ru yi lai	1
输入子系统	shu ru zi xi tong	10
输入带	shu ru dai	4
输入文本类型	shu ru wen ben lei xing	6
输入校验	shu ru jiao yan	10
输入框	shu ru kuang	46
输入模式	shu ru mo shi	30
输入流	shu ru liu	30
输入特性	shu ru te xing	2
输入缓冲区	shu ru huan chong qu	19
输入脉冲	shu ru mai chong	10
输入规模	shu ru gui mo	9
输入输出函数	shu ru shu chu han shu	4
输入输出接口	shu ru shu chu jie kou	8
输入输出流	shu ru shu chu liu	4
输入输出管理	shu ru shu chu guan li	1
输入输出训练	shu ru shu chu xun lian	5
输入输出设备	shu ru shu chu she bei	21
输入输出队列	shu ru shu chu dui lie	7
输入进程	shu ru jin cheng	1
输入速率	shu ru su lv	2
输入验证	shu ru yan zheng	7
输出优先级	shu chu you xian ji	11
输出依赖	shu chu yi lai	3
输出带	shu chu dai	2
输出提交	shu chu ti jiao	6
输出断言	shu chu duan yan	5
输出模式	shu chu mo shi	13
输出流	shu chu liu	31
输出特性	shu chu te xing	18
输出脉冲	shu chu mai chong	7
输出进程	shu chu jin cheng	1
输出重定向	shu chu chong ding xiang	7
辗转相除	zhan zhuan xiang chu	6
边写边读	bian xie bian du	5
边双连通分量	bian shuang lian tong fen liang	9
边沿触发	bian yan chu fa	25
边界像素	bian jie xiang su	2
边界宽度	bian jie kuan du	1
边界扫描	bian jie sao miao	19
边界检测	bian jie jian ce	3
边界细节	bian jie xi jie	6
边界网关	bian jie wang guan	1
边界网关协议	bian jie wang guan xie yi	29
边界表示	bian jie biao shi	7
边界跟踪	bian jie gen zong	3
边界路由器	bian jie lu you qi	15
边界错误	bian jie cuo wu	7
边缘像素	bian yuan xiang su	4
边缘分割	bian yuan fen ge	6
边缘匹配	bian yuan pi pei	6
边缘图像	bian yuan tu xiang	1
边缘增强	bian yuan zeng qiang	2
边缘提取	bian yuan ti qu	2
边缘测试	bian yuan ce shi	1
边缘算子	bian yuan suan zi	6
边缘调整	bian yuan tiao zheng	1
边缘连接	bian yuan lian jie	12
边覆盖	bian fu gai	25
边距	bian ju	37
迁移学习	qian yi xue xi	11
过冲	guo chong	9
过期数据	guo qi shu ju	1
过河问题	guo he wen ti	3
过渡动画	guo du dong hua	8
过渡效果	guo du xiao guo	7
过滤特殊字符	guo lv te shu zi fu	1
过程分享	guo cheng fen xiang	1
过程分析	guo cheng fen xi	26
过程同步	guo cheng tong bu	1
过程改进	guo cheng gai jin	20
过程数据	guo cheng shu ju	9
过程模型	guo cheng mo xing	28
过程语义	guo cheng yu yi	5
过程语言	guo cheng yu yan	10
过程逻辑	guo cheng luo ji	2
运动估计	yun dong gu ji	20
运动分析	yun dong fen xi	9
运动向量	yun dong xiang liang	15
运动图像	yun dong tu xiang	18
运动图像压缩	yun dong tu xiang ya suo	1
运动捕捉	yun dong bu zhuo	4
运动控制器	yun dong kong zhi qi	22
运动检测	yun dong jian ce	16
运动目标检测	yun dong mu biao jian ce	9
运动跟踪	yun dong gen zong	10
运动重建	yun dong chong jian	6
运动预测	yun dong yu ce	11
运放	yun fang	31
运算器	yun suan qi	33
运算寄存器	yun suan ji cun qi	1
运算符优先级	yun suan fu you xian ji	7
运维基础	yun wei ji chu	6
运维工具	yun wei gong ju	9
运维工程	yun wei gong cheng	2
运维技术	yun wei ji shu	1
运维架构	yun wei jia gou	6
运维监控	yun wei jian kong	9
运维管理	yun wei guan li	2
运维经验	yun wei jing yan	1
运维自动化	yun wei zi dong hua	1
运行剖面	yun xing pou mian	4
运行可行性	yun xing ke xing xing	4
运行可靠性	yun xing ke kao xing	5
运行多态	yun xing duo tai	6
运行循环	yun xing xun huan	2
运行报错	yun xing bao cuo	11
运行日志	yun xing ri zhi	11
运行时异常	yun xing shi yi chang	3
运行时机制	yun xing shi ji zhi	10
运行时权限	yun xing shi quan xian	11
运行时诊断	yun xing shi zhen duan	5
运行时错误	yun xing shi cuo wu	14
运行测试	yun xing ce shi	46
运行级别	yun xing ji bie	23
运行错误	yun xing cuo wu	7
运行问题	yun xing wen ti	10
运输层	yun shu ceng	4
近似匹配	jin si pi pei	9
近似算法	jin si suan fa	44
近线	jin xian	8
返回函数	fan hui han shu	6
返回恢复	fan hui hui fu	1
返回按钮	fan hui an niu	1
返回路径	fan hui lu jing	5
返回键监听	fan hui jian jian ting	7
返回顶部	fan hui ding bu	5
进制转化	jin zhi zhuan hua	9
进制转换	jin zhi zhuan huan	14
进制问题	jin zhi wen ti	7
进化优化	jin hua you hua	3
进化发展	jin hua fa zhan	16
进化机制	jin hua ji zhi	11
进化程序	jin hua cheng xu	3
进化策略	jin hua ce lve	4
进化计算	jin hua ji suan	22
进栈	jin zhan	4
进程上下文	jin cheng shang xia wen	4
进程互斥	jin cheng hu chi	10
进程优先级	jin cheng you xian ji	7
进程保护	jin cheng bao hu	1
进程保活	jin cheng bao huo	7
进程关系	jin cheng guan xi	3
进程内存	jin cheng nei cun	1
进程创建	jin cheng chuang jian	11
进程句柄	jin cheng ju bing	6
进程同步	jin cheng tong bu	9
进程名	jin cheng ming	3
进程地址空间	jin cheng di zhi kong jian	8
进程控制	jin cheng kong zhi	12
进程池	jin cheng chi	2
进程注入	jin cheng zhu ru	5
进程状态	jin cheng zhuang tai	7
进程管理	jin cheng guan li	19
进程线程	jin cheng xian cheng	10
进程组	jin cheng zu	9
进程调度	jin cheng diao du	13
进程调度算法	jin cheng diao du suan fa	1
进程迁移	jin cheng qian yi	3
进程退出	jin cheng tui chu	3
进程通信	jin cheng tong xin	1
进程通讯	jin cheng tong xun	2
进程间通讯	jin cheng jian tong xun	10
进销存	jin xiao cun	5
进销存系统	jin xiao cun xi tong	1
远程仓库	yuan cheng cang ku	14
远程会议	yuan cheng hui yi	8
远程作业	yuan cheng zuo ye	1
远程作业输入	yuan cheng zuo ye shu ru	5
远程分支	yuan cheng fen zhi	13
远程办公	yuan cheng ban gong	32
远程处理	yuan cheng chu li	7
远程库	yuan cheng ku	5
远程控制软件	yuan cheng kong zhi ruan jian	8
远程推送	yuan cheng tui song	1
远程教学	yuan cheng jiao xue	48
远程方法调用	yuan cheng fang fa diao yong	11
远程服务	yuan cheng fu wu	21
远程服务器	yuan cheng fu wu qi	45
远程查询	yuan cheng cha xun	2
远程桌面连接	yuan cheng zhuo mian lian jie	17
远程登录	yuan cheng deng lu	10
远程登录协议	yuan cheng deng lu xie yi	8
远程监控	yuan cheng jian kong	41
远程诊断	yuan cheng zhen duan	10
远程调用	yuan cheng diao yong	5
远程调试	yuan cheng tiao shi	9
远程进程调用	yuan cheng jin cheng diao yong	7
远程连接	yuan cheng lian jie	15
远程通知	yuan cheng tong zhi	10
远程部署	yuan cheng bu shu	4
连接单元接口	lian jie dan yuan jie kou	5
连接原语	lian jie yuan yu	5
连接失败	lian jie shi bai	18
连接字符串	lian jie zi fu chuan	14
连接建立	lian jie jian li	36
连接数	lian jie shu	30
连接数据库	lian jie shu ju ku	6
连接时间	lian jie shi jian	11
连接机	lian jie ji	5
连接机制	lian jie ji zhi	6
连接查询	lian jie cha xun	1
连接池	lian jie chi	18
连接点	lian jie dian	13
连接端点	lian jie duan dian	3
连接编辑程序	lian jie bian ji cheng xu	5
连接超时	lian jie chao shi	10
连接释放	lian jie shi fang	4
连续控制	lian xu kong zhi	6
连续文本	lian xu wen ben	3
连续语音识别	lian xu yu yin shi bie	6
连续赋值	lian xu fu zhi	14
连表查询	lian biao cha xun	9
连通区域标记	lian tong qu yu biao ji	1
连通块	lian tong kuai	2
连通域	lian tong yu	2
连通性问题	lian tong xing wen ti	2
迪米特法则	di mi te fa ze	12
迭代加深	die dai jia shen	1
迭代加深搜索	die dai jia shen sou suo	4
迭代器失效	die dai qi shi xiao	11
迭代器模式	die dai qi mo shi	4
迭代搜索	die dai sou suo	1
迭代改进	die dai gai jin	1
迹线	ji xian	18
追踪程序	zhui zong cheng xu	2
退出应用	tui chu ying yong	4
退出程序	tui chu cheng xu	16
适应层	shi ying ceng	6
适应性维护	shi ying xing wei hu	1
适配器模式	shi pei qi mo shi	12
适配层	shi pei ceng	1
适配移动端	shi pei yi dong duan	7
逆向分析	ni xiang fen xi	9
逆向思维	ni xiang si wei	44
逆向破解	ni xiang po jie	8
逆序对	ni xu dui	10
逆序数	ni xu shu	13
逆序数对	ni xu shu dui	8
逆序输出	ni xu shu chu	12
逆波兰	ni bo lan	48
逆波兰式	ni bo lan shi	9
逆波兰表达式	ni bo lan biao da shi	9
选择图片	xuan ze tu pian	2
选择密文攻击	xuan ze mi wen gong ji	16
选择排序	xuan ze pai xu	28
选择排序法	xuan ze pai xu fa	10
选择明文攻击	xuan ze ming wen gong ji	26
选择符	xuan ze fu	43
选择算法	xuan ze suan fa	43
选择结构	xuan ze jie gou	12
选择网络	xuan ze wang luo	3
选择通道	xuan ze tong dao	4
选词标准	xuan ci biao zhun	1
选通信号	xuan tong xin hao	8
选项菜单	xuan xiang cai dan	10
透明传送	tou ming chuan song	8
透明桥接	tou ming qiao jie	7
透明状态栏	tou ming zhuang tai lan	1
透明窗口	tou ming chuang kou	9
透明网关	tou ming wang guan	7
透明背景	tou ming bei jing	6
透视变换	tou shi bian huan	2
逐帧动画	zhu zhen dong hua	3
逐步求精	zhu bu qiu jing	2
逐行分析代码	zhu hang fen xi dai ma	5
递增子序列	di zeng zi xu lie	19
递归估计	di gui gu ji	5
递归例程	di gui li cheng	5
递归分治	di gui fen zhi	8
递归定理	di gui ding li	6
递归实现	di gui shi xian	8
递归方法	di gui fang fa	9
递归查询	di gui cha xun	1
递归算法	di gui suan fa	30
递归计算	di gui ji suan	10
递归调用	di gui diao yong	47
递归遍历	di gui bian li	3
递推	di tui	40
递推公式	di tui gong shi	22
递推求解	di tui qiu jie	10
递推算法	di tui suan fa	9
递推问题	di tui wen ti	7
逗号表达式	dou hao biao da shi	11
逗号运算符	dou hao yun suan fu	26
通信仿真	tong xin fang zhen	5
通信原理	tong xin yuan li	23
通信基础	tong xin ji chu	16
通信基础知识	tong xin ji chu zhi shi	5
通信处理机	tong xin chu li ji	5
通信子网	tong xin zi wang	1
通信安全	tong xin an quan	35
通信接口	tong xin jie kou	16
通信控制器	tong xin kong zhi qi	2
通信故障	tong xin gu zhang	16
通信机制	tong xin ji zhi	24
通信框架	tong xin kuang jia	4
通信模型	tong xin mo xing	5
通信测试	tong xin ce shi	1
通信类	tong xin lei	6
通信编程	tong xin bian cheng	9
通信软件	tong xin ruan jian	21
通信连接	tong xin lian jie	13
通信适配器	tong xin shi pei qi	2
通用串行总线	tong yong chuan xing zong xian	16
通用代码	tong yong dai ma	5
通用信息模型	tong yong xin xi mo xing	4
通用图灵机	tong yong tu ling ji	38
通用寄存器	tong yong ji cun qi	20
通用工具	tong yong gong ju	7
通用应用	tong yong ying yong	23
通用操作系统	tong yong cao zuo xi tong	13
通用方法	tong yong fang fa	31
通用模板	tong yong mu ban	2
通用类型系统	tong yong lei xing xi tong	2
通用类库	tong yong lei ku	8
通用编程语言	tong yong bian cheng yu yan	19
通用视图	tong yong shi tu	8
通用词	tong yong ci	16
通用键盘	tong yong jian pan	6
通知传值	tong zhi chuan zhi	7
通知机制	tong zhi ji zhi	6
通过延迟	tong guo yan chi	10
通过量	tong guo liang	6
通道命令	tong dao ming ling	7
通道接口	tong dao jie kou	10
通道控制器	tong dao kong zhi qi	3
通道模式	tong dao mo shi	18
通道适配器	tong dao shi pei qi	5
速度传感器	su du chuan gan qi	29
速率控制	su lv kong zhi	45
造轮子	zao lun zi	17
逻辑与	luo ji yu	14
逻辑值	luo ji zhi	28
逻辑分页	luo ji fen ye	6
逻辑划分	luo ji hua fen	3
逻辑判断	luo ji pan duan	22
逻辑卷	luo ji juan	24
逻辑地址	luo ji di zhi	20
逻辑坐标	luo ji zuo biao	10
逻辑工作单元	luo ji gong zuo dan yuan	1
逻辑布局	luo ji bu ju	7
逻辑库	luo ji ku	8
逻辑故障	luo ji gu zhang	1
逻辑数据模型	luo ji shu ju mo xing	3
逻辑文件	luo ji wen jian	1
逻辑斯蒂回归	luo ji si di hui gui	4
逻辑格式化	luo ji ge shi hua	1
逻辑模拟	luo ji mo ni	4
逻辑测试	luo ji ce shi	1
逻辑演算	luo ji yan suan	34
逻辑炸弹	luo ji zha dan	22
逻辑环	luo ji huan	5
逻辑移位	luo ji yi wei	10
逻辑程序	luo ji cheng xu	6
逻辑程序设计	luo ji cheng xu she ji	8
逻辑编程语言	luo ji bian cheng yu yan	21
逻辑缺陷	luo ji que xian	6
逻辑蕴涵	luo ji yun han	16
逻辑表达式	luo ji biao da shi	31
逻辑记录	luo ji ji lu	1
逻辑设备	luo ji she bei	24
逻辑设备名	luo ji she bei ming	7
逻辑设备表	luo ji she bei biao	6
逻辑语法	luo ji yu fa	2
逻辑部件	luo ji bu jian	1
逻辑链路控制	luo ji lian lu kong zhi	32
逻辑页	luo ji ye	8
逻辑驱动器	luo ji qu dong qi	9
遍历二叉树	bian li er cha shu	9
遍历数组	bian li shu zu	7
遍历文件	bian li wen jian	1
遍历文件夹	bian li wen jian jia	10
遍历目录	bian li mu lu	1
道密度	dao mi du	5
遗传操作	yi chuan cao zuo	10
遗忘因子	yi wang yin zi	5
遗留类	yi liu lei	7
遥感图像	yao gan tu xiang	2
遥感图像处理	yao gan tu xiang chu li	3
遮罩层	zhe zhao ceng	1
避免死锁	bi mian si suo	13
避免错误	bi mian cuo wu	27
邓白氏编码	deng bai shi bian ma	9
邮件中继	you jian zhong ji	1
邮件发送	you jian fa song	26
邮件管理员	you jian guan li yuan	3
邮件系统	you jian xi tong	29
邮件群发	you jian qun fa	2
邮件营销	you jian ying xiao	2
邮局协议	you ju xie yi	7
邮箱验证	you xiang yan zheng	7
邻域运算	lin yu yun suan	6
邻接关系	lin jie guan xi	19
邻接表	lin jie biao	34
邻接表结构	lin jie biao jie gou	2
邻近搜索	lin jin sou suo	27
邻近查找	lin jin cha zhao	3
部件连接	bu jian lian jie	9
部分函数依赖	bu fen han shu yi lai	9
部署图	bu shu tu	6
部署清单	bu shu qing dan	1
部署环境	bu shu huan jing	4
部署项目	bu shu xiang mu	1
部门管理	bu men guan li	10
配线架	pei xian jia	11
配置使用	pei zhi shi yong	13
配置信息	pei zhi xin xi	27
配置参数	pei zhi can shu	26
配置安装	pei zhi an zhuang	3
配置审核	pei zhi shen he	17
配置控制	pei zhi kong zhi	4
配置文件属性	pei zhi wen jian shu xing	8
配置文档	pei zhi wen dang	3
配置标识	pei zhi biao zhi	7
配置状态	pei zhi zhuang tai	10
配置状态报告	pei zhi zhuang tai bao gao	1
配置环境	pei zhi huan jing	4
配置环境变量	pei zhi huan jing bian liang	15
配置管理工具	pei zhi guan li gong ju	7
配置详解	pei zhi xiang jie	11
配置问题	pei zhi wen ti	14
配置项	pei zhi xiang	3
酷壳	ku ke	11
酷我音乐盒	ku wo yin yue he	3
采样分布	cai yang fen bu	3
采样周期	cai yang zhou qi	14
采样控制	cai yang kong zhi	2
采样方式	cai yang fang shi	14
采样系统	cai yang xi tong	2
采样误差	cai yang wu cha	2
采样速率	cai yang su lv	10
采集卡	cai ji ka	8
释放资源	shi fang zi yuan	33
里氏代换原则	li shi dai huan yuan ze	12
里氏替换	li shi ti huan	1
里氏替换原则	li shi ti huan yuan ze	9
重做日志	chong zuo ri zhi	1
重入锁	chong ru suo	10
重写规则	chong xie gui ze	19
重叠处理	chong die chu li	1
重启动	chong qi dong	5
重复元素	chong fu yuan su	8
重复提交	chong fu ti jiao	9
重复覆盖	chong fu fu gai	2
重定义数组	chong ding yi shu zu	5
重定向操作符	chong ding xiang cao zuo fu	8
重定向符号	chong ding xiang fu hao	2
重定时	chong ding shi	6
重尾分布	zhong wei fen bu	13
重建二叉树	chong jian er cha shu	10
重排序	chong pai xu	26
重数	chong shu	10
重新查询	chong xin cha xun	2
重新起航	chong xin qi hang	10
重新运行	chong xin yun xing	32
重构二叉树	chong gou er cha shu	7
重用性	zhong yong xing	39
重用机制	zhong yong ji zhi	2
重签名	chong qian ming	9
重置密码	chong zhi mi ma	17
重置文件	chong zhi wen jian	8
重装系统	chong zhuang xi tong	6
重载函数	chong zai han shu	17
重载运算符	chong zai yun suan fu	12
重配置	chong pei zhi	11
重采样	chong cai yang	26
野指针	ye zhi zhen	15
量化交易	liang hua jiao yi	10
量子恒道	liang zi heng dao	3
金字塔结构	jin zi ta jie gou	47
金山快盘	jin shan kuai pan	4
金税接口	jin shui jie kou	6
金融分析	jin rong fen xi	32
金融安全	jin rong an quan	24
金融计算	jin rong ji suan	3
金阳光测试	jin yang guang ce shi	7
鉴别信息	jian bie xin xi	8
鉴别数据	jian bie shu ju	5
钩子函数	gou zi han shu	5
银联支付	yin lian zhi fu	3
银行卡识别	yin hang ka shi bie	2
银行家算法	yin hang jia suan fa	2
银行系统	yin hang xi tong	11
链剖	lian pou	10
链地址法	lian di zhi fa	1
链式作业	lian shi zuo ye	5
链式前向星	lian shi qian xiang xing	1
链式存储	lian shi cun chu	1
链式存储结构	lian shi cun chu jie gou	5
链式栈	lian shi zhan	9
链式编程	lian shi bian cheng	10
链式连接	lian shi lian jie	5
链式队列	lian shi dui lie	10
链接图层	lian jie tu ceng	5
链接地址	lian jie di zhi	4
链接属性	lian jie shu xing	5
链接库	lian jie ku	13
链接服务器	lian jie fu wu qi	2
链接脚本	lian jie jiao ben	11
链接表	lian jie biao	11
链接错误	lian jie cuo wu	8
链表删除	lian biao shan chu	9
链表反转	lian biao fan zhuan	10
链表合并	lian biao he bing	10
链表排序	lian biao pai xu	10
链表操作	lian biao cao zuo	1
链表翻转	lian biao fan zhuan	9
链路加密	lian lu jia mi	1
链路管理	lian lu guan li	5
链队列	lian dui lie	8
锁住数据库	suo zhu shu ju ku	8
锁住记录	suo zhu ji lu	6
锁定参考线	suo ding can kao xian	6
锁定工具栏	suo ding gong ju lan	5
锁定浏览器	suo ding liu lan qi	5
锁机制	suo ji zhi	30
锁步	suo bu	7
锁相容性	suo xiang rong xing	7
锁表	suo biao	12
锐化边缘	rui hua bian yuan	2
错排	cuo pai	44
错排公式	cuo pai gong shi	2
错误分析	cuo wu fen xi	15
错误异常	cuo wu yi chang	2
错误扩散	cuo wu kuo san	2
错误控制	cuo wu kong zhi	13
错误提示	cuo wu ti shi	17
错误收集	cuo wu shou ji	1
错误数据	cuo wu shu ju	33
错误整理	cuo wu zheng li	6
错误日志	cuo wu ri zhi	8
错误条件	cuo wu tiao jian	4
错误模型	cuo wu mo xing	7
错误模式	cuo wu mo shi	3
错误码	cuo wu ma	36
错误类别	cuo wu lei bie	2
错误类型	cuo wu lei xing	4
错误经验	cuo wu jing yan	5
错误解决	cuo wu jie jue	1
错误解决办法	cuo wu jie jue ban fa	2
错误解决方式	cuo wu jie jue fang shi	5
错误解决方案	cuo wu jie jue fang an	9
错误记录	cuo wu ji lu	12
错误诊断	cuo wu zhen duan	13
错误调试	cuo wu tiao shi	9
错误问题	cuo wu wen ti	21
错误集	cuo wu ji	6
错误集合	cuo wu ji he	3
错误集锦	cuo wu ji jin	4
错误页面	cuo wu ye mian	15
错误预测	cuo wu yu ce	14
键值对	jian zhi dui	48
键值编码	jian zhi bian ma	8
键值观察	jian zhi guan cha	8
键盘事件	jian pan shi jian	10
键盘回收	jian pan hui shou	8
键盘处理	jian pan chu li	1
键盘录入	jian pan lu ru	2
键盘控制器	jian pan kong zhi qi	7
键盘监听	jian pan jian ting	9
键盘通知	jian pan tong zhi	8
键盘遮挡	jian pan zhe dang	9
键盘钩子	jian pan gou zi	1
键盘隐藏	jian pan yin cang	1
键盘高度	jian pan gao du	4
键码	jian ma	21
键记录器	jian ji lu qi	5
镜像源	jing xiang yuan	1
镜头光晕	jing tou guang yun	9
镜面反射光	jing mian fan she guang	1
长商银	chang shang yin	7
长度域	chang du yu	5
长按事件	chang an shi jian	12
长按手势	chang an shou shi	10
长整数	chang zheng shu	17
长轮询	chang lun xun	9
长连接	chang lian jie	14
长链接	chang lian jie	10
门延迟	men yan chi	2
门面模式	men mian mo shi	12
闪回归档	shan hui gui dang	7
闪速存储器	shan su cun chu qi	2
闭合式	bi he shi	24
闭合环路	bi he huan lu	3
闭合电路	bi he dian lu	19
闭环控制	bi huan kong zhi	10
问答系统	wen da xi tong	42
问题修复	wen ti xiu fu	18
问题分析	wen ti fen xi	14
问题备忘	wen ti bei wang	6
问题定位	wen ti ding wei	1
问题归约	wen ti gui yue	4
问题归纳	wen ti gui na	5
问题报告	wen ti bao gao	10
问题排查	wen ti pai cha	1
问题求解	wen ti qiu jie	32
问题状态	wen ti zhuang tai	9
问题空间	wen ti kong jian	10
问题解决方案	wen ti jie jue fang an	34
问题解决方法	wen ti jie jue fang fa	12
问题诊断	wen ti zhen duan	1
问题集	wen ti ji	9
问题集合	wen ti ji he	13
闰年判断	run nian pan duan	8
闲置时间	xian zhi shi jian	12
间协议	jian xie yi	9
间接地址	jian jie di zhi	7
间接寻址	jian jie xun zhi	12
间隔帧	jian ge zhen	3
间隔计时器	jian ge ji shi qi	7
阅读程序	yue du cheng xu	4
阈值分割	yu zhi fen ge	8
阈值处理	yu zhi chu li	2
队列和栈	dui lie he zhan	10
队列表	dui lie biao	8
防御式编程	fang yu shi bian cheng	6
防护体系	fang hu ti xi	6
防水墙	fang shui qiang	11
防注入	fang zhu ru	9
防火墙配置	fang huo qiang pei zhi	4
防病毒程序	fang bing du cheng xu	1
防窃听	fang qie ting	7
阴影效果	yin ying xiao guo	22
阵列信号处理	zhen lie xin hao chu li	3
阵列处理	zhen lie chu li	9
阻塞原语	zu se yuan yu	8
阻塞状态	zu se zhuang tai	13
阻塞网络	zu se wang luo	1
阻塞队列	zu se dui lie	13
阻塞非阻塞	zu se fei zu se	9
阿姆达尔定律	a mu da er ding lv	8
阿里云服务器	a li yun fu wu qi	11
阿里笔试	a li bi shi	7
阿里聚安全	a li ju an quan	8
附加备注	fu jia bei zhu	1
附加数据库	fu jia shu ju ku	11
附加文档	fu jia wen dang	1
附属程序集	fu shu cheng xu ji	5
降级运行	jiang ji yun xing	2
限制图像	xian zhi tu xiang	1
限制字数	xian zhi zi shu	13
限制输入	xian zhi shu ru	7
限定符	xian ding fu	28
除法器	chu fa qi	13
随机函数	sui ji han shu	41
随机化算法	sui ji hua suan fa	22
随机变化	sui ji bian hua	49
随机噪声	sui ji zao sheng	19
随机增量法	sui ji zeng liang fa	7
随机处理	sui ji chu li	2
随机字符串	sui ji zi fu chuan	3
随机存储器	sui ji cun chu qi	28
随机存取内存	sui ji cun qu nei cun	5
随机扫描	sui ji sao miao	1
随机故障	sui ji gu zhang	3
随机数序列	sui ji shu xu lie	5
随机数生成	sui ji shu sheng cheng	44
随机文件	sui ji wen jian	2
随机查找	sui ji cha zhao	9
随机梯度下降	sui ji ti du xia jiang	9
随机测试	sui ji ce shi	10
随机算法	sui ji suan fa	23
随机调度	sui ji diao du	1
随机颜色	sui ji yan se	10
隐含属性	yin han shu xing	1
隐式动画	yin shi dong hua	10
隐式参数	yin shi can shu	6
隐式图	yin shi tu	9
隐式图搜索	yin shi tu sou suo	7
隐式意图	yin shi yi tu	11
隐式类型转换	yin shi lei xing zhuan huan	9
隐式转换	yin shi zhuan huan	34
隐蔽信道	yin bi xin dao	5
隐藏域	yin cang yu	12
隐藏延时	yin cang yan shi	6
隐藏延迟	yin cang yan chi	6
隐藏文件	yin cang wen jian	21
隐藏标题栏	yin cang biao ti lan	10
隐藏状态栏	yin cang zhuang tai lan	11
隐藏软键盘	yin cang ruan jian pan	10
隐藏键盘	yin cang jian pan	3
隐藏面消除	yin cang mian xiao chu	6
隐错	yin cuo	8
隐面消除	yin mian xiao chu	1
隔离机制	ge li ji zhi	5
隔离级	ge li ji	8
隔离级别	ge li ji bie	34
隔行变色	ge hang bian se	9
集合代码	ji he dai ma	7
集合排序	ji he pai xu	11
集合操作	ji he cao zuo	8
集合映射	ji he ying she	17
集合框架	ji he kuang jia	13
集合类	ji he lei	13
集合类型	ji he lei xing	11
集合视图	ji he shi tu	10
集合语言	ji he yu yan	3
集合运算	ji he yun suan	16
集成学习	ji cheng xue xi	26
集成模式	ji cheng mo shi	11
集成测试	ji cheng ce shi	32
集算报表	ji suan bao biao	8
集群技术	ji qun ji shu	1
集群搭建	ji qun da jian	11
集群环境	ji qun huan jing	4
集群监控	ji qun jian kong	10
集群管理	ji qun guan li	3
集群部署	ji qun bu shu	1
集群配置	ji qun pei zhi	1
集肤效应	ji fu xiao ying	43
零件图	ling jian tu	14
零件库	ling jian ku	5
零拷贝	ling kao bei	7
零知识证明	ling zhi shi zheng ming	35
零配置	ling pei zhi	8
雾化效果	wu hua xiao guo	8
需求函数	xu qiu han shu	21
需求审查	xu qiu shen cha	5
需求工程	xu qiu gong cheng	27
需求规约	xu qiu gui yue	7
需求阶段	xu qiu jie duan	5
需求驱动	xu qiu qu dong	9
需求验证	xu qiu yan zheng	1
霍夫变换	huo fu bian huan	41
青蛙跳台阶	qing wa tiao tai jie	7
静多态	jing duo tai	6
静态代理	jing tai dai li	12
静态代理模式	jing tai dai li mo shi	9
静态代码块	jing tai dai ma kuai	13
静态代码检查	jing tai dai ma jian cha	9
静态全局变量	jing tai quan ju bian liang	3
静态函数	jing tai han shu	12
静态分析	jing tai fen xi	43
静态分析程序	jing tai fen xi cheng xu	6
静态初始化	jing tai chu shi hua	8
静态加载	jing tai jia zai	2
静态化	jing tai hua	8
静态博客	jing tai bo ke	1
静态变量	jing tai bian liang	34
静态块	jing tai kuai	12
静态域	jing tai yu	1
静态域名	jing tai yu ming	6
静态域名解析	jing tai yu ming jie xi	5
静态存储	jing tai cun chu	3
静态存储分配	jing tai cun chu fen pei	9
静态存储器	jing tai cun chu qi	2
静态导入	jing tai dao ru	2
静态局部变量	jing tai ju bu bian liang	19
静态属性	jing tai shu xing	5
静态工厂	jing tai gong chang	12
静态工厂方法	jing tai gong chang fang fa	13
静态库	jing tai ku	17
静态成员	jing tai cheng yuan	17
静态成员函数	jing tai cheng yuan han shu	39
静态成员变量	jing tai cheng yuan bian liang	7
静态控件	jing tai kong jian	10
静态数据区	jing tai shu ju qu	11
静态数据成员	jing tai shu ju cheng yuan	28
静态文件	jing tai wen jian	10
静态查找	jing tai cha zhao	9
静态检查	jing tai jian cha	11
静态注册	jing tai zhu ce	12
静态测试	jing tai ce shi	37
静态类	jing tai lei	18
静态绑定	jing tai bang ding	11
静态缓冲	jing tai huan chong	6
静态缓冲区	jing tai huan chong qu	1
静态编译	jing tai bian yi	22
静态网络	jing tai wang luo	7
静态网页	jing tai wang ye	22
静态调度	jing tai diao du	2
静态资源	jing tai zi yuan	4
静态路由	jing tai lu you	8
静态重定位	jing tai chong ding wei	8
静态链接	jing tai lian jie	29
静态链接库	jing tai lian jie ku	2
静态链表	jing tai lian biao	3
静态页面	jing tai ye mian	11
静止图像	jing zhi tu xiang	37
静止图像压缩	jing zhi tu xiang ya suo	2
静默卸载	jing mo xie zai	8
静默安装	jing mo an zhuang	5
非主属性	fei zhu shu xing	6
非受查异常	fei shou cha yi chang	6
非均匀有理	fei jun yun you li	13
非对称加密	fei dui chen jia mi	37
非对称密码	fei dui chen mi ma	10
非屏蔽双绞线	fei ping bi shuang jiao xian	17
非平衡树	fei ping heng shu	7
非托管	fei tuo guan	19
非托管代码	fei tuo guan dai ma	12
非托管函数	fei tuo guan han shu	1
非模态对话框	fei mo tai dui hua kuang	10
非正式协议	fei zheng shi xie yi	17
非比较排序	fei bi jiao pai xu	3
非法字符	fei fa zi fu	1
非激活	fei ji huo	5
非线性编辑	fei xian xing bian ji	35
非线性量化	fei xian xing liang hua	3
非聚集索引	fei ju ji suo yin	4
非英特尔	fei ying te er	3
非递归	fei di gui	16
非递归优化	fei di gui you hua	6
非递归遍历	fei di gui bian li	2
非零值	fei ling zhi	40
非静态	fei jing tai	33
面光源	mian guang yuan	3
面向分析	mian xiang fen xi	5
面向切面	mian xiang qie mian	22
面向切面编程	mian xiang qie mian bian cheng	9
面向制造	mian xiang zhi zao	1
面向对象分析	mian xiang dui xiang fen xi	4
面向对象原则	mian xiang dui xiang yuan ze	1
面向对象建模	mian xiang dui xiang jian mo	2
面向对象思想	mian xiang dui xiang si xiang	12
面向对象技术	mian xiang dui xiang ji shu	10
面向对象数据	mian xiang dui xiang shu ju	1
面向对象方法	mian xiang dui xiang fang fa	4
面向对象测试	mian xiang dui xiang ce shi	6
面向对象设计	mian xiang dui xiang she ji	38
面向对象高级	mian xiang dui xiang gao ji	8
面向接口编程	mian xiang jie kou bian cheng	1
面向控制	mian xiang kong zhi	21
面向数据结构	mian xiang shu ju jie gou	7
面向方面编程	mian xiang fang mian bian cheng	2
面向机器语言	mian xiang ji qi yu yan	5
面向构件	mian xiang gou jian	5
面向用户	mian xiang yong hu	13
面向过程	mian xiang guo cheng	17
面向过程编程	mian xiang guo cheng bian cheng	3
面向过程语言	mian xiang guo cheng yu yan	9
面向连接	mian xiang lian jie	25
面向连接协议	mian xiang lian jie xie yi	8
面密度	mian mi du	5
面经	mian jing	11
音圈电机	yin quan dian ji	5
音视频传输	yin shi pin chuan shu	7
音视频同步	yin shi pin tong bu	2
音视频基础	yin shi pin ji chu	5
音视频处理	yin shi pin chu li	3
音视频开发	yin shi pin kai fa	1
音视频编解码	yin shi pin bian jie ma	4
音量调节	yin liang tiao jie	23
音频合成	yin pin he cheng	5
音频处理	yin pin chu li	42
音频处理技术	yin pin chu li ji shu	8
音频数据库	yin pin shu ju ku	1
音频流	yin pin liu	38
音频编程	yin pin bian cheng	1
音频编解码	yin pin bian jie ma	13
音频视频	yin pin shi pin	20
音频预处理	yin pin yu chu li	5
音频驱动	yin pin qu dong	5
页回收	ye hui shou	7
页地址	ye di zhi	1
页帧	ye zhen	1
页映射表	ye ying she biao	6
页模式	ye mo shi	3
页眉	ye mei	19
页表项	ye biao xiang	9
页调入	ye diao ru	7
页调出	ye diao chu	5
页边空白	ye bian kong bai	8
页面优化	ye mian you hua	1
页面传值	ye mian chuan zhi	8
页面内查找	ye mian nei cha zhao	5
页面切换	ye mian qie huan	3
页面刷新	ye mian shua xin	5
页面前端	ye mian qian duan	8
页面加载	ye mian jia zai	12
页面坐标	ye mian zuo biao	8
页面失效	ye mian shi xiao	8
页面居中	ye mian ju zhong	8
页面开发	ye mian kai fa	1
页面技术	ye mian ji shu	2
页面描述语言	ye mian miao shu yu yan	30
页面效果	ye mian xiao guo	2
页面替换策略	ye mian ti huan ce lve	4
页面架构	ye mian jia gou	7
页面渲染	ye mian xuan ran	6
页面特效	ye mian te xiao	1
页面缓存	ye mian huan cun	5
页面置换	ye mian zhi huan	1
页面设置	ye mian she zhi	6
页面设计	ye mian she ji	19
页面跳转	ye mian tiao zhuan	3
页面间传值	ye mian jian chuan zhi	6
页面静态化	ye mian jing tai hua	11
顶点混合	ding dian hun he	1
顶点着色器	ding dian zhuo se qi	18
顶点覆盖	ding dian fu gai	25
项模板	xiang mu ban	8
项目一	xiang mu yi	11
项目代码	xiang mu dai ma	8
项目优化	xiang mu you hua	9
项目全局	xiang mu quan ju	8
项目分析	xiang mu fen xi	9
项目创建	xiang mu chuang jian	22
项目发布	xiang mu fa bu	17
项目外包	xiang mu wai bao	1
项目实例	xiang mu shi li	1
项目实战	xiang mu shi zhan	12
项目实用	xiang mu shi yong	1
项目实践	xiang mu shi jian	5
项目常用	xiang mu chang yong	8
项目应用	xiang mu ying yong	2
项目开发管理	xiang mu kai fa guan li	2
项目开发经验	xiang mu kai fa jing yan	9
项目打包	xiang mu da bao	12
项目报错	xiang mu bao cuo	9
项目搭建	xiang mu da jian	10
项目整理	xiang mu zheng li	1
项目文件	xiang mu wen jian	16
项目日志	xiang mu ri zhi	8
项目构建	xiang mu gou jian	1
项目构建工具	xiang mu gou jian gong ju	9
项目架构	xiang mu jia gou	11
项目案例	xiang mu an li	1
项目流程	xiang mu liu cheng	1
项目测试	xiang mu ce shi	14
项目源码	xiang mu yuan ma	13
项目研发	xiang mu yan fa	17
项目示例	xiang mu shi li	2
项目管理实战	xiang mu guan li shi zhan	6
项目管理工具	xiang mu guan li gong ju	7
项目管理软件	xiang mu guan li ruan jian	43
项目经历	xiang mu jing li	5
项目经验	xiang mu jing yan	5
项目结构	xiang mu jie gou	7
项目综合	xiang mu zong he	8
项目节点	xiang mu jie dian	1
项目规范	xiang mu gui fan	3
项目解析	xiang mu jie xi	8
项目设置	xiang mu she zhi	30
项目进度	xiang mu jin du	45
项目部署	xiang mu bu shu	12
项目重命名	xiang mu chong ming ming	7
顺序发生	shun xu fa sheng	24
顺序图	shun xu tu	5
顺序处理	shun xu chu li	24
顺序存储	shun xu cun chu	19
顺序存储结构	shun xu cun chu jie gou	5
顺序存取	shun xu cun qu	4
顺序容器	shun xu rong qi	11
顺序控制	shun xu kong zhi	9
顺序搜索	shun xu sou suo	2
顺序操作	shun xu cao zuo	2
顺序文件	shun xu wen jian	10
顺序查找	shun xu cha zhao	1
顺序栈	shun xu zhan	4
顺序程序设计	shun xu cheng xu she ji	6
顺序索引	shun xu suo yin	2
顺序结构	shun xu jie gou	3
顺序统计量	shun xu tong ji liang	14
顺序表	shun xu biao	39
顺序调度	shun xu diao du	1
顺序调用	shun xu diao yong	3
顺序进程	shun xu jin cheng	27
顺序队列	shun xu dui lie	10
预充电	yu chong dian	5
预分配	yu fen pei	6
预加载	yu jia zai	24
预取技术	yu qu ji shu	2
预处理命令	yu chu li ming ling	1
预处理指令	yu chu li zhi ling	6
预处理程序	yu chu li cheng xu	14
预定义变量	yu ding yi bian liang	3
预测分析	yu ce fen xi	34
预测控制	yu ce kong zhi	19
预测编码	yu ce bian ma	44
预编码	yu bian ma	9
预编译	yu bian yi	46
预编译头	yu bian yi tou	44
预编译头文件	yu bian yi tou wen jian	1
预编译指令	yu bian yi zhi ling	3
预编译文件	yu bian yi wen jian	10
预编译程序	yu bian yi cheng xu	9
预设管理器	yu she guan li qi	1
预防性维护	yu fang xing wei hu	23
领域建模	ling yu jian mo	5
领域无关	ling yu wu guan	1
领域模型	ling yu mo xing	25
领域知识	ling yu zhi shi	37
领域驱动设计	ling yu qu dong she ji	12
频域响应	pin yu xiang ying	1
频域滤波	pin yu lv bo	1
频繁模式	pin fan mo shi	9
频繁项集	pin fan xiang ji	1
题目分类	ti mu fen lei	2
题目解析	ti mu jie xi	11
题目详解	ti mu xiang jie	6
颜色代码	yan se dai ma	30
颜色值	yan se zhi	33
颜色减淡	yan se jian dan	1
颜色取样器	yan se qu yang qi	7
颜色渐变	yan se jian bian	18
颜色直方图	yan se zhi fang tu	5
颜色空间	yan se kong jian	35
颜色系统	yan se xi tong	8
颜色表	yan se biao	19
颜色识别	yan se shi bie	15
颜色选择器	yan se xuan ze qi	9
风险指数	feng xian zhi shu	14
飞机大战	fei ji da zhan	29
饼状图	bing zhuang tu	2
饿汉式	e han shi	13
饿汉模式	e han mo shi	1
首席架构师	shou xi jia gou shi	26
首行缩进	shou xing suo jin	6
首选项	shou xuan xiang	18
香农采样定理	xiang nong cai yang ding li	8
香蕉派	xiang jiao pai	12
马哥教育	ma ge jiao yu	7
马士兵	ma shi bing	11
马尔科夫链	ma er ke fu lian	19
马赫带效应	ma he dai xiao ying	3
马踏棋盘	ma ta qi pan	7
驱动大师	qu dong da shi	6
驱动安全	qu dong an quan	4
驱动安装	qu dong an zhuang	7
驱动开发	qu dong kai fa	7
驱动模块	qu dong mo kuai	7
驱动模拟	qu dong mo ni	7
驱动源码	qu dong yuan ma	10
驱动电流	qu dong dian liu	14
驱动移植	qu dong yi zhi	9
驱动编程	qu dong bian cheng	11
驱动脉冲	qu dong mai chong	5
驱动调试	qu dong tiao shi	9
驱动门	qu dong men	6
验证手机号	yan zheng shou ji hao	6
验证控件	yan zheng kong jian	10
验证框架	yan zheng kuang jia	11
验证用户名	yan zheng yong hu ming	12
验证码识别	yan zheng ma shi bie	2
验证程序	yan zheng cheng xu	37
验证算法	yan zheng suan fa	8
验证系统	yan zheng xi tong	43
验证者	yan zheng zhe	7
骨架代码	gu jia dai ma	7
骨架化	gu jia hua	14
骨牌铺方格	gu pai pu fang ge	5
骨骼动画	gu ge dong hua	32
高亮显示	gao liang xian shi	20
高仿微信	gao fang wei xin	11
高仿苹果	gao fang ping guo	6
高优先级中断	gao you xian ji zhong duan	8
高光区域	gao guang qu yu	1
高光谱	gao guang pu	48
高内聚	gao nei ju	2
高可用	gao ke yong	18
高可用架构	gao ke yong jia gou	10
高宽比	gao kuan bi	33
高层调度	gao ceng diao du	6
高并发	gao bing fa	13
高度平衡树	gao du ping heng shu	2
高度自适应	gao du zi shi ying	1
高性能服务器	gao xing neng fu wu qi	4
高性能网站	gao xing neng wang zhan	9
高性能计算机	gao xing neng ji suan ji	35
高性能高并发	gao xing neng gao bing fa	8
高收费电话	gao shou fei dian hua	9
高效工作	gao xiao gong zuo	10
高效开发	gao xiao kai fa	3
高效查找法	gao xiao cha zhao fa	9
高效算法	gao xiao suan fa	25
高效算法设计	gao xiao suan fa she ji	5
高效编程	gao xiao bian cheng	1
高斯消元	gao si xiao yuan	4
高斯消元法	gao si xiao yuan fa	28
高斯混合模型	gao si hun he mo xing	21
高斯滤波	gao si lv bo	2
高斯金字塔	gao si jin zi ta	15
高精	gao jing	10
高精度乘法	gao jing du cheng fa	3
高精度加法	gao jing du jia fa	4
高精度算法	gao jing du suan fa	1
高精度计算	gao jing du ji suan	25
高精度运算	gao jing du yun suan	1
高精度问题	gao jing du wen ti	7
高级安卓	gao ji an zhuo	5
高级开发技巧	gao ji kai fa ji qiao	5
高级技巧	gao ji ji qiao	8
高级技术	gao ji ji shu	11
高级控件	gao ji kong jian	2
高级查询	gao ji cha xun	11
高级特性	gao ji te xing	6
高级程序设计	gao ji cheng xu she ji	4
高级算法	gao ji suan fa	1
高级编程	gao ji bian cheng	5
高级选项	gao ji xuan xiang	16
高维索引	gao wei suo yin	6
高负载	gao fu zai	48
高质量代码	gao zhi liang dai ma	1
高速总线	gao su zong xian	4
高速缓存块	gao su huan cun kuai	6
高速缓存缺失	gao su huan cun que shi	1
魔术方法	mo shu fang fa	6
鲁棒控制	lu bang kong zhi	36
鸟哥的私房菜	niao ge de si fang cai	9
鸟哥私房菜	niao ge si fang cai	8
鸡兔同笼	ji tu tong long	13
鸡尾酒排序	ji wei jiu pai xu	8
鸽巢原理	ge chao yuan li	21
鸽笼原理	ge long yuan li	12
鸿学金信	hong xue jin xin	9
麦子学院	mai zi xue yuan	9
黄金数据查询	huang jin shu ju cha xun	6
黄金法则	huang jin fa ze	32
黑客基地	hei ke ji di	6
黑客工具	hei ke gong ju	12
黑客手册	hei ke shou ce	3
黑客技术	hei ke ji shu	28
黑客攻防	hei ke gong fang	8
黑客编程	hei ke bian cheng	7
黑客网站	hei ke wang zhan	3
黑客防线	hei ke fang xian	1
黑客马拉松	hei ke ma la song	10
黑板协调	hei ban xie tiao	5
黑板系统	hei ban xi tong	2
黑盒测试	hei he ce shi	24
黑箱测试	hei xiang ce shi	8
黑苹果	hei ping guo	44
黑马程序	hei ma cheng xu	5
黑马程序员	hei ma cheng xu yuan	11
黑马训练营	hei ma xun lian ying	7
黑马论坛	hei ma lun tan	9
默认分类	mo ren fen lei	9
默认参数	mo ren can shu	8
默认大小	mo ren da xiao	4
默认按钮	mo ren an niu	10
默认方法	mo ren fang fa	4
默认构造函数	mo ren gou zao han shu	12
默认浏览器	mo ren liu lan qi	13
默认皮肤	mo ren pi fu	6
默认编码	mo ren bian ma	2
鼠标中键	shu biao zhong jian	4
鼠标中键单击	shu biao zhong jian dan ji	5
鼠标事件	shu biao shi jian	5
鼠标坐标	shu biao zuo biao	1
鼠标悬停	shu biao xuan ting	14
鼠标手势	shu biao shou shi	25
鼠标指针	shu biao zhi zhen	29
鼠标移上时	shu biao yi shang shi	7
鼠标移动	shu biao yi dong	15
鼠标锁定	shu biao suo ding	5
齐次坐标系	qi ci zuo biao xi	7
