# 微明领域词库：医学，由 glimmer-dict-convert lexicon 从 THUOCL 拆出，基础词库里没有的部分。词	音节	词频
一捻金胶囊	yi nian jin jiao nang	3
一期愈合	yi qi yu he	1
一期梅毒	yi qi mei du	2
一期缝合	yi qi feng he	4
一次性使用导尿管	yi ci xing shi yong dao niao guan	6
一次性使用静脉输液针	yi ci xing shi yong jing mai shu ye zhen	4
一次性口罩	yi ci xing kou zhao	20
一次性输液器	yi ci xing shu ye qi	1
一氯二氟乙烷	yi lv er fu yi wan	2
一清胶囊	yi qing jiao nang	1
一清软胶囊	yi qing ruan jiao nang	3
一清颗粒	yi qing ke li	4
一甲胺	yi jia an	2
一级亲属	yi ji qin shu	4
一级预防	yi ji yu fang	3
一贯煎	yi guan jian	1
一过性脑缺血	yi guo xing nao que xue	4
丁二磺酸腺苷蛋氨酸	ding er huang suan xian gan dan an suan	2
丁公藤	ding gong teng	32
丁卡因	ding ka yin	5
丁咯地尔	ding ge di er	1
丁型病毒性肝炎	ding xing bing du xing gan yan	2
丁甘仁	ding gan ren	16
丁硼乳膏	ding peng ru gao	2
丁细牙痛胶囊	ding xi ya tong jiao nang	2
丁胺卡那霉素	ding an ka na mei su	2
丁蔻理中丸	ding kou li zhong wan	3
丁螺环酮	ding luo huan tong	24
丁酸氢化可的松	ding suan qing hua ke di song	4
丁香叶	ding xiang ye	4
丁香油酚	ding xiang you fen	33
七制香附丸	qi zhi xiang fu wan	2
七十味珍珠	qi shi wei zhen zhu	2
七十味珍珠丸	qi shi wei zhen zhu wan	1
七厘散	qi li san	3
七厘胶囊	qi li jiao nang	4
七叶一枝花	qi ye yi zhi hua	9
七叶洋地黄双苷滴眼液	qi ye yang di huang shuang gan di yan ye	3
七叶皂苷钠	qi ye zao gan na	3
七叶皂苷钠片	qi ye zao gan na pian	2
七叶神安滴丸	qi ye shen an di wan	3
七叶神安片	qi ye shen an pian	3
七味消渴胶囊	qi wei xiao ke jiao nang	3
七味糖脉舒胶囊	qi wei tang mai shu jiao nang	3
七味葡萄散	qi wei pu tao san	4
七味螃蟹甲丸	qi wei pang xie jia wan	4
七味解毒活血膏	qi wei jie du huo xue gao	2
七味都气丸	qi wei du qi wan	2
七味铁屑丸	qi wei tie xie wan	3
七宝美髯丹	qi bao mei ran dan	1
七情	qi qing	47
七氟醚	qi fu mi	28
七生力片	qi sheng li pian	2
七生静片	qi sheng jing pian	2
七美岛	qi mei dao	18
七鞭回春乐胶囊	qi bian hui chun le jiao nang	4
万乃洛韦	wan nai luo wei	3
万应宝珍膏	wan ying bao zhen gao	2
万应甘和茶	wan ying gan he cha	2
万托林	wan tuo lin	1
万氏牛黄清心丸	wan shi niu huang qing xin wan	2
万爽力	wan shuang li	6
万痛筋骨贴	wan tong jin gu tie	3
万通筋骨片	wan tong jin gu pian	5
万通筋骨贴	wan tong jin gu tie	4
三七伤药片	san qi shang yao pian	5
三七养血胶囊	san qi yang xue jiao nang	2
三七总皂苷	san qi zong zao gan	2
三七片	san qi pian	1
三七粉	san qi fen	1
三七胶囊	san qi jiao nang	4
三七药酒	san qi yao jiu	3
三七血伤宁胶囊	san qi xue shang ning jiao nang	2
三七通舒胶囊	san qi tong shu jiao nang	3
三两半药酒	san liang ban yao jiu	4
三九胃泰	san jiu wei tai	11
三九胃泰胶囊	san jiu wei tai jiao nang	3
三九胃泰颗粒	san jiu wei tai ke li	4
三仙丹	san xian dan	1
三体性	san ti xing	2
三十六味消渴胶囊	san shi liu wei xiao ke jiao nang	3
三十烷醇	san shi wan chun	8
三叉神经痛	san cha shen jing tong	39
三叉苦	san cha ku	1
三叶虫类	san ye chong lei	13
三味蒺藜散	san wei ji li san	3
三唑仑片	san zuo lun pian	4
三因极一病证方论	san yin ji yi bing zheng fang lun	6
三妙丸	san miao wan	1
三子养亲汤	san zi yang qin tang	1
三宝胶囊	san bao jiao nang	1
三尖杉酯碱	san jian shan zhi jian	17
三尖瓣狭窄	san jian ban xia zhai	1
三尖瓣返流	san jian ban fan liu	5
三尖瓣闭锁不全	san jian ban bi suo bu quan	2
三带喙库蚊	san dai hui ku wen	4
三房心	san fang xin	3
三日疟	san ri nve	8
三期梅毒	san qi mei du	9
三查七对	san cha qi dui	5
三氟拉嗪	san fu la qin	1
三氯乙烯中毒	san lv yi xi zhong du	5
三氯叔丁醇	san lv shu ding chun	3
三焦	san jiao	8
三焦俞	san jiao shu	2
三焦俞穴	san jiao shu xue	2
三焦辨证	san jiao bian zheng	7
三物备急丸	san wu bei ji wan	2
三甲复脉汤	san jia fu mai tang	2
三白草	san bai cao	42
三相避孕片	san xiang bi yun pian	3
三硅酸镁	san gui suan mei	9
三碘甲状腺原氨酸	san dian jia zhuang xian yuan an suan	14
三碘甲腺原氨酸	san dian jia xian yuan an suan	22
三磷酸肌醇	san lin suan ji chun	6
三磷酸腺苷二钠	san lin suan xian gan er na	3
三磷酸腺苷二钠片	san lin suan xian gan er na pian	3
三磷酸鸟苷	san lin suan niao gan	30
三糖	san tang	3
三级预防	san ji yu fang	8
三联体密码	san lian ti mi ma	4
三联律	san lian lv	2
三肾丸	san shen wan	3
三腔二囊管	san qiang er nang guan	2
三苯双脒肠溶片	san ben shuang mi chang rong pian	2
三角风	san jiao feng	1
三角骨	san jiao gu	11
三踝骨折	san huai gu zhe	5
三金片	san jin pian	2
三阳合病	san yang he bing	2
三阳络	san yang luo	2
三阴	san yin	8
三阴交	san yin jiao	8
三阴交穴	san yin jiao xue	1
三面镜	san mian jing	9
三颗针	san ke zhen	2
三黄片	san huang pian	7
上关	shang guan	9
上寒下热	shang han xia re	2
上巨虚	shang ju xu	2
上巨虚穴	shang ju xu xue	2
上廉	shang lian	8
上廉泉	shang lian quan	2
上段	shang duan	10
上海口腔医学	shang hai kou qiang yi xue	2
上海生物制品研究所	shang hai sheng wu zhi pin yan jiu suo	8
上消化道出血	shang xiao hua dao chu xue	45
上消化道造影	shang xiao hua dao zao ying	1
上清液	shang qing ye	15
上热下寒	shang re xia han	1
上皮样细胞	shang pi yang xi bao	7
上皮样肉瘤	shang pi yang rou liu	2
上皮珠	shang pi zhu	3
上皮生长因子	shang pi sheng zhang yin zi	2
上皮瘤	shang pi liu	6
上盛下虚	shang sheng xia xu	1
上睑	shang jian	31
上睑下垂	shang jian xia chui	7
上矢状窦	shang shi zhuang dou	5
上矢状窦血栓形成	shang shi zhuang dou xue shuan xing cheng	2
上纵隔	shang zong ge	2
上肢肌	shang zhi ji	1
上肢长	shang zhi chang	4
上肢骨	shang zhi gu	3
上脘	shang wan	4
上脘穴	shang wan xue	1
上腔静脉	shang qiang jing mai	36
上腔静脉综合征	shang qiang jing mai zong he zheng	3
上臂假肢	shang bi jia zhi	3
上迎香	shang ying xiang	3
上颌前突	shang he qian tu	1
上颌动脉	shang he dong mai	11
上颌后缩	shang he hou suo	1
上颌神经	shang he shen jing	13
上颌窦	shang he dou	19
上颌窦囊肿	shang he dou nang zhong	3
上颌窦炎	shang he dou yan	3
上颌窦骨折	shang he dou gu zhe	2
上颌骨骨折	shang he gu gu zhe	3
上髎	shang liao	3
下丘脑性闭经	xia qiu nao xing bi jing	2
下丘脑综合征	xia qiu nao zong he zheng	3
下乳涌泉散	xia ru yong quan san	2
下关穴	xia guan xue	2
下利清谷	xia li qing gu	2
下巨虚	xia ju xu	4
下廉	xia lian	4
下木	xia mu	6
下极俞	xia ji shu	2
下火王	xia huo wang	4
下疳	xia gan	36
下肢动脉硬化	xia zhi dong mai ying hua	7
下肢深静脉血栓形成	xia zhi shen jing mai xue shuan xing cheng	6
下肢溃疡	xia zhi kui yang	3
下肢肌	xia zhi ji	9
下肢脉管炎	xia zhi mai guan yan	3
下肢静脉	xia zhi jing mai	13
下肢静脉功能不全	xia zhi jing mai gong neng bu quan	1
下肢静脉炎	xia zhi jing mai yan	1
下肢静脉血栓形成	xia zhi jing mai xue shuan xing cheng	5
下肢静脉造影	xia zhi jing mai zao ying	1
下肢骨	xia zhi gu	5
下脘	xia wan	3
下脘穴	xia wan xue	1
下颌下腺	xia he xia xian	1
下颌关节脱位	xia he guan jie tuo wei	4
下颌前突	xia he qian tu	8
下颌后缩	xia he hou suo	5
下颌角	xia he jiao	26
下颌骨骨折	xia he gu gu zhe	2
下颌骨髁突	xia he gu ke tu	2
下髎	xia liao	2
下鼻甲	xia bi jia	20
下鼻甲部分切除术	xia bi jia bu fen qie chu shu	3
不典型增生	bu dian xing zeng sheng	10
不内外因	bu nei wai yin	2
不分离	bu fen li	9
不动关节	bu dong guan jie	5
不孕不育	bu yun bu yu	34
不安腿综合征	bu an tui zong he zheng	2
不完全显性	bu wan quan xian xing	3
不完全流产	bu wan quan liu chan	30
不寐病	bu mei bing	2
不换金正气散	bu huan jin zheng qi san	2
不育性	bu yu xing	7
不育症	bu yu zheng	28
不规则散光	bu gui ze san guang	4
不规则热	bu gui ze re	1
不规则阴道出血	bu gui ze yin dao chu xue	2
不规则骨	bu gui ze gu	5
不随意肌	bu sui yi ji	5
不随意运动	bu sui yi yun dong	5
丘墟	qiu xu	21
丘小庆	qiu xiao qing	14
丘疱疹	qiu pao zhen	1
丘疹性荨麻疹	qiu zhen xing xun ma zhen	8
丘脑出血	qiu nao chu xue	5
丙咪嗪	bing mi qin	11
丙型病毒性肝炎	bing xing bing du xing gan yan	2
丙戊酰胺片	bing wu xian an pian	3
丙戊酸	bing wu suan	32
丙戊酸钠	bing wu suan na	20
丙戊酸钠口服液	bing wu suan na kou fu ye	2
丙戊酸钠片	bing wu suan na pian	3
丙戊酸钠缓释片	bing wu suan na huan shi pian	3
丙戊酸镁	bing wu suan mei	3
丙戊酸镁缓释片	bing wu suan mei huan shi pian	2
丙氧匹林片	bing yang pi lin pian	6
丙氧氨酚复方片	bing yang an fen fu fang pian	2
丙氧氨酚片	bing yang an fen pian	6
丙氨酸氨基转移酶	bing an suan an ji zhuan yi mei	8
丙氨酸转氨酶	bing an suan zhuan an mei	7
丙泊酚	bing bo fen	27
丙泊酚注射液	bing bo fen zhu she ye	5
丙硫异烟胺	bing liu yi yan an	2
丙硫氧嘧啶	bing liu yang mi ding	40
丙硫氧嘧啶片	bing liu yang mi ding pian	4
丙磺舒	bing huang shu	1
丙种球蛋白	bing zhong qiu dan bai	20
丙类传染病	bing lei chuan ran bing	5
丙肝抗体	bing gan kang ti	9
丙胺卡因	bing an ka yin	6
丙谷胺	bing gu an	3
丙酮酸激酶缺乏症	bing tong suan ji mei que fa zheng	3
丙酸倍氯米松	bing suan bei lv mi song	1
丙酸倍氯米松鼻喷雾剂	bing suan bei lv mi song bi pen wu ji	3
丙酸氟替卡松	bing suan fu ti ka song	3
丙酸氟替卡松气雾剂	bing suan fu ti ka song qi wu ji	2
丙酸氯倍他索	bing suan lv bei ta suo	8
丙酸氯倍他索乳膏	bing suan lv bei ta suo ru gao	3
丙酸睾丸素	bing suan gao wan su	2
丙酸血症	bing suan xue zheng	3
丛林斑疹伤寒	cong lin ban zhen shang han	5
丛集性头痛	cong ji xing tou tong	41
东方田鼠	dong fang tian shu	18
东方疖	dong fang jie	3
东方福尔灵	dong fang fu er ling	2
东茛菪碱	dong gen dang jian	1
东莨菪碱	dong lang dang jian	48
东风桔	dong feng ju	2
丝状疣	si zhuang you	2
丝瓜络	si gua luo	18
丝竹空	si zhu kong	20
丝竹空穴	si zhu kong xue	4
丝腺	si xian	8
丝萸养血益肾颗粒	si yu yang xue yi shen ke li	2
丝裂原	si lie yuan	18
丝裂霉素	si lie mei su	38
丢了棒	diu le bang	2
两对半	liang dui ban	2
两性畸形	liang xing ji xing	3
两课	liang ke	8
两面针	liang mian zhen	24
严用和	yan yong he	6
严迪	yan di	13
个人识别	ge ren shi bie	32
个虫	ge chong	6
中冲	zhong chong	10
中冲穴	zhong chong xue	1
中医五官科学	zhong yi wu guan ke xue	3
中医伤科学	zhong yi shang ke xue	2
中医儿科学	zhong yi er ke xue	4
中医内科学	zhong yi nei ke xue	46
中医各家学说	zhong yi ge jia xue shuo	6
中医基础理论	zhong yi ji chu li lun	21
中医外科学	zhong yi wai ke xue	23
中医妇科学	zhong yi fu ke xue	14
中医学基础	zhong yi xue ji chu	2
中医心理学	zhong yi xin li xue	4
中医护理学	zhong yi hu li xue	1
中医护理技术	zhong yi hu li ji shu	5
中医杂志	zhong yi za zhi	5
中医正骨学	zhong yi zheng gu xue	2
中医男科学	zhong yi nan ke xue	7
中医眼科学	zhong yi yan ke xue	5
中医美容学	zhong yi mei rong xue	2
中医耳鼻咽喉科学	zhong yi er bi yan hou ke xue	1
中医药学	zhong yi yao xue	38
中医药学概论	zhong yi yao xue gai lun	2
中医药膳学	zhong yi yao shan xue	3
中医诊断	zhong yi zhen duan	10
中医针灸疗法	zhong yi zhen jiu liao fa	6
中医预防医学	zhong yi yu fang yi xue	2
中医骨伤科学	zhong yi gu shang ke xue	7
中华口腔医学杂志	zhong hua kou qiang yi xue za zhi	3
中华按蚊	zhong hua an wen	6
中华跌打丸	zhong hua die da wan	4
中华跌打酒	zhong hua die da jiu	2
中厚皮片	zhong hou pi pian	3
中和汤	zhong he tang	1
中和试验	zhong he shi yan	4
中央成分	zhong yang cheng fen	2
中封	zhong feng	7
中封穴	zhong feng xue	3
中心卫生院	zhong xin wei sheng yuan	43
中心静脉压	zhong xin jing mai ya	18
中心静脉导管	zhong xin jing mai dao guan	21
中性皮肤	zhong xing pi fu	6
中性粒细胞减少	zhong xing li xi bao jian shao	24
中恶	zhong e	7
中斜角肌	zhong xie jiao ji	4
中暑痉挛	zhong shu jing luan	3
中暑衰竭	zhong shu shuai jie	1
中极穴	zhong ji xue	1
中枢兴奋药	zhong shu xing fen yao	2
中枢性眩晕	zhong shu xing xuan yun	3
中枢神经系统感染	zhong shu shen jing xi tong gan ran	5
中柱	zhong zhu	8
中毒性休克	zhong du xing xiu ke	13
中毒性休克综合征	zhong du xing xiu ke zong he zheng	7
中毒性巨结肠	zhong du xing ju jie chang	4
中毒性弱视	zhong du xing ruo shi	4
中毒性心肌炎	zhong du xing xin ji yan	2
中毒性痢疾	zhong du xing li ji	1
中毒性白内障	zhong du xing bai nei zhang	1
中毒性红斑	zhong du xing hong ban	2
中毒性肝炎	zhong du xing gan yan	4
中毒性肝病	zhong du xing gan bing	1
中毒性肝硬化	zhong du xing gan ying hua	2
中毒性肺水肿	zhong du xing fei shui zhong	1
中毒性肺炎	zhong du xing fei yan	4
中毒性脑病	zhong du xing nao bing	5
中毒病	zhong du bing	1
中毒颗粒	zhong du ke li	3
中气下陷	zhong qi xia xian	2
中气下陷证	zhong qi xia xian zheng	2
中注	zhong zhu	7
中渎	zhong du	2
中渚	zhong zhu	3
中老年高钙片	zhong lao nian gao gai pian	3
中耳胆脂瘤	zhong er dan zhi liu	2
中肠	zhong chang	6
中肾	zhong shen	5
中脘	zhong wan	8
中脘穴	zhong wan xue	1
中膈	zhong ge	49
中药化学	zhong yao hua xue	7
中药学专业知识	zhong yao xue zhuan ye zhi shi	2
中药散剂	zhong yao san ji	5
中药汤剂	zhong yao tang ji	6
中药炮制学	zhong yao pao zhi xue	3
中药药剂学	zhong yao yao ji xue	3
中药药理学	zhong yao yao li xue	8
中药鉴定学	zhong yao jian ding xue	1
中间型	zhong jian xing	7
中间清醒期	zhong jian qing xing qi	3
中间缺失	zhong jian que shi	2
中静脉	zhong jing mai	4
中风回春丸	zhong feng hui chun wan	3
中风回春片	zhong feng hui chun pian	3
中风安口服液	zhong feng an kou fu ye	3
中髎	zhong liao	2
中鼻甲	zhong bi jia	10
中鼻道	zhong bi dao	3
丰隆穴	feng long xue	1
临床免疫学	lin chuang mian yi xue	17
临床护理	lin chuang hu li	33
临床检验基础	lin chuang jian yan ji chu	3
临床死亡	lin chuang si wang	24
临床法医学	lin chuang fa yi xue	2
临床流行病学	lin chuang liu xing bing xue	17
临床病理学	lin chuang bing li xue	17
临床药学	lin chuang yao xue	42
临床药理学	lin chuang yao li xue	38
临床营养学	lin chuang ying yang xue	16
临床诊断学	lin chuang zhen duan xue	7
临床遗传学	lin chuang yi chuan xue	8
临床麻醉	lin chuang ma zui	2
临床麻醉学	lin chuang ma zui xue	1
丹七片	dan qi pian	3
丹七软胶囊	dan qi ruan jiao nang	2
丹参保心茶	dan shen bao xin cha	3
丹参川芎嗪注射液	dan shen chuan xiong qin zhu she ye	3
丹参注射液	dan shen zhu she ye	1
丹参滴注液	dan shen di zhu ye	3
丹参片	dan shen pian	7
丹参胶囊	dan shen jiao nang	3
丹参舒心	dan shen shu xin	2
丹参舒心胶囊	dan shen shu xin jiao nang	3
丹参酮	dan shen tong	22
丹参酮胶囊	dan shen tong jiao nang	2
丹宁酸	dan ning suan	21
丹杞颗粒	dan qi ke li	3
丹栀逍遥丸	dan zhi xiao yao wan	4
丹栀逍遥散	dan zhi xiao yao san	1
丹栀逍遥胶囊	dan zhi xiao yao jiao nang	3
丹桂香颗粒	dan gui xiang ke li	2
丹毒病	dan du bing	1
丹溪心法	dan xi xin fa	8
丹皮酚	dan pi fen	10
丹红化瘀口服液	dan hong hua yu kou fu ye	2
丹红注射液	dan hong zhu she ye	2
丹葛颈舒胶囊	dan ge jing shu jiao nang	3
丹蓝通络口服液	dan lan tong luo kou fu ye	3
丹香冠心注射液	dan xiang guan xin zhu she ye	2
丹鹿通督片	dan lu tong du pian	2
主任药师	zhu ren yao shi	14
主动免疫	zhu dong mian yi	13
主动脉动脉瘤	zhu dong mai dong mai liu	2
主动脉夹层动脉瘤	zhu dong mai jia ceng dong mai liu	4
主动脉炎	zhu dong mai yan	4
主动脉狭窄	zhu dong mai xia zhai	6
主动脉瓣狭窄	zhu dong mai ban xia zhai	24
主动脉瓣置换术	zhu dong mai ban zhi huan shu	6
主动脉瓣赘生物	zhu dong mai ban zhui sheng wu	2
主动脉瓣返流	zhu dong mai ban fan liu	2
主动脉硬化	zhu dong mai ying hua	1
主动脉窦	zhu dong mai dou	4
主动脉结	zhu dong mai jie	4
主动脉缩窄	zhu dong mai suo zhai	5
主动转运	zhu dong zhuan yun	11
主动运动	zhu dong yun dong	4
主基因	zhu ji yin	3
主管药师	zhu guan yao shi	4
主细胞	zhu xi bao	3
主要组织相容性复合体	zhu yao zu zhi xiang rong xing fu he ti	4
丽珠优可	li zhu you ke	2
丽珠得乐	li zhu de le	1
丽珠肠乐	li zhu chang le	1
丽达	li da	9
久强脑立清	jiu qiang nao li qing	3
久泄	jiu xie	4
义齿性口炎	yi chi xing kou yan	5
乌司他丁	wu si ta ding	3
乌头碱	wu tou jian	28
乌拉地尔	wu la di er	2
乌梅丸	wu mei wan	3
乌梢蛇	wu shao she	31
乌洛托品溶液	wu luo tuo pin rong ye	5
乌灵胶囊	wu ling jiao nang	6
乌灵菌粉	wu ling jun fen	2
乌苯美司	wu ben mei si	2
乌药	wu yao	18
乌蛇	wu she	4
乌蛇止痒丸	wu she zhi yang wan	3
乌贝颗粒	wu bei ke li	3
乌贼墨	wu zei mo	6
乌贼骨	wu zei gu	7
乌金口服液	wu jin kou fu ye	4
乌鸡增乳胶囊	wu ji zeng ru jiao nang	2
乌鸡白凤丸	wu ji bai feng wan	3
乌鸡白凤片	wu ji bai feng pian	2
乌鸡白凤颗粒	wu ji bai feng ke li	2
乌龙养血胶囊	wu long yang xue jiao nang	7
乐力	le li	8
乐力钙	le li gai	4
乐卡地平	le ka di ping	2
乐思哲	le si zhe	2
乔木层	qiao mu ceng	17
乙亚胺	yi ya an	10
乙双吗啉	yi shuang ma lin	4
乙型病毒性肝炎	yi xing bing du xing gan yan	2
乙型肝炎人免疫球蛋白	yi xing gan yan ren mian yi qiu dan bai	6
乙型肝炎免疫球蛋白	yi xing gan yan mian yi qiu dan bai	4
乙型肝炎疫苗	yi xing gan yan yi miao	24
乙型脑炎减毒活疫苗	yi xing nao yan jian du huo yi miao	7
乙型脑炎灭活疫苗	yi xing nao yan mie huo yi miao	6
乙型脑炎纯化疫苗	yi xing nao yan chun hua yi miao	4
乙基纤维素	yi ji xian wei su	17
乙氧苯柳胺	yi yang ben liu an	2
乙水杨胺片	yi shui yang an pian	2
乙状结肠扭转	yi zhuang jie chang niu zhuan	1
乙状结肠系膜	yi zhuang jie chang xi mo	3
乙状结肠造瘘术	yi zhuang jie chang zao lou shu	2
乙状结肠镜检查	yi zhuang jie chang jing jian cha	2
乙琥胺	yi hu an	5
乙类传染病	yi lei chuan ran bing	30
乙肝两对半	yi gan liang dui ban	8
乙肝免疫球蛋白	yi gan mian yi qiu dan bai	2
乙肝核心抗体	yi gan he xin kang ti	9
乙肝清热解毒胶囊	yi gan qing re jie du jiao nang	2
乙肝灵丸	yi gan ling wan	3
乙肝灵胶囊	yi gan ling jiao nang	4
乙肝舒康	yi gan shu kang	3
乙肝舒康胶囊	yi gan shu kang jiao nang	3
乙肝表面抗体	yi gan biao mian kang ti	3
乙肝表面抗原	yi gan biao mian kang yuan	42
乙胺丁醇	yi an ding chun	15
乙胺吡嗪利福异烟片	yi an bi qin li fu yi yan pian	2
乙胺嘧啶	yi an mi ding	30
乙胺嘧啶片	yi an mi ding pian	2
乙脑减毒活疫苗	yi nao jian du huo yi miao	7
乙脑疫苗	yi nao yi miao	5
乙脑病毒	yi nao bing du	7
乙酰丙嗪	yi xian bing qin	4
乙酰半胱氨酸	yi xian ban guang an suan	13
乙酰半胱氨酸颗粒	yi xian ban guang an suan ke li	3
乙酰可待因	yi xian ke dai yin	4
乙酰唑胺	yi xian zuo an	14
乙酰唑胺片	yi xian zuo an pian	2
乙酰氨基酚	yi xian an ji fen	2
乙酰胺注射液	yi xian an zhu she ye	4
乙酰螺旋霉素	yi xian luo xuan mei su	5
乙酰螺旋霉素片	yi xian luo xuan mei su pian	4
乙酰谷酰胺	yi xian gu xian an	2
乙酰麦迪霉素	yi xian mai di mei su	1
乙醇中毒	yi chun zhong du	3
九制大黄丸	jiu zhi da huang wan	3
九华痔疮栓	jiu hua zhi chuang shuan	1
九华膏	jiu hua gao	3
九卷	jiu juan	8
九味健肾胶囊	jiu wei jian shen jiao nang	3
九味双解口服液	jiu wei shuang jie kou fu ye	3
九味沉香胶囊	jiu wei chen xiang jiao nang	2
九味石灰华散	jiu wei shi hui hua san	2
九味羌活丸	jiu wei qiang huo wan	4
九味羌活汤	jiu wei qiang huo tang	3
九味羌活颗粒	jiu wei qiang huo ke li	3
九味肝泰胶囊	jiu wei gan tai jiao nang	3
九节菖蒲	jiu jie chang pu	3
习惯性流产	xi guan xing liu chan	21
习惯性脱位	xi guan xing tuo wei	4
乡镇卫生院	xiang zhen wei sheng yuan	41
乳中	ru zhong	9
乳中穴	ru zhong xue	1
乳头内陷	ru tou nei xian	7
乳头溢液	ru tou yi ye	1
乳头状囊腺癌	ru tou zhuang nang xian ai	2
乳头状瘤	ru tou zhuang liu	36
乳头状腺瘤	ru tou zhuang xian liu	2
乳头瘤病毒	ru tou liu bing du	48
乳宁片	ru ning pian	2
乳宁胶囊	ru ning jiao nang	2
乳宁颗粒	ru ning ke li	2
乳房下垂	ru fang xia chui	36
乳房假体	ru fang jia ti	8
乳房再造术	ru fang zai zao shu	4
乳房发育不良	ru fang fa yu bu liang	5
乳房悬韧带	ru fang xuan ren dai	6
乳房湿疹	ru fang shi zhen	4
乳房肿块	ru fang zhong kuai	18
乳房良性肿瘤	ru fang liang xing zhong liu	5
乳果糖	ru guo tang	33
乳果糖口服溶液	ru guo tang kou fu rong ye	2
乳核内消片	ru he nei xiao pian	2
乳核散结片	ru he san jie pian	2
乳根	ru gen	5
乳根穴	ru gen xue	1
乳清蛋白粉	ru qing dan bai fen	11
乳牙列	ru ya lie	4
乳牙早失	ru ya zao shi	4
乳牙滞留	ru ya zhi liu	5
乳痂	ru jia	23
乳痛症	ru tong zheng	4
乳癖消片	ru pi xiao pian	4
乳癖清胶囊	ru pi qing jiao nang	2
乳突炎	ru tu yan	9
乳糖酸红霉素	ru tang suan hong mei su	1
乳糜尿	ru mi niao	4
乳糜微粒	ru mi wei li	47
乳腺囊肿	ru xian nang zhong	3
乳腺增生	ru xian zeng sheng	6
乳腺外科	ru xian wai ke	16
乳腺导管扩张	ru xian dao guan kuo zhang	4
乳腺康注射液	ru xian kang zhu she ye	2
乳腺癌改良根治术	ru xian ai gai liang gen zhi shu	1
乳腺癌根治术	ru xian ai gen zhi shu	2
乳腺纤维腺瘤	ru xian xian wei xian liu	6
乳腺结核	ru xian jie he	3
乳腺腺病	ru xian xian bing	2
乳膏	ru gao	47
乳膏剂	ru gao ji	1
乳酶生	ru mei sheng	6
乳酶生片	ru mei sheng pian	5
乳酸亚铁糖浆	ru suan ya tie tang jiang	2
乳酸依沙吖啶	ru suan yi sha a ding	4
乳酸依沙吖啶注射液	ru suan yi sha a ding zhu she ye	3
乳酸依沙吖啶溶液	ru suan yi sha a ding rong ye	2
乳酸左氧氟沙星	ru suan zuo yang fu sha xing	2
乳酸左氧氟沙星注射液	ru suan zuo yang fu sha xing zhu she ye	3
乳酸左氧氟沙星片	ru suan zuo yang fu sha xing pian	2
乳酸性酸中毒	ru suan xing suan zhong du	19
乳酸溶液	ru suan rong ye	3
乳酸菌素	ru suan jun su	4
乳酸菌素片	ru suan jun su pian	1
乳酸菌素颗粒	ru suan jun su ke li	2
乳酸钙片	ru suan gai pian	2
了哥王	liao ge wang	4
事件相关电位	shi jian xiang guan dian wei	21
二乙氨基乙醇	er yi an ji yi chun	2
二仙汤	er xian tang	3
二代病例	er dai bing li	2
二倍体细胞	er bei ti xi bao	18
二分体	er fen ti	16
二十五味余甘子丸	er shi wu wei yu gan zi wan	4
二十五味儿茶丸	er shi wu wei er cha wan	3
二十五味大汤丸	er shi wu wei da tang wan	2
二十五味松石丸	er shi wu wei song shi wan	4
二十五味珊瑚丸	er shi wu wei shan hu wan	2
二十五味珍珠丸	er shi wu wei zhen zhu wan	1
二十五味肺病丸	er shi wu wei fei bing wan	2
二十五味阿魏胶囊	er shi wu wei a wei jiao nang	2
二十五味驴血丸	er shi wu wei lv xue wan	3
二十五味鬼臼丸	er shi wu wei gui jiu wan	3
二十八烷醇	er shi ba wan chun	6
二十味肉豆蔻丸	er shi wei rou dou kou wan	4
二十碳四烯酸	er shi tan si xi suan	33
二咖啡酰奎尼酸	er ka fei xian kui ni suan	3
二尖瓣关闭不全	er jian ban guan bi bu quan	3
二尖瓣成形术	er jian ban cheng xing shu	4
二尖瓣狭窄	er jian ban xia zhai	11
二尖瓣球囊扩张术	er jian ban qiu nang kuo zhang shu	1
二尖瓣置换术	er jian ban zhi huan shu	5
二尖瓣脱垂	er jian ban tuo chui	5
二尖瓣返流	er jian ban fan liu	4
二巯丁二酸	er qiu ding er suan	1
二巯丙磺钠注射液	er qiu bing huang na zhu she ye	2
二巯基丙磺酸钠	er qiu ji bing huang suan na	2
二异丙胺	er yi bing an	10
二异氰酸甲苯酯	er yi qing suan jia ben zhi	1
二期梅毒	er qi mei du	6
二期缝合	er qi feng he	4
二次感染	er ci gan ran	27
二次结构	er ci jie gou	2
二母宁嗽丸	er mu ning sou wan	3
二母宁嗽片	er mu ning sou pian	3
二母清肺丸	er mu qing fei wan	2
二氢吡啶	er qing bi ding	38
二氢埃托啡	er qing ai tuo fei	1
二氢睾酮	er qing gao tong	26
二氧丙嗪	er yang bing qin	3
二氧化硫中毒	er yang hua liu zhong du	1
二氧化碳中毒	er yang hua tan zhong du	7
二氧化碳分压	er yang hua tan fen ya	23
二氧化碳激光器	er yang hua tan ji guang qi	11
二氧化碳激光治疗	er yang hua tan ji guang zhi liao	3
二氧化碳麻醉	er yang hua tan ma zui	1
二氮嗪	er dan qin	8
二氮嗪注射液	er dan qin zhu she ye	4
二氯乙烷中毒	er lv yi wan zhong du	8
二氯二氟甲烷	er lv er fu jia wan	5
二氯异氰尿酸钠	er lv yi qing niao suan na	6
二溴氯丙烷	er xiu lv bing wan	4
二漏	er lou	4
二甲双胍格列本脲片	er jia shuang gua ge lie ben niao pian	2
二甲双胍缓释片	er jia shuang gua huan shi pian	1
二甲基乙酰胺	er jia ji yi xian an	17
二甲硅油	er jia gui you	1
二甲硅油乳剂	er jia gui you ru ji	3
二甲硅油气雾剂	er jia gui you qi wu ji	2
二甲硅油片	er jia gui you pian	3
二甲磺酸阿米三嗪	er jia huang suan a mi san qin	2
二甲苯中毒	er jia ben zhong du	2
二白	er bai	7
二硝基甲苯	er xiao ji jia ben	26
二硫化硒	er liu hua xi	7
二硫苏糖醇	er liu su tang chun	10
二磷酸果糖	er lin suan guo tang	10
二级预防	er ji yu fang	16
二羟基丙酮	er qiang ji bing tong	27
二羟苯甲酸	er qiang ben jia suan	3
二至丸	er zhi wan	1
二苯乙烯	er ben yi xi	25
二苯甲烷二异氰酸酯	er ben jia wan er yi qing suan zhi	2
二苯甲酮	er ben jia tong	47
二苯胺	er ben an	43
二重感染	er chong gan ran	14
云南白药创可贴	yun nan bai yao chuang ke tie	1
云南白药片	yun nan bai yao pian	3
云南白药胶囊	yun nan bai yao jiao nang	7
云南白药膏	yun nan bai yao gao	7
云南白药酊	yun nan bai yao ding	7
云母尘肺	yun mu chen fei	4
云芝糖肽	yun zhi tang tai	2
云芝胞内糖肽	yun zhi bao nei tang tai	2
云芝胞内糖肽胶囊	yun zhi bao nei tang tai jiao nang	3
云芝菌胶囊	yun zhi jun jiao nang	2
云门穴	yun men xue	2
互交	hu jiao	14
五仁丸	wu ren wan	2
五仁润肠丸	wu ren run chang wan	2
五加参归芪精	wu jia shen gui qi jing	2
五加皮	wu jia pi	18
五味子丸	wu wei zi wan	3
五味子乙素	wu wei zi yi su	2
五味子甲素	wu wei zi jia su	2
五味子糖浆	wu wei zi tang jiang	2
五味子颗粒	wu wei zi ke li	2
五味安神颗粒	wu wei an shen ke li	3
五味沙棘散	wu wei sha ji san	3
五味消毒饮	wu wei xiao du yin	1
五味黄连丸	wu wei huang lian wan	5
五子衍宗丸	wu zi yan zong wan	1
五官科学	wu guan ke xue	1
五心烦热	wu xin fan re	2
五更太平丸	wu geng tai ping wan	3
五更泄泻	wu geng xie xie	4
五氟利多	wu fu li duo	3
五氟利多片	wu fu li duo pian	3
五氯酚	wu lv fen	16
五氯酚钠	wu lv fen na	9
五海瘿瘤丸	wu hai ying liu wan	5
五灵肝复胶囊	wu ling gan fu jiao nang	2
五灵脂	wu ling zhi	11
五皮饮	wu pi yin	3
五禽戏	wu qin xi	42
五维赖氨酸片	wu wei lai an suan pian	3
五肽胃泌素	wu tai wei mi su	1
五苓散	wu ling san	12
五苓胶囊	wu ling jiao nang	2
五藏	wu zang	5
五行相生相克	wu xing xiang sheng xiang ke	14
五输穴	wu shu xue	5
亚叶酸钙	ya ye suan gai	4
亚急性甲状腺炎	ya ji xing jia zhuang xian yan	5
亚急性皮肤型红斑狼疮	ya ji xing pi fu xing hong ban lang chuang	2
亚急性硬化性全脑炎	ya ji xing ying hua xing quan nao yan	3
亚急性细菌性心内膜炎	ya ji xing xi jun xing xin nei mo yan	3
亚成虫	ya cheng chong	8
亚油酸甲酯	ya you suan jia zhi	1
亚界	ya jie	4
亚砷酸氯化钠注射液	ya shen suan lv hua na zhu she ye	3
亚硝酸异戊酯	ya xiao suan yi wu zhi	33
亚硝酸异戊酯吸入剂	ya xiao suan yi wu zhi xi ru ji	2
亚硝酸钠注射液	ya xiao suan na zhu she ye	3
亚硫酸氢钠甲萘醌	ya liu suan qing na jia nai kun	2
亚高山带	ya gao shan dai	37
亚麻子	ya ma zi	10
亡阳证	wang yang zheng	1
交会穴	jiao hui xue	15
交信	jiao xin	6
交叉免疫	jiao cha mian yi	2
交叉反应	jiao cha fan ying	36
交叉耐受	jiao cha nai shou	4
交叉配血试验	jiao cha pei xue shi yan	3
交感性眼炎	jiao gan xing yan yan	18
交感神经型颈椎病	jiao gan shen jing xing jing zhui bing	5
交换子	jiao huan zi	2
交沙霉素片	jiao sha mei su pian	2
交界痣	jiao jie zhi	5
交界瘤	jiao jie liu	2
交通心肾	jiao tong xin shen	5
产伤	chan shang	22
产前出血	chan qian chu xue	27
产前子痫	chan qian zi xian	3
产前检查	chan qian jian cha	49
产卵场	chan luan chang	31
产后子宫复旧不全	chan hou zi gong fu jiu bu quan	2
产后甲状腺炎	chan hou jia zhuang xian yan	4
产后精神病	chan hou jing shen bing	2
产宝	chan bao	3
产热	chan re	49
产程延长	chan cheng yan chang	2
产褥期感染	chan ru qi gan ran	6
亨特氏综合征	heng te shi zong he zheng	2
京万红	jing wan hong	4
京万红软膏	jing wan hong ruan gao	1
京制牛黄解毒片	jing zhi niu huang jie du pian	1
京必舒新	jing bi shu xin	2
京门	jing men	8
京门穴	jing men xue	2
亮丙瑞林	liang bing rui lin	4
亮嗓胖大海清咽糖	liang sang pang da hai qing yan tang	3
亮甲	liang jia	45
亮菌甲素	liang jun jia su	4
亮菌甲素注射液	liang jun jia su zhu she ye	6
亲合力	qin he li	27
亲社会行为	qin she hui xing wei	20
人中穴	ren zhong xue	2
人为灾害	ren wei zai hai	33
人乳头瘤病毒	ren ru tou liu bing du	13
人体寄生虫学	ren ti ji sheng chong xue	6
人体形态学	ren ti xing tai xue	5
人体曲线	ren ti qu xian	5
人体测量学	ren ti ce liang xue	35
人体病理学	ren ti bing li xue	4
人体结构学	ren ti jie gou xue	1
人体解剖生理学	ren ti jie pou sheng li xue	3
人体黄金分割	ren ti huang jin fen ge	2
人免疫球蛋白	ren mian yi qiu dan bai	24
人凝血酶原复合物	ren ning xue mei yuan fu he wu	1
人参健脾丸	ren shen jian pi wan	6
人参养荣丸	ren shen yang rong wan	5
人参养荣汤	ren shen yang rong tang	2
人参再造丸	ren shen zai zao wan	2
人参口服液	ren shen kou fu ye	3
人参叶	ren shen ye	5
人参固本丸	ren shen gu ben wan	2
人参多糖注射液	ren shen duo tang zhu she ye	2
人参天麻药酒	ren shen tian ma yao jiu	3
人参归脾丸	ren shen gui pi wan	4
人参胡桃汤	ren shen hu tao tang	1
人参芦	ren shen lu	2
人参芦头	ren shen lu tou	2
人参茎叶总皂苷注射液	ren shen jing ye zong zao gan zhu she ye	3
人参茎叶皂苷	ren shen jing ye zao gan	2
人参药酒	ren shen yao jiu	3
人参蛤蚧散	ren shen ge jie san	1
人参蜂王浆	ren shen feng wang jiang	5
人参袋泡茶	ren shen dai pao cha	2
人参首乌胶囊	ren shen shou wu jiao nang	4
人口学	ren kou xue	11
人字缝	ren zi feng	9
人工全髋关节置换术	ren gong quan kuan guan jie zhi huan shu	5
人工关节	ren gong guan jie	39
人工剥离胎盘术	ren gong bo li tai pan shu	2
人工喉	ren gong hou	6
人工晶体	ren gong jing ti	37
人工晶体植入术	ren gong jing ti zhi ru shu	8
人工概念	ren gong gai nian	2
人工泪液	ren gong lei ye	38
人工牙	ren gong ya	1
人工牛黄	ren gong niu huang	11
人工牛黄甲硝唑	ren gong niu huang jia xiao zuo	4
人工牛黄甲硝唑胶囊	ren gong niu huang jia xiao zuo jiao nang	7
人工瓣膜	ren gong ban mo	8
人工皮	ren gong pi	8
人工皮炎	ren gong pi yan	2
人工破膜	ren gong po mo	1
人工破膜术	ren gong po mo shu	2
人工种子	ren gong zhong zi	2
人工股骨头置换术	ren gong gu gu tou zhi huan shu	6
人工肺	ren gong fei	7
人工血管	ren gong xue guan	11
人工阴茎	ren gong yin jing	11
人工阴道	ren gong yin dao	19
人工骨	ren gong gu	2
人工髋关节	ren gong kuan guan jie	4
人工麝香	ren gong she xiang	8
人工鼻	ren gong bi	6
人狂犬病免疫球蛋白	ren kuang quan bing mian yi qiu dan bai	4
人用狂犬病纯化疫苗	ren yong kuang quan bing chun hua yi miao	2
人畜共患传染病	ren chu gong huan chuan ran bing	4
人痘接种	ren dou jie zhong	37
人知降糖胶囊	ren zhi jiang tang jiao nang	3
人破伤风免疫球蛋白	ren po shang feng mian yi qiu dan bai	4
人类疾病动物模型	ren lei ji bing dong wu mo xing	1
人纤维蛋白原	ren xian wei dan bai yuan	6
人绒毛膜促性腺激素	ren rong mao mo cu xing xian ji su	6
人群易感性	ren qun yi gan xing	1
人胎盘片	ren tai pan pian	3
人胎盘组织液	ren tai pan zu zhi ye	5
人胎盘脂多糖注射液	ren tai pan zhi duo tang zhu she ye	2
人血丙种球蛋白	ren xue bing zhong qiu dan bai	3
人血清白蛋白	ren xue qing bai dan bai	12
人血白蛋白	ren xue bai dan bai	8
人血白蛋白注射液	ren xue bai dan bai zhu she ye	4
人迎	ren ying	8
人迎穴	ren ying xue	1
人造器官	ren zao qi guan	16
人造血管	ren zao xue guan	7
仁青常觉	ren qing chang jue	5
仁青芒觉	ren qing mang jue	4
仆参	pu can	1
介入医学	jie ru yi xue	1
介入放射学	jie ru fang she xue	3
他克莫司胶囊	ta ke mo si jiao nang	2
他唑巴坦	ta zuo ba tan	7
他唑巴坦钠	ta zuo ba tan na	5
他莫昔芬	ta mo xi fen	13
他达拉非	ta da la fei	15
仙乐雄胶囊	xian le xiong jiao nang	4
仙授理伤续断秘方	xian shou li shang xu duan mi fang	2
仙方活命饮	xian fang huo ming yin	1
仙灵骨葆胶囊	xian ling gu bao jiao nang	5
仙藜口服液	xian li kou fu ye	3
仙鹤草	xian he cao	6
代偿性肥大	dai chang xing fei da	1
代田稔	dai tian ren	11
代谢当量	dai xie dang liang	8
代谢性疾病	dai xie xing ji bing	40
代谢性白内障	dai xie xing bai nei zhang	1
代谢性碱中毒	dai xie xing jian zhong du	10
代谢性酸中毒	dai xie xing suan zhong du	31
代谢性骨病	dai xie xing gu bing	7
代谢紊乱	dai xie wen luan	46
代谢综合征	dai xie zong he zheng	25
代谢酶	dai xie mei	28
代谢障碍	dai xie zhang ai	27
代赭石	dai zhe shi	4
仲景胃灵丸	zhong jing wei ling wan	3
任应秋	ren ying qiu	4
任脉	ren mai	38
伊托必利	yi tuo bi li	1
伊曲康唑	yi qu kang zuo	46
伊曲康唑胶囊	yi qu kang zuo jiao nang	1
伊来西胺片	yi lai xi an pian	2
伊班膦酸钠注射液	yi ban lin suan na zhu she ye	2
伊立替康	yi li ti kang	11
伊藤痣	yi teng zhi	5
伊蚊	yi wen	30
伊达比星	yi da bi xing	3
伏兔	fu tu	43
伏格列波糖	fu ge lie bo tang	1
伏格列波糖胶囊	fu ge lie bo tang jiao nang	2
伏梁	fu liang	2
伏立康唑	fu li kang zuo	4
伏立康唑片	fu li kang zuo pian	2
伏龙肝	fu long gan	3
伐地那非	fa di na fei	7
伐昔洛韦	fa xi luo wei	10
休克型肺炎	xiu ke xing fei yan	2
休克肺	xiu ke fei	2
休息期	xiu xi qi	8
休止期脱发	xiu zhi qi tuo fa	9
休眠卵	xiu mian luan	1
休眠芽	xiu mian ya	13
众生胶囊	zhong sheng jiao nang	3
优氯净	you lv jing	6
优生优育	you sheng you yu	21
优甲乐	you jia le	1
会厌囊肿	hui yan nang zhong	1
会厌软骨	hui yan ruan gu	8
会宗	hui zong	3
会穴	hui xue	3
会计学基础	kuai ji xue ji chu	3
会阳	hui yang	4
会阴切开术	hui yin qie kai shu	23
会阴疝	hui yin shan	1
会阴穴	hui yin xue	2
传代培养	chuan dai pei yang	5
传导性耳聋	chuan dao xing er long	9
传导路	chuan dao lu	1
传导通路	chuan dao tong lu	30
传染性单核细胞增多症	chuan ran xing dan he xi bao zeng duo zheng	6
传染性红斑	chuan ran xing hong ban	7
传染性软疣	chuan ran xing ruan you	24
传染期	chuan ran qi	20
传染病报告卡	chuan ran bing bao gao ka	8
传染过程	chuan ran guo cheng	3
传统科学	chuan tong ke xue	6
传递细胞	chuan di xi bao	6
伤口敷料	shang kou fu liao	8
伤寒杆菌	shang han gan jun	35
伤寒疫苗	shang han yi miao	30
伤寒菌苗	shang han jun miao	2
伤寒论选读	shang han lun xuan du	2
伤暑	shang shu	5
伤湿	shang shi	6
伤湿止痛膏	shang shi zhi tong gao	7
伤湿祛痛膏	shang shi qu tong gao	4
伤益气雾剂	shang yi qi wu ji	3
伤科接骨片	shang ke jie gu pian	3
伤风停片	shang feng ting pian	2
伤风止咳糖浆	shang feng zhi ke tang jiang	2
伤食	shang shi	1
伪影	wei ying	23
伪膜性肠炎	wei mo xing chang yan	3
伯氨喹	bo an kui	10
伴性遗传	ban xing yi chuan	16
伴随免疫	ban sui mian yi	2
伴高血压	ban gao xue ya	1
伸筋丹胶囊	shen jin dan jiao nang	3
伸筋活络丸	shen jin huo luo wan	3
伸筋草	shen jin cao	5
似动现象	si dong xian xiang	4
伽玛刀治疗	jia ma dao zhi liao	5
位听神经	wei ting shen jing	1
低丙种球蛋白血症	di bing zhong qiu dan bai xue zheng	4
低体重儿	di ti zhong er	6
低分子右旋糖酐	di fen zi you xuan tang gan	4
低分子肝素	di fen zi gan su	6
低分子量肝素	di fen zi liang gan su	17
低分子量肝素钙注射液	di fen zi liang gan su gai zhu she ye	3
低密度脂蛋白胆固醇	di mi du zhi dan bai dan gu chun	9
低常儿童	di chang er tong	4
低温冰箱	di wen bing xiang	5
低白蛋白血症	di bai dan bai xue zheng	13
低盐饮食	di yan yin shi	5
低色素性贫血	di se su xing pin xue	3
低血容量	di xue rong liang	26
低血糖症	di xue tang zheng	46
低钙血症	di gai xue zheng	23
低钠血症	di na xue zheng	25
低镁血症	di mei xue zheng	20
低颅压性头痛	di lu ya xing tou tong	2
佐匹克隆片	zuo pi ke long pian	2
佐米曲普坦	zuo mi qu pu tan	3
体位性低血压	ti wei xing di xue ya	6
体像障碍	ti xiang zhang ai	3
体内过程	ti nei guo cheng	7
体外冲击波碎石	ti wai chong ji bo sui shi	6
体外反搏治疗	ti wai fan bo zhi liao	3
体外培育牛黄	ti wai pei yu niu huang	5
体外寄生虫	ti wai ji sheng chong	19
体毛	ti mao	10
体液调节	ti ye tiao jie	9
体癣	ti xuan	9
体细胞突变	ti xi bao tu bian	13
体虚	ti xu	38
体虚感冒	ti xu gan mao	6
体质性矮小	ti zhi xing ai xiao	3
何若愚	he ruo yu	4
余云岫	yu yun xiu	48
余甘子	yu gan zi	21
余甘子喉片	yu gan zi hou pian	2
佛焰花序	fo yan hua xu	10
作业治疗学	zuo ye zhi liao xue	3
作业疗法	zuo ye liao fa	17
佩吉特氏病	pei ji te shi bing	6
佩夫人止咳露	pei fu ren zhi ke lu	1
依从性	yi cong xing	43
依匹斯汀	yi pi si ting	2
依地酸钙钠	yi di suan gai na	3
依地酸钙钠注射液	yi di suan gai na zhu she ye	3
依巴斯汀	yi ba si ting	2
依巴斯汀片	yi ba si ting pian	2
依帕司他	yi pa si ta	1
依托咪酯	yi tuo mi zhi	8
依托度酸	yi tuo du suan	1
依托度酸片	yi tuo du suan pian	2
依托泊苷	yi tuo bo gan	37
依托泊苷注射液	yi tuo bo gan zhu she ye	2
依托红霉素颗粒	yi tuo hong mei su ke li	3
依替米星	yi ti mi xing	2
依沙吖啶	yi sha a ding	3
依苏	yi su	4
依西美坦	yi xi mei tan	24
依诺沙星	yi nuo sha xing	13
依诺沙星乳膏	yi nuo sha xing ru gao	2
依诺沙星滴眼液	yi nuo sha xing di yan ye	2
依诺肝素	yi nuo gan su	7
依赖型人格障碍	yi lai xing ren ge zhang ai	17
依达拉奉	yi da la feng	9
依那普利	yi na pu li	12
依那普利拉	yi na pu li la	2
依马打正红花油	yi ma da zheng hong hua you	2
侠溪	xia xi	1
侠溪穴	xia xi xue	2
侧单眼	ce dan yan	5
侧柏叶	ce bai ye	11
侧脑室	ce nao shi	34
侯凡凡	hou fan fan	8
侵袭力	qin xi li	1
便乃通茶	bian nai tong cha	4
便塞停	bian se ting	2
便血病	bian xue bing	1
便通胶囊	bian tong jiao nang	2
便闭	bian bi	3
促凝血药	cu ning xue yao	1
促卵泡生成素	cu luan pao sheng cheng su	3
促卵泡素	cu luan pao su	1
促性腺激素释放激素	cu xing xian ji su shi fang ji su	6
促皮质激素	cu pi zhi ji su	3
促皮质素	cu pi zhi su	4
促红细胞生成素	cu hong xi bao sheng cheng su	30
促肝细胞生长素	cu gan xi bao sheng zhang su	2
促肾上腺皮质激素	cu shen shang xian pi zhi ji su	49
促胰液素	cu yi ye su	20
促黄体生成激素	cu huang ti sheng cheng ji su	4
促黄体生成素	cu huang ti sheng cheng su	4
促黄体素	cu huang ti su	2
促黑素细胞激素	cu hei su xi bao ji su	3
俄歇电子	e xie dian zi	34
保元汤	bao yuan tang	4
保列治	bao lie zhi	5
保利尔胶囊	bao li er jiao nang	3
保卫细胞	bao wei xi bao	32
保和丸	bao he wan	1
保妇康凝胶	bao fu kang ning jiao	2
保妇康栓	bao fu kang shuan	4
保婴丹	bao ying dan	4
保守疗法	bao shou liao fa	8
保护性免疫	bao hu xing mian yi	6
保护性抗原	bao hu xing kang yuan	4
保泰松	bao tai song	13
保济口服液	bao ji kou fu ye	5
保育培养	bao yu pei yang	2
保胎无忧片	bao tai wu you pian	2
保胎灵	bao tai ling	3
保胎灵胶囊	bao tai ling jiao nang	2
俞府	yu fu	5
俞府穴	yu fu xue	1
俞梦孙	yu meng sun	4
俞穴	yu xue	9
信号序列	xin hao xu lie	32
信息体	xin xi ti	4
修复体	xiu fu ti	13
修复术	xiu fu shu	13
修复酶	xiu fu mei	9
修饰基因	xiu shi ji yin	3
修饰行为	xiu shi xing wei	3
倍他乐克	bei ta le ke	6
倍他米松	bei ta mi song	20
倍他米松戊酸酯	bei ta mi song wu suan zhi	1
倍他米隆	bei ta mi long	8
倍氯米松	bei lv mi song	6
倍美力片	bei mei li pian	2
倒位	dao wei	6
倒扣草	dao kou cao	2
倒经	dao jing	4
倒置显微镜	dao zhi xian wei jing	2
倪葆春	ni bao chun	9
倾倒综合征	qing dao zong he zheng	3
假两性同体	jia liang xing tong ti	1
假两性畸形	jia liang xing ji xing	3
假怒	jia nu	2
假性动脉瘤	jia xing dong mai liu	7
假性幻觉	jia xing huan jue	2
假性延髓麻痹	jia xing yan sui ma bi	1
假性性早熟	jia xing xing zao shu	1
假性斑秃	jia xing ban tu	2
假性球麻痹	jia xing qiu ma bi	3
假性痴呆	jia xing chi dai	1
假性肥大	jia xing fei da	1
假根	jia gen	3
假狂犬病	jia kuang quan bing	4
假肥大性肌营养不良	jia fei da xing ji ying yang bu liang	3
假阴性	jia yin xing	48
偏历	pian li	4
偏态分布	pian tai fen bu	3
偏执型人格障碍	pian zhi xing ren ge zhang ai	6
偏执型精神分裂症	pian zhi xing jing shen fen lie zheng	14
偏执状态	pian zhi zhuang tai	1
偏振光显微镜	pian zhen guang xian wei jing	4
偏流	pian liu	18
偏瘫复原丸	pian tan fu yuan wan	4
偏盲	pian mang	26
停药反应	ting yao fan ying	2
健儿止泻颗粒	jian er zhi xie ke li	3
健儿消食口服液	jian er xiao shi kou fu ye	5
健儿清解液	jian er qing jie ye	1
健儿疳积散	jian er gan ji san	2
健康带菌者	jian kang dai jun zhe	7
健康心理学	jian kang xin li xue	44
健康教育学	jian kang jiao yu xue	7
健康行为	jian kang xing wei	49
健康证	jian kang zheng	15
健康评估	jian kang ping gu	41
健延龄胶囊	jian yan ling jiao nang	3
健民咽喉片	jian min yan hou pian	3
健肾生发丸	jian shen sheng fa wan	4
健肾益肺口服液	jian shen yi fei kou fu ye	2
健肾益肺颗粒	jian shen yi fei ke li	2
健胃消炎颗粒	jian wei xiao yan ke li	2
健胃消食口服液	jian wei xiao shi kou fu ye	3
健胃消食片	jian wei xiao shi pian	3
健脑益气片	jian nao yi qi pian	2
健脑胶囊	jian nao jiao nang	4
健脑补肾丸	jian nao bu shen wan	2
健脾丸	jian pi wan	1
健脾五味丸	jian pi wu wei wan	2
健脾化湿	jian pi hua shi	8
健脾壮腰药酒	jian pi zhuang yao yao jiu	2
健脾止遗片	jian pi zhi yi pian	4
健脾消食丸	jian pi xiao shi wan	2
健脾益气	jian pi yi qi	3
健脾益肾	jian pi yi shen	7
健脾益肾颗粒	jian pi yi shen ke li	3
健脾祛湿	jian pi qu shi	1
健脾糕片	jian pi gao pian	2
健脾补血	jian pi bu xue	6
健身跑	jian shen pao	2
健身长春膏	jian shen chang chun gao	2
健阳胶囊	jian yang jiao nang	3
偶合反应	ou he fan ying	33
傅培彬	fu pei bin	5
储存宿主	chu cun su zhu	6
催产素引产	cui chan su yin chan	1
催眠剂	cui mian ji	18
僵人综合征	jiang ren zong he zheng	3
儿康宁糖浆	er kang ning tang jiang	1
儿感清口服液	er gan qing kou fu ye	3
儿泻康贴膜	er xie kang tie mo	4
儿科七厘散	er ke qi li san	2
儿科学	er ke xue	9
儿科护理学	er ke hu li xue	2
儿童保健学	er tong bao jian xue	1
儿童口腔医学	er tong kou qiang yi xue	1
儿童咳液	er tong ke ye	3
儿童少年卫生学	er tong shao nian wei sheng xue	3
儿童感热清丸	er tong gan re qing wan	3
儿童护理	er tong hu li	26
儿童清肺丸	er tong qing fei wan	4
儿童清肺口服液	er tong qing fei kou fu ye	4
儿童脑性瘫痪	er tong nao xing tan huan	4
儿童高钙片	er tong gao gai pian	3
儿童鼻窦炎	er tong bi dou yan	5
儿茶酸	er cha suan	22
元参	yuan shen	7
元神之府	yuan shen zhi fu	4
元素主义	yuan su zhu yi	2
元胡止痛滴丸	yuan hu zhi tong di wan	4
元胡止痛片	yuan hu zhi tong pian	4
元胡止痛胶囊	yuan hu zhi tong jiao nang	3
充溢性尿失禁	chong yi xing niao shi jin	2
充盈缺损	chong ying que sun	3
先兆临产	xian zhao lin chan	5
先兆子痫	xian zhao zi xian	16
先兆早产	xian zhao zao chan	7
先兆流产	xian zhao liu chan	20
先天性主动脉缩窄	xian tian xing zhu dong mai suo zhai	3
先天性代谢缺陷	xian tian xing dai xie que xian	3
先天性再生障碍性贫血	xian tian xing zai sheng zhang ai xing pin xue	4
先天性动脉瘤	xian tian xing dong mai liu	4
先天性卵巢发育不全	xian tian xing luan chao fa yu bu quan	5
先天性后鼻孔闭锁	xian tian xing hou bi kong bi suo	3
先天性喉喘鸣	xian tian xing hou chuan ming	3
先天性喉蹼	xian tian xing hou pu	2
先天性垂直距骨	xian tian xing chui zhi ju gu	2
先天性多毛症	xian tian xing duo mao zheng	4
先天性巨结肠	xian tian xing ju jie chang	10
先天性弱视	xian tian xing ruo shi	2
先天性愚型	xian tian xing yu xing	1
先天性斜颈	xian tian xing xie jing	5
先天性无虹膜	xian tian xing wu hong mo	4
先天性晶状体脱位	xian tian xing jing zhuang ti tuo wei	2
先天性梅毒	xian tian xing mei du	18
先天性漏斗胸	xian tian xing lou dou xiong	1
先天性白内障	xian tian xing bai nei zhang	10
先天性眼球震颤	xian tian xing yan qiu zhen chan	4
先天性睑内翻	xian tian xing jian nei fan	2
先天性秃发	xian tian xing tu fa	2
先天性缺牙	xian tian xing que ya	1
先天性耳前瘘管	xian tian xing er qian lou guan	2
先天性耳聋	xian tian xing er long	12
先天性肌强直	xian tian xing ji qiang zhi	17
先天性肌病	xian tian xing ji bing	2
先天性肝内胆管扩张	xian tian xing gan nei dan guan kuo zhang	4
先天性肝囊肿	xian tian xing gan nang zhong	2
先天性肺动脉狭窄	xian tian xing fei dong mai xia zhai	5
先天性肺动静脉瘘	xian tian xing fei dong jing mai lou	2
先天性肺发育不全	xian tian xing fei fa yu bu quan	2
先天性肺囊肿	xian tian xing fei nang zhong	1
先天性肾囊肿	xian tian xing shen nang zhong	3
先天性肿瘤	xian tian xing zhong liu	5
先天性脑积水	xian tian xing nao ji shui	5
先天性脑血管畸形	xian tian xing nao xue guan ji xing	6
先天性脱发	xian tian xing tuo fa	4
先天性膈疝	xian tian xing ge shan	5
先天性色痣	xian tian xing se zhi	2
先天性足畸形	xian tian xing zu ji xing	1
先天性阴道闭锁	xian tian xing yin dao bi suo	3
先天性青光眼	xian tian xing qing guang yan	2
先天性风疹综合征	xian tian xing feng zhen zong he zheng	4
先天性风疹综合症	xian tian xing feng zhen zong he zheng	2
先天性食管狭窄	xian tian xing shi guan xia zhai	3
先天性食管闭锁	xian tian xing shi guan bi suo	5
先天性马蹄内翻足	xian tian xing ma ti nei fan zu	7
先天性髋关节发育不良	xian tian xing kuan guan jie fa yu bu liang	4
先天性髋关节脱位	xian tian xing kuan guan jie tuo wei	1
先天性髋内翻	xian tian xing kuan nei fan	1
先天性髋脱位	xian tian xing kuan tuo wei	3
先天性髌骨脱位	xian tian xing bin gu tuo wei	2
先天梅毒	xian tian mei du	2
先强严灵	xian qiang yan ling	2
先证者	xian zheng zhe	13
光动力学疗法	guang dong li xue liao fa	3
光动力疗法	guang dong li liao fa	48
光化性唇炎	guang hua xing chun yan	2
光化性角化病	guang hua xing jiao hua bing	1
光固化	guang gu hua	15
光固化机	guang gu hua ji	4
光固化树脂	guang gu hua shu zhi	1
光感受器	guang gan shou qi	42
光接触性皮炎	guang jie chu xing pi yan	2
光敏性皮炎	guang min xing pi yan	1
光敏物质	guang min wu zhi	5
光明穴	guang ming xue	3
光果甘草	guang guo gan cao	10
光毒性反应	guang du xing fan ying	3
光毒性皮炎	guang du xing pi yan	3
光气	guang qi	8
光气中毒	guang qi zhong du	2
光泽度	guang ze du	34
光点	guang dian	11
光疗法	guang liao fa	12
光线性唇炎	guang xian xing chun yan	3
光线性角化病	guang xian xing jiao hua bing	3
光老化	guang lao hua	4
光谱图	guang pu tu	26
光辉霉素	guang hui mei su	2
光适应	guang shi ying	3
克仑特罗	ke lun te luo	5
克伤痛搽剂	ke shang tong cha ji	2
克伦特罗	ke lun te luo	37
克咳敏	ke ke min	4
克咳胶囊	ke ke jiao nang	2
克感利咽颗粒	ke gan li yan ke li	2
克拉克现象	ke la ke xian xiang	3
克拉维酸	ke la wei suan	18
克拉维酸钾	ke la wei suan jia	11
克拉霉素	ke la mei su	37
克拉霉素干混悬剂	ke la mei su gan hun xuan ji	3
克拉霉素片	ke la mei su pian	2
克拉霉素胶囊	ke la mei su jiao nang	4
克拉霉素颗粒	ke la mei su ke li	2
克林霉素磷酸酯	ke lin mei su lin suan zhi	2
克林霉素磷酸酯注射液	ke lin mei su lin suan zhi zhu she ye	8
克氏针	ke shi zhen	2
克氏锥虫	ke shi zhui chong	11
克汀病	ke ting bing	16
克淋通胶囊	ke lin tong jiao nang	5
克痒舒洗液	ke yang shu xi ye	3
克痢痧胶囊	ke li sha jiao nang	3
克痹骨泰胶囊	ke bi gu tai jiao nang	2
克罗恩病	ke luo en bing	41
克银丸	ke yin wan	3
克隆变异	ke long bian yi	2
克隆繁殖	ke long fan zhi	3
克霉唑	ke mei zuo	12
克霉唑乳膏	ke mei zuo ru gao	3
克霉唑栓	ke mei zuo shuan	2
克霉唑片	ke mei zuo pian	2
克霉唑癣药水	ke mei zuo xuan yao shui	2
克霉唑软膏	ke mei zuo ruan gao	4
克霉唑阴道片	ke mei zuo yin dao pian	2
免疫佐剂	mian yi zuo ji	15
免疫力低下	mian yi li di xia	41
免疫化学	mian yi hua xue	22
免疫印迹法	mian yi yin ji fa	2
免疫原	mian yi yuan	26
免疫吸附柱	mian yi xi fu zhu	2
免疫器官	mian yi qi guan	11
免疫固定电泳	mian yi gu ding dian yong	3
免疫增强药	mian yi zeng qiang yao	2
免疫复合物	mian yi fu he wu	48
免疫学检验	mian yi xue jian yan	4
免疫屏障	mian yi ping zhang	21
免疫成功率	mian yi cheng gong lv	4
免疫抑制疗法	mian yi yi zhi liao fa	6
免疫抗体	mian yi kang ti	15
免疫排斥	mian yi pai chi	12
免疫效果	mian yi xiao guo	31
免疫核糖核酸	mian yi he tang he suan	3
免疫毒性	mian yi du xing	5
免疫毒素	mian yi du su	3
免疫活性	mian yi huo xing	15
免疫活性细胞	mian yi huo xing xi bao	1
免疫球蛋白基因	mian yi qiu dan bai ji yin	3
免疫生物学	mian yi sheng wu xue	11
免疫电泳	mian yi dian yong	5
免疫病理学	mian yi bing li xue	3
免疫监视	mian yi jian shi	9
免疫程序	mian yi cheng xu	5
免疫策略	mian yi ce lve	10
免疫组织化学法	mian yi zu zhi hua xue fa	2
免疫缺陷病	mian yi que xian bing	9
免疫网络	mian yi wang luo	15
免疫耐受性	mian yi nai shou xing	18
免疫荧光	mian yi ying guang	23
免疫荧光试验	mian yi ying guang shi yan	1
免疫血清	mian yi xue qing	19
免疫规划	mian yi gui hua	27
免疫记忆	mian yi ji yi	31
免疫诊断	mian yi zhen duan	10
免疫遗传学	mian yi yi chuan xue	18
免疫防御	mian yi fang yu	11
免疫预防	mian yi yu fang	7
兔热病	tu re bing	27
兔眼	tu yan	13
兔耳草	tu er cao	48
全冠	quan guan	9
全口义齿	quan kou yi chi	6
全同胞	quan tong bao	4
全喉切除术	quan hou qie chu shu	5
全天麻胶囊	quan tian ma jiao nang	3
全瓷冠	quan ci guan	7
全瓷牙	quan ci ya	2
全白内障	quan bai nei zhang	2
全秃	quan tu	8
全科医学概论	quan ke yi xue gai lun	2
全肺切除术	quan fei qie chu shu	2
全胃切除术	quan wei qie chu shu	4
全能性	quan neng xing	26
全能细胞	quan neng xi bao	2
全膀胱切除术	quan pang guang qie chu shu	4
全色盲	quan se mang	29
全葡萄膜炎	quan pu tao mo yan	4
全血黏度	quan xue nian du	2
全身乏力	quan shen fa li	19
全身体格检查	quan shen ti ge jian cha	4
全身作用	quan shen zuo yong	3
全身性感染	quan shen xing gan ran	27
全身感染	quan shen gan ran	10
全身炎症反应综合征	quan shen yan zheng fan ying zong he zheng	4
全髋关节置换术	quan kuan guan jie zhi huan shu	3
全鹿丸	quan lu wan	2
全鹿大补丸	quan lu da bu wan	3
八仙长寿丸	ba xian chang shou wan	2
八会穴	ba hui xue	4
八十一难	ba shi yi nan	29
八华	ba hua	6
八味和胃口服液	ba wei he wei kou fu ye	2
八味地黄丸	ba wei di huang wan	4
八味沉香丸	ba wei chen xiang wan	2
八味沉香散	ba wei chen xiang san	2
八味石灰华丸	ba wei shi hui hua wan	4
八宝眼药	ba bao yan yao	2
八氟环丁烷	ba fu huan ding wan	4
八珍丸	ba zhen wan	3
八珍汤	ba zhen tang	13
八珍片	ba zhen pian	3
八珍益母丸	ba zhen yi mu wan	4
八珍颗粒	ba zhen ke li	3
八纲辨证	ba gang bian zheng	18
八角茴香水	ba jiao hui xiang shui	3
八邪	ba xie	5
八邪穴	ba xie xue	2
八风	ba feng	8
公丁香	gong ding xiang	5
公孙穴	gong sun xue	1
六一散	liu yi san	2
六合定中丸	lu he ding zhong wan	3
六君子丸	liu jun zi wan	4
六君子汤	liu jun zi tang	2
六味地黄	liu wei di huang	5
六味地黄丸	liu wei di huang wan	20
六味地黄口服液	liu wei di huang kou fu ye	2
六味地黄滴丸	liu wei di huang di wan	2
六味地黄片	liu wei di huang pian	2
六味地黄胶囊	liu wei di huang jiao nang	5
六味地黄膏	liu wei di huang gao	2
六味地黄软胶囊	liu wei di huang ruan jiao nang	3
六味壮骨	liu wei zhuang gu	3
六味安消胶囊	liu wei an xiao jiao nang	4
六味防脱生发酊	liu wei fang tuo sheng fa ding	3
六味香连胶囊	liu wei xiang lian jiao nang	2
六氯苯	liu lv ben	25
六淫	liu yin	33
六甲溴铵	liu jia xiu an	2
六神丸	liu shen wan	13
六神散	liu shen san	4
六经辨证	liu jing bian zheng	20
兰室秘藏	lan shi mi cang	3
兰州生物制品研究所	lan zhou sheng wu zhi pin yan jiu suo	8
兰索拉唑片	lan suo la zuo pian	4
兰索拉唑肠溶片	lan suo la zuo chang rong pian	2
兰索拉唑肠溶胶囊	lan suo la zuo chang rong jiao nang	2
共同性外斜视	gong tong xing wai xie shi	3
共同性斜视	gong tong xing xie shi	4
共同抗原	gong tong kang yuan	4
共同运动	gong tong yun dong	5
共振论	gong zhen lun	27
共生固氮	gong sheng gu dan	12
共生生物	gong sheng sheng wu	32
共生细菌	gong sheng xi jun	31
共聚焦显微镜	gong ju jiao xian wei jing	18
共转染	gong zhuan ran	2
共运输	gong yun shu	9
关元	guan yuan	8
关元俞穴	guan yuan shu xue	2
关元穴	guan yuan xue	3
关冲	guan chong	13
关白附	guan bai fu	2
关系妄想	guan xi wang xiang	6
关节僵硬	guan jie jiang ying	22
关节内游离体	guan jie nei you li ti	11
关节学	guan jie xue	3
关节强直	guan jie qiang zhi	1
关节扭伤	guan jie niu shang	6
关节止痛膏	guan jie zhi tong gao	4
关节活动度	guan jie huo dong du	15
关节畸形	guan jie ji xing	10
关节盂	guan jie yu	14
关节盘	guan jie pan	7
关节腔	guan jie qiang	21
关节镜检查	guan jie jing jian cha	11
关通舒胶囊	guan tong shu jiao nang	2
兴奋性突触	xing fen xing tu chu	15
其他粉尘	qi ta fen chen	5
具体运算阶段	ju ti yun suan jie duan	5
典型肺结核	dian xing fei jie he	2
养心宁神丸	yang xin ning shen wan	5
养心安神	yang xin an shen	8
养心定悸口服液	yang xin ding ji kou fu ye	3
养心定悸膏	yang xin ding ji gao	2
养心汤	yang xin tang	1
养正消积胶囊	yang zheng xiao ji jiao nang	1
养老穴	yang lao xue	4
养肝胶囊	yang gan jiao nang	2
养肾活血酒	yang shen huo xue jiu	3
养胃舒胶囊	yang wei shu jiao nang	4
养胃舒颗粒	yang wei shu ke li	2
养胃颗粒	yang wei ke li	1
养荣祛斑膏	yang rong qu ban gao	2
养血口服液	yang xue kou fu ye	1
养血安神	yang xue an shen	1
养血安神丸	yang xue an shen wan	4
养血安神片	yang xue an shen pian	4
养血当归糖浆	yang xue dang gui tang jiang	3
养血清脑丸	yang xue qing nao wan	3
养血清脑颗粒	yang xue qing nao ke li	4
养血生发胶囊	yang xue sheng fa jiao nang	1
养血荣筋丸	yang xue rong jin wan	4
养血补肾丸	yang xue bu shen wan	4
养血调经	yang xue tiao jing	1
养阴口香合剂	yang yin kou xiang he ji	6
养阴清肺	yang yin qing fei	6
养阴清肺丸	yang yin qing fei wan	5
养阴清肺口服液	yang yin qing fei kou fu ye	4
养阴清肺汤	yang yin qing fei tang	2
养阴清肺糖浆	yang yin qing fei tang jiang	3
养阴清肺膏	yang yin qing fei gao	3
养阴降压胶囊	yang yin jiang ya jiao nang	4
兼性厌氧菌	jian xing yan yang jun	23
内侧楔骨	nei ce xie gu	2
内侧纵束	nei ce zong shu	1
内侧隆起	nei ce long qi	2
内侧韧带	nei ce ren dai	18
内倒转术	nei dao zhuan shu	2
内关	nei guan	8
内分泌失调	nei fen mi shi tiao	35
内分泌病	nei fen mi bing	12
内囊	nei nang	35
内因子	nei yin zi	3
内容效度	nei rong xiao du	6
内庭穴	nei ting xue	3
内斜视	nei xie shi	24
内板	nei ban	7
内消	nei xiao	5
内消瘰疬片	nei xiao luo li pian	2
内源基因	nei yuan ji yin	10
内源性感染	nei yuan xing gan ran	4
内源性支气管哮喘	nei yuan xing zhi qi guan xiao chuan	1
内照射	nei zhao she	5
内环境	nei huan jing	12
内环境稳定	nei huan jing wen ding	6
内皮素	nei pi su	9
内皮舒张因子	nei pi shu zhang yin zi	1
内眦赘皮	nei zi zhui pi	15
内眦赘皮矫正术	nei zi zhui pi jiao zheng shu	3
内科学基础	nei ke xue ji chu	2
内科护理学	nei ke hu li xue	4
内细胞群	nei xi bao qun	20
内经选读	nei jing xuan du	2
内翻性乳头状瘤	nei fan xing ru tou zhuang liu	3
内翻足	nei fan zu	12
内耳疾病	nei er ji bing	9
内胚窦瘤	nei pei dou liu	15
内脏下垂	nei zang xia chui	7
内脏痛	nei zang tong	4
内脏神经	nei zang shen jing	10
内膜系统	nei mo xi tong	43
内膝眼	nei xi yan	2
内补养荣丸	nei bu yang rong wan	3
内踝	nei huai	18
内踝尖	nei huai jian	2
内部言语	nei bu yan yu	1
内镜逆行胰胆管造影	nei jing ni xing yi dan guan zao ying	4
内闭外脱	nei bi wai tuo	1
内隐斜	nei yin xie	1
内韧带	nei ren dai	7
冈上肌	gang shang ji	2
冈下肌	gang xia ji	2
冉雪峰	ran xue feng	3
再分	zai fen	11
再分化	zai fen hua	11
再分布	zai fen bu	5
再受精	zai shou jing	4
再变态	zai bian tai	1
再循环	zai xun huan	10
再灌注损伤	zai guan zhu sun shang	6
再生障碍性贫血	zai sheng zhang ai xing pin xue	43
再通	zai tong	9
再造想象	zai zao xiang xiang	2
再造林	zai zao lin	7
再造生血片	zai zao sheng xue pian	1
军团菌	jun tuan jun	18
军团菌感染	jun tuan jun gan ran	4
军团菌病	jun tuan jun bing	6
农民肺	nong min fei	3
冠周炎	guan zhou yan	5
冠心丹参片	guan xin dan shen pian	2
冠心丹参胶囊	guan xin dan shen jiao nang	2
冠心宁	guan xin ning	3
冠心宁注射液	guan xin ning zhu she ye	3
冠心生脉丸	guan xin sheng mai wan	3
冠心苏合丸	guan xin su he wan	4
冠心苏合胶囊	guan xin su he jiao nang	3
冠心静片	guan xin jing pian	2
冠沟	guan gou	3
冠状动脉搭桥术	guan zhuang dong mai da qiao shu	4
冠状动脉狭窄	guan zhuang dong mai xia zhai	8
冠状动脉痉挛	guan zhuang dong mai jing luan	7
冠状动脉造影	guan zhuang dong mai zao ying	10
冠状沟	guan zhuang gou	32
冠状窦	guan zhuang dou	3
冠状缝	guan zhuang feng	12
冠状面	guan zhuang mian	19
冠突	guan tu	15
冠脉循环	guan mai xun huan	4
冠脉搭桥术	guan mai da qiao shu	10
冠脉通片	guan mai tong pian	4
冬凌草	dong ling cao	6
冬凌草片	dong ling cao pian	4
冬凌草甲素	dong ling cao jia su	3
冬凌草糖浆	dong ling cao tang jiang	2
冬瓜仁	dong gua ren	1
冬瓜子	dong gua zi	3
冬瓜皮	dong gua pi	4
冬眠灵	dong mian ling	1
冬葵子	dong kui zi	3
冯了性风湿跌打药酒	feng liao xing feng shi die da yao jiu	3
冰栀伤痛气雾剂	bing zhi shang tong qi wu ji	2
冰点降低法	bing dian jiang di fa	2
冰硼含片	bing peng han pian	2
冰硼散	bing peng san	5
冰箱病	bing xiang bing	6
冰醋酸溶液	bing cu suan rong ye	1
冰黄肤乐软膏	bing huang fu le ruan gao	2
冲任不固	chong ren bu gu	1
冲击伤	chong ji shang	3
冲击疗法	chong ji liao fa	4
冲洗器	chong xi qi	7
冲门	chong men	30
冲门穴	chong men xue	2
冲阳	chong yang	6
冷休克	leng xiu ke	16
冷伤	leng shang	4
冷冻保护剂	leng dong bao hu ji	17
冷冻干燥法	leng dong gan zao fa	5
冷冻疗法	leng dong liao fa	19
冷冻置换	leng dong zhi huan	1
冷却速度	leng que su du	36
冷厥	leng jue	3
冷球蛋白血症	leng qiu dan bai xue zheng	1
冷疗法	leng liao fa	1
冷纤维蛋白原血症	leng xian wei dan bai yuan xue zheng	2
冷藏包	leng cang bao	1
冷藏运输	leng cang yun shu	7
冷觉	leng jue	2
冷链系统	leng lian xi tong	2
冻干人凝血酶原复合物	dong gan ren ning xue mei yuan fu he wu	3
冻干人用狂犬病疫苗	dong gan ren yong kuang quan bing yi miao	6
冻干人血浆	dong gan ren xue jiang	3
冻干水痘减毒活疫苗	dong gan shui dou jian du huo yi miao	4
冻干疫苗	dong gan yi miao	3
冻干粉针剂	dong gan fen zhen ji	2
冻干重组人脑利钠肽	dong gan chong zu ren nao li na tai	2
冻疮膏	dong chuang gao	8
冻结肩	dong jie jian	1
净化水	jing hua shui	23
凉膈散	liang ge san	2
凉血止血	liang xue zhi xue	13
凌一揆	ling yi kui	3
凌霄花	ling xiao hua	12
减压病	jian ya bing	16
减毒活疫苗	jian du huo yi miao	31
减肥茶	jian fei cha	3
减肥贴	jian fei tie	5
减脂	jian zhi	14
凝乳酶	ning ru mei	45
凝固性坏死	ning gu xing huai si	4
凝聚法	ning ju fa	3
凝胶剂	ning jiao ji	13
凝血机制	ning xue ji zhi	12
凝血活酶	ning xue huo mei	24
凝血酶原	ning xue mei yuan	46
凝血酶原复合物	ning xue mei yuan fu he wu	3
凝血酶原时间	ning xue mei yuan shi jian	35
凝血酶时间	ning xue mei shi jian	3
凝血障碍	ning xue zhang ai	33
凝集原	ning ji yuan	2
凝集反应	ning ji fan ying	10
凤凰衣	feng huang yi	5
凤尾草	feng wei cao	9
凹甲	ao jia	5
凹陷性疤痕	ao xian xing ba hen	1
凹陷瘢痕	ao xian ban hen	3
出牙	chu ya	8
出血倾向	chu xue qing xiang	19
出血性休克	chu xue xing xiu ke	17
出血性梗死	chu xue xing geng si	2
出血性直肠炎	chu xue xing zhi chang yan	2
出血性膀胱炎	chu xue xing pang guang yan	9
出血时间	chu xue shi jian	12
出血点	chu xue dian	14
分光计	fen guang ji	48
分化因子	fen hua yin zi	9
分子免疫学	fen zi mian yi xue	9
分子影像学	fen zi ying xiang xue	2
分子杂交	fen zi za jiao	6
分子病毒学	fen zi bing du xue	21
分子病理学	fen zi bing li xue	13
分子细胞遗传学	fen zi xi bao yi chuan xue	3
分子药理学	fen zi yao li xue	13
分子识别	fen zi shi bie	43
分层抽样	fen ceng chou yang	14
分布类型	fen bu lei xing	4
分散体系	fen san ti xi	12
分散法	fen san fa	4
分散片	fen san pian	3
分析细胞学	fen xi xi bao xue	2
分果	fen guo	5
分水线	fen shui xian	6
分泌型	fen mi xing	34
分泌性中耳炎	fen mi xing zhong er yan	2
分泌性腹泻	fen mi xing fu xie	2
分泌成分	fen mi cheng fen	2
分泌神经	fen mi shen jing	2
分泌组织	fen mi zu zhi	5
分泌蛋白	fen mi dan bai	18
分流术	fen liu shu	33
分清五淋丸	fen qing wu lin wan	2
分离剂	fen li ji	4
分离柱	fen li zhu	2
分蘖期	fen nie qi	2
分蘖节	fen nie jie	2
分裂型人格障碍	fen lie xing ren ge zhang ai	6
分裂情感性精神病	fen lie qing gan xing jing shen bing	1
分裂生殖	fen lie sheng zhi	16
分裂症	fen lie zheng	25
分辨力	fen bian li	28
切创	qie chuang	4
切口疝	qie kou shan	6
切断传播途径	qie duan chuan bo tu jing	5
切片机	qie pian ji	29
切牙	qie ya	6
切迹	qie ji	41
列缺	lie que	18
列缺穴	lie que xue	2
刘完素	liu wan su	46
刘寄奴	liu ji nu	14
刘沅	liu yuan	17
刘渡舟	liu du zhou	9
创伤学	chuang shang xue	25
创伤弹道学	chuang shang dan dao xue	4
创伤性休克	chuang shang xing xiu ke	8
创伤性气胸	chuang shang xing qi xiong	4
创伤性湿肺	chuang shang xing shi fei	8
创伤性溃疡	chuang shang xing kui yang	2
创伤性窒息	chuang shang xing zhi xi	4
创伤性耳聋	chuang shang xing er long	3
创伤性脾破裂	chuang shang xing pi po lie	5
创伤性血胸	chuang shang xing xue xiong	6
创伤愈合	chuang shang yu he	5
初级卵母细胞	chu ji luan mu xi bao	20
初级消费者	chu ji xiao fei zhe	13
初级精母细胞	chu ji jing mu xi bao	3
利什曼原虫	li shi man yuan chong	49
利他林	li ta lin	15
利凡诺	li fan nuo	2
利可君片	li ke jun pian	2
利咽含片	li yan han pian	2
利咽灵片	li yan ling pian	3
利咽解毒颗粒	li yan jie du ke li	2
利咽颗粒	li yan ke li	2
利培酮	li pei tong	43
利培酮口腔崩解片	li pei tong kou qiang beng jie pian	3
利培酮片	li pei tong pian	4
利多卡因注射液	li duo ka yin zhu she ye	2
利夫康洗剂	li fu kang xi ji	2
利巴韦林含片	li ba wei lin han pian	2
利巴韦林喷剂	li ba wei lin pen ji	2
利巴韦林喷雾剂	li ba wei lin pen wu ji	2
利巴韦林气雾剂	li ba wei lin qi wu ji	3
利巴韦林氯化钠注射液	li ba wei lin lv hua na zhu she ye	2
利巴韦林泡腾颗粒	li ba wei lin pao teng ke li	3
利巴韦林注射液	li ba wei lin zhu she ye	6
利巴韦林滴眼液	li ba wei lin di yan ye	4
利巴韦林片	li ba wei lin pian	3
利巴韦林胶囊	li ba wei lin jiao nang	2
利巴韦林颗粒	li ba wei lin ke li	5
利拉萘酯乳膏	li la nai zhi ru gao	2
利水渗湿	li shui shen shi	11
利水通淋	li shui tong lin	2
利福喷丁	li fu pen ding	7
利福平滴眼液	li fu ping di yan ye	2
利福平片	li fu ping pian	2
利福昔明	li fu xi ming	21
利福霉素	li fu mei su	8
利肺片	li fei pian	3
利肺胶囊	li fei jiao nang	2
利胆排石片	li dan pai shi pian	3
利胆片	li dan pian	3
利胆石颗粒	li dan shi ke li	3
利脑心片	li nao xin pian	6
利血平片	li xue ping pian	3
利血生	li xue sheng	2
利鲁唑片	li lu zuo pian	4
别嘌醇	bie piao chun	20
别嘌醇片	bie piao chun pian	6
刮匙	gua chi	4
刮宫术	gua gong shu	6
制何首乌	zhi he shou wu	1
制剂学	zhi ji xue	1
制动试验	zhi dong shi yan	27
制半夏	zhi ban xia	5
制南星	zhi nan xing	3
制草乌	zhi cao wu	5
制药工程设计	zhi yao gong cheng she ji	4
制附子	zhi fu zi	1
制霉素	zhi mei su	2
制霉菌素	zhi mei jun su	3
制霉菌素片	zhi mei jun su pian	3
制首乌	zhi shou wu	11
刷状缘	shua zhuang yuan	15
刺丝囊	ci si nang	9
刺乌养心口服液	ci wu yang xin kou fu ye	3
刺五加注射液	ci wu jia zhu she ye	6
刺五加片	ci wu jia pian	4
刺五加糖浆	ci wu jia tang jiang	2
刺五加脑灵液	ci wu jia nao ling ye	3
刺五加脑灵胶囊	ci wu jia nao ling jiao nang	2
刺五加颗粒	ci wu jia ke li	2
刺创	ci chuang	8
刺激反应	ci ji fan ying	27
刺猬皮	ci wei pi	2
刺细胞	ci xi bao	27
剂量反应	ji liang fan ying	14
剂量效应	ji liang xiao ying	7
前交叉韧带	qian jiao cha ren dai	29
前体细胞	qian ti xi bao	38
前列回春丸	qian lie hui chun wan	4
前列回春胶囊	qian lie hui chun jiao nang	2
前列地尔	qian lie di er	11
前列地尔注射液	qian lie di er zhu she ye	4
前列欣胶囊	qian lie xin jiao nang	3
前列泰片	qian lie tai pian	2
前列泰颗粒	qian lie tai ke li	2
前列环素	qian lie huan su	21
前列腺切除术	qian lie xian qie chu shu	23
前列腺囊肿	qian lie xian nang zhong	3
前列腺按摩	qian lie xian an mo	28
前列腺特异性抗原	qian lie xian te yi xing kang yuan	9
前列腺特异抗原	qian lie xian te yi kang yuan	38
前列腺结核	qian lie xian jie he	3
前列腺结石	qian lie xian jie shi	12
前列腺肿瘤	qian lie xian zhong liu	3
前列腺脓肿	qian lie xian nong zhong	1
前列腺萎缩	qian lie xian wei suo	1
前列腺酸性磷酸酶	qian lie xian suan xing lin suan mei	5
前列舒乐	qian lie shu le	3
前列舒乐片	qian lie shu le pian	2
前列舒乐胶囊	qian lie shu le jiao nang	4
前列解毒胶囊	qian lie jie du jiao nang	4
前列通瘀	qian lie tong yu	2
前列通瘀片	qian lie tong yu pian	5
前列通胶囊	qian lie tong jiao nang	3
前叶	qian ye	7
前哨淋巴结	qian shao lin ba jie	10
前哨痔	qian shao zhi	3
前囟	qian xin	6
前巩膜炎	qian gong mo yan	1
前庭大腺	qian ting da xian	25
前庭大腺囊肿	qian ting da xian nang zhong	4
前庭大腺脓肿	qian ting da xian nong zhong	4
前房出血	qian fang chu xue	2
前房积脓	qian fang ji nong	1
前房积血	qian fang ji xue	3
前房角	qian fang jiao	5
前斜角肌	qian xie jiao ji	2
前正中线	qian zheng zhong xian	10
前白蛋白	qian bai dan bai	12
前瞻性研究	qian zhan xing yan jiu	34
前瞻性调查	qian zhan xing diao cha	2
前纵隔	qian zong ge	3
前纵韧带	qian zong ren dai	1
前肠	qian chang	3
前肾	qian shen	3
前胡	qian hu	7
前膜	qian mo	3
前臂假肢	qian bi jia zhi	2
前臂长	qian bi chang	44
前谷	qian gu	5
前负荷	qian fu he	16
前阴	qian yin	5
前顶	qian ding	7
前驱期	qian qu qi	10
剑突	jian tu	36
剖腹探查术	pou fu tan cha shu	4
剥脱	bo tuo	29
剥脱性角质松解症	bo tuo xing jiao zhi song jie zheng	1
剥脱性骨软骨炎	bo tuo xing gu ruan gu yan	30
剪切率	jian qie lv	3
剪创	jian chuang	1
剪接位点	jian jie wei dian	19
副中肾管	fu zhong shen guan	17
副主任药师	fu zhu ren yao shi	1
副乳切除术	fu ru qie chu shu	3
副乳房	fu ru fang	1
副交感神经系统	fu jiao gan shen jing xi tong	26
副反应	fu fan ying	9
副溶血性弧菌	fu rong xue xing hu jun	11
副神经	fu shen jing	10
副神经节瘤	fu shen jing jie liu	10
副粘病毒	fu nian bing du	6
副耳	fu er	4
副胎盘	fu tai pan	3
副脾	fu pi	4
副银屑病	fu yin xie bing	1
副霍乱	fu huo luan	1
劈刀	pi dao	12
劈裂	pi lie	48
力保肪宁	li bao fang ning	3
力克肺疾	li ke fei ji	2
力克舒	li ke shu	4
力加寿片	li jia shou pian	2
力月西	li yue xi	4
力比泰	li bi tai	5
力补金秋胶囊	li bu jin qiu jiao nang	1
办公室自动化	ban gong shi zi dong hua	45
功劳木	gong lao mu	1
功能位	gong neng wei	5
功能性消化不良	gong neng xing xiao hua bu liang	6
功能性肠病	gong neng xing chang bing	1
功能性胃肠病	gong neng xing wei chang bing	2
功能性腹泻	gong neng xing fu xie	1
功能解剖学	gong neng jie pou xue	3
加减复脉汤	jia jian fu mai tang	1
加合百服宁	jia he bai fu ning	3
加味保和丸	jia wei bao he wan	3
加味八珍益母膏	jia wei ba zhen yi mu gao	4
加味左金丸	jia wei zuo jin wan	2
加味藿香正气丸	jia wei huo xiang zheng qi wan	4
加味藿香正气软胶囊	jia wei huo xiang zheng qi ruan jiao nang	3
加味逍遥丸	jia wei xiao yao wan	4
加味逍遥散	jia wei xiao yao san	3
加味霍香正气丸	jia wei huo xiang zheng qi wan	3
加味香连丸	jia wei xiang lian wan	3
加巴喷丁	jia ba pen ding	38
加替沙星	jia ti sha xing	5
加替沙星氯化钠注射液	jia ti sha xing lv hua na zhu she ye	2
加替沙星注射液	jia ti sha xing zhu she ye	3
加替沙星片	jia ti sha xing pian	2
加替沙星胶囊	jia ti sha xing jiao nang	3
加碘盐	jia dian yan	22
加速试验	jia su shi yan	8
动作思维	dong zuo si wei	2
动力不稳定性	dong li bu wen ding xing	4
动力定型	dong li ding xing	5
动功	dong gong	14
动态心电图	dong tai xin dian tu	17
动态脑电图	dong tai nao dian tu	1
动态血压监测	dong tai xue ya jian ce	1
动机性遗忘	dong ji xing yi wang	3
动点	dong dian	10
动物交往	dong wu jiao wang	1
动物地理学	dong wu di li xue	34
动物心理学	dong wu xin li xue	21
动物毒素	dong wu du su	3
动物生态学	dong wu sheng tai xue	25
动物生物学	dong wu sheng wu xue	17
动物病理学	dong wu bing li xue	5
动物群落	dong wu qun luo	26
动物解剖	dong wu jie pou	16
动物遗传学	dong wu yi chuan xue	15
动眼神经麻痹	dong yan shen jing ma bi	2
动脉导管	dong mai dao guan	44
动脉导管未闭	dong mai dao guan wei bi	10
动脉栓塞	dong mai shuan se	33
动脉注射	dong mai zhu she	3
动脉瘤性骨囊肿	dong mai liu xing gu nang zhong	1
动脉瘤样骨囊肿	dong mai liu yang gu nang zhong	3
动脉硬化性精神病	dong mai ying hua xing jing shen bing	1
动脉硬化性脑病	dong mai ying hua xing nao bing	3
动脉管壁	dong mai guan bi	4
动脉脉搏	dong mai mai bo	2
动脉血压	dong mai xue ya	21
动脉造影	dong mai zao ying	13
动静脉畸形	dong jing mai ji xing	15
动静脉瘘	dong jing mai lou	3
动静脉造瘘术	dong jing mai zao lou shu	2
助力运动	zhu li yun dong	4
助行器	zhu xing qi	14
劳宫	lao gong	5
劳宫穴	lao gong xue	7
劳拉西泮	lao la xi pan	44
劳淋	lao lin	2
勃林格殷格翰	bo lin ge yin ge han	27
募穴	mu xue	11
包含体	bao han ti	2
包涵体	bao han ti	36
包皮垢	bao pi gou	32
包皮嵌顿	bao pi qian dun	3
包皮粘连	bao pi zhan lian	4
包皮过长	bao pi guo chang	39
包皮龟头炎	bao pi gui tou yan	6
包膜挛缩	bao mo luan suo	6
匐行疹	fu xing zhen	3
化妆品痤疮	hua zhuang pin cuo chuang	3
化妆品皮炎	hua zhuang pin pi yan	4
化学剥脱术	hua xue bo tuo shu	3
化学性皮肤灼伤	hua xue xing pi fu zhuo shang	3
化学性眼部灼伤	hua xue xing yan bu zhuo shang	3
化学感受器	hua xue gan shou qi	23
化学感觉	hua xue gan jue	5
化学渗透	hua xue shen tou	39
化学烧伤	hua xue shao shang	10
化学计量学	hua xue ji liang xue	41
化性	hua xing	6
化斑汤	hua ban tang	1
化生	hua sheng	9
化症回生口服液	hua zheng hui sheng kou fu ye	3
化症回生片	hua zheng hui sheng pian	3
化痔灵片	hua zhi ling pian	2
化痔胶囊	hua zhi jiao nang	2
化痰平喘片	hua tan ping chuan pian	3
化皮	hua pi	6
化积口服液	hua ji kou fu ye	3
化脓性中耳炎	hua nong xing zhong er yan	9
化脓性关节炎	hua nong xing guan jie yan	16
化脓性心包炎	hua nong xing xin bao yan	4
化脓性汗腺炎	hua nong xing han xian yan	6
化脓性炎	hua nong xing yan	10
化脓性眼内炎	hua nong xing yan nei yan	2
化脓性肉芽肿	hua nong xing rou ya zhong	4
化脓性胸膜炎	hua nong xing xiong mo yan	1
化脓性脑炎	hua nong xing nao yan	4
化脓性脑膜脑炎	hua nong xing nao mo nao yan	1
化脓性腮腺炎	hua nong xing sai xian yan	4
化脓性颌骨骨髓炎	hua nong xing he gu gu sui yan	2
化脓性骨髓炎	hua nong xing gu sui yan	4
化脓性鼻窦炎	hua nong xing bi dou yan	3
化虫丸	hua chong wan	1
化风丹	hua feng dan	3
北五味子	bei wu wei zi	4
北京口腔医学	bei jing kou qiang yi xue	1
北京生物制品研究所	bei jing sheng wu zhi pin yan jiu suo	5
北山楂	bei shan zha	3
北沙参	bei sha shen	4
北芪五加片	bei qi wu jia pian	3
北苍术	bei cang zhu	2
北豆根	bei dou gen	2
北豆根片	bei dou gen pian	3
北豆根胶囊	bei dou gen jiao nang	3
北野政次	bei ye zheng ci	13
匙状甲	chi zhuang jia	2
匹多莫德	pi duo mo de	4
匹多莫德分散片	pi duo mo de fen san pian	2
匹多莫德口服液	pi duo mo de kou fu ye	3
匹多莫德颗粒	pi duo mo de ke li	2
匹莫林	pi mo lin	6
区乐民	ou le min	8
医古文	yi gu wen	6
医和	yi he	9
医学专业英语	yi xue zhuan ye ying yu	3
医学免疫学	yi xue mian yi xue	13
医学分子生物学	yi xue fen zi sheng wu xue	10
医学化学	yi xue hua xue	12
医学实验动物学	yi xue shi yan dong wu xue	3
医学导论	yi xue dao lun	2
医学康复	yi xue kang fu	1
医学影像学	yi xue ying xiang xue	47
医学影像检查技术	yi xue ying xiang jian cha ji shu	3
医学影像物理学	yi xue ying xiang wu li xue	2
医学影像设备管理	yi xue ying xiang she bei guan li	2
医学影像诊断学	yi xue ying xiang zhen duan xue	1
医学微生物学	yi xue wei sheng wu xue	35
医学心理学	yi xue xin li xue	21
医学心理学与精神病学	yi xue xin li xue yu jing shen bing xue	5
医学文献检索	yi xue wen xian jian suo	4
医学模式	yi xue mo shi	7
医学物理学	yi xue wu li xue	15
医学生物学	yi xue sheng wu xue	25
医学真菌学	yi xue zhen jun xue	1
医学神经生物学	yi xue shen jing sheng wu xue	4
医学纲目	yi xue gang mu	2
医学细胞生物学	yi xue xi bao sheng wu xue	4
医学统计学	yi xue tong ji xue	18
医学美学	yi xue mei xue	1
医学美容技术	yi xue mei rong ji shu	7
医学营养学	yi xue ying yang xue	1
医学衷中参西录	yi xue zhong zhong can xi lu	6
医学隔离	yi xue ge li	41
医宗金鉴	yi zong jin jian	32
医家	yi jia	9
医方集解	yi fang ji jie	35
医明	yi ming	21
医源性传播	yi yuan xing chuan bo	3
医源性感染	yi yuan xing gan ran	3
医用化学	yi yong hua xue	1
医用棉签	yi yong mian qian	2
医用缝合针	yi yong feng he zhen	2
医用羊肠线	yi yong yang chang xian	1
医用耗材	yi yong hao cai	13
医用高等数学	yi yong gao deng shu xue	2
医疗体操	yi liao ti cao	5
医疗体育	yi liao ti yu	2
医疗垃圾	yi liao la ji	8
医疗废物	yi liao fei wu	48
医缓	yi huan	24
医院内感染	yi yuan nei gan ran	6
医院管理学	yi yuan guan li xue	8
医院药事管理	yi yuan yao shi guan li	3
医风	yi feng	5
十一味甘露胶囊	shi yi wei gan lu jiao nang	4
十一烯酸	shi yi xi suan	16
十一酸睾酮	shi yi suan gao tong	2
十一酸睾酮胶丸	shi yi suan gao tong jiao wan	2
十三味菥蓂丸	shi san wei xi ming wan	3
十二指肠息肉	shi er zhi chang xi rou	4
十二指肠损伤	shi er zhi chang sun shang	2
十二指肠水平部	shi er zhi chang shui ping bu	1
十二指肠炎	shi er zhi chang yan	10
十二指肠瘘	shi er zhi chang lou	5
十二指肠降部	shi er zhi chang jiang bu	2
十二烷基硫酸钠	shi er wan ji liu suan na	33
十五味乳鹏丸	shi wu wei ru peng wan	4
十五味乳鹏胶囊	shi wu wei ru peng jiao nang	2
十五味萝蒂明目丸	shi wu wei luo di ming mu wan	3
十五味黑药胶囊	shi wu wei hei yao jiao nang	3
十五味龙胆花丸	shi wu wei long dan hua wan	4
十全大补丸	shi quan da bu wan	3
十全大补膏	shi quan da bu gao	4
十八味党参丸	shi ba wei dang shen wan	3
十八味杜鹃丸	shi ba wei du juan wan	3
十八味诃子利尿丸	shi ba wei he zi li niao wan	3
十六味消渴胶囊	shi liu wei xiao ke jiao nang	3
十味乳香丸	shi wei ru xiang wan	2
十味乳香散	shi wei ru xiang san	3
十味乳香胶囊	shi wei ru xiang jiao nang	5
十味玉泉胶囊	shi wei yu quan jiao nang	2
十味蒂达胶囊	shi wei di da jiao nang	2
十味降糖颗粒	shi wei jiang tang ke li	3
十味黑冰片丸	shi wei hei bing pian wan	5
十味龙胆花颗粒	shi wei long dan hua ke li	2
十四经穴	shi si jing xue	2
十大功劳叶	shi da gong lao ye	2
十宣	shi xuan	6
十宣穴	shi xuan xue	5
十滴水	shi di shui	10
十滴水软胶囊	shi di shui ruan jiao nang	3
十灰散	shi hui san	1
十香定痛丸	shi xiang ding tong wan	2
十香暖脐膏	shi xiang nuan qi gao	3
十香止痛丸	shi xiang zhi tong wan	3
千年健	qian nian jian	17
千斤拔	qian jin ba	41
千斤肾安宁胶囊	qian jin shen an ning jiao nang	3
千柏鼻炎片	qian bai bi yan pian	1
千柏鼻炎胶囊	qian bai bi yan jiao nang	3
千粒重	qian li zhong	10
千金子霜	qian jin zi shuang	2
千金止带丸	qian jin zhi dai wan	3
千金翼方	qian jin yi fang	39
升主动脉	sheng zhu dong mai	36
升华硫	sheng hua liu	3
升压素	sheng ya su	9
升结肠	sheng jie chang	26
升血小板胶囊	sheng xue xiao ban jiao nang	2
升阳十一味丸	sheng yang shi yi wei wan	4
升麻葛根汤	sheng ma ge gen tang	2
午后潮热	wu hou chao re	5
午夜香吻	wu ye xiang wen	6
午时茶颗粒	wu shi cha ke li	2
午节	wu jie	6
半乳糖基转移酶	ban ru tang ji zhuan yi mei	1
半乳糖性白内障	ban ru tang xing bai nei zhang	2
半乳糖激酶	ban ru tang ji mei	6
半乳糖激酶缺乏	ban ru tang ji mei que fa	2
半乳糖血症	ban ru tang xue zheng	34
半乳糖醛酸	ban ru tang quan suan	7
半乳聚糖	ban ru ju tang	5
半同胞	ban tong bao	6
半喉切除术	ban hou qie chu shu	2
半夏厚朴汤	ban xia hou po tang	4
半夏天麻丸	ban xia tian ma wan	3
半夏曲	ban xia qu	1
半夏止咳糖浆	ban xia zhi ke tang jiang	2
半夏泻心汤	ban xia xie xin tang	3
半夏白术天麻汤	ban xia bai zhu tian ma tang	2
半夏糖浆	ban xia tang jiang	3
半寄生植物	ban ji sheng zhi wu	16
半抗原	ban kang yuan	26
半数致死剂量	ban shu zhi si ji liang	14
半日花科	ban ri hua ke	18
半月清	ban yue qing	4
半月瓣	ban yue ban	20
半月皱襞	ban yue zhou bi	1
半枝莲	ban zhi lian	11
半枫荷	ban feng he	24
半椎体畸形	ban zhui ti ji xing	3
半种	ban zhong	5
半腱肌	ban jian ji	4
半膜肌	ban mo ji	4
半表半里	ban biao ban li	9
半透性	ban tou xing	4
半阴阳	ban yin yang	4
华佗再造丸	hua tuo zai zao wan	6
华佗膏	hua tuo gao	4
华山参	hua shan shen	2
华支睾吸虫	hua zhi gao xi chong	5
华支睾吸虫病	hua zhi gao xi chong bing	2
华法林钠	hua fa lin na	2
华盖散	hua gai san	3
华素片	hua su pian	1
华蟾素注射液	hua chan su zhu she ye	3
华蟾素片	hua chan su pian	2
华西口腔医学杂志	hua xi kou qiang yi xue za zhi	3
协定处方	xie ding chu fang	5
协日嘎四味汤散	xie ri ga si wei tang san	3
协调运动	xie tiao yun dong	15
卒中	cu zhong	10
卓青	zhuo qing	13
单一序列	dan yi xu lie	2
单交	dan jiao	5
单体型	dan ti xing	31
单体性	dan ti xing	6
单剂量	dan ji liang	24
单因素方差分析	dan yin su fang cha fen xi	3
单基因病	dan ji yin bing	1
单层柱状上皮	dan ceng zhu zhuang shang pi	13
单心室	dan xin shi	3
单心房	dan xin fang	5
单态氧	dan tai yang	15
单性	dan xing	7
单性花	dan xing hua	48
单核吞噬细胞	dan he tun shi xi bao	25
单核细胞增多症	dan he xi bao zeng duo zheng	17
单核细胞白血病	dan he xi bao bai xue bing	4
单硝酸异山梨酯	dan xiao suan yi shan li zhi	4
单硝酸异山梨酯片	dan xiao suan yi shan li zhi pian	3
单硝酸异山梨酯缓释片	dan xiao suan yi shan li zhi huan shi pian	5
单硝酸异山梨酯胶囊	dan xiao suan yi shan li zhi jiao nang	3
单磷酸阿糖腺苷	dan lin suan a tang xian gan	3
单纯型精神分裂症	dan chun xing jing shen fen lie zheng	10
单纯性牙周炎	dan chun xing ya zhou yan	2
单纯性甲状腺肿	dan chun xing jia zhuang xian zhong	3
单纯性痒疹	dan chun xing yang zhen	2
单纯性肾囊肿	dan chun xing shen nang zhong	3
单纯疱疹	dan chun pao zhen	47
单肾	dan shen	1
单脐动脉	dan qi dong mai	3
单面性	dan mian xing	1
南五味子	nan wu wei zi	30
南北沙参	nan bei sha shen	2
南板蓝根	nan ban lan gen	4
南沙参	nan sha shen	6
博氏线	bo shi xian	3
博落回	bo luo hui	22
卟啉病	bu lin bing	13
卡介菌多糖核酸	ka jie jun duo tang he suan	3
卡介菌多糖核酸注射液	ka jie jun duo tang he suan zhu she ye	4
卡介菌纯蛋白衍生物	ka jie jun chun dan bai yan sheng wu	4
卡他性中耳炎	ka ta xing zhong er yan	1
卡他性结膜炎	ka ta xing jie mo yan	2
卡前列甲酯栓	ka qian lie jia zhi shuan	2
卡前列素氨丁三醇	ka qian lie su an ding san chun	3
卡培他滨	ka pei ta bin	25
卡培他滨片	ka pei ta bin pian	4
卡巴拉汀	ka ba la ting	1
卡托普利	ka tuo pu li	24
卡托普利片	ka tuo pu li pian	4
卡比多巴	ka bi duo ba	6
卡泊三醇	ka bo san chun	3
卡泊芬净	ka bo fen jing	2
卡波姆	ka bo mu	6
卡波西肉瘤	ka bo xi rou liu	4
卡环	ka huan	7
卡络磺钠氯化钠注射液	ka luo huang na lv hua na zhu she ye	3
卡维地洛	ka wei di luo	3
卡维地洛片	ka wei di luo pian	2
卡莫氟	ka mo fu	19
卡那霉素	ka na mei su	22
卡铂	ka bo	39
卡马西平片	ka ma xi ping pian	4
卢于道	lu yu dao	22
卢煜明	lu yu ming	38
卤地菊	lu di ju	3
卫气	wei qi	6
卫气同病	wei qi tong bing	4
卫气营血	wei qi ying xue	4
卫气营血辨证	wei qi ying xue bian zheng	7
卫生事业管理	wei sheng shi ye guan li	34
卫生事业管理学	wei sheng shi ye guan li xue	5
卫生信息管理	wei sheng xin xi guan li	5
卫生化学	wei sheng hua xue	6
卫生学	wei sheng xue	10
卫生微生物学	wei sheng wei sheng wu xue	3
卫生检验	wei sheng jian yan	47
卫生法	wei sheng fa	9
卫生法学	wei sheng fa xue	2
卫生法律法规	wei sheng fa lv fa gui	8
卫生法规	wei sheng fa gui	19
卫生经济学	wei sheng jing ji xue	16
卫生统计	wei sheng tong ji	21
卫生统计学	wei sheng tong ji xue	24
卫生行政部门	wei sheng xing zheng bu men	48
卫生许可证	wei sheng xu ke zheng	9
卫莹芳	wei ying fang	2
印堂穴	yin tang xue	5
印度大麻	yin du da ma	28
印度神油	yin du shen you	7
印戒细胞癌	yin jie xi bao ai	6
印模材料	yin mo cai liao	11
印象形成	yin xiang xing cheng	6
危害因素	wei hai yin su	12
危象	wei xiang	39
危重病医学	wei zhong bing yi xue	2
即刻义齿	ji ke yi chi	2
即早	ji zao	8
卵原细胞	luan yuan xi bao	43
卵圆孔	luan yuan kong	34
卵圆窝	luan yuan wo	7
卵壳膜	luan ke mo	3
卵子发生	luan zi fa sheng	5
卵巢切除术	luan chao qie chu shu	12
卵巢动脉	luan chao dong mai	2
卵巢发育不良	luan chao fa yu bu liang	1
卵巢发育异常	luan chao fa yu yi chang	2
卵巢囊肿	luan chao nang zhong	45
卵巢囊肿剔除术	luan chao nang zhong ti chu shu	6
卵巢妊娠	luan chao ren shen	1
卵巢恶性肿瘤	luan chao e xing zhong liu	3
卵巢扭转	luan chao niu zhuan	13
卵巢早衰	luan chao zao shuai	2
卵巢炎	luan chao yan	22
卵巢畸胎瘤	luan chao ji tai liu	2
卵巢破裂	luan chao po lie	5
卵巢良性肿瘤	luan chao liang xing zhong liu	1
卵巢过度刺激综合征	luan chao guo du ci ji zong he zheng	6
卵巢颗粒细胞瘤	luan chao ke li xi bao liu	8
卵巢黄体破裂	luan chao huang ti po lie	1
卵泡刺激素	luan pao ci ji su	22
卵泡破裂	luan pao po lie	2
卵泡细胞	luan pao xi bao	6
卵白蛋白	luan bai dan bai	2
卵磷脂片	luan lin zhi pian	2
卵磷脂络合碘	luan lin zhi luo he dian	2
卵裂球	luan lie qiu	4
卵黄磷蛋白	luan huang lin dan bai	1
卵黄管	luan huang guan	2
卵黄膜	luan huang mo	9
卷曲霉素	juan qu mei su	3
厄贝沙坦	e bei sha tan	22
厄贝沙坦氢氯噻嗪片	e bei sha tan qing lv sai qin pian	4
厄贝沙坦片	e bei sha tan pian	4
厄贝沙坦胶囊	e bei sha tan jiao nang	4
历算学	li suan xue	29
压力性尿失禁	ya li xing niao shi jin	11
压力感受性反射	ya li gan shou xing fan she	1
压舌板	ya she ban	1
压迫性荨麻疹	ya po xing qian ma zhen	2
厌恶治疗	yan wu zhi liao	11
厌恶疗法	yan wu liao fa	24
厚朴温中汤	hou po wen zhong tang	1
厚朴花	hou po hua	1
厚朴酚	hou po fen	4
厚皮性骨膜病	hou pi xing gu mo bing	3
原位杂交	yuan wei za jiao	36
原位杂交技术	yuan wei za jiao ji shu	3
原位移植	yuan wei yi zhi	5
原儿茶醛	yuan er cha quan	7
原发性三叉神经痛	yuan fa xing san cha shen jing tong	5
原发性侧索硬化	yuan fa xing ce suo ying hua	3
原发性开角型青光眼	yuan fa xing kai jiao xing qing guang yan	5
原发性痛经	yuan fa xing tong jing	7
原发性肺结核	yuan fa xing fei jie he	1
原发性肾病综合征	yuan fa xing shen bing zong he zheng	5
原发性肾病综合症	yuan fa xing shen bing zong he zheng	2
原发性腹膜炎	yuan fa xing fu mo yan	3
原发性血小板减少症	yuan fa xing xue xiao ban jian shao zheng	3
原发性血小板增多症	yuan fa xing xue xiao ban zeng duo zheng	4
原发性视网膜脱离	yuan fa xing shi wang mo tuo li	3
原发性闭经	yuan fa xing bi jing	8
原发性闭角型青光眼	yuan fa xing bi jiao xing qing guang yan	5
原发性高血压	yuan fa xing gao xue ya	29
原始卵泡	yuan shi luan pao	3
原子吸收分光光度法	yuan zi xi shou fen guang guang du fa	3
原子吸收分光光度计	yuan zi xi shou fen guang guang du ji	6
原条	yuan tiao	7
原气	yuan qi	5
原生殖细胞	yuan sheng zhi xi bao	4
原生质体融合	yuan sheng zhi ti rong he	3
原癌基因	yuan ai ji yin	47
原穴	yuan xue	26
原结	yuan jie	2
原肌球蛋白	yuan ji qiu dan bai	6
厥冷	jue leng	8
厥心痛	jue xin tong	3
厥阴俞	jue yin shu	2
厥阴病	jue yin bing	3
去个体化	qu ge ti hua	9
去乙酰毛花苷	qu yi xian mao hua gan	1
去乙酰毛花苷注射液	qu yi xian mao hua gan zhu she ye	4
去垢剂	qu gou ji	7
去大脑强直	qu da nao qiang zhi	2
去氢胆酸	qu qing dan suan	1
去氧孕烯炔雌醇片	qu yang yun xi que ci chun pian	2
去氧肾上腺素	qu yang shen shang xian su	3
去氧胆酸	qu yang dan suan	10
去甲万古霉素	qu jia wan gu mei su	4
去甲乌药碱	qu jia wu yao jian	2
去甲伪麻黄碱	qu jia wei ma huang jian	29
去甲斑蝥酸钠	qu jia ban mao suan na	3
去甲替林	qu jia ti lin	10
去羟肌苷	qu qiang ji gan	6
去腐生肌散	qu fu sheng ji san	2
去铁胺	qu tie an	5
县医院	xian yi yuan	14
县级医院	xian ji yi yuan	16
参七心疏胶囊	shen qi xin shu jiao nang	4
参七脑康胶囊	shen qi nao kang jiao nang	3
参仙升脉口服液	shen xian sheng mai kou fu ye	2
参南星口服液	shen nan xing kou fu ye	3
参地益肾口服液	shen di yi shen kou fu ye	4
参归润燥搽剂	shen gui run zao cha ji	3
参志胶囊	shen zhi jiao nang	2
参术胶囊	shen zhu jiao nang	3
参杞颗粒	shen qi ke li	2
参松养心胶囊	shen song yang xin jiao nang	1
参桂理中丸	shen gui li zhong wan	2
参桂鹿茸丸	shen gui lu rong wan	4
参梅养胃颗粒	shen mei yang wei ke li	2
参灵肝康胶囊	shen ling gan kang jiao nang	2
参灵蓝胶囊	shen ling lan jiao nang	2
参竹精颗粒	shen zhu jing ke li	2
参考点	can kao dian	8
参芍片	shen shao pian	2
参芎葡萄糖注射液	shen xiong pu tao tang zhu she ye	2
参芪健胃颗粒	shen qi jian wei ke li	1
参芪十一味颗粒	shen qi shi yi wei ke li	2
参芪扶正注射液	shen qi fu zheng zhu she ye	3
参芪片	shen qi pian	2
参芪胶囊	shen qi jiao nang	4
参芪降糖胶囊	shen qi jiang tang jiao nang	3
参芪降糖颗粒	shen qi jiang tang ke li	2
参芪颗粒	shen qi ke li	2
参苏丸	shen su wan	3
参苏感冒片	shen su gan mao pian	2
参苓白术丸	shen ling bai shu wan	5
参苓白术散	shen ling bai shu san	1
参苓白术胶囊	shen ling bai shu jiao nang	2
参苓白术颗粒	shen ling bai shu ke li	3
参茸三肾胶囊	shen rong san shen jiao nang	4
参茸卫生丸	shen rong wei sheng wan	2
参茸壮骨丸	shen rong zhuang gu wan	2
参茸大补膏	shen rong da bu gao	5
参茸强肾片	shen rong qiang shen pian	3
参茸珍宝片	shen rong zhen bao pian	2
参茸白凤丸	shen rong bai feng wan	4
参茸补血酒	shen rong bu xue jiu	2
参茸阿胶	shen rong e jiao	3
参茸鞭丸	shen rong bian wan	2
参茸鹿胎丸	shen rong lu tai wan	2
参莲胶囊	shen lian jiao nang	2
参蛤平喘胶囊	shen ge ping chuan jiao nang	4
参蛾温肾口服液	shen e wen shen kou fu ye	3
参蟾消解胶囊	shen chan xiao jie jiao nang	3
参锁巴戟口服液	shen suo ba ji kou fu ye	2
参阳胶囊	shen yang jiao nang	3
参附汤	shen fu tang	1
参附注射液	shen fu zhu she ye	1
参鹿扶正胶囊	shen lu fu zheng jiao nang	5
参麦注射液	shen mai zhu she ye	3
参龙宁心胶囊	shen long ning xin jiao nang	2
双一	shuang yi	8
双分伪麻片	shuang fen wei ma pian	3
双参龙胶囊	shuang shen long jiao nang	2
双向凝胶电泳	shuang xiang ning jiao dian yong	5
双唑泰栓	shuang zuo tai shuan	3
双喃氟啶	shuang nan fu ding	2
双嘧达莫	shuang mi da mo	8
双嘧达莫片	shuang mi da mo pian	5
双奇胶囊	shuang qi jiao nang	5
双子宫	shuang zi gong	48
双尖牙	shuang jian ya	4
双扑伪麻分散片	shuang pu wei ma fen san pian	3
双扑伪麻片	shuang pu wei ma pian	3
双扑口服液	shuang pu kou fu ye	3
双料喉风含片	shuang liao hou feng han pian	3
双料喉风散	shuang liao hou feng san	5
双歧三联活菌胶囊	shuang qi san lian huo jun jiao nang	2
双歧杆菌三联活菌胶囊	shuang qi gan jun san lian huo jun jiao nang	3
双歧杆菌四联活菌片	shuang qi gan jun si lian huo jun pian	3
双氢青蒿素	shuang qing qing hao su	20
双氢青蒿素哌喹片	shuang qing qing hao su pai kui pian	3
双氢青蒿素片	shuang qing qing hao su pian	3
双氯芬酸	shuang lv fen suan	19
双氯芬酸二乙胺乳胶剂	shuang lv fen suan er yi an ru jiao ji	2
双氯芬酸钠	shuang lv fen suan na	29
双氯芬酸钠缓释片	shuang lv fen suan na huan shi pian	4
双氯芬酸钠缓释胶囊	shuang lv fen suan na huan shi jiao nang	2
双氯芬酸钠肠溶片	shuang lv fen suan na chang rong pian	4
双氯芬酸钠贴片	shuang lv fen suan na tie pian	2
双氯芬酸钾	shuang lv fen suan jia	3
双氯芬酸钾片	shuang lv fen suan jia pian	3
双氯西林钠	shuang lv xi lin na	2
双灵固本散	shuang ling gu ben san	11
双环醇片	shuang huan chun pian	2
双瓜糖安胶囊	shuang gua tang an jiao nang	4
双盲实验	shuang mang shi yan	20
双相障碍	shuang xiang zhang ai	36
双眼复视	shuang yan fu shi	2
双眼竞争	shuang yan jing zheng	16
双眼视差	shuang yan shi cha	4
双箕斗	shuang ji dou	2
双红活血胶囊	shuang hong huo xue jiao nang	5
双肼屈嗪	shuang jing qu qin	3
双胎	shuang tai	15
双胎妊娠	shuang tai ren shen	2
双胎输血综合征	shuang tai shu xue zong he zheng	6
双苓止泻口服液	shuang ling zhi xie kou fu ye	3
双角子宫	shuang jiao zi gong	12
双醋瑞因	shuang cu rui yin	3
双重分离	shuang chong fen li	3
双金胃疡胶囊	shuang jin wei yang jiao nang	3
双金胃肠胶囊	shuang jin wei chang jiao nang	3
双阴道	shuang yin dao	4
双顶径	shuang ding jing	1
双颌前突	shuang he qian tu	2
双香豆素	shuang xiang dou su	8
双黄平喘颗粒	shuang huang ping chuan ke li	2
双黄消炎片	shuang huang xiao yan pian	2
双黄连	shuang huang lian	9
双黄连口服液	shuang huang lian kou fu ye	31
双黄连注射液	shuang huang lian zhu she ye	11
双黄连片	shuang huang lian pian	1
双黄连粉针剂	shuang huang lian fen zhen ji	5
双黄连胶囊	shuang huang lian jiao nang	1
双黄连软胶囊	shuang huang lian ruan jiao nang	4
双黄连颗粒	shuang huang lian ke li	1
反丁烯二酸	fan ding xi er suan	26
反义寡核苷酸	fan yi gua he gan suan	38
反刍胃	fan chu wei	2
反向形成	fan xiang xing cheng	1
反向遗传学	fan xiang yi chuan xue	3
反密码子	fan mi ma zi	45
反射中枢	fan she zhong shu	1
反射动作	fan she dong zuo	43
反射学	fan she xue	4
反射异常	fan she yi chang	4
反射弧	fan she hu	40
反射性癫痫	fan she xing dian xian	1
反射计	fan she ji	4
反应结构	fan ying jie gou	3
反流性胃炎	fan liu xing wei yan	5
反流性食管炎	fan liu xing shi guan yan	1
反甲	fan jia	3
反跳痛	fan tiao tong	1
发作性睡病	fa zuo xing shui bing	17
发作性睡眠	fa zuo xing shui mian	5
发作期	fa zuo qi	15
发汗剂	fa han ji	3
发育不良痣	fa yu bu liang zhi	2
发育遗传学	fa yu yi chuan xue	5
发酵虫草菌粉	fa jiao chong cao jun fen	3
取皮机	qu pi ji	3
受体脱敏	shou ti tuo min	10
受体蛋白质	shou ti dan bai zhi	6
受盛之官	shou cheng zhi guan	3
变应原	bian ying yuan	5
变应性咳嗽	bian ying xing ke sou	3
变应性接触性皮炎	bian ying xing jie chu xing pi yan	3
变应性皮肤血管炎	bian ying xing pi fu xue guan yan	3
变应性血管炎	bian ying xing xue guan yan	3
变异系数	bian yi xi shu	41
变形性骨炎	bian xing xing gu yan	5
变形杆菌	bian xing gan jun	32
变形运动	bian xing yun dong	4
变态反应	bian tai fan ying	45
变态反应学	bian tai fan ying xue	4
变态心理学	bian tai xin li xue	33
变性术	bian xing shu	4
变色牙	bian se ya	7
叠加法	die jia fa	1
口僻	kou pi	2
口含片	kou han pian	3
口周皮炎	kou zhou pi yan	2
口唇疱疹	kou chun pao zhen	2
口干	kou gan	12
口干症	kou gan zheng	11
口底蜂窝织炎	kou di feng wo zhi yan	3
口服双歧杆菌活菌制剂	kou fu shuang qi gan jun huo jun zhi ji	2
口服水解蛋白	kou fu shui jie dan bai	3
口服混悬剂	kou fu hun xuan ji	3
口服溶液剂	kou fu rong ye ji	1
口服葡萄糖	kou fu pu tao tang	12
口服葡萄糖粉	kou fu pu tao tang fen	2
口服补液盐	kou fu bu ye yan	7
口服补液盐溶液	kou fu bu ye yan rong ye	3
口服轮状病毒活疫苗	kou fu lun zhuang bing du huo yi miao	6
口炎	kou yan	32
口炎清颗粒	kou yan qing ke li	6
口疮病	kou chuang bing	4
口眼歪斜	kou yan wai xie	5
口腔修复学	kou qiang xiu fu xue	3
口腔内科学	kou qiang nei ke xue	2
口腔医学研究	kou qiang yi xue yan jiu	4
口腔学	kou qiang xue	7
口腔崩解片	kou qiang beng jie pian	1
口腔念珠菌病	kou qiang nian zhu jun bing	6
口腔材料学	kou qiang cai liao xue	3
口腔正畸学	kou qiang zheng ji xue	2
口腔溃疡一次宁	kou qiang kui yang yi ci ning	2
口腔溃疡散	kou qiang kui yang san	3
口腔溃疡膜	kou qiang kui yang mo	3
口腔炎喷雾剂	kou qiang yan pen wu ji	2
口腔生物学	kou qiang sheng wu xue	4
口腔疱疹	kou qiang pao zhen	2
口腔疾病	kou qiang ji bing	32
口腔病理学	kou qiang bing li xue	4
口腔种植学	kou qiang zhong zhi xue	7
口腔科学	kou qiang ke xue	11
口腔粘膜病	kou qiang zhan mo bing	4
口腔粘膜病学	kou qiang zhan mo bing xue	2
口腔粘膜白斑病	kou qiang zhan mo bai ban bing	3
口腔红斑	kou qiang hong ban	3
口腔血管瘤	kou qiang xue guan liu	2
口腔解剖生理学	kou qiang jie pou sheng li xue	1
口腔预防保健	kou qiang yu fang bao jian	6
口腔预防医学	kou qiang yu fang yi xue	4
口腔颌面外科学	kou qiang he mian wai ke xue	15
口腔颌面部肿瘤	kou qiang he mian bu zhong liu	4
口舌生疮	kou she sheng chuang	9
口角炎	kou jiao yan	28
口蹄病	kou ti bing	5
口轮匝肌	kou lun za ji	5
口道	kou dao	4
口针	kou zhen	9
古拉定	gu la ding	1
古汉养生精口服液	gu han yang sheng jing kou fu ye	4
古汉养生精片	gu han yang sheng jing pian	2
叩诊	kou zhen	13
可乐定	ke le ding	48
可乐定控释贴	ke le ding kong shi tie	5
可乐必妥	ke le bi tuo	3
可信区间	ke xin qu jian	3
可利迈仙	ke li mai xian	2
可力地高辛片	ke li di gao xin pian	2
可变剪接	ke bian jian jie	10
可吸收线	ke xi shou xian	5
可吸收缝合线	ke xi shou feng he xian	3
可吸收缝线	ke xi shou feng xian	1
可复性疝	ke fu xing shan	2
可愈糖浆	ke yu tang jiang	5
可拉明	ke la ming	7
可摘局部义齿	ke zhai ju bu yi chi	3
可溶性止血纱布	ke rong xing zhi xue sha bu	4
可立克	ke li ke	1
右丙氧芬	you bing yang fen	4
右位心	you wei xin	4
右半结肠切除术	you ban jie chang qie chu shu	5
右归丸	you gui wan	1
右心室双出口	you xin shi shuang chu kou	1
右旋体	you xuan ti	12
右旋布洛芬栓	you xuan bu luo fen shuan	2
右旋糖酐	you xuan tang gan	34
右旋糖酐铁	you xuan tang gan tie	2
右旋糖酐铁注射液	you xuan tang gan tie zhu she ye	2
右束支传导阻滞	you shu zhi chuan dao zu zhi	10
右美沙芬片	you mei sha fen pian	3
右芬氟拉明	you fen fu la ming	1
叶绿体基质	ye lv ti ji zhi	6
叶酸片	ye suan pian	7
叶酸缺乏症	ye suan que fa zheng	16
叶金排石胶囊	ye jin pai shi jiao nang	3
司他夫定	si ta fu ding	9
司他夫定胶囊	si ta fu ding jiao nang	2
司可巴比妥	si ke ba bi tuo	5
司可林	si ke lin	1
司坦唑醇	si tan zuo chun	8
司帕沙星	si pa sha xing	1
司帕沙星片	si pa sha xing pian	3
司来吉兰	si lai ji lan	8
司氟沙星	si fu sha xing	5
司法心理学	si fa xin li xue	2
司盘	si pan	3
司米安	si mi an	5
合并伤	he bing shang	2
合欢皮	he huan pi	4
合欢花	he huan hua	10
合理情绪疗法	he li qing xu liao fa	4
合瓣	he ban	37
合胞体	he bao ti	35
合谷	he gu	33
合谷穴	he gu xue	6
吉祥草	ji xiang cao	25
吉米沙星	ji mi sha xing	11
吉西他滨	ji xi ta bin	39
吉非替尼	ji fei ti ni	20
吉非罗齐	ji fei luo qi	3
同仁乌鸡白凤丸	tong ren wu ji bai feng wan	4
同仁大活络丸	tong ren da huo luo wan	4
同仁安神丸	tong ren an shen wan	4
同化激素	tong hua ji su	19
同卵双生	tong luan shuang sheng	39
同基因骨髓移植	tong ji yin gu sui yi zhi	3
同形反应	tong xing fan ying	3
同步培养	tong bu pei yang	1
同步生长	tong bu sheng zhang	4
同源四倍体	tong yuan si bei ti	1
同病异治	tong bing yi zhi	5
同种抗体	tong zhong kang ti	2
同种抗原	tong zhong kang yuan	2
同系移植	tong xi yi zhi	1
同线性	tong xian xing	3
同胞竞争障碍	tong bao jing zheng zhang ai	1
后交通动脉	hou jiao tong dong mai	14
后发性白内障	hou fa xing bai nei zhang	5
后叶	hou ye	8
后囟	hou xin	2
后尿道	hou niao dao	5
后放	hou fang	12
后溪	hou xi	8
后溪穴	hou xi xue	5
后牙	hou ya	8
后纵隔	hou zong ge	5
后纵韧带	hou zong ren dai	5
后负荷	hou fu he	11
后遗效应	hou yi xiao ying	3
后阴	hou yin	6
后顶	hou ding	7
后颊	hou jia	2
后马托品	hou ma tuo pin	6
吐根糖浆	tu gen tang jiang	12
吐血病	tu xie bing	1
向心收缩	xiang xin shou suo	2
向触性	xiang chu xing	10
吕炳奎	lv bing kui	11
吗丁啉	ma ding lin	2
吗啉胍	ma lin gua	10
吗啡中毒	ma fei zhong du	6
吗啡注射液	ma fei zhu she ye	3
吗替麦考酚酯	ma ti mai kao fen zhi	1
吗替麦考酚酯片	ma ti mai kao fen zhi pian	2
吗替麦考酚酯胶囊	ma ti mai kao fen zhi jiao nang	2
吗氯贝胺	ma lv bei an	16
吞噬体	tun shi ti	40
吞气症	tun qi zheng	3
吞饮	tun yin	12
吡哌酸	bi pai suan	4
吡啶甲酸	bi ding jia suan	27
吡喹酮	bi kui tong	25
吡喹酮片	bi kui tong pian	4
吡嗪酰胺	bi qin xian an	15
吡拉西坦	bi la xi tan	9
吡拉西坦片	bi la xi tan pian	2
吡柔比星	bi rou bi xing	2
吡格列酮	bi ge lie tong	18
吡罗昔康片	bi luo xi kang pian	3
吡美莫司	bi mei mo si	3
吡诺克辛	bi nuo ke xin	3
吡诺克辛钠滴眼液	bi nuo ke xin na di yan ye	2
吡贝地尔	bi bei di er	1
含氟牙膏	han fu ya gao	6
含氯消毒剂	han lv xiao du ji	3
含氯石灰	han lv shi hui	2
含牙囊肿	han ya nang zhong	3
含珠停	han zhu ting	3
含量均匀度	han liang jun yun du	1
含铁血黄素	han tie xue huang su	1
听会穴	ting hui xue	4
听宫	ting gong	3
听幻觉	ting huan jue	6
听性脑干反应	ting xing nao gan fan ying	1
听神经瘤	ting shen jing liu	8
听觉中枢	ting jue zhong shu	20
听觉过敏	ting jue guo min	30
听觉适应	ting jue shi ying	1
吮吸反射	shun xi fan she	7
吲哚美辛片	yin duo mei xin pian	3
吲哚美辛肠溶片	yin duo mei xin chang rong pian	2
吲达帕胺	yin da pa an	7
吲达帕胺片	yin da pa an pian	3
吴太咽炎片	wu tai yan yan pian	2
吴瑭	wu tang	2
吴祖泽	wu zu ze	5
吴茱萸汤	wu zhu yu tang	3
吴萸	wu yu	23
吴鞠通	wu ju tong	21
吸入性损伤	xi ru xing sun shang	6
吸入性炭疽	xi ru xing tan ju	13
吸入麻醉	xi ru ma zui	3
吸入麻醉药	xi ru ma zui yao	3
吸吮线虫病	xi shun xian chong bing	4
吸宫术	xi gong shu	1
吸引管	xi yin guan	5
吸收作用	xi shou zuo yong	28
吸收剂量	xi shou ji liang	36
吸收剂量率	xi shou ji liang lv	10
吸根	xi gen	4
吸虫病	xi chong bing	16
吸血昆虫	xi xue kun chong	10
吸附能	xi fu neng	2
呃逆	e ni	15
呆小病	dai xiao bing	5
告知义务	gao zhi yi wu	23
呋喃唑酮	fu nan zuo tong	20
呋喃唑酮片	fu nan zuo tong pian	4
呋喃坦啶	fu nan tan ding	2
呋喃妥因	fu nan tuo yin	20
呋喃妥因肠溶片	fu nan tuo yin chang rong pian	3
呋喃果糖苷酶	fu nan guo tang gan mei	3
呋喃甲醛	fu nan jia quan	3
呋喃硫胺	fu nan liu an	2
呋喃硫胺片	fu nan liu an pian	3
呋喃西林	fu nan xi lin	14
呋喃西林溶液	fu nan xi lin rong ye	1
呋塞米	fu sai mi	40
呋塞米注射液	fu sai mi zhu she ye	5
呋塞米片	fu sai mi pian	2
呋麻滴鼻液	fu ma di bi ye	1
呕吐中枢	ou tu zhong shu	12
周围性面瘫	zhou wei xing mian tan	1
周围神经病	zhou wei shen jing bing	43
周围血管疾病	zhou wei xue guan ji bing	15
周围血管病	zhou wei xue guan bing	7
周期性精神病	zhou qi xing jing shen bing	3
周期性麻痹	zhou qi xing ma bi	4
周氏回生丸	zhou shi hui sheng wan	2
周荣	zhou rong	9
呼吸孔	hu xi kong	35
呼吸根	hu xi gen	13
呼吸酶	hu xi mei	10
命名性失语	ming ming xing shi yu	8
命名性失语症	ming ming xing shi yu zheng	1
命门火衰	ming men huo shuai	1
命门穴	ming men xue	6
命题学习	ming ti xue xi	2
咀嚼片	ju jue pian	2
咀嚼肌	ju jue ji	30
和中理脾丸	he zhong li pi wan	2
和兴白花油	he xing bai hua you	27
和络舒肝胶囊	he luo shu gan jiao nang	2
和胃整肠丸	he wei zheng chang wan	2
和胃止痛	he wei zhi tong	5
和胃降逆	he wei jiang ni	5
和血明目片	he xue ming mu pian	3
和血胶囊	he xue jiao nang	2
和解少阳	he jie shao yang	2
咖啡斑	ka fei ban	7
咨询心理学	zi xun xin li xue	8
咪唑斯汀	mi zuo si ting	1
咪唑斯汀缓释片	mi zuo si ting huan shi pian	2
咪唑立宾片	mi zuo li bin pian	2
咪康唑	mi kang zuo	17
咪康唑氯倍他索乳膏	mi kang zuo lv bei ta suo ru gao	2
咪达唑仑注射液	mi da zuo lun zhu she ye	2
咬指甲	yao zhi jia	17
咬肌	yao ji	28
咬肌间隙感染	yao ji jian xi gan ran	3
咯血病	ka xue bing	4
咳喘	ke chuan	28
咳喘停膏	ke chuan ting gao	3
咳喘宁	ke chuan ning	1
咳喘宁口服液	ke chuan ning kou fu ye	3
咳喘宁胶囊	ke chuan ning jiao nang	4
咳喘舒片	ke chuan shu pian	3
咳嗽病	ke sou bing	7
咳嗽痰多	ke sou tan duo	11
咳宁糖浆	ke ning tang jiang	2
咳宁胶囊	ke ning jiao nang	3
咳必清	ke bi qing	6
咳欣康片	ke xin kang pian	4
咳特灵	ke te ling	4
咳特灵片	ke te ling pian	4
咳特灵胶囊	ke te ling jiao nang	6
咳痰	ke tan	30
咳痰清糖浆	ke tan qing tang jiang	2
咳舒糖浆	ke shu tang jiang	3
咳露口服液	ke lu kou fu ye	2
咽后壁脓肿	yan hou bi nong zhong	1
咽后间隙	yan hou jian xi	5
咽喉异物	yan hou yi wu	5
咽喉溃疡	yan hou kui yang	3
咽喉痛	yan hou tong	34
咽峡炎	yan xia yan	8
咽扁桃体	yan bian tao ti	4
咽旁间隙	yan pang jian xi	3
咽炎含片	yan yan han pian	3
咽炎清片	yan yan qing pian	2
咽炎片	yan yan pian	6
咽结膜热	yan jie mo re	1
咽肌痉挛	yan ji jing luan	1
咽部异感症	yan bu yi gan zheng	3
咽鼓管咽口	yan gu guan yan kou	5
品行障碍	pin xing zhang ai	32
哈乐胶囊	ha le jiao nang	2
哈勒曼	ha le man	1
哈蟆油	ha ma you	1
哈西奈德乳膏	ha xi nai de ru gao	2
哌唑嗪	pai zuo qin	2
哌喹	pai kui	1
哌拉西林	pai la xi lin	26
哌拉西林舒巴坦	pai la xi lin shu ba tan	4
哌拉西林钠	pai la xi lin na	1
哌拉西林钠舒巴坦钠	pai la xi lin na shu ba tan na	4
哑门	ya men	1
哑门穴	ya men xue	3
哨点医院	shao dian yi yuan	11
哨点监测	shao dian jian ce	1
哮吼	xiao hou	19
哮喘性支气管炎	xiao chuan xing zhi qi guan yan	4
哮喘持续状态	xiao chuan chi xu zhuang tai	2
哮喘胶囊	xiao chuan jiao nang	2
哮病	xiao bing	4
哮鸣音	xiao ming yin	2
唇外翻	chun wai fan	3
唇炎	chun yan	5
唇珠	chun zhu	2
唇疱疹	chun pao zhen	10
唇癌	chun ai	3
唇红缘	chun hong yuan	3
唇腺	chun xian	3
唇裂修复术	chun lie xiu fu shu	3
唇面	chun mian	14
唐宗海	tang zong hai	7
唐慎微	tang shen wei	16
唑来膦酸	zuo lai lin suan	6
唑来膦酸注射液	zuo lai lin suan zhu she ye	2
唯达宁	wei da ning	1
唾液检测	tuo ye jian ce	3
唾液淀粉酶	tuo ye dian fen mei	4
唾液管	tuo ye guan	3
唾液腺炎	tuo ye xian yan	2
唾液酸酶	tuo ye suan mei	1
商丘穴	shang qiu xue	1
商曲	shang qu	3
商阳	shang yang	4
商阳穴	shang yang xue	1
啰音	luo yin	9
善存银片	shan cun yin pian	4
善宁	shan ning	3
喉上神经	hou shang shen jing	1
喉关	hou guan	3
喉咽	hou yan	9
喉咽清口服液	hou yan qing kou fu ye	2
喉囊肿	hou nang zhong	5
喉头水肿	hou tou shui zhong	8
喉室	hou shi	4
喉息肉	hou xi rou	1
喉气管炎	hou qi guan yan	12
喉水肿	hou shui zhong	1
喉爽	hou shuang	5
喉狭窄	hou xia zhai	3
喉疾灵胶囊	hou ji ling jiao nang	3
喉痉挛	hou jing luan	6
喉痛灵片	hou tong ling pian	2
喉痹	hou bi	13
喉瘤	hou liu	1
喉白斑病	hou bai ban bing	2
喉结核	hou jie he	7
喉罩	hou zhao	4
喉肌	hou ji	2
喉腔	hou qiang	15
喉角化症	hou jiao hua zheng	3
喉返神经	hou fan shen jing	43
喉返神经损伤	hou fan shen jing sun shang	1
喉镜	hou jing	33
喘咳宁片	chuan ke ning pian	3
喘定	chuan ding	3
喘息灵胶囊	chuan xi ling jiao nang	2
喘病	chuan bing	4
喘络通胶囊	chuan luo tong jiao nang	3
喙突	hui tu	38
喜保福宁	xi bao fu ning	3
喜山鬣蜥	xi shan lie xi	2
喜树碱	xi shu jian	26
喜炎平注射液	xi yan ping zhu she ye	7
喜阴植物	xi yin zhi wu	1
喷射性呕吐	pen she xing ou tu	3
喷托维林	pen tuo wei lin	3
喷昔洛韦	pen xi luo wei	17
喷替酸钙钠	pen ti suan gai na	2
喷砂机	pen sha ji	14
喷砂洁牙机	pen sha jie ya ji	4
嗅沟脑膜瘤	xiu gou nao mo liu	4
嗅细胞	xiu xi bao	4
嗅觉丧失	xiu jue sang shi	25
嗅觉倒错	xiu jue dao cuo	3
嗅觉感受器	xiu jue gan shou qi	12
嗅觉障碍	xiu jue zhang ai	5
嗜中性粒细胞	shi zhong xing li xi bao	35
嗜人按蚊	shi ren an wen	4
嗜眠	shi mian	8
嗜眠症	shi mian zheng	3
嗜肺军团菌	shi fei jun tuan jun	34
嗜血分枝杆菌	shi xue fen zhi gan jun	1
嗜酸乳杆菌	shi suan ru gan jun	11
嗜酸性细胞	shi suan xing xi bao	6
嗜酸性肉芽肿	shi suan xing rou ya zhong	3
嗜酸细胞	shi suan xi bao	14
嗜铬细胞瘤	shi ge xi bao liu	40
嗳气	ai qi	13
嘌呤霉素	piao ling mei su	10
噎膈	ye ge	4
器官培养	qi guan pei yang	3
器械体操	qi xie ti cao	13
器质性精神病	qi zhi xing jing shen bing	11
器质性精神障碍	qi zhi xing jing shen zhang ai	5
噪声聋	zao sheng long	6
噻吗心安	sai ma xin an	1
噻吗洛尔	sai ma luo er	8
噻嗪类利尿药	sai qin lei li niao yao	23
噻嘧啶	sai mi ding	5
噻托溴铵	sai tuo xiu an	4
囊尾蚴病	nang wei you bing	3
囊性纤维化	nang xing xian wei hua	39
囊斑	nang ban	4
囊肿性痤疮	nang zhong xing cuo chuang	3
囊腺瘤	nang xian liu	21
囊虫抗体	nang chong kang ti	2
四乙基铅中毒	si yi ji qian zhong du	2
四免一关怀	si mian yi guan huai	1
四分体	si fen ti	22
四君子丸	si jun zi wan	2
四君子汤	si jun zi tang	12
四妙丸	si miao wan	1
四季感冒片	si ji gan mao pian	1
四季感冒胶囊	si ji gan mao jiao nang	4
四季青片	si ji qing pian	3
四方胃胶囊	si fang wei jiao nang	3
四气	si qi	8
四氢帕马丁	si qing pa ma ding	3
四消丸	si xiao wan	4
四满	si man	5
四物汤	si wu tang	25
四物膏	si wu gao	2
四物颗粒	si wu ke li	3
四环素片	si huan su pian	3
四环素牙	si huan su ya	3
四环素眼膏	si huan su yan gao	4
四环素软膏	si huan su ruan gao	3
四白	si bai	8
四磨汤	si mo tang	1
四磨汤口服液	si mo tang kou fu ye	6
四神丸	si shen wan	2
四神聪	si shen cong	1
四缝	si feng	1
四缝穴	si feng xue	4
四肢瘫	si zhi tan	6
四肢骨	si zhi gu	12
四诊	si zhen	26
四诊法	si zhen fa	6
四逆散	si ni san	2
四逆汤	si ni tang	13
回复突变	hui fu tu bian	2
回天再造丸	hui tian zai zao wan	2
回春如意胶囊	hui chun ru yi jiao nang	1
回春胶囊	hui chun jiao nang	2
回植	hui zhi	7
回流法	hui liu fa	3
回状头皮	hui zhuang tou pi	3
回生再造丸	hui sheng zai zao wan	3
回生甘露丸	hui sheng gan lu wan	3
回生第一丹胶囊	hui sheng di yi dan jiao nang	3
回盲部	hui mang bu	6
回苏林	hui su lin	2
回苏灵	hui su ling	1
回避型人格障碍	hui bi xing ren ge zhang ai	26
回阳救逆	hui yang jiu ni	3
回音必	hui yin bi	5
因果联想	yin guo lian xiang	3
园艺疗法	yuan yi liao fa	5
围产期	wei chan qi	40
围产期保健	wei chan qi bao jian	1
围术期	wei shu qi	1
固体培养基	gu ti pei yang ji	20
固元颗粒	gu yuan ke li	2
固原地区	gu yuan di qu	19
固定义齿	gu ding yi chi	7
固定修复	gu ding xiu fu	7
固定性药疹	gu ding xing yao zhen	2
固定桥	gu ding qiao	2
固定矫治器	gu ding jiao zhi qi	4
固本丸	gu ben wan	1
固本咳喘片	gu ben ke chuan pian	3
固本咳喘胶囊	gu ben ke chuan jiao nang	4
固本回元口服液	gu ben hui yuan kou fu ye	2
固本延龄丸	gu ben yan ling wan	5
固本强身胶囊	gu ben qiang shen jiao nang	4
固本益肠片	gu ben yi chang pian	3
固沙植物	gu sha zhi wu	9
固精丸	gu jing wan	1
固精麦斯哈片	gu jing mai si ha pian	2
固肠止泻丸	gu chang zhi xie wan	3
固肠胶囊	gu chang jiao nang	2
固肾生发丸	gu shen sheng fa wan	3
固表止汗	gu biao zhi han	3
国公酒	guo gong jiu	1
国际医药贸易	guo ji yi yao mao yi	2
国际口腔种植学会	guo ji kou qiang zhong zhi xue hui	6
图距	tu ju	3
圆球体	yuan qiu ti	15
圈套器	quan tao qi	6
土地测绘	tu di ce hui	7
土壤剖面	tu rang pou mian	26
土壤动物	tu rang dong wu	22
土壤形成	tu rang xing cheng	39
土壤改良剂	tu rang gai liang ji	16
土壤热	tu rang re	2
土壤质地	tu rang zhi di	16
土大黄	tu da huang	2
土大黄苷	tu da huang gan	2
土木香	tu mu xiang	11
土茯苓	tu fu ling	25
土荆芥	tu jing jie	12
土贝母	tu bei mu	1
土霉素片	tu mei su pian	4
土霉素钙	tu mei su gai	2
土鳖虫	tu bie chong	8
圣通平	sheng tong ping	3
在线清洗	zai xian qing xi	4
地丁三味汤散	di ding san wei tang san	4
地丁草	di ding cao	2
地不容	di bu rong	24
地中海热	di zhong hai re	22
地五会	di wu hui	1
地仓	di cang	6
地图舌	di tu she	1
地塞米松注射液	di sai mi song zhu she ye	3
地塞米松片	di sai mi song pian	4
地塞米松磷酸钠	di sai mi song lin suan na	1
地塞米松磷酸钠注射液	di sai mi song lin suan na zhu she ye	5
地奥司明	di ao si ming	2
地奥司明片	di ao si ming pian	4
地奥心血康	di ao xin xue kang	1
地奥心血康胶囊	di ao xin xue kang jiao nang	6
地奥心血康软胶囊	di ao xin xue kang ruan jiao nang	3
地尔硫卓	di er liu zhuo	13
地屈孕酮	di qu yun tong	6
地屈孕酮片	di qu yun tong pian	3
地巴唑	di ba zuo	3
地方性克汀病	di fang xing ke ting bing	4
地方性斑疹伤寒	di fang xing ban zhen shang han	12
地方性氟中毒	di fang xing fu zhong du	5
地方性氟病	di fang xing fu bing	2
地方性甲状腺肿	di fang xing jia zhuang xian zhong	20
地方性砷中毒	di fang xing shen zhong du	3
地方病学	di fang bing xue	6
地昔帕明	di xi pa ming	3
地机穴	di ji xue	4
地板效应	di ban xiao ying	1
地枫皮	di feng pi	4
地榆槐角丸	di yu huai jiao wan	3
地氯雷他定	di lv lei ta ding	2
地氯雷他定片	di lv lei ta ding pian	2
地瓜藤	di gua teng	5
地磁气	di ci qi	4
地红霉素	di hong mei su	2
地红霉素肠溶片	di hong mei su chang rong pian	3
地肤子	di fu zi	4
地芍消渴颗粒	di shao xiao ke ke li	2
地芬尼多	di fen ni duo	1
地芬诺酯	di fen nuo zhi	3
地蒽酚	di en fen	4
地衣芽孢杆菌活菌胶囊	di yi ya bao gan jun huo jun jiao nang	2
地西泮注射液	di xi pan zhu she ye	4
地西泮片	di xi pan pian	6
地诺前列素	di nuo qian lie su	1
地诺前列酮	di nuo qian lie tong	3
地锦草	di jin cao	10
地骨皮	di gu pi	10
地高辛片	di gao xin pian	6
地高辛酏剂	di gao xin yi ji	2
地黄	di huang	9
地黄饮子	di huang yin zi	4
地龙注射液	di long zhu she ye	3
场依存性	chang yi cun xing	3
均质性	jun zhi xing	13
坎地沙坦酯片	kan di sha tan zhi pian	1
坏死性外耳道炎	huai si xing wai er dao yan	2
坏死性筋膜炎	huai si xing jin mo yan	40
坏死性肠炎	huai si xing chang yan	2
坏疽性胆囊炎	huai ju xing dan nang yan	3
坏疽性脓皮病	huai ju xing nong pi bing	4
坏胆固醇	huai dan gu chun	15
坐珠达西	zuo zhu da xi	4
坐骨大孔	zuo gu da kong	4
坐骨神经损伤	zuo gu shen jing sun shang	4
坐骨神经痛	zuo gu shen jing tong	48
坐骨腰痛丸	zuo gu yao tong wan	4
坠积性肺炎	zhui ji xing fei yan	2
坠落伤	zhui luo shang	2
坦度螺酮	tan du luo tong	4
垂体后叶素	chui ti hou ye su	1
垂体微腺瘤	chui ti wei xian liu	4
垂体性侏儒	chui ti xing zhu ru	3
垂体窝	chui ti wo	10
垂体细胞	chui ti xi bao	3
垂盆草	chui pen cao	4
垂直传播	chui zhi chuan bo	30
垂直传递	chui zhi chuan di	1
垂直感染	chui zhi gan ran	18
垫上运动	dian shang yun dong	1
埃博拉出血热	ai bo la chu xue re	48
埃博拉病毒病	ai bo la bing du bing	2
埃及伊蚊	ai ji yi wen	24
埃可病毒	ai ke bing du	6
埃可病毒感染	ai ke bing du gan ran	4
埃索美拉唑	ai suo mei la zuo	14
埃索美拉唑镁肠溶片	ai suo mei la zuo mei chang rong pian	3
埋伏牙	mai fu ya	2
培元通脑胶囊	pei yuan tong nao jiao nang	2
培养瓶	pei yang ping	8
培哚普利	pei duo pu li	9
培哚普利吲达帕胺片	pei duo pu li yin da pa an pian	2
培哚普利片	pei duo pu li pian	3
培植牛黄	pei zhi niu huang	5
培氟沙星	pei fu sha xing	2
培美曲塞二钠	pei mei qu sai er na	1
培高利特	pei gao li te	2
基因传递	ji yin chuan di	14
基因位点	ji yin wei dian	29
基因定位	ji yin ding wei	14
基因工程干扰素	ji yin gong cheng gan rao su	2
基因座位	ji yin zuo wei	5
基因扩增	ji yin kuo zeng	8
基因拷贝	ji yin kao bei	21
基因簇	ji yin cu	43
基因组文库	ji yin zu wen ku	6
基因诊断	ji yin zhen duan	20
基因重组疫苗	ji yin chong zu yi miao	1
基因频率	ji yin pin lv	45
基底动脉	ji di dong mai	18
基底神经节	ji di shen jing jie	28
基底细胞上皮瘤	ji di xi bao shang pi liu	3
基底细胞瘤	ji di xi bao liu	1
基托	ji tuo	8
基本组织	ji ben zu zhi	8
基础代谢	ji chu dai xie	10
基础代谢率	ji chu dai xie lv	39
基础化学	ji chu hua xue	46
基础护理学	ji chu hu li xue	3
基础护理技术	ji chu hu li ji shu	2
基础生命支持	ji chu sheng ming zhi chi	3
基础药理学	ji chu yao li xue	2
基础麻醉	ji chu ma zui	1
基线调查	ji xian diao cha	5
基膜	ji mo	22
基质细胞	ji zhi xi bao	29
堆积岩	dui ji yan	48
塞克硝唑	sai ke xiao zuo	4
塞曲司特片	sai qu si te pian	3
塞来昔布	sai lai xi bu	12
塞洛唑啉	sai luo zuo lin	4
塞隆风湿胶囊	sai long feng shi jiao nang	3
塞隆骨	sai long gu	3
塞雪风湿胶囊	sai xue feng shi jiao nang	3
增强子	zeng qiang zi	4
增效联磺片	zeng xiao lian huang pian	4
增溶剂	zeng rong ji	8
增生性息肉	zeng sheng xing xi rou	4
增生性瘢痕	zeng sheng xing ban hen	4
壅积	yong ji	4
士的宁	shi di ning	22
壬二酸	ren er suan	32
壬苯醇醚	ren ben chun mi	12
壬苯醇醚凝胶	ren ben chun mi ning jiao	3
壬苯醇醚膜	ren ben chun mi mo	3
壮元补身酒	zhuang yuan bu shen jiu	2
壮腰健肾丸	zhuang yao jian shen wan	5
壮腰补肾丸	zhuang yao bu shen wan	4
壮阳春胶囊	zhuang yang chun jiao nang	2
壮骨伸筋胶囊	zhuang gu shen jin jiao nang	1
壮骨关节丸	zhuang gu guan jie wan	2
壮骨关节胶囊	zhuang gu guan jie jiao nang	2
壮骨药酒	zhuang gu yao jiu	2
壮骨麝香止痛膏	zhuang gu she xiang zhi tong gao	2
声嘶	sheng si	13
声囊	sheng nang	40
声带囊肿	sheng dai nang zhong	15
声带小结	sheng dai xiao jie	2
声带息肉	sheng dai xi rou	14
声带炎	sheng dai yan	7
声带白斑	sheng dai bai ban	3
声带麻痹	sheng dai ma bi	2
声影	sheng ying	17
声门水肿	sheng men shui zhong	1
处女膜闭锁	chu nv mo bi suo	5
处方管理办法	chu fang guan li ban fa	5
备皮刀	bei pi dao	3
复制型	fu zhi xing	12
复制子	fu zhi zi	3
复制起点	fu zhi qi dian	39
复发性多软骨炎	fu fa xing duo ruan gu yan	3
复发性阿弗他溃疡	fu fa xing a fu ta kui yang	2
复合乳酸菌胶囊	fu he ru suan jun jiao nang	2
复合伤	fu he shang	2
复合剂	fu he ji	4
复合因子	fu he yin zi	4
复合性溃疡	fu he xing kui yang	2
复合树脂	fu he shu zhi	2
复合痣	fu he zhi	3
复合维生素	fu he wei sheng su	38
复性	fu xing	6
复方一枝蒿颗粒	fu fang yi zhi hao ke li	3
复方万年青胶囊	fu fang wan nian qing jiao nang	2
复方三七片	fu fang san qi pian	2
复方三七胶囊	fu fang san qi jiao nang	3
复方两面针含片	fu fang liang mian zhen han pian	3
复方丹参	fu fang dan shen	1
复方丹参丸	fu fang dan shen wan	3
复方丹参注射液	fu fang dan shen zhu she ye	3
复方丹参滴丸	fu fang dan shen di wan	10
复方丹参片	fu fang dan shen pian	4
复方丹参颗粒	fu fang dan shen ke li	3
复方乙酰水杨酸	fu fang yi xian shui yang suan	2
复方五味子酊	fu fang wu wei zi ding	2
复方党参片	fu fang dang shen pian	3
复方公英胶囊	fu fang gong ying jiao nang	3
复方利血平氨苯蝶啶	fu fang li xue ping an ben die ding	2
复方利血平氨苯蝶啶片	fu fang li xue ping an ben die ding pian	4
复方利血平片	fu fang li xue ping pian	6
复方北五味子片	fu fang bei wu wei zi pian	2
复方北豆根氨酚那敏片	fu fang bei dou gen an fen na min pian	2
复方南板蓝根颗粒	fu fang nan ban lan gen ke li	2
复方卡托普利片	fu fang ka tuo pu li pian	3
复方双花片	fu fang shuang hua pian	3
复方可待因口服溶液	fu fang ke dai yin kou fu rong ye	3
复方吉祥草含片	fu fang ji xiang cao han pian	2
复方和血丸	fu fang he xue wan	2
复方咳喘胶囊	fu fang ke chuan jiao nang	3
复方嗜酸乳杆菌片	fu fang shi suan ru gan jun pian	2
复方土槿皮酊	fu fang tu jin pi ding	3
复方地塞米松乳膏	fu fang di sai mi song ru gao	3
复方地芬诺酯	fu fang di fen nuo zhi	4
复方地芬诺酯片	fu fang di fen nuo zhi pian	5
复方地茯口服液	fu fang di fu kou fu ye	2
复方太子参止咳益气散	fu fang tai zi shen zhi ke yi qi san	2
复方太子参颗粒	fu fang tai zi shen ke li	3
复方奎宁注射液	fu fang kui ning zhu she ye	2
复方妥英麻黄茶碱片	fu fang tuo ying ma huang cha jian pian	2
复方对乙酰氨基酚片	fu fang dui yi xian an ji fen pian	3
复方山莨菪碱软膏	fu fang shan lang dang jian ruan gao	2
复方岗稔片	fu fang gang ren pian	3
复方川贝精片	fu fang chuan bei jing pian	3
复方左炔诺孕酮	fu fang zuo que nuo yun tong	3
复方布洛伪麻缓释片	fu fang bu luo wei ma huan shi pian	4
复方康纳乐霜	fu fang kang na le shuang	2
复方当归注射液	fu fang dang gui zhu she ye	6
复方感冒灵片	fu fang gan mao ling pian	5
复方感冒灵胶囊	fu fang gan mao ling jiao nang	2
复方感冒灵颗粒	fu fang gan mao ling ke li	1
复方感冒片	fu fang gan mao pian	2
复方感冒胶囊	fu fang gan mao jiao nang	2
复方手参益智胶囊	fu fang shou shen yi zhi jiao nang	2
复方斑蝥胶囊	fu fang ban mao jiao nang	2
复方新诺明	fu fang xin nuo ming	12
复方新霉素软膏	fu fang xin mei su ruan gao	3
复方曲安奈德乳膏	fu fang qu an nai de ru gao	3
复方木尼孜其颗粒	fu fang mu ni zi qi ke li	3
复方木香小檗碱片	fu fang mu xiang xiao bo jian pian	2
复方杏香兔耳风	fu fang xing xiang tu er feng	3
复方杏香兔耳风胶囊	fu fang xing xiang tu er feng jiao nang	4
复方杜仲健骨颗粒	fu fang du zhong jian gu ke li	4
复方杜仲胶囊	fu fang du zhong jiao nang	3
复方板蓝根颗粒	fu fang ban lan gen ke li	1
复方枣仁胶囊	fu fang zao ren jiao nang	3
复方枸橼酸铁铵糖浆	fu fang ju yuan suan tie an tang jiang	2
复方柳菊片	fu fang liu ju pian	3
复方柴胡安神颗粒	fu fang chai hu an shen ke li	2
复方桐叶烧伤油	fu fang tong ye shao shang you	2
复方桔梗止咳片	fu fang jie geng zhi ke pian	2
复方桔梗麻黄碱糖浆	fu fang jie geng ma huang jian tang jiang	3
复方樟脑乳膏	fu fang zhang nao ru gao	2
复方樟脑酊	fu fang zhang nao ding	2
复方氟米松软膏	fu fang fu mi song ruan gao	2
复方氢氧化铝片	fu fang qing yang hua lv pian	4
复方氨基比林注射液	fu fang an ji bi lin zhu she ye	3
复方氨基酸	fu fang an ji suan	1
复方氨基酸注射液	fu fang an ji suan zhu she ye	4
复方氨敏虎杖胶囊	fu fang an min hu zhang jiao nang	2
复方氨林巴比妥注射液	fu fang an lin ba bi tuo zhu she ye	3
复方氨维胶囊	fu fang an wei jiao nang	3
复方氨酚愈敏口服溶液	fu fang an fen yu min kou fu rong ye	2
复方氨酚烷胺	fu fang an fen wan an	5
复方氨酚烷胺片	fu fang an fen wan an pian	5
复方氨酚烷胺胶囊	fu fang an fen wan an jiao nang	6
复方氨酚烷胺颗粒	fu fang an fen wan an ke li	1
复方氨酚苯海拉明片	fu fang an fen ben hai la ming pian	4
复方氯化钠	fu fang lv hua na	3
复方氯化钠注射液	fu fang lv hua na zhu she ye	2
复方氯唑沙宗片	fu fang lv zuo sha zong pian	2
复方氯已定含漱液	fu fang lv yi ding han shu ye	2
复方氯霉素阴道泡腾片	fu fang lv mei su yin dao pao teng pian	2
复方水杨酸溶液	fu fang shui yang suan rong ye	2
复方泛影葡胺注射液	fu fang fan ying pu an zhu she ye	3
复方消化酶	fu fang xiao hua mei	4
复方消化酶胶囊	fu fang xiao hua mei jiao nang	4
复方炉甘石外用散	fu fang lu gan shi wai yong san	2
复方炉甘石洗剂	fu fang lu gan shi xi ji	4
复方炔诺酮片	fu fang que nuo tong pian	4
复方热敷散	fu fang re fu san	2
复方熊胆乙肝胶囊	fu fang xiong dan yi gan jiao nang	2
复方熊胆通鼻喷雾剂	fu fang xiong dan tong bi pen wu ji	2
复方牵正膏	fu fang qian zheng gao	2
复方玄驹胶囊	fu fang xuan ju jiao nang	3
复方珍珠口疮颗粒	fu fang zhen zhu kou chuang ke li	3
复方甘草	fu fang gan cao	4
复方甘草口服液	fu fang gan cao kou fu ye	5
复方甘草口服溶液	fu fang gan cao kou fu rong ye	5
复方甘草合剂	fu fang gan cao he ji	6
复方甘草含片	fu fang gan cao han pian	3
复方甘草片	fu fang gan cao pian	2
复方甘草酸单铵注射液	fu fang gan cao suan dan an zhu she ye	2
复方甘草酸苷	fu fang gan cao suan gan	3
复方甘草酸苷片	fu fang gan cao suan gan pian	3
复方甘草麻黄碱片	fu fang gan cao ma huang jian pian	3
复方甲地孕酮片	fu fang jia di yun tong pian	2
复方甲氧那明胶囊	fu fang jia yang na ming jiao nang	4
复方甲硝唑阴道栓	fu fang jia xiao zuo yin dao shuan	2
复方百部止咳糖浆	fu fang bai bu zhi ke tang jiang	2
复方益母口服液	fu fang yi mu kou fu ye	3
复方益母草膏	fu fang yi mu cao gao	3
复方益肝丸	fu fang yi gan wan	2
复方盐酸阿米洛利片	fu fang yan suan a mi luo li pian	2
复方石韦胶囊	fu fang shi wei jiao nang	2
复方硫酸新霉素	fu fang liu suan xin mei su	3
复方硫酸新霉素滴眼液	fu fang liu suan xin mei su di yan ye	2
复方硫酸软骨素滴眼液	fu fang liu suan ruan gu su di yan ye	2
复方硫黄乳膏	fu fang liu huang ru gao	2
复方硼砂溶液	fu fang peng sha rong ye	3
复方碳酸钙颗粒	fu fang tan suan gai ke li	3
复方磷酸可待因	fu fang lin suan ke dai yin	2
复方磷酸可待因溶液	fu fang lin suan ke dai yin rong ye	5
复方磷酸可待因片	fu fang lin suan ke dai yin pian	2
复方磷酸可待因糖浆	fu fang lin suan ke dai yin tang jiang	3
复方磺胺甲恶唑	fu fang huang an jia e zuo	4
复方磺胺甲恶唑分散片	fu fang huang an jia e zuo fen san pian	2
复方磺胺甲恶唑注射液	fu fang huang an jia e zuo zhu she ye	4
复方磺胺甲恶唑片	fu fang huang an jia e zuo pian	3
复方福尔可定口服溶液	fu fang fu er ke ding kou fu rong ye	3
复方穿心莲片	fu fang chuan xin lian pian	2
复方米非司酮片	fu fang mi fei si tong pian	3
复方红豆杉胶囊	fu fang hong dou shan jiao nang	3
复方罗布麻片	fu fang luo bu ma pian	2
复方罗汉果止咳冲剂	fu fang luo han guo zhi ke chong ji	2
复方罗汉果清肺颗粒	fu fang luo han guo qing fei ke li	3
复方羚角降压片	fu fang ling jiao jiang ya pian	2
复方聚维酮碘搽剂	fu fang ju wei tong dian cha ji	5
复方肝浸膏片	fu fang gan jin gao pian	4
复方肝浸膏糖浆	fu fang gan jin gao tang jiang	2
复方肝浸膏胶囊	fu fang gan jin gao jiao nang	3
复方胃宁胶囊	fu fang wei ning jiao nang	3
复方胃膜素胶囊	fu fang wei mo su jiao nang	2
复方胃蛋白酶散	fu fang wei dan bai mei san	3
复方胃蛋白酶颗粒	fu fang wei dan bai mei ke li	3
复方胚肝铁铵片	fu fang pei gan tie an pian	2
复方脑蛋白水解物片	fu fang nao dan bai shui jie wu pian	3
复方芦丁片	fu fang lu ding pian	2
复方芦荟胶囊	fu fang lu hui jiao nang	4
复方苦参注射液	fu fang ku shen zhu she ye	4
复方苦参洗剂	fu fang ku shen xi ji	2
复方苦木消炎片	fu fang ku mu xiao yan pian	2
复方苯佐卡因凝胶	fu fang ben zuo ka yin ning jiao	2
复方苯佐卡因软膏	fu fang ben zuo ka yin ruan gao	2
复方苯海拉明搽剂	fu fang ben hai la ming cha ji	2
复方苯甲酸软膏	fu fang ben jia suan ruan gao	2
复方苯甲酸酊	fu fang ben jia suan ding	3
复方茶碱麻黄碱	fu fang cha jian ma huang jian	2
复方茶碱麻黄碱片	fu fang cha jian ma huang jian pian	6
复方荆芥熏洗剂	fu fang jing jie xun xi ji	2
复方草珊瑚含片	fu fang cao shan hu han pian	2
复方莪术油软胶囊	fu fang e zhu you ruan jiao nang	2
复方蒲公英注射液	fu fang pu gong ying zhu she ye	3
复方蒲芩片	fu fang pu qin pian	2
复方蒿甲醚	fu fang hao jia mi	10
复方薄荷脑	fu fang bo he nao	1
复方薄荷脑软膏	fu fang bo he nao ruan gao	3
复方藏红花油	fu fang zang hong hua you	3
复方虫草口服液	fu fang chong cao kou fu ye	2
复方蚂蚁活络胶囊	fu fang ma yi huo luo jiao nang	4
复方蛇胆川贝散	fu fang she dan chuan bei san	2
复方蛇胆川贝末	fu fang she dan chuan bei mo	2
复方蛤青胶囊	fu fang ge qing jiao nang	3
复方血栓通胶囊	fu fang xue shuan tong jiao nang	4
复方血栓通软胶囊	fu fang xue shuan tong ruan jiao nang	2
复方补骨脂颗粒	fu fang bu gu zhi ke li	2
复方西羚解毒片	fu fang xi ling jie du pian	3
复方角菜酸酯栓	fu fang jiao cai suan zhi shuan	2
复方谷氨酰胺	fu fang gu an xian an	2
复方谷氨酰胺颗粒	fu fang gu an xian an ke li	2
复方贝母氯化铵片	fu fang bei mu lv hua an pian	3
复方酮康唑乳膏	fu fang tong kang zuo ru gao	3
复方酮康唑发用洗剂	fu fang tong kang zuo fa yong xi ji	2
复方酮康唑软膏	fu fang tong kang zuo ruan gao	3
复方醋酸地塞米松乳膏	fu fang cu suan di sai mi song ru gao	4
复方醋酸氟轻松酊	fu fang cu suan fu qing song ding	2
复方醋酸甲地孕酮片	fu fang cu suan jia di yun tong pian	3
复方金银花颗粒	fu fang jin yin hua ke li	1
复方铝酸铋片	fu fang lv suan bi pian	3
复方银杏通脉口服液	fu fang yin xing tong mai kou fu ye	2
复方银翘氨敏胶囊	fu fang yin qiao an min jiao nang	2
复方门冬维甘滴眼液	fu fang men dong wei gan di yan ye	3
复方阿司匹林	fu fang a si pi lin	1
复方阿司匹林片	fu fang a si pi lin pian	2
复方阿嗪米特肠溶片	fu fang a qin mi te chang rong pian	3
复方阿米三嗪片	fu fang a mi san qin pian	6
复方阿胶浆	fu fang e jiao jiang	1
复方陈香胃片	fu fang chen xiang wei pian	2
复方降压片	fu fang jiang ya pian	1
复方青果颗粒	fu fang qing guo ke li	2
复方青黛丸	fu fang qing dai wan	4
复方风湿宁片	fu fang feng shi ning pian	2
复方驱虫斑鸠菊丸	fu fang qu chong ban jiu ju wan	3
复方骨肽注射液	fu fang gu tai zhu she ye	4
复方鱼腥草合剂	fu fang yu xing cao he ji	1
复方鱼腥草胶囊	fu fang yu xing cao jiao nang	2
复方鱼腥草软胶囊	fu fang yu xing cao ruan jiao nang	2
复方鲜竹沥液	fu fang xian zhu li ye	4
复方鳖甲软肝片	fu fang bie jia ruan gan pian	4
复方鹿仙草颗粒	fu fang lu xian cao ke li	2
复方黄松洗液	fu fang huang song xi ye	2
复方黄柏液	fu fang huang bai ye	2
复方黄莲素片	fu fang huang lian su pian	2
复方黄藤洗液	fu fang huang teng xi ye	2
复方黄连素片	fu fang huang lian su pian	5
复方鼻炎膏	fu fang bi yan gao	4
复方龙胆碳酸氢钠片	fu fang long dan tan suan qing na pian	2
复明片	fu ming pian	4
复明胶囊	fu ming jiao nang	4
复溜	fu liu	2
复溜穴	fu liu xue	1
复肾宁胶囊	fu shen ning jiao nang	3
复脉定胶囊	fu mai ding jiao nang	2
复脉汤	fu mai tang	1
复色	fu se	17
夏天无	xia tian wu	5
夏天无滴眼液	xia tian wu di yan ye	2
夏天无片	xia tian wu pian	3
夏季热	xia ji re	7
夏季皮炎	xia ji pi yan	6
夏枯草	xia ku cao	49
夏枯草口服液	xia ku cao kou fu ye	3
夏枯草胶囊	xia ku cao jiao nang	2
夏枯草膏	xia ku cao gao	3
夏桑菊颗粒	xia sang ju ke li	5
夏眠	xia mian	41
夏科	xia ke	6
夏鸟	xia niao	3
外上髁	wai shang ke	16
外伤性白内障	wai shang xing bai nei zhang	7
外侧半月板	wai ce ban yue ban	10
外关	wai guan	6
外关穴	wai guan xue	6
外分泌腺	wai fen mi xian	40
外劳宫	wai lao gong	4
外台秘要	wai tai mi yao	33
外周阻力	wai zhou zu li	11
外周静脉压	wai zhou jing mai ya	2
外展神经	wai zhan shen jing	19
外感风寒	wai gan feng han	19
外感风寒颗粒	wai gan feng han ke li	3
外斐氏反应	wai fei shi fan ying	2
外斜视	wai xie shi	20
外显率	wai xian lv	7
外显记忆	wai xian ji yi	35
外板	wai ban	8
外毒素	wai du su	44
外源凝集素	wai yuan ning ji su	1
外源基因	wai yuan ji yin	19
外源性感染	wai yuan xing gan ran	4
外照射急性放射病	wai zhao she ji xing fang she bing	2
外照射慢性放射病	wai zhao she man xing fang she bing	4
外用应急软膏	wai yong ying ji ruan gao	2
外用无敌膏	wai yong wu di gao	3
外科护理学	wai ke hu li xue	4
外科疾病	wai ke ji bing	4
外翻足	wai fan zu	1
外耳道乳头状瘤	wai er dao ru tou zhuang liu	3
外耳道异物	wai er dao yi wu	5
外耳道疖	wai er dao jie	3
外耳道胆脂瘤	wai er dao dan zhi liu	1
外耳道闭锁	wai er dao bi suo	5
外胚层发育不良	wai pei ceng fa yu bu liang	6
外踝尖	wai huai jian	1
外邪	wai xie	14
外阴尖锐湿疣	wai yin jian rui shi you	3
外阴溃疡	wai yin kui yang	2
外阴炎	wai yin yan	12
外阴瘙痒	wai yin sao yang	4
外阴癌根治术	wai yin ai gen zhi shu	4
外阴白色病变	wai yin bai se bing bian	2
外阴萎缩	wai yin wei suo	3
外阴营养不良	wai yin ying yang bu liang	4
外阴阴道炎	wai yin yin dao yan	13
外隐斜	wai yin xie	1
外鼻	wai bi	6
多不饱和脂肪酸	duo bu bao he zhi fang suan	29
多乐士	duo le shi	13
多乳房	duo ru fang	4
多价疫苗	duo jia yi miao	3
多元分析	duo yuan fen xi	7
多克隆抗体	duo ke long kang ti	26
多功能酶	duo gong neng mei	6
多动宁胶囊	duo dong ning jiao nang	2
多发伤	duo fa shang	2
多发性大动脉炎	duo fa xing da dong mai yan	2
多发性神经纤维瘤	duo fa xing shen jing xian wei liu	3
多发性肌炎	duo fa xing ji yan	11
多发性肾结石	duo fa xing shen jie shi	4
多发性脂肪瘤	duo fa xing zhi fang liu	1
多发性脑梗塞	duo fa xing nao geng se	3
多发性骨折	duo fa xing gu zhe	2
多器官功能衰竭	duo qi guan gong neng shuai jie	27
多囊卵巢综合征	duo nang luan chao zong he zheng	12
多囊肝	duo nang gan	6
多囊肾	duo nang shen	44
多基因病	duo ji yin bing	3
多塞平	duo se ping	5
多奈哌齐	duo nai pai qi	24
多寐	duo mei	4
多尿	duo niao	46
多巴丝肼	duo ba si jing	3
多巴丝肼片	duo ba si jing pian	3
多廿烷醇	duo nian wan chun	2
多形性日光疹	duo xing xing ri guang zhen	3
多形性红斑	duo xing xing hong ban	10
多形性胶质母细胞瘤	duo xing xing jiao zhi mu xi bao liu	4
多形红斑	duo xing hong ban	4
多态现象	duo tai xian xiang	1
多指	duo zhi	10
多普勒检查	duo pu le jian cha	3
多毛	duo mao	8
多毛症	duo mao zheng	46
多汗症	duo han zheng	19
多沙唑嗪	duo sha zuo qin	1
多潘立酮分散片	duo pan li tong fen san pian	4
多潘立酮片	duo pan li tong pian	6
多潜能性	duo qian neng xing	7
多烯磷脂酰胆碱	duo xi lin zhi xian dan jian	2
多烯磷脂酰胆碱胶囊	duo xi lin zhi xian dan jian jiao nang	3
多烯紫杉醇	duo xi zi shan chun	2
多烯酸乙酯	duo xi suan yi zhi	2
多生牙	duo sheng ya	5
多生齿	duo sheng chi	3
多瘤病毒	duo liu bing du	19
多粘菌素	duo nian jun su	22
多精入卵	duo jing ru luan	3
多糖疫苗	duo tang yi miao	21
多糖铁复合物胶囊	duo tang tie fu he wu jiao nang	3
多糖铁胶囊	duo tang tie jiao nang	2
多系统萎缩	duo xi tong wei suo	13
多索茶碱注射液	duo suo cha jian zhu she ye	2
多维元素片	duo wei yuan su pian	5
多维元素胶囊	duo wei yuan su jiao nang	3
多维铁口服溶液	duo wei tie kou fu rong ye	2
多聚甲醛	duo ju jia quan	20
多聚酶	duo ju mei	19
多肌炎	duo ji yan	3
多胎妊娠	duo tai ren shen	16
多能性	duo neng xing	48
多血质	duo xue zhi	3
多西他赛	duo xi ta sai	11
多西他赛注射液	duo xi ta sai zhu she ye	4
多西环素	duo xi huan su	48
多西紫杉醇	duo xi zi shan chun	3
多趾	duo zhi	5
多酶片	duo mei pian	7
多黏菌素	duo nian jun su	23
夜交藤	ye jiao teng	2
夜尿	ye niao	10
夜尿宁丸	ye niao ning wan	4
夜尿症	ye niao zheng	11
夜盲	ye mang	27
夜语	ye yu	5
大三阳	da san yang	7
大于胎龄儿	da yu tai ling er	5
大便失禁	da bian shi jin	30
大便潜血	da bian qian xue	1
大力补	da li bu	1
大劣按蚊	da lie an wen	2
大动脉炎	da dong mai yan	10
大动脉转位	da dong mai zhuan wei	8
大包穴	da bao xue	2
大医精诚	da yi jing cheng	11
大印象减肥茶	da yin xiang jian fei cha	1
大口畸形	da kou ji xing	2
大叶性肺炎	da ye xing fei yan	11
大叶紫珠	da ye zi zhu	2
大圆肌	da yuan ji	6
大学物理实验	da xue wu li shi yan	3
大学英语口语	da xue ying yu kou yu	2
大官人	da guan ren	15
大定风珠	da ding feng zhu	2
大实有羸状	da shi you lei zhuang	2
大小恒常性	da xiao heng chang xing	1
大小知觉	da xiao zhi jue	2
大小蓟	da xiao ji	2
大山楂丸	da shan zha wan	6
大巨	da ju	6
大巨穴	da ju xue	1
大扶康	da fu kang	1
大承气汤	da cheng qi tang	6
大收肌	da shou ji	2
大敦	da dun	7
大敦穴	da dun xue	5
大明胶囊	da ming jiao nang	3
大杼	da zhu	5
大果木姜子	da guo mu jiang zi	1
大枫子	da feng zi	4
大柴胡汤	da chai hu tang	7
大椎	da zhui	8
大椎穴	da zhui xue	5
大横	da heng	6
大横穴	da heng xue	4
大汗腺	da han xian	35
大泡性肺气肿	da pao xing fei qi zhong	2
大活络丸	da huo luo wan	5
大活络丹	da huo luo dan	1
大活络胶囊	da huo luo jiao nang	2
大疱性类天疱疮	da pao xing lei tian pao chuang	2
大疱性表皮松解症	da pao xing biao pi song jie zheng	1
大疱性鼓膜炎	da pao xing gu mo yan	3
大细胞性贫血	da xi bao xing pin xue	2
大结节	da jie jie	10
大网膜	da wang mo	8
大肠俞	da chang shu	4
大肠俞穴	da chang shu xue	2
大肠埃希菌	da chang ai xi jun	9
大肠恶性肿瘤	da chang e xing zhong liu	1
大肠杆菌内毒素	da chang gan jun nei du su	2
大肠梗阻	da chang geng zu	2
大肠湿热	da chang shi re	1
大肠菌群	da chang jun qun	25
大脑前动脉	da nao qian dong mai	11
大脑后动脉	da nao hou dong mai	12
大脑大静脉	da nao da jing mai	2
大腹皮	da fu pi	3
大腿截肢术	da tui jie zhi shu	3
大腿长	da tui chang	5
大花红景天	da hua hong jing tian	6
大蒜油软胶囊	da suan you ruan jiao nang	3
大蒜素	da suan su	37
大蒜素胶囊	da suan su jiao nang	2
大蒜素软胶囊	da suan su ruan jiao nang	2
大蒜辣素	da suan la su	1
大血藤	da xue teng	12
大补丸	da bu wan	5
大补元煎	da bu yuan jian	2
大补阴丸	da bu yin wan	1
大观霉素	da guan mei su	4
大角膜	da jiao mo	2
大豆苷	da dou gan	6
大豆苷元	da dou gan yuan	14
大败毒胶囊	da bai du jiao nang	4
大赫	da he	4
大转子	da zhuan zi	17
大迎	da ying	7
大迎穴	da ying xue	2
大量培养	da liang pei yang	21
大陵	da ling	6
大陵穴	da ling xue	5
大陷胸汤	da xian xiong tang	2
大隐静脉	da yin jing mai	25
大隐静脉曲张	da yin jing mai qu zhang	6
大青叶	da qing ye	12
大青盐	da qing yan	4
大青龙汤	da qing long tang	9
大静脉	da jing mai	26
大颗粒淋巴细胞	da ke li lin ba xi bao	1
大骨盆	da gu pen	3
大骨空	da gu kong	2
大鱼际	da yu ji	10
大黄流浸膏	da huang liu jin gao	2
大黄牡丹汤	da huang mu dan tang	1
大黄碳酸氢钠片	da huang tan suan qing na pian	3
大黄素	da huang su	31
大黄素甲醚	da huang su jia mi	4
大黄蛰虫丸	da huang zhe chong wan	3
大黄通便颗粒	da huang tong bian ke li	2
大黄酚	da huang fen	8
大黄酸	da huang suan	2
大黄附子汤	da huang fu zi tang	3
天一止咳糖浆	tian yi zhi ke tang jiang	4
天人关系	tian ren guan xi	25
天仙藤	tian xian teng	17
天保宁	tian bao ning	2
天冬	tian dong	8
天冲	tian chong	7
天冲穴	tian chong xue	2
天听	tian ting	9
天和追风膏	tian he zhui feng gao	2
天和骨通贴膏	tian he gu tong tie gao	3
天坛生物	tian tan sheng wu	2
天宗	tian zong	5
天宗穴	tian zong xue	3
天容	tian rong	5
天府穴	tian fu xue	3
天方罗欣	tian fang luo xin	2
天普洛安	tian pu luo an	2
天智颗粒	tian zhi ke li	2
天杞补肾胶囊	tian qi bu shen jiao nang	2
天枢穴	tian shu xue	13
天柱穴	tian zhu xue	4
天母降压片	tian mu jiang ya pian	3
天池穴	tian chi xue	3
天泉	tian quan	9
天溪	tian xi	5
天溪穴	tian xi xue	3
天然冰片	tian ran bing pian	1
天然抗体	tian ran kang ti	10
天然维生素	tian ran wei sheng su	1
天然药物化学	tian ran yao wu hua xue	14
天然药物学	tian ran yao wu xue	1
天然食品	tian ran shi pin	21
天王补心丸	tian wang bu xin wan	4
天王补心丹	tian wang bu xin dan	3
天疱疮	tian pao chuang	14
天突	tian tu	7
天竺黄	tian zhu huang	4
天胡荽愈肝片	tian hu sui yu gan pian	3
天舒胶囊	tian shu jiao nang	3
天芪降糖胶囊	tian qi jiang tang jiao nang	2
天花板效应	tian hua ban xiao ying	7
天花粉	tian hua fen	5
天花粉蛋白	tian hua fen dan bai	3
天葵子	tian kui zi	1
天麦消渴片	tian mai xiao ke pian	2
天麻丸	tian ma wan	5
天麻头痛片	tian ma tou tong pian	3
天麻头风灵胶囊	tian ma tou feng ling jiao nang	2
天麻片	tian ma pian	4
天麻素	tian ma su	9
天麻素注射液	tian ma su zhu she ye	5
天麻胶囊	tian ma jiao nang	2
天麻追风膏	tian ma zhui feng gao	5
天麻醒脑胶囊	tian ma xing nao jiao nang	4
天麻钩藤颗粒	tian ma gou teng ke li	3
天麻钩藤饮	tian ma gou teng yin	1
天麻首乌片	tian ma shou wu pian	1
天麻首乌胶囊	tian ma shou wu jiao nang	2
天鼎	tian ding	7
太冲	tai chong	8
太冲穴	tai chong xue	4
太太口服液	tai tai kou fu ye	5
太子保心口服液	tai zi bao xin kou fu ye	3
太平惠民和剂局方	tai ping hui min he ji ju fang	28
太渊	tai yuan	4
太渊穴	tai yuan xue	2
太溪	tai xi	6
太溪穴	tai xi xue	1
太田痣	tai tian zhi	7
太阳病	tai yang bing	3
太阳神口服液	tai yang shen kou fu ye	4
太阴病	tai yin bing	5
夫西地酸	fu xi di suan	15
夫西地酸钠	fu xi di suan na	3
失写症	shi xie zheng	12
失活剂	shi huo ji	3
失用症	shi yong zheng	32
失笑散	shi xiao san	1
失血性休克	shi xue xing xiu ke	18
失血性贫血	shi xue xing pin xue	6
失访	shi fang	2
失音症	shi yin zheng	1
头发移植	tou fa yi zhi	1
头孢丙烯	tou bao bing xi	7
头孢丙烯片	tou bao bing xi pian	3
头孢丙烯胶囊	tou bao bing xi jiao nang	2
头孢他啶	tou bao ta ding	18
头孢他定	tou bao ta ding	4
头孢他美酯	tou bao ta mei zhi	2
头孢克洛	tou bao ke luo	8
头孢克洛分散片	tou bao ke luo fen san pian	4
头孢克洛干混悬剂	tou bao ke luo gan hun xuan ji	4
头孢克洛片	tou bao ke luo pian	3
头孢克洛缓释片	tou bao ke luo huan shi pian	3
头孢克洛缓释胶囊	tou bao ke luo huan shi jiao nang	2
头孢克洛胶囊	tou bao ke luo jiao nang	4
头孢克洛颗粒	tou bao ke luo ke li	4
头孢克肟	tou bao ke wo	11
头孢克肟分散片	tou bao ke wo fen san pian	4
头孢克肟干混悬剂	tou bao ke wo gan hun xuan ji	4
头孢克肟片	tou bao ke wo pian	4
头孢克肟胶囊	tou bao ke wo jiao nang	3
头孢克肟颗粒	tou bao ke wo ke li	4
头孢匹罗	tou bao pi luo	3
头孢匹胺	tou bao pi an	4
头孢匹胺钠	tou bao pi an na	4
头孢吡肟	tou bao bi wo	4
头孢呋辛	tou bao fu xin	20
头孢呋辛脂	tou bao fu xin zhi	2
头孢呋辛酯	tou bao fu xin zhi	3
头孢呋辛酯分散片	tou bao fu xin zhi fen san pian	3
头孢呋辛酯片	tou bao fu xin zhi pian	4
头孢呋辛酯胶囊	tou bao fu xin zhi jiao nang	3
头孢咪唑	tou bao mi zuo	2
头孢哌酮钠	tou bao pai tong na	4
头孢哌酮钠舒巴坦钠	tou bao pai tong na shu ba tan na	5
头孢唑啉钠	tou bao zuo lin na	4
头孢唑林	tou bao zuo lin	5
头孢唑林钠	tou bao zuo lin na	4
头孢唑肟	tou bao zuo wo	16
头孢唑肟钠	tou bao zuo wo na	1
头孢噻肟	tou bao sai wo	34
头孢噻肟钠	tou bao sai wo na	1
头孢地嗪	tou bao di qin	2
头孢地尼	tou bao di ni	18
头孢地尼分散片	tou bao di ni fen san pian	4
头孢地尼胶囊	tou bao di ni jiao nang	3
头孢尼西	tou bao ni xi	2
头孢拉定	tou bao la ding	2
头孢拉定分散片	tou bao la ding fen san pian	2
头孢拉定干混悬剂	tou bao la ding gan hun xuan ji	3
头孢拉定片	tou bao la ding pian	2
头孢拉定胶囊	tou bao la ding jiao nang	7
头孢曲松钠	tou bao qu song na	1
头孢替唑	tou bao ti zuo	2
头孢替唑钠	tou bao ti zuo na	3
头孢氨苄	tou bao an bian	26
头孢氨苄片	tou bao an bian pian	4
头孢氨苄甲氧苄啶胶囊	tou bao an bian jia yang bian ding jiao nang	4
头孢氨苄缓释片	tou bao an bian huan shi pian	2
头孢氨苄缓释胶囊	tou bao an bian huan shi jiao nang	2
头孢氨苄胶囊	tou bao an bian jiao nang	6
头孢氨苄颗粒	tou bao an bian ke li	3
头孢沙定	tou bao sha ding	2
头孢泊肟酯	tou bao bo wo zhi	2
头孢泊肟酯片	tou bao bo wo zhi pian	3
头孢特仑新戊酯	tou bao te lun xin wu zhi	2
头孢磺啶	tou bao huang ding	3
头孢米诺	tou bao mi nuo	2
头孢米诺钠	tou bao mi nuo na	3
头孢美唑	tou bao mei zuo	3
头孢美唑钠	tou bao mei zuo na	4
头孢羟氨苄	tou bao qiang an bian	6
头孢羟氨苄胶囊	tou bao qiang an bian jiao nang	3
头孢菌素类	tou bao jun su lei	26
头孢西丁	tou bao xi ding	4
头孢西丁钠	tou bao xi ding na	4
头痛宁胶囊	tou tong ning jiao nang	2
头痛片	tou tong pian	3
头痛病	tou tong bing	6
头皮挫伤	tou pi cuo shang	7
头皮损伤	tou pi sun shang	1
头皮撕脱伤	tou pi si tuo shang	6
头皮瘙痒	tou pi sao yang	1
头皮血肿	tou pi xue zhong	1
头皮裂伤	tou pi lie shang	10
头维	tou wei	4
头臂干	tou bi gan	4
头节	tou jie	5
头花蓼	tou hua liao	2
头静脉	tou jing mai	4
头风病	tou feng bing	3
夹竹桃中毒	jia zhu tao zhong du	3
夹脊	jia ji	4
夹脊穴	jia ji xue	3
奇效良方	qi xiao liang fang	3
奇正消痛贴膏	qi zheng xiao tong tie gao	3
奈普生	nai pu sheng	2
奈替米星	nai ti mi xing	3
奈瑟氏菌	nai se shi jun	19
奈非那韦	nai fei na wei	17
奈韦拉平	nai wei la ping	18
奈韦拉平片	nai wei la ping pian	2
奋乃静	fen nai jing	6
奎尼丁	kui ni ding	25
奔马律	ben ma lv	3
奥利司他胶囊	ao li si ta jiao nang	5
奥卡西平	ao ka xi ping	7
奥卡西平片	ao ka xi ping pian	3
奥妮	ao ni	7
奥扎格雷	ao zha ge lei	1
奥扎格雷钠	ao zha ge lei na	4
奥拉西坦	ao la xi tan	2
奥拉西坦注射液	ao la xi tan zhu she ye	3
奥施康定	ao shi kang ding	7
奥曲肽	ao qu tai	28
奥格门汀	ao ge men ting	1
奥氮平片	ao dan ping pian	3
奥沙利铂	ao sha li bo	20
奥沙利铂注射液	ao sha li bo zhu she ye	2
奥沙利铂甘露醇注射液	ao sha li bo gan lu chun zhu she ye	3
奥沙西泮	ao sha xi pan	13
奥洛他定滴眼液	ao luo ta ding di yan ye	4
奥硝唑	ao xiao zuo	5
奥硝唑氯化钠注射液	ao xiao zuo lv hua na zhu she ye	3
奥硝唑注射液	ao xiao zuo zhu she ye	3
奥美拉唑	ao mei la zuo	42
奥美拉唑肠溶片	ao mei la zuo chang rong pian	3
奥美拉唑肠溶胶囊	ao mei la zuo chang rong jiao nang	2
奥美拉唑胶囊	ao mei la zuo jiao nang	3
奥美拉唑镁	ao mei la zuo mei	2
奥美拉唑镁肠溶片	ao mei la zuo mei chang rong pian	2
奥美沙坦酯	ao mei sha tan zhi	8
奥西那林	ao xi na lin	1
女性假两性畸形	nv xing jia liang xing ji xing	4
女性生殖器官恶性肿瘤	nv xing sheng zhi qi guan e xing zhong liu	3
女贞子	nv zhen zi	4
如意金黄散	ru yi jin huang san	4
妄想型精神分裂症	wang xiang xing jing shen fen lie zheng	14
妄想狂	wang xiang kuang	26
妇乐冲剂	fu le chong ji	2
妇产科护理学	fu chan ke hu li xue	1
妇女养血丸	fu nv yang xue wan	4
妇女带下	fu nv dai xia	1
妇女痛经丸	fu nv tong jing wan	2
妇婴保健	fu ying bao jian	17
妇婴医院	fu ying yi yuan	26
妇宁胶囊	fu ning jiao nang	3
妇平胶囊	fu ping jiao nang	3
妇康宁胶囊	fu kang ning jiao nang	2
妇康片	fu kang pian	4
妇月康胶囊	fu yue kang jiao nang	2
妇炎净片	fu yan jing pian	4
妇炎康丸	fu yan kang wan	2
妇炎康复片	fu yan kang fu pian	3
妇炎康复胶囊	fu yan kang fu jiao nang	2
妇炎康片	fu yan kang pian	2
妇炎泰颗粒	fu yan tai ke li	2
妇炎洁	fu yan jie	9
妇炎消口服液	fu yan xiao kou fu ye	3
妇科再造丸	fu ke zai zao wan	3
妇科分清丸	fu ke fen qing wan	3
妇科十味片	fu ke shi wei pian	4
妇科千金洗液	fu ke qian jin xi ye	3
妇科千金片	fu ke qian jin pian	1
妇科千金胶囊	fu ke qian jin jiao nang	5
妇科检查	fu ke jian cha	31
妇科止带片	fu ke zhi dai pian	3
妇科止带胶囊	fu ke zhi dai jiao nang	2
妇科止痒胶囊	fu ke zhi yang jiao nang	3
妇科用药	fu ke yong yao	5
妇科白凤胶囊	fu ke bai feng jiao nang	2
妇科白带膏	fu ke bai dai gao	2
妇血康颗粒	fu xue kang ke li	2
妈咪爱	ma mi ai	8
妊娠合并心脏病	ren shen he bing xin zang bing	6
妊娠合并阑尾炎	ren shen he bing lan wei yan	2
妊娠水肿	ren shen shui zhong	8
妊娠痒疹	ren shen yang zhen	3
妊娠纹	ren shen wen	33
妥布霉素	tuo bu mei su	11
妥布霉素滴眼液	tuo bu mei su di yan ye	3
始基子宫	shi ji zi gong	4
姑息疗法	gu xi liao fa	10
委中	wei zhong	9
委阳	wei yang	2
姜半夏	jiang ban xia	3
姜片虫病	jiang pian chong bing	2
姿势反射	zi shi fan she	1
威吓行为	wei he xing wei	5
威麦宁胶囊	wei mai ning jiao nang	2
娃娃宁泡腾片	wa wa ning pao teng pian	2
娑罗子	suo luo zi	4
婚姻治疗	hun yin zhi liao	6
婴儿健脾散	ying er jian pi san	3
婴儿坏疽性皮炎	ying er huai ju xing pi yan	2
婴儿安片	ying er an pian	2
婴儿猝死综合症	ying er cu si zong he zheng	1
婴儿素	ying er su	3
嫌色细胞癌	xian se xi bao ai	2
子孢子	zi bao zi	15
子宫体	zi gong ti	28
子宫内翻	zi gong nei fan	5
子宫内膜增生	zi gong nei mo zeng sheng	26
子宫内膜异位囊肿	zi gong nei mo yi wei nang zhong	4
子宫内膜息肉	zi gong nei mo xi rou	14
子宫内膜炎	zi gong nei mo yan	20
子宫内膜结核	zi gong nei mo jie he	1
子宫内膜间质肉瘤	zi gong nei mo jian zhi rou liu	2
子宫前位	zi gong qian wei	3
子宫动脉	zi gong dong mai	6
子宫发育不良	zi gong fa yu bu liang	4
子宫圆韧带	zi gong yuan ren dai	4
子宫底	zi gong di	9
子宫炎	zi gong yan	6
子宫畸形	zi gong ji xing	15
子宫移位	zi gong yi wei	3
子宫穴	zi gong xue	1
子宫穿孔	zi gong chuan kong	4
子宫粘膜下肌瘤	zi gong nian mo xia ji liu	4
子宫粘连	zi gong zhan lian	1
子宫纵隔	zi gong zong ge	10
子宫肉瘤	zi gong rou liu	8
子宫肌层	zi gong ji ceng	41
子宫肌炎	zi gong ji yan	2
子宫肥大	zi gong fei da	1
子宫脱垂	zi gong tuo chui	20
子宫腺肌病	zi gong xian ji bing	30
子宫萎缩	zi gong wei suo	2
子宫输卵管碘油造影	zi gong shu luan guan dian you zao ying	3
子宫阔韧带	zi gong kuo ren dai	1
子宫颈原位癌	zi gong jing yuan wei ai	2
子座	zi zuo	6
孔圣枕中丸	kong sheng zhen zhong wan	2
孔圣枕中丹	kong sheng zhen zhong dan	2
孔最	kong zui	4
孔源性视网膜脱离	kong yuan xing shi wang mo tuo li	2
孕三烯酮胶囊	yun san xi tong jiao nang	5
孕二烯酮	yun er xi tong	3
孕囊	yun nang	1
孕囊回声	yun nang hui sheng	2
孕康口服液	yun kang kou fu ye	3
孕酮测定	yun tong ce ding	3
孜孜汲汲	zi zi ji ji	1
孟氏骨折	meng shi gu zhe	2
孟鲁司特钠	meng lu si te na	2
孟鲁司特钠咀嚼片	meng lu si te na ju jue pian	3
孢子菌	bao zi jun	39
季德胜蛇药	ji de sheng she yao	1
季德胜蛇药片	ji de sheng she yao pian	5
季相	ji xiang	8
季节型	ji jie xing	6
孤立肾	gu li shen	5
学校卫生	xue xiao wei sheng	10
宁嗽化痰丸	ning sou hua tan wan	5
宁心安神胶囊	ning xin an shen jiao nang	3
宁心宝胶囊	ning xin bao jiao nang	1
宁泌泰胶囊	ning mi tai jiao nang	2
宁血汤	ning xue tang	2
安乃近	an nai jin	13
安乃近注射液	an nai jin zhu she ye	2
安乃近滴鼻液	an nai jin di bi ye	2
安乐片	an le pian	3
安体舒通	an ti shu tong	5
安儿宁颗粒	an er ning ke li	3
安全注射	an quan zhu she	10
安全范围	an quan fan wei	11
安博维	an bo wei	11
安嗽糖浆	an sou tang jiang	2
安坤赞育丸	an kun zan yu wan	3
安坦	an tan	5
安宫止血颗粒	an gong zhi xue ke li	2
安宫牛黄丸	an gong niu huang wan	40
安宫牛黄片	an gong niu huang pian	2
安宫降压丸	an gong jiang ya wan	3
安宫黄体酮	an gong huang ti tong	1
安康欣胶囊	an kang xin jiao nang	3
安替比林	an ti bi lin	25
安痛定注射液	an tong ding zhu she ye	3
安眠穴	an mian xue	4
安眠补脑口服液	an mian bu nao kou fu ye	2
安眠补脑糖浆	an mian bu nao tang jiang	2
安神丸	an shen wan	1
安神健脑液	an shen jian nao ye	4
安神益脑丸	an shen yi nao wan	2
安神胶囊	an shen jiao nang	2
安神补心丸	an shen bu xin wan	3
安神补心颗粒	an shen bu xin ke li	2
安神补脑口服液	an shen bu nao kou fu ye	2
安神补脑液	an shen bu nao ye	1
安神补脑片	an shen bu nao pian	4
安神补脑颗粒	an shen bu nao ke li	2
安络化纤丸	an luo hua xian wan	2
安络痛片	an luo tong pian	2
安络血	an luo xue	1
安胃胶囊	an wei jiao nang	2
安阳固本膏	an yang gu ben gao	4
宋梧生	song wu sheng	7
宋瑞楼	song rui lou	48
完全性右束支传导阻滞	wan quan xing you shu zhi chuan dao zu zhi	3
完全性失语	wan quan xing shi yu	2
完全性房室传导阻滞	wan quan xing fang shi chuan dao zu zhi	3
完全抗原	wan quan kang yuan	6
完带汤	wan dai tang	1
完谷不化	wan gu bu hua	2
完骨	wan gu	2
官窍	guan qiao	2
定向力	ding xiang li	11
定向细胞	ding xiang xi bao	1
定向训练	ding xiang xun lian	4
定向诱变	ding xiang you bian	2
定向障碍	ding xiang zhang ai	15
定喘	ding chuan	14
定喘穴	ding chuan xue	4
定眩丸	ding xuan wan	3
定群研究	ding qun yan jiu	3
定量资料	ding liang zi liao	2
宝宝乐	bao bao le	6
宝宝金水	bao bao jin shui	6
实体癌	shi ti ai	6
实则泻之	shi ze xie zhi	4
实时成像	shi shi cheng xiang	2
实热	shi re	9
实热证	shi re zheng	4
实验室生物安全	shi yan shi sheng wu an quan	6
实验核医学	shi yan he yi xue	2
实验社会心理学	shi yan she hui xin li xue	7
实验设计	shi yan she ji	9
实验诊断学	shi yan zhen duan xue	3
审讯心理学	shen xun xin li xue	3
宣肺	xuan fei	29
宣肺止嗽合剂	xuan fei zhi sou he ji	2
室上性心动过速	shi shang xing xin dong guo su	8
室性心动过速	shi xing xin dong guo su	10
室性心律失常	shi xing xin lv shi chang	7
室管膜瘤	shi guan mo liu	4
室间孔	shi jian kong	8
室间隔	shi jian ge	21
室间隔穿孔	shi jian ge chuan kong	4
室间隔缺损	shi jian ge que sun	17
室间隔缺损修补术	shi jian ge que sun xiu bu shu	6
室间隔缺损封堵术	shi jian ge que sun feng du shu	4
室间隔膜部	shi jian ge mo bu	2
宫炎平片	gong yan ping pian	3
宫炎平胶囊	gong yan ping jiao nang	2
宫瘤清片	gong liu qing pian	3
宫腔镜检查	gong qiang jing jian cha	5
宫血宁胶囊	gong xue ning jiao nang	4
宫颈刮片	gong jing gua pian	8
宫颈息肉	gong jing xi rou	7
宫颈涂片	gong jing tu pian	1
宫颈炎	gong jing yan	32
宫颈肌瘤	gong jing ji liu	4
家庭史	jia ting shi	7
家族性地中海热	jia zu xing di zhong hai re	1
家族性结肠息肉	jia zu xing jie chang xi rou	4
家族性高胆固醇血症	jia zu xing gao dan gu chun xue zheng	4
宽筋藤	kuan jin teng	3
宽胸散结	kuan xiong san jie	1
宿玉成	su yu cheng	3
寄生追风液	ji sheng zhui feng ye	4
密度梯度离心	mi du ti du li xin	4
密蒙花	mi meng hua	6
密陀僧	mi tuo seng	15
寇热	kou re	4
富血口服液	fu xue kou fu ye	2
富马酸依美斯汀滴眼液	fu ma suan yi mei si ting di yan ye	2
富马酸喹硫平	fu ma suan kui liu ping	2
富马酸喹硫平片	fu ma suan kui liu ping pian	4
富马酸异丙吡仑片	fu ma suan yi bing bi lun pian	2
富马酸比索洛尔片	fu ma suan bi suo luo er pian	3
富马酸福莫特罗	fu ma suan fu mo te luo	3
富马酸酮替芬	fu ma suan tong ti fen	2
富马酸酮替芬滴眼液	fu ma suan tong ti fen di yan ye	2
寒冷性多形红斑	han leng xing duo xing hong ban	3
寒冷性脂膜炎	han leng xing zhi mo yan	1
寒冷性荨麻疹	han leng xing qian ma zhen	1
寒喘祖帕颗粒	han chuan zu pa ke li	2
寒性脓肿	han xing nong zhong	3
寒水石	han shui shi	6
寒湿	han shi	20
寒湿困脾	han shi kun pi	2
寒湿证	han shi zheng	2
寒热痹胶囊	han re bi jiao nang	2
寒热错杂	han re cuo za	2
寒痹	han bi	1
寒证	han zheng	16
寰枕关节	huan zhen guan jie	5
寰枢关节	huan shu guan jie	15
寰椎骨折	huan zhui gu zhe	1
寸关尺	cun guan chi	7
对乙酰氨基酚口服溶液	dui yi xian an ji fen kou fu rong ye	3
对乙酰氨基酚栓	dui yi xian an ji fen shuan	3
对乙酰氨基酚泡腾片	dui yi xian an ji fen pao teng pian	2
对乙酰氨基酚泡腾颗粒	dui yi xian an ji fen pao teng ke li	2
对乙酰氨基酚溶液	dui yi xian an ji fen rong ye	2
对乙酰氨基酚滴剂	dui yi xian an ji fen di ji	4
对乙酰氨基酚片	dui yi xian an ji fen pian	1
对乙酰氨基酚缓释片	dui yi xian an ji fen huan shi pian	3
对二氯苯	dui er lv ben	43
对叔丁基苯酚	dui shu ding ji ben fen	2
对因治疗	dui yin zhi liao	3
对比敏感度	dui bi min gan du	6
对氨基偶氮苯	dui an ji ou dan ben	4
对氨基水杨酸钠	dui an ji shui yang suan na	3
对氨基苯甲酸	dui an ji ben jia suan	42
对流混合	dui liu hun he	4
对硝基苯胺	dui xiao ji ben an	4
对立违抗性障碍	dui li wei kang xing zhang ai	4
对羟基苯甘氨酸	dui qiang ji ben gan an suan	1
对羟基苯甲酸丁酯	dui qiang ji ben jia suan ding zhi	1
对羟基苯甲酸丙酯	dui qiang ji ben jia suan bing zhi	2
对羟基苯甲酸甲酯	dui qiang ji ben jia suan jia zhi	7
寻常型银屑病	xun chang xing yin xie bing	2
寻常性痤疮	xun chang xing cuo chuang	1
寻常疣	xun chang you	10
寻常痤疮	xun chang cuo chuang	6
寻骨风	xun gu feng	6
导尿术	dao niao shu	1
导管内乳头状瘤	dao guan nei ru tou zhuang liu	1
导管插入术	dao guan cha ru shu	10
导赤散	dao chi san	2
寿命表	shou ming biao	1
寿星补汁	shou xing bu zhi	4
寿比山	shou bi shan	5
寿比山片	shou bi shan pian	2
封口机	feng kou ji	5
封闭抗体	feng bi kang ti	3
封闭疗法	feng bi liao fa	5
射干	she gan	33
射干利咽口服液	she gan li yan kou fu ye	1
射干抗病毒注射液	she gan kang bing du zhu she ye	2
射精障碍	she jing zhang ai	13
射血分数	she xue fen shu	20
射频消融术	she pin xiao rong shu	8
小三阳	xiao san yang	6
小于胎龄儿	xiao yu tai ling er	26
小体	xiao ti	9
小便不利	xiao bian bu li	40
小便淋沥	xiao bian lin li	1
小便短赤	xiao bian duan chi	6
小便频数	xiao bian pin shuo	5
小儿七星茶	xiao er qi xing cha	1
小儿七星茶口服液	xiao er qi xing cha kou fu ye	2
小儿七星茶糖浆	xiao er qi xing cha tang jiang	3
小儿七星茶颗粒	xiao er qi xing cha ke li	4
小儿健脾化积口服液	xiao er jian pi hua ji kou fu ye	2
小儿健脾散	xiao er jian pi san	2
小儿内科学	xiao er nei ke xue	2
小儿利宝	xiao er li bao	2
小儿功劳止泻颗粒	xiao er gong lao zhi xie ke li	2
小儿化痰止咳颗粒	xiao er hua tan zhi ke ke li	1
小儿化食丸	xiao er hua shi wan	3
小儿化食口服液	xiao er hua shi kou fu ye	2
小儿咳喘	xiao er ke chuan	5
小儿咳喘灵	xiao er ke chuan ling	2
小儿咳喘灵冲剂	xiao er ke chuan ling chong ji	2
小儿咳喘灵口服液	xiao er ke chuan ling kou fu ye	3
小儿咳喘灵颗粒	xiao er ke chuan ling ke li	6
小儿咳喘颗粒	xiao er ke chuan ke li	2
小儿咳嗽糖浆	xiao er ke sou tang jiang	3
小儿咽扁颗粒	xiao er yan bian ke li	4
小儿四维葡钙颗粒	xiao er si wei pu gai ke li	2
小儿回春丹	xiao er hui chun dan	1
小儿复方四维亚铁散	xiao er fu fang si wei ya tie san	2
小儿复方氨酚烷胺片	xiao er fu fang an fen wan an pian	5
小儿复方麻黄碱桔梗	xiao er fu fang ma huang jian ju geng	2
小儿外科学	xiao er wai ke xue	2
小儿安	xiao er an	6
小儿定风丸	xiao er ding feng wan	2
小儿宝泰康颗粒	xiao er bao tai kang ke li	5
小儿宣肺止咳颗粒	xiao er xuan fei zhi ke ke li	3
小儿惊	xiao er jing	5
小儿惊风	xiao er jing feng	14
小儿感冒	xiao er gan mao	3
小儿感冒口服液	xiao er gan mao kou fu ye	2
小儿感冒宁糖浆	xiao er gan mao ning tang jiang	3
小儿感冒片	xiao er gan mao pian	4
小儿感冒颗粒	xiao er gan mao ke li	6
小儿推拿学	xiao er tui na xue	2
小儿敷脐止泻散	xiao er fu qi zhi xie san	3
小儿柴桂退热颗粒	xiao er chai gui tui re ke li	3
小儿止咳糖浆	xiao er zhi ke tang jiang	5
小儿止嗽金丹	xiao er zhi sou jin dan	2
小儿氨基酸注射液	xiao er an ji suan zhu she ye	3
小儿氨酚烷胺	xiao er an fen wan an	3
小儿氨酚烷胺颗粒	xiao er an fen wan an ke li	1
小儿氨酚黄那敏颗粒	xiao er an fen huang na min ke li	6
小儿消积止咳口服液	xiao er xiao ji zhi ke kou fu ye	3
小儿消食片	xiao er xiao shi pian	4
小儿消食颗粒	xiao er xiao shi ke li	2
小儿清感灵片	xiao er qing gan ling pian	3
小儿清热利肺口服液	xiao er qing re li fei kou fu ye	3
小儿清热止咳口服液	xiao er qing re zhi ke kou fu ye	3
小儿清热止咳糖浆	xiao er qing re zhi ke tang jiang	2
小儿清热止咳颗粒	xiao er qing re zhi ke ke li	2
小儿清热片	xiao er qing re pian	2
小儿清热解毒口服液	xiao er qing re jie du kou fu ye	3
小儿清肺化痰口服液	xiao er qing fei hua tan kou fu ye	4
小儿清肺化痰颗粒	xiao er qing fei hua tan ke li	3
小儿清肺止咳片	xiao er qing fei zhi ke pian	2
小儿清解颗粒	xiao er qing jie ke li	3
小儿热咳口服液	xiao er re ke kou fu ye	2
小儿热速清口服液	xiao er re su qing kou fu ye	3
小儿热速清糖浆	xiao er re su qing tang jiang	2
小儿热速清颗粒	xiao er re su qing ke li	3
小儿疳积	xiao er gan ji	12
小儿硫酸亚铁糖浆	xiao er liu suan ya tie tang jiang	2
小儿维生素咀嚼片	xiao er wei sheng su ju jue pian	2
小儿羚羊散	xiao er ling yang san	3
小儿肝炎	xiao er gan yan	3
小儿肠炎	xiao er chang yan	2
小儿肠胃康颗粒	xiao er chang wei kang ke li	3
小儿肺热咳喘口服液	xiao er fei re ke chuan kou fu ye	6
小儿肺热咳喘颗粒	xiao er fei re ke chuan ke li	2
小儿腹泻宁糖浆	xiao er fu xie ning tang jiang	3
小儿腹泻散	xiao er fu xie san	2
小儿腹泻贴	xiao er fu xie tie	3
小儿至宝丸	xiao er zhi bao wan	4
小儿药证直诀	xiao er yao zheng zhi jue	9
小儿葫芦散	xiao er hu lu san	4
小儿豉翘清热颗粒	xiao er chi qiao qing re ke li	4
小儿退热口服液	xiao er tui re kou fu ye	4
小儿退热颗粒	xiao er tui re ke li	2
小儿金丹片	xiao er jin dan pian	3
小儿麻痹糖丸	xiao er ma bi tang wan	4
小儿鼻炎	xiao er bi yan	2
小卫星	xiao wei xing	10
小口畸形	xiao kou ji xing	1
小圆肌	xiao yuan ji	5
小头畸形	xiao tou ji xing	45
小建中汤	xiao jian zhong tang	1
小承气汤	xiao cheng qi tang	10
小施尔康	xiao shi er kang	3
小柴胡	xiao chai hu	7
小柴胡冲剂	xiao chai hu chong ji	4
小柴胡汤	xiao chai hu tang	25
小柴胡汤丸	xiao chai hu tang wan	3
小柴胡片	xiao chai hu pian	3
小柴胡颗粒	xiao chai hu ke li	1
小梁切除术	xiao liang qie chu shu	10
小檗碱	xiao bo jian	25
小檗碱甲氧苄啶胶囊	xiao bo jian jia yang bian ding jiao nang	5
小汗腺	xiao han xian	12
小活络丸	xiao huo luo wan	3
小活络丹	xiao huo luo dan	1
小海	xiao hai	10
小牛脾提取物注射液	xiao niu pi ti qu wu zhu she ye	2
小牛血去蛋白提取物	xiao niu xue qu dan bai ti qu wu	4
小牛血清去蛋白	xiao niu xue qing qu dan bai	2
小牛血清去蛋白注射液	xiao niu xue qing qu dan bai zhu she ye	3
小盾片	xiao dun pian	15
小红参	xiao hong shen	3
小细胞	xiao xi bao	8
小细胞癌	xiao xi bao ai	22
小结节	xiao jie jie	16
小续命汤	xiao xu ming tang	5
小网膜	xiao wang mo	4
小耳畸形	xiao er ji xing	1
小肠俞	xiao chang shu	2
小肠俞穴	xiao chang shu xue	3
小肠息肉	xiao chang xi rou	3
小肠恶性肿瘤	xiao chang e xing zhong liu	3
小肠梗阻	xiao chang geng zu	5
小肠溃疡	xiao chang kui yang	3
小肠疝	xiao chang shan	2
小肠破裂	xiao chang po lie	2
小肠移植	xiao chang yi zhi	8
小肠结肠炎	xiao chang jie chang yan	23
小肠造影	xiao chang zao ying	2
小脑出血	xiao nao chu xue	6
小脑性共济失调	xiao nao xing gong ji shi tiao	2
小脑扁桃体	xiao nao bian tao ti	15
小脑扁桃体下疝畸形	xiao nao bian tao ti xia shan ji xing	4
小脑梗塞	xiao nao geng se	5
小脑脓肿	xiao nao nong zhong	2
小腿三头肌	xiao tui san tou ji	2
小腿溃疡	xiao tui kui yang	4
小腿长	xiao tui chang	4
小腿骨	xiao tui gu	24
小舞蹈病	xiao wu dao bing	3
小蓟	xiao ji	15
小蓟饮子	xiao ji yin zi	2
小角膜	xiao jiao mo	4
小诺霉素	xiao nuo mei su	1
小通草	xiao tong cao	4
小金丸	xiao jin wan	10
小金胶囊	xiao jin jiao nang	2
小针刀治疗	xiao zhen dao zhi liao	5
小针刀疗法	xiao zhen dao liao fa	5
小阴茎	xiao yin jing	17
小陷胸汤	xiao xian xiong tang	2
小隐静脉	xiao yin jing mai	1
小青龙口服液	xiao qing long kou fu ye	4
小青龙合剂	xiao qing long he ji	4
小青龙汤	xiao qing long tang	10
小青龙糖浆	xiao qing long tang jiang	3
小青龙颗粒	xiao qing long ke li	3
小静脉	xiao jing mai	30
小骨盆	xiao gu pen	1
小麦胚芽	xiao mai pei ya	13
少冲	shao chong	6
少冲穴	shao chong xue	4
少商	shao shang	5
少商穴	shao shang xue	4
少尿	shao niao	24
少府穴	shao fu xue	3
少林跌打止痛膏	shao lin die da zhi tong gao	2
少林风湿跌打膏	shao lin feng shi die da gao	3
少泽	shao ze	4
少泽穴	shao ze xue	3
少海	shao hai	8
少海穴	shao hai xue	3
少腹	shao fu	4
少腹急结	shao fu ji jie	2
少腹拘急	shao fu ju ji	2
少腹逐瘀丸	shao fu zhu yu wan	2
少腹逐瘀汤	shao fu zhu yu tang	5
少腹逐瘀颗粒	shao fu zhu yu ke li	2
少阳病	shao yang bing	11
少阴病	shao yin bing	23
尖头畸形	jian tou ji xing	2
尖锐湿疣	jian rui shi you	39
尚佳	shang jia	45
尤卓尔软膏	you zhuo er ruan gao	3
尤因肉瘤	you yin rou liu	4
尪痹	wang bi	3
尪痹复康颗粒	wang bi fu kang ke li	3
就业与创业指导	jiu ye yu chuang ye zhi dao	5
尸体现象	shi ti xian xiang	20
尸体腐败	shi ti fu bai	18
尸僵	shi jiang	37
尸冷	shi leng	9
尸厥	shi jue	4
尸斑	shi ban	27
尸蜡	shi la	26
尸道	shi dao	3
尺侧腕伸肌	chi ce wan shen ji	2
尺侧腕屈肌	chi ce wan qu ji	10
尺动脉	chi dong mai	4
尺泽	chi ze	21
尺泽穴	chi ze xue	4
尺神经	chi shen jing	18
尺神经损伤	chi shen jing sun shang	2
尺神经麻痹	chi shen jing ma bi	3
尼卡地平	ni ka di ping	1
尼可刹米	ni ke sha mi	3
尼可刹米注射液	ni ke sha mi zhu she ye	2
尼尔雌醇片	ni er ci chun pian	2
尼扎替丁	ni zha ti ding	16
尼美舒利	ni mei shu li	5
尼美舒利分散片	ni mei shu li fen san pian	4
尼美舒利干混悬剂	ni mei shu li gan hun xuan ji	3
尼美舒利片	ni mei shu li pian	2
尼美舒利胶囊	ni mei shu li jiao nang	4
尼美舒利颗粒	ni mei shu li ke li	7
尼美舒利颗粒剂	ni mei shu li ke li ji	3
尼群地平	ni qun di ping	4
尼群地平片	ni qun di ping pian	4
尼群地平软胶囊	ni qun di ping ruan jiao nang	2
尼莫司汀	ni mo si ting	1
尼莫地平	ni mo di ping	2
尼莫地平注射液	ni mo di ping zhu she ye	5
尼莫地平片	ni mo di ping pian	1
尼莫地平胶囊	ni mo di ping jiao nang	4
尼麦角林	ni mai jiao lin	1
尼麦角林注射液	ni mai jiao lin zhu she ye	5
尾管	wei guan	7
尾索	wei suo	3
尾节	wei jie	4
尾身茂	wei shen mao	23
尾静脉	wei jing mai	3
尾骨痛	wei gu tong	4
尿三杯试验	niao san bei shi yan	1
尿促性素	niao cu xing su	3
尿嘧啶替加氟片	niao mi ding ti jia fu pian	2
尿囊	niao nang	14
尿囊素	niao nang su	29
尿囊素铝	niao nang su lv	3
尿塞通片	niao se tong pian	2
尿妊娠试验	niao ren shen shi yan	3
尿崩	niao beng	46
尿布皮炎	niao bu pi yan	1
尿常规检查	niao chang gui jian cha	1
尿感宁颗粒	niao gan ning ke li	1
尿毒	niao du	35
尿毒排析散	niao du pai xi san	4
尿毒清	niao du qing	3
尿毒清颗粒	niao du qing ke li	2
尿毒症性心肌病	niao du zheng xing xin ji bing	3
尿毒症性脑病	niao du zheng xing nao bing	3
尿流中断	niao liu zhong duan	6
尿浊	niao zhuo	3
尿液分析	niao ye fen xi	47
尿潴留	niao zhu liu	46
尿激酶	niao ji mei	21
尿生殖膈	niao sheng zhi ge	3
尿痛	niao tong	11
尿瘘	niao lou	1
尿石	niao shi	4
尿石症	niao shi zheng	6
尿碘	niao dian	25
尿糖	niao tang	16
尿素乳膏	niao su ru gao	5
尿素细菌	niao su xi jun	3
尿素软膏	niao su ruan gao	6
尿红细胞位相	niao hong xi bao wei xiang	2
尿胆素	niao dan su	13
尿色素	niao se su	1
尿苷酸	niao gan suan	4
尿蛋白	niao dan bai	41
尿血病	niao xue bing	3
尿诊	niao zhen	4
尿路梗阻	niao lu geng zu	3
尿道上裂	niao dao shang lie	3
尿道下裂	niao dao xia lie	30
尿道下裂修复术	niao dao xia lie xiu fu shu	2
尿道损伤	niao dao sun shang	6
尿道海绵体	niao dao hai mian ti	27
尿道狭窄	niao dao xia zhai	16
尿道球腺	niao dao qiu xian	47
尿道球部	niao dao qiu bu	2
尿道畸形	niao dao ji xing	1
尿道癌	niao dao ai	13
尿道结石	niao dao jie shi	16
尿道综合征	niao dao zong he zheng	11
尿道肉阜	niao dao rou fu	1
尿道肿瘤	niao dao zhong liu	1
尿道腺	niao dao xian	5
尿道造影	niao dao zao ying	1
尿道镜	niao dao jing	1
尿酸性肾病	niao suan xing shen bing	1
尿酸酶	niao suan mei	8
局方至宝丸	ju fang zhi bao wan	3
局部作用	ju bu zuo yong	11
局部免疫	ju bu mian yi	2
局部兴奋	ju bu xing fen	2
局部反应	ju bu fan ying	9
局部感染	ju bu gan ran	25
局部浸润麻醉	ju bu jin run ma zui	4
局部肥胖	ju bu fei pang	6
局部解剖学	ju bu jie pou xue	12
局限性多汗症	ju xian xing duo han zheng	3
层板状鱼鳞病	ceng ban zhuang yu lin bing	2
屈光不正	qu guang bu zheng	40
屈光不正性弱视	qu guang bu zheng xing ruo shi	1
屈光参数	qu guang can shu	4
屈光手术学	qu guang shou shu xue	4
屏风生脉胶囊	ping feng sheng mai jiao nang	2
展筋活血散	zhan jin huo xue san	2
山东阿胶膏	shan dong e jiao gao	2
山慈姑	shan ci gu	12
山慈菇	shan ci gu	7
山柰	shan nai	43
山柰酚	shan nai fen	24
山栀子	shan zhi zi	5
山桃仁	shan tao ren	1
山梨糖	shan li tang	14
山楂内金胶囊	shan zha nei jin jiao nang	2
山楂冲剂	shan zha chong ji	2
山楂叶	shan zha ye	11
山楂核	shan zha he	5
山楂炭	shan zha tan	4
山楂调中丸	shan zha tiao zhong wan	2
山楂降压胶囊	shan zha jiang ya jiao nang	5
山玫胶囊	shan mei jiao nang	2
山绿茶	shan lv cha	1
山绿茶降压片	shan lv cha jiang ya pian	2
山胁东洋	shan xie dong yang	1
山芝麻	shan zhi ma	42
山荔枝	shan li zhi	4
山药丸	shan yao wan	3
山莨菪碱	shan lang dang jian	5
山豆根	shan dou gen	28
山麦冬	shan mai dong	28
岗松	gang song	9
岩白菜素	yan bai cai su	2
岩鹿乳康胶囊	yan lu ru kang jiao nang	2
岩黄连	yan huang lian	3
崩解剂	beng jie ji	3
崩解时限	beng jie shi xian	1
嵌体	qian ti	16
嵌体修复	qian ti xiu fu	4
嵌合抗体	qian he kang ti	5
嵌甲	qian jia	7
嵌顿包茎	qian dun bao jing	3
嵌顿痔	qian dun zhi	5
川乌	chuan wu	8
川射干	chuan she gan	3
川木通	chuan mu tong	14
川楝	chuan lian	9
川楝子	chuan lian zi	8
川牛膝	chuan niu xi	13
川百止痒洗剂	chuan bai zhi yang xi ji	2
川芎嗪	chuan xiong qin	1
川芎茶调散	chuan xiong cha tiao san	1
川芎茶调颗粒	chuan xiong cha tiao ke li	3
川花椒	chuan hua jiao	2
川西獐牙菜	chuan xi zhang ya cai	2
川贝枇杷糖浆	chuan bei pi pa tang jiang	5
川贝枇杷颗粒	chuan bei pi pa ke li	3
川贝止咳糖浆	chuan bei zhi ke tang jiang	3
川贝止咳露	chuan bei zhi ke lu	4
川贝母	chuan bei mu	17
川贝清肺糖浆	chuan bei qing fei tang jiang	3
川贝雪梨	chuan bei xue li	5
川贝雪梨膏	chuan bei xue li gao	2
巢元方	chao yuan fang	23
巢脾	chao pi	14
工业微生物	gong ye wei sheng wu	33
工业性氟病	gong ye xing fu bing	3
工业粉尘	gong ye fen chen	4
工作疗法	gong zuo liao fa	3
左半结肠切除术	zuo ban jie chang qie chu shu	3
左卡尼汀	zuo ka ni ting	2
左卡尼汀口服液	zuo ka ni ting kou fu ye	2
左归丸	zuo gui wan	2
左归饮	zuo gui yin	1
左心发育不全综合症	zuo xin fa yu bu quan zong he zheng	2
左房	zuo fang	6
左旋体	zuo xuan ti	10
左旋咪唑	zuo xuan mi zuo	16
左旋多巴	zuo xuan duo ba	34
左旋门冬酰胺酶	zuo xuan men dong xian an mei	1
左束支传导阻滞	zuo shu zhi chuan dao zu zhi	6
左氧氟沙星注射液	zuo yang fu sha xing zhu she ye	5
左氧氟沙星滴眼液	zuo yang fu sha xing di yan ye	1
左氧氟沙星片	zuo yang fu sha xing pian	4
左炔诺孕酮	zuo que nuo yun tong	42
左炔诺孕酮炔雌醚片	zuo que nuo yun tong que ci mi pian	3
左炔诺孕酮片	zuo que nuo yun tong pian	1
左甲状腺素钠	zuo jia zhuang xian su na	4
左甲状腺素钠片	zuo jia zhuang xian su na pian	4
左羟丙哌嗪	zuo qiang bing pai qin	1
左西替利嗪	zuo xi ti li qin	3
左金丸	zuo jin wan	1
巨乳症	ju ru zheng	5
巨乳缩小术	ju ru suo xiao shu	5
巨人观	ju ren guan	4
巨噬细胞系统	ju shi xi bao xi tong	5
巨大儿	ju da er	9
巨幼红细胞性贫血	ju you hong xi bao xing pin xue	3
巨指	ju zhi	4
巨球蛋白	ju qiu dan bai	12
巨眼	ju yan	37
巨细胞动脉炎	ju xi bao dong mai yan	11
巨细胞病毒性肺炎	ju xi bao bing du xing fei yan	2
巨舌	ju she	2
巨舌症	ju she zheng	2
巨阙	ju que	37
巨阙穴	ju que xue	2
巨髎	ju liao	3
巩膜炎	gong mo yan	12
巩膜葡萄肿	gong mo pu tao zhong	3
巩膜黄染	gong mo huang ran	6
差异心理学	cha yi xin li xue	7
差异表达	cha yi biao da	9
巯嘌呤片	qiu piao ling pian	2
巯基蛋白酶	qiu ji dan bai mei	2
己二烯雌酚	ji er xi ci fen	3
己烯雌酚片	ji xi ci fen pian	2
己烷雌酚	ji wan ci fen	8
巴尔通体病	ba er tong ti bing	1
巴德年	ba de nian	7
巴戟口服液	ba ji kou fu ye	3
巴戟胶囊	ba ji jiao nang	3
巴戟补酒	ba ji bu jiu	3
巴氏消毒	ba shi xiao du	19
巴氯芬	ba lv fen	12
巴豆中毒	ba dou zhong du	3
巴豆霜	ba dou shuang	1
巴贝虫病	ba bei chong bing	1
巴龙霉素	ba long mei su	9
布加综合征	bu jia zong he zheng	35
布地奈德	bu di nai de	32
布地奈德气雾剂	bu di nai de qi wu ji	3
布托啡诺	bu tuo fei nuo	4
布替萘芬	bu ti nai fen	1
布林佐胺	bu lin zuo an	1
布氏杆菌	bu shi gan jun	16
布氏田鼠	bu shi tian shu	7
布洛伪麻分散片	bu luo wei ma fen san pian	3
布洛芬混悬液	bu luo fen hun xuan ye	2
布洛芬混悬滴剂	bu luo fen hun xuan di ji	4
布洛芬片	bu luo fen pian	3
布洛芬缓释混悬剂	bu luo fen huan shi hun xuan ji	2
布洛芬缓释片	bu luo fen huan shi pian	5
布洛芬缓释胶囊	bu luo fen huan shi jiao nang	6
布洛芬胶囊	bu luo fen jiao nang	1
布洛芬软胶囊	bu luo fen ruan jiao nang	3
布洛芬颗粒	bu luo fen ke li	4
布渣叶	bu zha ye	12
布病	bu bing	9
布美他尼	bu mei ta ni	6
布鲁氏杆菌病	bu lu shi gan jun bing	4
布鲁氏菌病	bu lu shi jun bing	41
布鲁菌病	bu lu jun bing	4
希刻劳	xi ke lao	4
希罗达	xi luo da	16
希舒美	xi shu mei	2
帕尼培南	pa ni pei nan	16
帕珠沙星	pa zhu sha xing	1
帕米磷酸二钠	pa mi lin suan er na	3
帕罗西汀	pa luo xi ting	40
帕金森叠加综合征	pa jin sen die jia zong he zheng	2
帕金森综合征	pa jin sen zong he zheng	13
带下病	dai xia bing	2
带型	dai xing	6
带环	dai huan	7
带脉	dai mai	24
带脉穴	dai mai xue	3
带虫者	dai chong zhe	4
常模参照测验	chang mo can zhao ce yan	3
常润茶	chang run cha	1
常用护理技术	chang yong hu li ji shu	4
常见急症处理	chang jian ji zheng chu li	4
帽状腱膜	mao zhuang jian mo	9
干啰音	gan luo yin	3
干性坏疽	gan xing huai ju	7
干性皮肤	gan xing pi fu	2
干扰理论	gan rao li lun	3
干扰电疗法	gan rao dian liao fa	2
干槽症	gan cao zheng	5
干混悬剂	gan hun xuan ji	1
干燥性角膜炎	gan zao xing jiao mo yan	2
干燥综合征	gan zao zong he zheng	26
干部病房	gan bu bing fang	9
干酪样坏死	gan lao yang huai si	3
干酵母	gan jiao mu	8
干酵母片	gan jiao mu pian	1
平喘药	ping chuan yao	1
平均潜伏期	ping jun qian fu qi	2
平扫	ping sao	6
平消片	ping xiao pian	2
平消胶囊	ping xiao jiao nang	4
平滑肌瘤	ping hua ji liu	10
平滑肌肉瘤	ping hua ji rou liu	19
平痔胶囊	ping zhi jiao nang	3
平肝熄风	ping gan xi feng	6
平衡易位	ping heng yi wei	3
平衡石	ping heng shi	3
平衡膳食	ping heng shan shi	3
平衡觉	ping heng jue	41
平衡运动	ping heng yun dong	4
平贝母	ping bei mu	6
平阳霉素	ping yang mei su	5
年轻恒牙	nian qing heng ya	2
年龄相关性白内障	nian ling xiang guan xing bai nei zhang	4
并发性白内障	bing fa xing bai nei zhang	2
并指畸形	bing zhi ji xing	12
幸福止痛素	xing fu zhi tong su	8
幻肢痛	huan zhi tong	15
幼儿急疹	you er ji zhen	2
幼年性类风湿性关节炎	you nian xing lei feng shi xing guan jie yan	2
幼泻宁颗粒	you xie ning ke li	2
幼稚型子宫	you zhi xing zi gong	2
幽门括约肌	you men kuo yue ji	5
幽门梗阻	you men geng zu	2
幽门狭窄	you men xia zhai	10
幽门痉挛	you men jing luan	1
广东凉茶	guang dong liang cha	7
广东凉茶颗粒	guang dong liang cha ke li	1
广场恐怖	guang chang kong bu	2
广泛性焦虑障碍	guang fan xing jiao lv zhang ai	15
广藿香	guang huo xiang	34
广谱抗生素	guang pu kang sheng su	39
广金钱草	guang jin qian cao	4
广防己	guang fang ji	15
庄绰	zhuang chuo	10
庄辉	zhuang hui	37
庆大霉素注射液	qing da mei su zhu she ye	3
庆大霉素滴眼液	qing da mei su di yan ye	3
庆大霉素片	qing da mei su pian	3
庆大霉素碳酸铋胶囊	qing da mei su tan suan bi jiao nang	2
序列测定	xu lie ce ding	13
库欣综合征	ku xin zong he zheng	4
库鲁病	ku lu bing	40
应元岳	ying yuan yue	12
应力性骨折	ying li xing gu zhe	32
应急办	ying ji ban	37
应激性溃疡	ying ji xing kui yang	1
应激性生活事件	ying ji xing sheng huo shi jian	4
应激状态	ying ji zhuang tai	9
应用文写作	ying yong wen xie zuo	3
庚型肝炎病毒	geng xing gan yan bing du	4
府舍	fu she	3
废用性弱视	fei yong xing ruo shi	1
康公庙	kang gong miao	32
康力欣胶囊	kang li xin jiao nang	2
康复功能评定	kang fu gong neng ping ding	3
康复医学概论	kang fu yi xue gai lun	2
康复工程	kang fu gong cheng	6
康复心理学	kang fu xin li xue	1
康复护理	kang fu hu li	12
康复护理学	kang fu hu li xue	3
康复护理技术	kang fu hu li ji shu	5
康复新液	kang fu xin ye	1
康复治疗技术	kang fu zhi liao ji shu	14
康复评定	kang fu ping ding	7
康妇消炎栓	kang fu xiao yan shuan	1
康妇灵胶囊	kang fu ling jiao nang	3
康妇炎胶囊	kang fu yan jiao nang	1
康欣胶囊	kang xin jiao nang	2
康王洗剂	kang wang xi ji	4
康艾注射液	kang ai zhu she ye	3
康莱特注射液	kang lai te zhu she ye	5
廉泉	lian quan	37
廉泉穴	lian quan xue	4
延丹益心胶囊	yan dan yi xin jiao nang	3
延生护宝液	yan sheng hu bao ye	3
延胡	yan hu	5
延胡索乙素	yan hu suo yi su	2
延髓背外侧综合征	yan sui bei wai ce zong he zheng	3
延髓麻痹	yan sui ma bi	5
建里	jian li	5
开关基因	kai guan ji yin	3
开博通	kai bo tong	1
开塞露	kai sai lu	3
开放性颅脑损伤	kai fang xing lu nao sun shang	9
开窍于舌	kai qiao yu she	4
开胃健脾丸	kai wei jian pi wan	3
开胃理脾丸	kai wei li pi wan	2
开胸消食片	kai xiong xiao shi pian	2
开胸顺气丸	kai xiong shun qi wan	4
开角型青光眼	kai jiao xing qing guang yan	5
异丙嗪	yi bing qin	12
异丙嗪胆汁片	yi bing qin dan zhi pian	2
异丙安替比林	yi bing an ti bi lin	7
异丙托溴铵	yi bing tuo xiu an	10
异丙托溴铵气雾剂	yi bing tuo xiu an qi wu ji	2
异丙肾上腺素	yi bing shen shang xian su	4
异丙酚	yi bing fen	39
异位肾	yi wei shen	1
异功散	yi gong san	1
异博定	yi bo ding	3
异卡波肼	yi ka bo jing	1
异卵双生	yi luan shuang sheng	34
异基因	yi ji yin	2
异基因骨髓移植	yi ji yin gu sui yi zhi	1
异尖线虫病	yi jian xian chong bing	1
异山梨醇	yi shan li chun	2
异常脑电图	yi chang nao dian tu	4
异常血红蛋白	yi chang xue hong dan bai	1
异戊巴比妥	yi wu ba bi tuo	25
异戊巴比妥钠	yi wu ba bi tuo na	1
异染性	yi ran xing	11
异染性脑白质营养不良	yi ran xing nao bai zhi ying yang bu liang	4
异氟烷	yi fu wan	5
异氟醚	yi fu mi	27
异源多倍体	yi yuan duo bei ti	9
异烟肼注射液	yi yan jing zhu she ye	2
异烟肼片	yi yan jing pian	3
异物肉芽肿	yi wu rou ya zhong	3
异环磷酰胺	yi huan lin xian an	28
异甘草酸镁	yi gan cao suan mei	3
异病同治	yi bing tong zhi	6
异相睡眠	yi xiang shui mian	17
异种抗体	yi zhong kang ti	2
异种抗原	yi zhong kang yuan	1
异种移植	yi zhong yi zhi	23
异种移植物	yi zhong yi zhi wu	7
异黄樟素	yi huang zhang su	16
异鼠李素	yi shu li su	4
异龄林	yi ling lin	1
弓动脉	gong dong mai	2
弓形虫病	gong xing chong bing	14
引流管	yin liu guan	47
引流袋	yin liu dai	6
弛张热	chi zhang re	1
弛豫时间	chi yu shi jian	45
张丽珠	zhang li zhu	15
张从正	zhang cong zheng	21
张元素	zhang yuan su	6
张力性尿失禁	zhang li xing niao shi jin	3
张力性气胸	zhang li xing qi xiong	9
张力计	zhang li ji	5
张子和	zhang zi he	5
张孝骞	zhang xiao qian	29
张山雷	zhang shan lei	8
张志聪	zhang zhi cong	8
张涤生	zhang di sheng	24
张锡纯	zhang xi chun	14
弥可保	mi ke bao	3
弥散性血管内凝血	mi san xing xue guan nei ning xue	42
弱电解质	ruo dian jie zhi	43
弱蛋白银	ruo dan bai yin	2
弱视训练	ruo shi xun lian	6
弹性组织	tan xing zu zhi	10
弹性蛋白酶	tan xing dan bai mei	32
弹性软骨	tan xing ruan gu	20
弹道系数	dan dao xi shu	24
强力健身胶囊	qiang li jian shen jiao nang	2
强力天麻杜仲胶囊	qiang li tian ma du zhong jiao nang	4
强力安喘通	qiang li an chuan tong	2
强力定眩片	qiang li ding xuan pian	2
强力感冒片	qiang li gan mao pian	3
强力枇杷胶囊	qiang li pi pa jiao nang	2
强力枇杷露	qiang li pi pa lu	1
强力皮康王	qiang li pi kang wang	3
强力脑心康胶囊	qiang li nao xin kang jiao nang	4
强力霉素	qiang li mei su	28
强化免疫	qiang hua mian yi	14
强回声	qiang hui sheng	3
强心药	qiang xin yao	23
强电解质	qiang dian jie zhi	31
强痛定	qiang tong ding	4
强直性肌营养不良	qiang zhi xing ji ying yang bu liang	1
强碱中毒	qiang jian zhong du	2
强筋健骨丸	qiang jin jian gu wan	2
强肾养心胶囊	qiang shen yang xin jiao nang	4
强身胶囊	qiang shen jiao nang	2
强迫型人格障碍	qiang po xing ren ge zhang ai	28
强迫性神经症	qiang po xing shen jing zheng	1
强酸中毒	qiang suan zhong du	2
强间	qiang jian	5
强阳保肾丸	qiang yang bao shen wan	4
强骨生血口服液	qiang gu sheng xue kou fu ye	3
强骨胶囊	qiang gu jiao nang	3
强龙益肾胶囊	qiang long yi shen jiao nang	3
归元健脑片	gui yuan jian nao pian	2
归来穴	gui lai xue	2
归脾丸	gui pi wan	6
归脾汤	gui pi tang	1
归脾颗粒	gui pi ke li	2
归芍地黄丸	gui shao di huang wan	4
当归六黄汤	dang gui liu huang tang	2
当归四逆汤	dang gui si ni tang	5
当归尾	dang gui wei	2
当归拈痛汤	dang gui nian tong tang	1
当归散	dang gui san	2
当归流浸膏	dang gui liu jin gao	3
当归生姜羊肉汤	dang gui sheng jiang yang rou tang	3
当归红花酊	dang gui hong hua ding	3
当归腹痛宁滴丸	dang gui fu tong ning di wan	3
当归芍药散	dang gui shao yao san	1
当归苦参丸	dang gui ku shen wan	1
当归补血丸	dang gui bu xue wan	2
当归补血口服液	dang gui bu xue kou fu ye	3
当归补血汤	dang gui bu xue tang	3
当归饮子	dang gui yin zi	3
当归龙荟丸	dang gui long hui wan	1
当归龙荟片	dang gui long hui pian	3
形势与政策	xing shi yu zheng ce	21
彩斑	cai ban	16
彩色多普勒血流显像	cai se duo pu le xue liu xian xiang	3
彩色多普勒超声	cai se duo pu le chao sheng	6
影像技术学	ying xiang ji shu xue	1
影像诊断学	ying xiang zhen duan xue	31
往来寒热	wang lai han re	3
往湾洲	wang wan zhou	26
徐长卿	xu chang qing	39
徒手伤	tu shou shang	3
徒手体操	tu shou ti cao	1
得力生注射液	de li sheng zhu she ye	2
得普利麻	de pu li ma	5
得生胶囊	de sheng jiao nang	3
得胜花园	de sheng hua yuan	22
循环障碍	xun huan zhang ai	12
微丸	wei wan	1
微动脉	wei dong mai	13
微囊化	wei nang hua	7
微孔膜	wei kong mo	2
微孔过滤	wei kong guo lv	4
微小按蚊	wei xiao an wen	3
微嵌合体	wei qian he ti	6
微核	wei he	24
微泡	wei pao	29
微波治疗	wei bo zhi liao	8
微波疗法	wei bo liao fa	3
微注射	wei zhu she	3
微球蛋白	wei qiu dan bai	30
微生物学与免疫学	wei sheng wu xue yu mian yi xue	11
微生物学检验	wei sheng wu xue jian yan	2
微生物检验技术	wei sheng wu jian yan ji shu	4
微生物药物学	wei sheng wu yao wu xue	1
微生物限度检查法	wei sheng wu xian du jian cha fa	2
微笑线	wei xiao xian	3
微粉硅胶	wei fen gui jiao	1
微粒体	wei li ti	42
微细胞	wei xi bao	9
微脓肿	wei nong zhong	6
微血栓	wei xue shuan	7
微载体培养	wei zai ti pei yang	3
微量元素肥料	wei liang yuan su fei liao	3
微量注射泵	wei liang zhu she beng	4
微静脉	wei jing mai	17
心下痞硬	xin xia pi ying	2
心主血脉	xin zhu xue mai	4
心俞	xin shu	4
心元胶囊	xin yuan jiao nang	3
心内注射	xin nei zhu she	1
心前区疼痛	xin qian qu teng tong	7
心功能不全	xin gong neng bu quan	37
心动周期	xin dong zhou qi	30
心动过速性心肌病	xin dong guo su xing xin ji bing	3
心包剥脱术	xin bao bo tuo shu	2
心包囊肿	xin bao nang zhong	3
心包填塞	xin bao tian se	30
心包积液	xin bao ji ye	30
心包积血	xin bao ji xue	9
心包穿刺术	xin bao chuan ci shu	4
心包肌	xin bao ji	3
心包腔	xin bao qiang	29
心可宁胶囊	xin ke ning jiao nang	2
心可舒片	xin ke shu pian	3
心可舒颗粒	xin ke shu ke li	2
心因性失眠	xin yin xing shi mian	2
心境障碍	xin jing zhang ai	21
心壁	xin bi	17
心外膜	xin wai mo	20
心宝	xin bao	4
心室晚电位	xin shi wan dian wei	2
心室率	xin shi lv	2
心室肥厚	xin shi fei hou	6
心室肥大	xin shi fei da	27
心尖搏动	xin jian bo dong	5
心律平	xin lv ping	5
心律紊乱	xin lv wen luan	4
心悦胶囊	xin yue jiao nang	2
心悸失眠	xin ji shi mian	5
心悸病	xin ji bing	2
心房扑动	xin fang pu dong	17
心房粘液瘤	xin fang nian ye liu	2
心房间隔缺损	xin fang jian ge que sun	5
心指数	xin zhi shu	2
心搏骤停	xin bo zhou ting	15
心无忧片	xin wu you pian	2
心气虚证	xin qi xu zheng	2
心源性休克	xin yuan xing xiu ke	20
心源性哮喘	xin yuan xing xiao chuan	1
心源性晕厥	xin yuan xing yun jue	1
心源性水肿	xin yuan xing shui zhong	2
心火上炎	xin huo shang yan	6
心理动力学	xin li dong li xue	32
心理学基础	xin li xue ji chu	8
心理旋转	xin li xuan zhuan	4
心理生理学	xin li sheng li xue	27
心理疗法	xin li liao fa	44
心理神经免疫学	xin li shen jing mian yi xue	9
心理科	xin li ke	12
心理能动性	xin li neng dong xing	2
心理量表	xin li liang biao	6
心瓣膜	xin ban mo	9
心瓣膜病	xin ban mo bing	2
心电	xin dian	11
心电向量图	xin dian xiang liang tu	3
心电图异常	xin dian tu yi chang	4
心电图机	xin dian tu ji	11
心电监护	xin dian jian hu	5
心电监测	xin dian jian ce	2
心磷脂	xin lin zhi	22
心肌劳损	xin ji lao sun	5
心肌抑制因子	xin ji yi zhi yin zi	2
心肌挫伤	xin ji cuo shang	1
心肌炎后遗症	xin ji yan hou yi zheng	4
心肌纤维化	xin ji xian wei hua	2
心肌缺血	xin ji que xue	36
心肌肌钙蛋白	xin ji ji gai dan bai	4
心肌肥大	xin ji fei da	5
心肌衰竭	xin ji shuai jie	2
心肌酶谱	xin ji mei pu	1
心肝火旺	xin gan huo wang	5
心肺脑复苏	xin fei nao fu su	5
心肾不交	xin shen bu jiao	1
心肾不交证	xin shen bu jiao zheng	2
心脉隆注射液	xin mai long zhu she ye	1
心脏传导阻滞	xin zang chuan dao zu zhi	8
心脏停搏	xin zang ting bo	21
心脏恶性肿瘤	xin zang e xing zhong liu	1
心脏扩大	xin zang kuo da	13
心脏损伤	xin zang sun shang	12
心脏杂音	xin zang za yin	12
心脏瓣膜病	xin zang ban mo bing	6
心脏破裂	xin zang po lie	7
心脏神经官能症	xin zang shen jing guan neng zheng	4
心脏移植术	xin zang yi zhi shu	3
心脏粘液瘤	xin zang nian ye liu	4
心脏肥大	xin zang fei da	22
心脏肿瘤	xin zang zhong liu	2
心脑健胶囊	xin nao jian jiao nang	3
心脑康	xin nao kang	6
心脑康胶囊	xin nao kang jiao nang	5
心脑欣胶囊	xin nao xin jiao nang	3
心脑清软胶囊	xin nao qing ruan jiao nang	5
心脑血管疾病	xin nao xue guan ji bing	29
心脾两虚	xin pi liang xu	7
心脾两虚证	xin pi liang xu zheng	1
心舒胶囊	xin shu jiao nang	3
心虚胆怯	xin xu dan qie	1
心血不足	xin xue bu zu	7
心血瘀阻	xin xue yu zu	4
心血管中枢	xin xue guan zhong shu	1
心血管内科	xin xue guan nei ke	42
心血管梅毒	xin xue guan mei du	4
心血管病学	xin xue guan bing xue	20
心血管造影	xin xue guan zao ying	2
心衰病	xin shuai bing	3
心身医学	xin shen yi xue	16
心身疾病	xin shen ji bing	8
心达康片	xin da kang pian	2
心速宁胶囊	xin su ning jiao nang	2
心间隔	xin jian ge	3
心音图	xin yin tu	1
必嗽平	bi sou ping	3
必理通	bi li tong	1
忍冬感冒颗粒	ren dong gan mao ke li	2
忍冬藤	ren dong teng	3
志室	zhi shi	5
志贺菌属	zhi he jun shu	2
志贺菌病	zhi he jun bing	9
快克	kuai ke	8
快速冷冻	kuai su leng dong	13
念珠菌性包皮龟头炎	nian zhu jun xing bao pi gui tou yan	2
念珠菌感染	nian zhu jun gan ran	22
念珠菌病	nian zhu jun bing	26
怀牛膝	huai niu xi	5
态度量表	tai du liang biao	2
思博海	si bo hai	3
思想道德修养	si xiang dao de xiu yang	22
思维障碍	si wei zhang ai	25
思诺思	si nuo si	2
思过半矣	si guo ban yi	2
急下存阴	ji xia cun yin	2
急性中耳炎	ji xing zhong er yan	22
急性乳腺炎	ji xing ru xian yan	7
急性会厌炎	ji xing hui yan yan	3
急性传染病	ji xing chuan ran bing	21
急性冠周炎	ji xing guan zhou yan	3
急性出血性坏死性肠炎	ji xing chu xue xing huai si xing chang yan	2
急性出血性结膜炎	ji xing chu xue xing jie mo yan	2
急性出血性肠炎	ji xing chu xue xing chang yan	4
急性出血性胰腺炎	ji xing chu xue xing yi xian yan	1
急性前列腺炎	ji xing qian lie xian yan	3
急性化脓性中耳炎	ji xing hua nong xing zhong er yan	5
急性化脓性胆管炎	ji xing hua nong xing dan guan yan	1
急性化脓性鼻窦炎	ji xing hua nong xing bi dou yan	1
急性单核细胞性白血病	ji xing dan he xi bao xing bai xue bing	4
急性卡他性中耳炎	ji xing ka ta xing zhong er yan	3
急性卡他性结膜炎	ji xing ka ta xing jie mo yan	4
急性卵巢炎	ji xing luan chao yan	2
急性咽喉炎	ji xing yan hou yan	2
急性咽炎	ji xing yan yan	6
急性喉气管支气管炎	ji xing hou qi guan zhi qi guan yan	2
急性喉炎	ji xing hou yan	9
急性外耳道炎	ji xing wai er dao yan	3
急性多发性神经炎	ji xing duo fa xing shen jing yan	3
急性子宫内膜炎	ji xing zi gong nei mo yan	10
急性左心衰竭	ji xing zuo xin shuai jie	1
急性应激反应	ji xing ying ji fan ying	4
急性弥漫性腹膜炎	ji xing mi man xing fu mo yan	6
急性心力衰竭	ji xing xin li shuai jie	13
急性心包炎	ji xing xin bao yan	21
急性心因性反应	ji xing xin yin xing fan ying	4
急性心肌炎	ji xing xin ji yan	12
急性扁桃体炎	ji xing bian tao ti yan	4
急性排斥反应	ji xing pai chi fan ying	4
急性支气管炎	ji xing zhi qi guan yan	33
急性早幼粒细胞白血病	ji xing zao you li xi bao bai xue bing	9
急性根尖周炎	ji xing gen jian zhou yan	4
急性气管支气管炎	ji xing qi guan zhi qi guan yan	6
急性气管炎	ji xing qi guan yan	6
急性泪囊炎	ji xing lei nang yan	1
急性淋巴细胞性白血病	ji xing lin ba xi bao xing bai xue bing	8
急性淋巴细胞白血病	ji xing lin ba xi bao bai xue bing	11
急性淋巴结炎	ji xing lin ba jie yan	1
急性炎症	ji xing yan zheng	28
急性牙髓炎	ji xing ya sui yan	5
急性甲状腺炎	ji xing jia zhuang xian yan	1
急性病毒性肝炎	ji xing bing du xing gan yan	4
急性盆腔炎	ji xing pen qiang yan	6
急性粒细胞性白血病	ji xing li xi bao xing bai xue bing	5
急性粒细胞白血病	ji xing li xi bao bai xue bing	8
急性粟粒性肺结核	ji xing su li xing fei jie he	3
急性糜烂性胃炎	ji xing mi lan xing wei yan	4
急性结膜炎	ji xing jie mo yan	8
急性肛裂	ji xing gang lie	2
急性肝功能衰竭	ji xing gan gong neng shuai jie	10
急性肝炎	ji xing gan yan	40
急性肝衰竭	ji xing gan shuai jie	34
急性肠梗阻	ji xing chang geng zu	2
急性肺水肿	ji xing fei shui zhong	15
急性肾小球肾炎	ji xing shen xiao qiu shen yan	6
急性肾小管坏死	ji xing shen xiao guan huai si	16
急性肾损伤	ji xing shen sun shang	40
急性肾炎综合征	ji xing shen yan zong he zheng	8
急性肾盂肾炎	ji xing shen yu shen yan	7
急性肾衰	ji xing shen shuai	4
急性胃扩张	ji xing wei kuo zhang	1
急性胃粘膜病变	ji xing wei nian mo bing bian	4
急性胃肠炎	ji xing wei chang yan	13
急性胆囊炎	ji xing dan nang yan	25
急性胆管炎	ji xing dan guan yan	5
急性胰腺炎	ji xing yi xian yan	32
急性脑血管病	ji xing nao xue guan bing	4
急性腹膜炎	ji xing fu mo yan	7
急性膀胱炎	ji xing pang guang yan	4
急性荨麻疹	ji xing qian ma zhen	4
急性蜂窝织炎	ji xing feng wo zhi yan	3
急性酒精中毒	ji xing jiu jing zhong du	32
急性闭角型青光眼	ji xing bi jiao xing qing guang yan	5
急性间歇性卟啉病	ji xing jian xie xing bu lin bing	1
急性阑尾炎	ji xing lan wei yan	34
急性阴道炎	ji xing yin dao yan	4
急性附睾炎	ji xing fu gao yan	2
急性青光眼	ji xing qing guang yan	5
急性风湿热	ji xing feng shi re	12
急性骨髓炎	ji xing gu sui yan	12
急性高原病	ji xing gao yuan bing	6
急性黄疸型肝炎	ji xing huang dan xing gan yan	1
急性鼻炎	ji xing bi yan	3
急性鼻窦炎	ji xing bi dou yan	11
急支糖浆	ji zhi tang jiang	7
急救半径	ji jiu ban jing	1
急脉	ji mai	1
急重症护理学	ji zhong zheng hu li xue	1
性信息素	xing xin xi su	5
性倒错	xing dao cuo	26
性偏好障碍	xing pian hao zhang ai	8
性别决定基因	xing bie jue ding ji yin	7
性别分化	xing bie fen hua	41
性别角色社会化	xing bie jue se she hui hua	4
性医学	xing yi xue	8
性厌恶	xing yan wu	24
性周期	xing zhou qi	5
性导	xing dao	4
性染色体病	xing ran se ti bing	2
性欲减退	xing yu jian tui	17
性比	xing bi	9
性激素结合球蛋白	xing ji su jie he qiu dan bai	8
性病学	xing bing xue	14
性病性淋巴肉芽肿	xing bing xing lin ba rou ya zhong	6
性病淋巴肉芽肿	xing bing lin ba rou ya zhong	1
性病疣	xing bing you	5
性腺轴	xing xian zhou	14
性行为异常	xing xing wei yi chang	1
性身份障碍	xing shen fen zhang ai	23
性转换	xing zhuan huan	6
性连锁	xing lian suo	11
总氮	zong dan	14
总胆固醇	zong dan gu chun	25
总胆汁酸	zong dan zhi suan	1
总胆红素	zong dan hong su	11
总蛋白	zong dan bai	8
总辐射	zong fu she	8
总铁结合力	zong tie jie he li	2
恋物症	lian wu zheng	7
恒定区	heng ding qu	32
恒牙	heng ya	25
恙虫病	yang chong bing	45
恙螨皮炎	yang man pi yan	2
恩拉霉素	en la mei su	4
恩曲他滨	en qu ta bin	33
恩替卡韦	en ti ka wei	11
恩替卡韦片	en ti ka wei pian	4
息斯敏	xi si min	1
恰加斯病	qia jia si bing	14
恶丝虫病	e si chong bing	3
恶唑烷酮	e zuo wan tong	26
恶寒发热	e han fa re	12
恶性嗜铬细胞瘤	e xing shi ge xi bao liu	1
恶性畸胎瘤	e xing ji tai liu	2
恶性疟疾	e xing nve ji	23
恶性皮肤肿瘤	e xing pi fu zhong liu	1
恶性神经鞘瘤	e xing shen jing qiao liu	3
恶性纤维组织细胞瘤	e xing xian wei zu zhi xi bao liu	5
恶性组织细胞病	e xing zu zhi xi bao bing	4
恶性萎缩性丘疹病	e xing wei suo xing qiu zhen bing	3
恶性营养不良	e xing ying yang bu liang	6
恶性血管内皮细胞瘤	e xing xue guan nei pi xi bao liu	2
恶性青光眼	e xing qing guang yan	3
恶性高热	e xing gao re	35
恶性高血压	e xing gao xue ya	12
恶核	e he	2
恶病质	e bing zhi	17
恽铁樵	yun tie qiao	46
悉尼线	xi ni xian	3
悦可婷	yue ke ting	2
悬浮培养	xuan fu pei yang	9
悬钟	xuan zhong	36
悬雍垂	xuan yong chui	14
悬颅	xuan lu	2
情感倒错	qing gan dao cuo	3
情感性精神病	qing gan xing jing shen bing	9
情感淡漠	qing gan dan mo	8
情感高涨	qing gan gao zhang	1
情景记忆	qing jing ji yi	17
情绪记忆	qing xu ji yi	7
惊恐症	jing kong zheng	15
惊恐障碍	jing kong zhang ai	13
愈三消胶囊	yu san xiao jiao nang	2
愈伤灵胶囊	yu shang ling jiao nang	7
愈伤组织	yu shang zu zhi	47
愈创木酚	yu chuang mu fen	44
愈创甘油醚	yu chuang gan you mi	11
愈美甲麻敏糖浆	yu mei jia ma min tang jiang	3
愈酚伪麻待因口服溶液	yu fen wei ma dai yin kou fu rong ye	3
愈酚待因口服液	yu fen dai yin kou fu ye	2
愈酚甲麻那敏	yu fen jia ma na min	2
愈风宁心滴丸	yu feng ning xin di wan	3
愈风宁心片	yu feng ning xin pian	3
愈风宁心胶囊	yu feng ning xin jiao nang	3
意义识记	yi yi shi ji	2
意可贴	yi ke tie	3
意向性震颤	yi xiang xing zhen chan	1
意志障碍	yi zhi zhang ai	4
意舍	yi she	22
感冒咳嗽	gan mao ke sou	6
感冒康胶囊	gan mao kang jiao nang	2
感冒欣喷雾剂	gan mao xin pen wu ji	2
感冒止咳冲剂	gan mao zhi ke chong ji	2
感冒止咳糖浆	gan mao zhi ke tang jiang	4
感冒止咳颗粒	gan mao zhi ke ke li	4
感冒消炎片	gan mao xiao yan pian	1
感冒清热冲剂	gan mao qing re chong ji	6
感冒清热口服液	gan mao qing re kou fu ye	2
感冒清热胶囊	gan mao qing re jiao nang	4
感冒清热软胶囊	gan mao qing re ruan jiao nang	4
感冒清热颗粒	gan mao qing re ke li	2
感冒清片	gan mao qing pian	5
感冒清胶囊	gan mao qing jiao nang	7
感冒灵冲剂	gan mao ling chong ji	3
感冒灵片	gan mao ling pian	3
感冒灵胶囊	gan mao ling jiao nang	6
感冒灵颗粒	gan mao ling ke li	6
感冒疏风丸	gan mao shu feng wan	2
感冒疏风片	gan mao shu feng pian	2
感冒疏风颗粒	gan mao shu feng ke li	2
感冒疮	gan mao chuang	3
感冒解毒颗粒	gan mao jie du ke li	3
感冒软胶囊	gan mao ruan jiao nang	1
感冒退热颗粒	gan mao tui re ke li	4
感冒颗粒	gan mao ke li	6
感康	gan kang	7
感愈胶囊	gan yu jiao nang	4
感染性休克	gan ran xing xiu ke	18
感染性关节炎	gan ran xing guan jie yan	15
感染性发热	gan ran xing fa re	6
感染性心内膜炎	gan ran xing xin nei mo yan	21
感染性心肌炎	gan ran xing xin ji yan	4
感染性结膜炎	gan ran xing jie mo yan	1
感染性腹泻	gan ran xing fu xie	14
感染性荨麻疹	gan ran xing qian ma zhen	3
感染期	gan ran qi	15
感觉上皮	gan jue shang pi	4
感觉中枢	gan jue zhong shu	2
感觉减退	gan jue jian tui	9
感觉剥夺	gan jue bo duo	20
感觉区	gan jue qu	4
感觉单位	gan jue dan wei	5
感觉器	gan jue qi	5
感觉性失语	gan jue xing shi yu	13
感觉毛	gan jue mao	5
感觉神经性耳聋	gan jue shen jing xing er long	37
感觉细胞	gan jue xi bao	4
感觉过敏	gan jue guo min	5
感觉阈限	gan jue yu xian	3
感觉障碍	gan jue zhang ai	18
感音性聋	gan yin xing long	4
慢严舒柠	man yan shu ning	1
慢性中耳炎	man xing zhong er yan	3
慢性乳腺炎	man xing ru xian yan	4
慢性光化性皮炎	man xing guang hua xing pi yan	3
慢性再生障碍性贫血	man xing zai sheng zhang ai xing pin xue	7
慢性化脓性中耳炎	man xing hua nong xing zhong er yan	5
慢性化脓性骨髓炎	man xing hua nong xing gu sui yan	3
慢性化脓性鼻窦炎	man xing hua nong xing bi dou yan	1
慢性单纯性青光眼	man xing dan chun xing qing guang yan	2
慢性喉炎	man xing hou yan	9
慢性喘息型支气管炎	man xing chuan xi xing zhi qi guan yan	2
慢性喘息性支气管炎	man xing chuan xi xing zhi qi guan yan	2
慢性外耳道炎	man xing wai er dao yan	4
慢性子宫内膜炎	man xing zi gong nei mo yan	10
慢性心力衰竭	man xing xin li shuai jie	5
慢性心包炎	man xing xin bao yan	1
慢性扁桃体炎	man xing bian tao ti yan	1
慢性排斥反应	man xing pai chi fan ying	1
慢性根尖周炎	man xing gen jian zhou yan	1
慢性气管炎	man xing qi guan yan	7
慢性泪囊炎	man xing lei nang yan	1
慢性活动性肝炎	man xing huo dong xing gan yan	2
慢性浅表性胃炎	man xing qian biao xing wei yan	7
慢性淋巴细胞白血病	man xing lin ba xi bao bai xue bing	6
慢性游走性红斑	man xing you zou xing hong ban	2
慢性牙周炎	man xing ya zhou yan	4
慢性牙髓炎	man xing ya sui yan	1
慢性牙龈炎	man xing ya yin yan	1
慢性甲状腺炎	man xing jia zhuang xian yan	4
慢性疲劳综合症	man xing pi lao zong he zheng	9
慢性病毒性肝炎	man xing bing du xing gan yan	5
慢性白血病	man xing bai xue bing	12
慢性盆腔炎	man xing pen qiang yan	1
慢性直肠炎	man xing zhi chang yan	2
慢性硬膜下血肿	man xing ying mo xia xue zhong	4
慢性结肠炎	man xing jie chang yan	1
慢性结膜炎	man xing jie mo yan	9
慢性肛裂	man xing gang lie	3
慢性肝病	man xing gan bing	41
慢性肺源性心脏病	man xing fei yuan xing xin zang bing	1
慢性肾功能衰竭	man xing shen gong neng shuai jie	21
慢性肾小球肾炎	man xing shen xiao qiu shen yan	2
慢性肾炎综合征	man xing shen yan zong he zheng	4
慢性肾炎综合症	man xing shen yan zong he zheng	2
慢性肾病	man xing shen bing	41
慢性肾盂肾炎	man xing shen yu shen yan	8
慢性胃溃疡	man xing wei kui yang	14
慢性胃炎	man xing wei yan	19
慢性胃肠炎	man xing wei chang yan	2
慢性胆囊炎	man xing dan nang yan	11
慢性胆管炎	man xing dan guan yan	1
慢性胰腺炎	man xing yi xian yan	40
慢性脑膜炎	man xing nao mo yan	3
慢性腮腺炎	man xing sai xian yan	2
慢性腹泻	man xing fu xie	14
慢性腹膜炎	man xing fu mo yan	3
慢性膀胱炎	man xing pang guang yan	2
慢性荨麻疹	man xing qian ma zhen	8
慢性输卵管炎	man xing shu luan guan yan	1
慢性迁延性肝炎	man xing qian yan xing gan yan	4
慢性酒精中毒	man xing jiu jing zhong du	13
慢性闭角型青光眼	man xing bi jiao xing qing guang yan	5
慢性间质性肾炎	man xing jian zhi xing shen yan	1
慢性阑尾炎	man xing lan wei yan	3
慢性阻塞性肺疾病	man xing zu se xing fei ji bing	16
慢性非传染性疾病	man xing fei chuan ran xing ji bing	13
慢性风湿性心脏病	man xing feng shi xing xin zang bing	6
慢性食管炎	man xing shi guan yan	4
慢性骨髓炎	man xing gu sui yan	14
慢性鼻咽炎	man xing bi yan yan	1
慢性鼻炎	man xing bi yan	10
慢性鼻窦炎	man xing bi dou yan	20
慢波睡眠	man bo shui mian	41
慢病	man bing	6
慢病毒感染	man bing du gan ran	4
慢肾宝合剂	man shen bao he ji	2
憩室炎	qi shi yan	32
戈舍瑞林	ge she rui lin	3
戊二醛	wu er quan	30
戊型病毒性肝炎	wu xing bing du xing gan yan	8
戊巴比妥	wu ba bi tuo	33
戊巴比妥钠	wu ba bi tuo na	1
戊酸雌二醇	wu suan ci er chun	18
戊酸雌二醇片	wu suan ci er chun pian	4
成人护理	cheng ren hu li	3
成就测验	cheng jiu ce yan	4
成熟林	cheng shu lin	5
成纤维细胞生长因子	cheng xian wei xi bao sheng zhang yin zi	5
成肌细胞	cheng ji xi bao	12
成脓期	cheng nong qi	3
成都生物制品研究所	cheng du sheng wu zhi pin yan jiu suo	6
成釉细胞瘤	cheng you xi bao liu	4
成长快乐	cheng zhang kuai le	7
戒断综合征	jie duan zong he zheng	22
战壕热	zhan hao re	11
战壕足	zhan hao zu	4
戚寿南	qi shou nan	11
截根术	jie gen shu	3
截肢术	jie zhi shu	1
房室结	fang shi jie	33
房室结折返性心动过速	fang shi jie zhe fan xing xin dong guo su	2
房性心动过速	fang xing xin dong guo su	5
房间隔缺损	fang jian ge que sun	14
房间隔缺损修补术	fang jian ge que sun xiu bu shu	5
房间隔缺损封堵术	fang jian ge que sun feng du shu	4
扁平湿疣	bian ping shi you	3
扁平疣	bian ping you	10
扁平细胞	bian ping xi bao	9
扁平苔癣	bian ping tai xuan	5
扁平苔藓	bian ping tai xian	11
扁平足	bian ping zu	39
扁平髋	bian ping kuan	1
扁桃体切除术	bian tao ti qie chu shu	10
扁桃体周围脓肿	bian tao ti zhou wei nong zhong	4
扁桃体增生	bian tao ti zeng sheng	3
扁桃体恶性肿瘤	bian tao ti e xing zhong liu	1
扁桃体结石	bian tao ti jie shi	1
扁桃体肥大	bian tao ti fei da	1
扁桃体角化症	bian tao ti jiao hua zheng	2
扁豆花	bian dou hua	2
扁豆衣	bian dou yi	4
扁骨	bian gu	9
手三里	shou san li	2
手三里穴	shou san li xue	1
手厥阴心包经	shou jue yin xin bao jing	12
手参肾宝胶囊	shou can shen bao jiao nang	2
手太阳小肠经	shou tai yang xiao chang jing	14
手太阴肺经	shou tai yin fei jing	39
手少阳三焦经	shou shao yang san jiao jing	17
手少阴心经	shou shao yin xin jing	26
手性药物	shou xing yao wu	6
手指再造术	shou zhi zai zao shu	3
手指畸形	shou zhi ji xing	5
手损伤	shou sun shang	3
手术放大镜	shou shu fang da jing	4
手术显微镜	shou shu xian wei jing	6
手术疗法	shou shu liao fa	7
手消毒剂	shou xiao du ji	2
手湿疹	shou shi zhen	2
手癣	shou xuan	8
手肌	shou ji	3
手臂振动病	shou bi zhen dong bing	5
手舟骨	shou zhou gu	14
手足心热	shou zu xin re	1
手足癣	shou zu xuan	8
手足皲裂	shou zu jun lie	6
手足逆冷	shou zu ni leng	3
手阳明大肠经	shou yang ming da chang jing	35
扎冲十三味丸	zha chong shi san wei wan	3
扎来普隆	zha lai pu long	6
扎那米韦	zha na mi wei	15
扑尔伪麻片	pu er wei ma pian	4
扑尔敏片	pu er min pian	5
扑痫酮	pu xian tong	3
扑米酮	pu mi tong	4
扑花	pu hua	3
托吡卡胺	tuo bi ka an	6
托吡酯片	tuo bi zhi pian	3
托品酰胺	tuo pin xian an	2
托尼萘酸片	tuo ni nai suan pian	2
托槽	tuo cao	1
托氟沙星	tuo fu sha xing	5
托烷司琼	tuo wan si qiong	3
托瑞米芬	tuo rui mi fen	1
扛板归	kang ban gui	6
执业助理医师	zhi ye zhu li yi shi	13
扩增片段长度多态性	kuo zeng pian duan chang du duo tai xing	2
扩大免疫规划	kuo da mian yi gui hua	1
扩张型心肌病	kuo zhang xing xin ji bing	21
扫日劳清肺止咳胶囊	sao ri lao qing fei zhi ke jiao nang	3
扭转痉挛	niu zhuan jing luan	4
扶他林	fu ta lin	3
扶正化瘀	fu zheng hua yu	4
扶正化瘀片	fu zheng hua yu pian	4
扶正化瘀胶囊	fu zheng hua yu jiao nang	4
扶正固本	fu zheng gu ben	1
扶正女贞素	fu zheng nv zhen su	2
扶正散结合剂	fu zheng san jie he ji	3
扶正解表	fu zheng jie biao	3
扶芳藤	fu fang teng	6
承光	cheng guang	5
承山	cheng shan	5
承山穴	cheng shan xue	1
承扶	cheng fu	1
承扶穴	cheng fu xue	3
承泣	cheng qi	3
承泣穴	cheng qi xue	2
承浆	cheng jiang	3
承浆穴	cheng jiang xue	2
承满	cheng man	3
承灵	cheng ling	1
承灵穴	cheng ling xue	2
承筋	cheng jin	2
抑制效应	yi zhi xiao ying	20
抑肽酶	yi tai mei	4
抑郁发作	yi yu fa zuo	36
抑郁性神经症	yi yu xing shen jing zheng	1
抑郁状态	yi yu zhuang tai	23
抓握反射	zhua wo fan she	8
抓痕	zhua hen	35
投射纤维	tou she xian wei	2
抗中性粒细胞胞浆抗体	kang zhong xing li xi bao bao jiang kang ti	4
抗乙肝转移因子口服液	kang yi gan zhuan yi yin zi kou fu ye	2
抗五步蛇毒血清	kang wu bu she du xue qing	2
抗体多样性	kang ti duo yang xing	7
抗体异质性	kang ti yi zhi xing	2
抗体效价	kang ti xiao jia	9
抗体滴度	kang ti di du	10
抗冻蛋白	kang dong dan bai	10
抗凝血酶	kang ning xue mei	17
抗凝血酶缺乏	kang ning xue mei que fa	1
抗原决定簇	kang yuan jue ding cu	18
抗原抗体	kang yuan kang ti	23
抗原抗体反应	kang yuan kang ti fan ying	8
抗原转换	kang yuan zhuan huan	1
抗坏血酸氧化酶	kang huai xue suan yang hua mei	2
抗妇炎胶囊	kang fu yan jiao nang	4
抗宫炎片	kang gong yan pian	3
抗宫炎胶囊	kang gong yan jiao nang	2
抗心磷脂抗体	kang xin lin zhi kang ti	1
抗感泡腾片	kang gan pao teng pian	2
抗感灵片	kang gan ling pian	3
抗感胶囊	kang gan jiao nang	2
抗感解毒颗粒	kang gan jie du ke li	3
抗感颗粒	kang gan ke li	3
抗栓再造丸	kang shuan zai zao wan	3
抗栓胶囊	kang shuan jiao nang	5
抗核抗体	kang he kang ti	35
抗毒素	kang du su	41
抗炭疽血清	kang tan ju xue qing	2
抗狂犬病血清	kang kuang quan bing xue qing	1
抗生物素蛋白	kang sheng wu su dan bai	6
抗病毒口服液	kang bing du kou fu ye	3
抗病毒咀嚼片	kang bing du ju jue pian	3
抗病毒片	kang bing du pian	3
抗病毒胶囊	kang bing du jiao nang	7
抗病毒颗粒	kang bing du ke li	5
抗眼镜蛇毒血清	kang yan jing she du xue qing	2
抗磷脂抗体	kang lin zhi kang ti	2
抗磷脂综合症	kang lin zhi zong he zheng	3
抗精子抗体	kang jing zi kang ti	10
抗组胺剂	kang zu an ji	4
抗肌萎缩蛋白	kang ji wei suo dan bai	2
抗肿瘤抗生素	kang zhong liu kang sheng su	5
抗肿瘤药物	kang zhong liu yao wu	47
抗胰蛋白酶	kang yi dan bai mei	17
抗胸腺细胞球蛋白	kang xiong xian xi bao qiu dan bai	2
抗脑衰胶囊	kang nao shuai jiao nang	2
抗腿抽筋高钙片	kang tui chou jin gao gai pian	3
抗菌消炎片	kang jun xiao yan pian	3
抗菌消炎胶囊	kang jun xiao yan jiao nang	4
抗蛇毒血清	kang she du xue qing	29
抗蝮蛇毒血清	kang fu she du xue qing	2
抗血友病球蛋白	kang xue you bing qiu dan bai	4
抗血小板药	kang xue xiao ban yao	18
抗血清	kang xue qing	43
抗衰老口服液	kang shuai lao kou fu ye	1
抗贫血药	kang pin xue yao	8
抗酸杆菌	kang suan gan jun	2
抗酸药	kang suan yao	45
抗银环蛇毒血清	kang yin huan she du xue qing	1
抗阻运动	kang zu yun dong	2
抗风湿药酒	kang feng shi yao jiu	3
抗骨增生丸	kang gu zeng sheng wan	2
抗骨增生片	kang gu zeng sheng pian	6
抗骨增生胶囊	kang gu zeng sheng jiao nang	2
抗骨质增生丸	kang gu zhi zeng sheng wan	6
抛光膏	pao guang gao	3
抛光轮	pao guang lun	2
抛射剂	pao she ji	1
护彤	hu tong	4
护心胶囊	hu xin jiao nang	3
护理专业英语	hu li zhuan ye ying yu	3
护理伦理学	hu li lun li xue	9
护理学基础	hu li xue ji chu	4
护理心理学	hu li xin li xue	3
护理技术	hu li ji shu	11
护理教育学	hu li jiao yu xue	3
护理概论	hu li gai lun	2
护理研究	hu li yan jiu	8
护理礼仪	hu li li yi	5
护理管理学	hu li guan li xue	5
护理美学	hu li mei xue	5
护肝宁片	hu gan ning pian	2
护肝片	hu gan pian	7
护肝胶囊	hu gan jiao nang	2
护骨胶囊	hu gu jiao nang	3
报道基因	bao dao ji yin	3
抬肩	tai jian	4
抽动秽语综合症	chou dong hui yu zong he zheng	4
抽屉试验	chou ti shi yan	2
抽样误差	chou yang wu cha	31
拇长展肌	mu chang zhan ji	3
拉坦前列素	la tan qian lie su	2
拉沙热	la sha re	32
拉米夫定片	la mi fu ding pian	4
拉莫三嗪片	la mo san qin pian	3
拉西地平	la xi di ping	1
拉贝洛尔	la bei luo er	15
拉钩	la gou	8
拔毒	ba du	9
拔毒膏	ba du gao	5
拔毛癖	ba mao pi	44
拔牙钳	ba ya qian	1
拔罐器	ba guan qi	6
拔罐疗法	ba guan liao fa	2
招风耳	zhao feng er	9
拜复乐	bai fu le	4
拜新同	bai xin tong	1
拜阿司匹灵	bai a si pi ling	4
拟除虫菊酯类	ni chu chong ju zhi lei	5
拨云眼膏	bo yun yan gao	2
拮抗药	jie kang yao	49
持久性豆状角化过度症	chi jiu xing dou zhuang jiao hua guo du zheng	2
持水量	chi shui liang	15
持续性发热	chi xu xing fa re	4
持续性枕后位	chi xu xing zhen hou wei	3
持续痛	chi xu tong	3
持针器	chi zhen qi	1
挂号费	gua hao fei	41
指压止血法	zhi ya zhi xue fa	4
指纹法	zhi wen fa	1
指缝	zhi feng	15
指腹	zhi fu	26
指间关节	zhi jian guan jie	15
指骨骨折	zhi gu gu zhe	4
按摩乳	an mo ru	3
按摩膏	an mo gao	1
按蚊	an wen	32
挤压伤	ji ya shang	16
挤压综合征	ji ya zong he zheng	8
挥鞭伤	hui bian shang	5
挫裂创	cuo lie chuang	6
振动光谱	zhen dong guang pu	23
振动效应	zhen dong xiao ying	3
振动病	zhen dong bing	1
振动觉	zhen dong jue	3
振颤	zhen chan	19
换药室	huan yao shi	2
掌指关节	zhang zhi guan jie	12
掌指关节脱位	zhang zhi guan jie tuo wei	3
掌跖脓疱病	zhang zhi nong pao bing	3
掌跖角化病	zhang zhi jiao hua bing	3
掌长肌	zhang chang ji	1
掌骨骨折	zhang gu gu zhe	8
排卵期出血	pai luan qi chu xue	6
排尿反射	pai niao fan she	1
排尿困难	pai niao kun nan	31
排毒养颜胶囊	pai du yang yan jiao nang	2
排毒养颜茶	pai du yang yan cha	3
排油素	pai you su	3
排油茶	pai you cha	4
排泄性尿路造影	pai xie xing niao lu zao ying	2
排牙	pai ya	8
排石颗粒	pai shi ke li	1
接触传播	jie chu chuan bo	32
接触区	jie chu qu	7
接触性出血	jie chu xing chu xue	1
接触性唇炎	jie chu xing chun yan	3
接触性荨麻疹	jie chu xing qian ma zhen	3
接触点	jie chu dian	10
接骨七厘片	jie gu qi li pian	2
接骨板	jie gu ban	5
接骨续筋片	jie gu xu jin pian	2
控制传染源	kong zhi chuan ran yuan	11
控制性降压	kong zhi xing jiang ya	3
控释制剂	kong shi zhi ji	13
推拿学	tui na xue	15
推拿治疗学	tui na zhi liao xue	2
揉捏法	rou nie fa	1
提取液	ti qu ye	34
提睾肌	ti gao ji	19
插入序列	cha ru xu lie	18
插入片段	cha ru pian duan	5
携带者	xie dai zhe	13
搽剂	cha ji	3
摄食中枢	she shi zhong shu	1
摩擦水疱	mo ca shui pao	2
摩擦法	mo ca fa	2
摩擦症	mo ca zheng	3
摩罗丹	mo luo dan	3
撕脱伤	si tuo shang	2
撞击伤	zhuang ji shang	2
操作主义	cao zuo zhu yi	2
操作性定义	cao zuo xing ding yi	9
操作条件反射	cao zuo tiao jian fan she	3
操纵子	cao zong zi	3
擦剂	ca ji	6
擦烂	ca lan	2
攒竹	zan zhu	3
攒竹穴	zan zhu xue	2
支具	zhi ju	10
支原体感染	zhi yuan ti gan ran	2
支原体肺炎	zhi yuan ti fei yan	3
支托	zhi tuo	5
支抗	zhi kang	1
支持带	zhi chi dai	6
支持性心理治疗	zhi chi xing xin li zhi liao	6
支持细胞	zhi chi xi bao	4
支柱根	zhi zhu gen	8
支正	zhi zheng	6
支气管哮喘	zhi qi guan xiao chuan	39
支气管激发试验	zhi qi guan ji fa shi yan	3
支气管痉挛	zhi qi guan jing luan	24
支气管结石	zhi qi guan jie shi	3
支气管肺发育不良	zhi qi guan fei fa yu bu liang	3
支气管肺炎	zhi qi guan fei yan	34
支气管胸膜瘘	zhi qi guan xiong mo lou	2
支气管舒张试验	zhi qi guan shu zhang shi yan	4
支气管镜检查	zhi qi guan jing jian cha	10
支沟	zhi gou	34
支沟穴	zhi gou xue	3
支链淀粉	zhi lian dian fen	48
支饮	zhi yin	5
收敛剂	shou lian ji	43
收缩期	shou suo qi	44
收肌	shou ji	45
改水	gai shui	11
放射复合伤	fang she fu he shang	2
放射性损伤	fang she xing sun shang	2
放射性活度	fang she xing huo du	45
放射性甲状腺疾病	fang she xing jia zhuang xian ji bing	4
放射性白内障	fang she xing bai nei zhang	4
放射性皮炎	fang she xing pi yan	3
放射性皮肤疾病	fang she xing pi fu ji bing	4
放射性直肠炎	fang she xing zhi chang yan	12
放射性肠炎	fang she xing chang yan	1
放射性肺炎	fang she xing fei yan	3
放射性肿瘤	fang she xing zhong liu	1
放射性药品	fang she xing yao pin	8
放射性骨坏死	fang she xing gu huai si	2
放射状角膜切开术	fang she zhuang jiao mo qie kai shu	1
放射痛	fang she tong	2
放射诊断学	fang she zhen duan xue	8
放松疗法	fang song liao fa	2
放松训练	fang song xun lian	11
放血疗法	fang xue liao fa	23
故纸	gu zhi	17
效应物	xiao ying wu	10
敏化作用	min hua zuo yong	10
敏感性皮肤	min gan xing pi fu	2
救心丸	jiu xin wan	2
救心金丸	jiu xin jin wan	3
散发性脑炎	san fa xing nao yan	2
散痛舒片	san tong shu pian	1
散结灵胶囊	san jie ling jiao nang	4
散风活络丸	san feng huo luo wan	2
数量性状	shu liang xing zhuang	16
数量遗传学	shu liang yi chuan xue	8
整体观念	zheng ti guan nian	8
整形科	zheng xing ke	18
整理活动	zheng li huo dong	2
整群抽样	zheng qun chou yang	5
整肠生胶囊	zheng chang sheng jiao nang	2
敷贴法	fu tie fa	4
文化休克	wen hua xiu ke	1
文拉法辛	wen la fa xin	46
文眉	wen mei	8
文迪雅	wen di ya	7
文迪雅片	wen di ya pian	2
斑丘疹	ban qiu zhen	20
斑片	ban pian	15
斑疹	ban zhen	40
斑蝥中毒	ban mao zhong du	2
斑马导丝	ban ma dao si	3
斑驳病	ban bo bing	2
斑鸫	ban dong	24
斜方肌	xie fang ji	33
斜疝	xie shan	27
斜视性弱视	xie shi xing ruo shi	2
斜角肌	xie jiao ji	3
斜颈	xie jing	14
斧标正红花油	fu biao zheng hong hua you	1
斧标驱风油	fu biao qu feng you	7
断乳	duan ru	12
断指再植	duan zhi zai zhi	3
断肢再植	duan zhi zai zhi	7
断血流	duan xue liu	1
断血流胶囊	duan xue liu jiao nang	1
断裂基因	duan lie ji yin	12
斯利安叶酸片	si li an ye suan pian	5
斯奇康	si qi kang	4
斯德哥尔摩综合征	si de ge er mo zong he zheng	14
斯特鲁普效应	si te lu pu xiao ying	11
斯皮仁诺	si pi ren nuo	3
斯皮仁诺胶囊	si pi ren nuo jiao nang	1
斯达舒胶囊	si da shu jiao nang	4
新乐康片	xin le kang pian	3
新乐敦	xin le dun	1
新体卡松	xin ti ka song	2
新加香薷饮	xin jia xiang ru yin	1
新型农村合作医疗	xin xing nong cun he zuo yi liao	47
新型隐球菌	xin xing yin qiu jun	43
新型隐球菌性脑膜炎	xin xing yin qiu jun xing nao mo yan	3
新复方大青叶片	xin fu fang da qing ye pian	2
新山地明	xin shan di ming	4
新康泰克	xin kang tai ke	4
新斯的明	xin si di ming	21
新泰洛其	xin tai luo qi	3
新清宁片	xin qing ning pian	3
新生儿休克	xin sheng er xiu ke	4
新生儿低血糖	xin sheng er di xue tang	3
新生儿化脓性脑膜炎	xin sheng er hua nong xing nao mo yan	3
新生儿发热	xin sheng er fa re	2
新生儿呕吐	xin sheng er ou tu	3
新生儿心律失常	xin sheng er xin lv shi chang	2
新生儿惊厥	xin sheng er jing jue	2
新生儿期	xin sheng er qi	12
新生儿核黄疸	xin sheng er he huang dan	3
新生儿泪囊炎	xin sheng er lei nang yan	5
新生儿湿肺	xin sheng er shi fei	1
新生儿病理性黄疸	xin sheng er bing li xing huang dan	1
新生儿皮下坏疽	xin sheng er pi xia huai ju	2
新生儿眼炎	xin sheng er yan yan	3
新生儿破伤风	xin sheng er po shang feng	7
新生儿窒息	xin sheng er zhi xi	3
新生儿筛查	xin sheng er shai cha	11
新生儿缺血缺氧性脑病	xin sheng er que xue que yang xing nao bing	4
新生儿肝炎	xin sheng er gan yan	3
新生儿肺炎	xin sheng er fei yan	1
新生儿肺透明膜病	xin sheng er fei tou ming mo bing	5
新生儿胆道闭锁	xin sheng er dan dao bi suo	1
新生儿脐炎	xin sheng er qi yan	1
新生儿败血症	xin sheng er bai xue zheng	12
新生儿贫血	xin sheng er pin xue	5
新生儿黄疸	xin sheng er huang dan	22
新生血管性青光眼	xin sheng xue guan xing qing guang yan	1
新生霉素	xin sheng mei su	1
新疆出血热	xin jiang chu xue re	2
新癀片	xin huang pian	4
新福林	xin fu lin	2
新精神分析	xin jing shen fen xi	5
新肤螨灵霜	xin fu man ling shuang	2
新血宝胶囊	xin xue bao jiao nang	3
新诺明	xin nuo ming	1
新谷弘实	xin gu hong shi	4
新雪颗粒	xin xue ke li	4
新霉素滴眼剂	xin mei su di yan ji	2
新霉素软膏	xin mei su ruan gao	2
方位知觉	fang wei zhi jue	3
方勺	fang shao	5
方形管	fang xing guan	3
方有执	fang you zhi	12
方药中	fang yao zhong	2
施今墨	shi jin mo	35
施保利通片	shi bao li tong pian	2
施多宁	shi duo ning	2
施尔康	shi er kang	2
施普善	shi pu shan	1
旁分泌	pang fen mi	36
旁观者效应	pang guan zhe xiao ying	19
旅行者腹泻	lv xing zhe fu xie	17
旋光度	xuan guang du	30
旋前圆肌	xuan qian yuan ji	8
旋后肌	xuan hou ji	10
旋复代赭汤	xuan fu dai zhe tang	2
旋复花	xuan fu hua	1
旋毛虫	xuan mao chong	24
旋毛虫病	xuan mao chong bing	17
旋涡混合器	xuan wo hun he qi	2
旋覆代赭汤	xuan fu dai zhe tang	1
旋转式压片机	xuan zhuan shi ya pian ji	3
无义突变	wu yi tu bian	35
无名动脉	wu ming dong mai	1
无害化处理	wu hai hua chu li	33
无尾类	wu wei lei	5
无尿	wu niao	21
无性细胞瘤	wu xing xi bao liu	12
无敌丹胶囊	wu di dan jiao nang	2
无敌止痛搽剂	wu di zhi tong cha ji	2
无敌药酒	wu di yao jiu	3
无条件反射	wu tiao jian fan she	3
无极膏	wu ji gao	6
无核细胞	wu he xi bao	3
无欲无求	wu yu wu qiu	20
无水乙醇	wu shui yi chun	29
无水亚硫酸钠	wu shui ya liu suan na	1
无水氯化钙	wu shui lv hua gai	21
无水硫酸镁	wu shui liu suan mei	7
无水葡萄糖	wu shui pu tao tang	2
无汗	wu han	49
无汗症	wu han zheng	7
无油空气压缩机	wu you kong qi ya suo ji	3
无热	wu re	7
无睾症	wu gao zheng	3
无精子症	wu jing zi zheng	18
无脑儿	wu nao er	8
无脑畸形	wu nao ji xing	32
无色素痣	wu se su zhi	2
无菌培养	wu jun pei yang	6
无菌性炎症	wu jun xing yan zheng	3
无菌操作	wu jun cao zuo	11
无菌术	wu jun shu	3
无菌水	wu jun shui	11
无蒂	wu di	4
无虹膜	wu hong mo	2
无血清培养基	wu xue qing pei yang ji	3
无足	wu zu	7
既往史	ji wang shi	18
日光性荨麻疹	ri guang xing qian ma zhen	17
日光性角化病	ri guang xing jiao hua bing	2
日光疗法	ri guang liao fa	1
日光皮炎	ri guang pi yan	5
日夜百服咛	ri ye bai fu ning	7
日常概念	ri chang gai nian	4
日晒防治膏	ri shai fang zhi gao	2
日本药局方	ri ben yao ju fang	4
日本血吸虫	ri ben xue xi chong	23
旧结核菌素	jiu jie he jun su	4
早产儿贫血	zao chan er pin xue	1
早孕	zao yun	18
早秃	zao tu	4
早老性痴呆	zao lao xing chi dai	2
早老症	zao lao zheng	5
旱生植物	han sheng zhi wu	29
时标	shi biao	8
时行感冒	shi xing gan mao	6
时间知觉	shi jian zhi jue	16
昂丹司琼	ang dan si qiong	18
昆仙胶囊	kun xian jiao nang	2
昆明山海棠	kun ming shan hai tang	3
明党参	ming dang shen	9
明泽胶囊	ming ze jiao nang	3
明目上清片	ming mu shang qing pian	5
明目二十五味丸	ming mu er shi wu wei wan	3
明目地黄丸	ming mu di huang wan	1
明目羊肝丸	ming mu yang gan wan	3
明目蒺藜丸	ming mu ji li wan	4
明胶海绵	ming jiao hai mian	1
明露	ming lu	3
昏睡病	hun shui bing	33
易善复	yi shan fu	1
易性癖	yi xing pi	9
易患性	yi huan xing	1
易感人群	yi gan ren qun	27
易感者	yi gan zhe	10
易蒙停	yi meng ting	5
易蒙停胶囊	yi meng ting jiao nang	2
星形细胞瘤	xing xing xi bao liu	29
春季结膜炎	chun ji jie mo yan	3
春温	chun wen	36
春雷霉素	chun lei mei su	2
昼盲	zhou mang	18
显微外科技术	xian wei wai ke ji shu	1
显微外科术	xian wei wai ke shu	2
显微摄影术	xian wei she ying shu	1
显微操作	xian wei cao zuo	2
显微注射	xian wei zhu she	10
显微解剖	xian wei jie pou	19
显性感染	xian xing gan ran	9
晕动片	yun dong pian	4
晕动病	yun dong bing	37
晕海宁	yun hai ning	1
晕痣	yun zhi	2
晚孕	wan yun	6
晚材	wan cai	12
普乐可复	pu le ke fu	1
普乐安	pu le an	3
普乐安片	pu le an pian	2
普乐安胶囊	pu le an jiao nang	3
普伐他汀	pu fa ta ting	3
普伐他汀钠	pu fa ta ting na	3
普伐他汀钠片	pu fa ta ting na pian	3
普拉洛芬	pu la luo fen	1
普秃	pu tu	1
普米克都保	pu mi ke du bao	3
普罗布考片	pu luo bu kao pian	2
普罗帕酮	pu luo pa tong	2
普萘洛尔	pu nai luo er	43
普诺地嗪	pu nuo di qin	2
普贝生	pu bei sheng	3
普适泰片	pu shi tai pian	4
普通型偏头痛	pu tong xing pian tou tong	3
普通外科学	pu tong wai ke xue	8
普遍种	pu bian zhong	4
普鲁卡因	pu lu ka yin	34
普鲁卡因胺	pu lu ka yin an	16
普鲁卡因青霉素	pu lu ka yin qing mei su	11
景参益气颗粒	jing shen yi qi ke li	2
景天三七	jing tian san qi	2
景岳全书	jing yue quan shu	7
晶体渗透压	jing ti shen tou ya	1
晶体溶解性青光眼	jing ti rong jie xing qing guang yan	1
晶体蛋白	jing ti dan bai	4
晶态智力	jing tai zhi li	3
晶状体囊	jing zhuang ti nang	2
晶状体溶解性青光眼	jing zhuang ti rong jie xing qing guang yan	3
晶珠本草	jing zhu ben cao	3
智力低下	zhi li di xia	39
智杞颗粒	zhi qi ke li	3
智齿冠周炎	zhi chi guan zhou yan	2
暑湿感冒颗粒	shu shi gan mao ke li	2
暑热感冒颗粒	shu re gan mao ke li	3
暑热症	shu re zheng	1
暑热证	shu re zheng	3
暑证	shu zheng	2
暖宫七味丸	nuan gong qi wei wan	3
暖宫孕子丸	nuan gong yun zi wan	3
暗区	an qu	8
暗点	an dian	8
暗视觉	an shi jue	7
暗适应	an shi ying	8
暴力死	bao li si	2
暴发性紫癜	bao fa xing zi dian	3
暴发调查	bao fa diao cha	4
暴泻	bao xie	22
曲伏前列素滴眼液	qu fu qian lie su di yan ye	2
曲克芦丁	qu ke lu ding	3
曲克芦丁注射液	qu ke lu ding zhu she ye	2
曲克芦丁片	qu ke lu ding pian	4
曲克芦丁胶囊	qu ke lu ding jiao nang	3
曲匹地尔片	qu pi di er pian	2
曲咪新乳膏	qu mi xin ru gao	3
曲妥珠单抗	qu tuo zhu dan kang	47
曲安奈德	qu an nai de	5
曲安奈德新霉素贴膏	qu an nai de xin mei su tie gao	3
曲安奈德注射液	qu an nai de zhu she ye	1
曲安奈德益康唑乳膏	qu an nai de yi kang zuo ru gao	2
曲安奈德软膏	qu an nai de ruan gao	3
曲安西龙	qu an xi long	8
曲尼司特	qu ni si te	3
曲张	qu zhang	8
曲普瑞林	qu pu rui lin	2
曲池穴	qu chi xue	5
曲泉	qu quan	5
曲泉穴	qu quan xue	2
曲泽	qu ze	5
曲焕章	qu huan zhang	20
曲美	qu mei	10
曲美他嗪	qu mei ta qin	36
曲酸	qu suan	4
曲霉病	qu mei bing	12
曲骨	qu gu	4
曲骨穴	qu gu xue	2
更年安片	geng nian an pian	1
更年期忧郁症	geng nian qi you yu zheng	3
更年期抑郁症	geng nian qi yi yu zheng	4
更年期精神病	geng nian qi jing shen bing	3
更昔洛韦	geng xi luo wei	30
更昔洛韦钠	geng xi luo wei na	3
曹洪欣	cao hong xin	5
曹炳章	cao bing zhang	1
曼氏迭宫绦虫	man shi die gong tao chong	3
曼秀雷敦薄荷膏	man xiu lei dun bo he gao	3
曾其毅	zeng qi yi	6
曾秋坤	zeng qiu kun	32
替代强化	ti dai qiang hua	2
替加氟	ti jia fu	1
替普瑞酮	ti pu rui tong	3
替普瑞酮胶囊	ti pu rui tong jiao nang	2
替硝唑	ti xiao zuo	4
替硝唑栓	ti xiao zuo shuan	2
替硝唑氯化钠注射液	ti xiao zuo lv hua na zhu she ye	2
替硝唑葡萄糖注射液	ti xiao zuo pu tao tang zhu she ye	2
替米沙坦	ti mi sha tan	26
替米沙坦片	ti mi sha tan pian	3
替米沙坦胶囊	ti mi sha tan jiao nang	2
替考拉宁	ti kao la ning	7
替莫唑胺	ti mo zuo an	19
最低装量检查法	zui di zhuang liang jian cha fa	2
最后诊断	zui hou zhen duan	6
最大效能	zui da xiao neng	10
最大无作用剂量	zui da wu zuo yong ji liang	2
最大耐受剂量	zui da nai shou ji liang	8
最小腰围	zui xiao yao wei	4
最小致死剂量	zui xiao zhi si ji liang	4
最小致死量	zui xiao zhi si liang	4
月亮错觉	yue liang cuo jue	3
月桂醇硫酸钠	yue gui chun liu suan na	5
月经先期	yue jing xian qi	5
月经史	yue jing shi	6
月经后期	yue jing hou qi	1
月经失调	yue jing shi tiao	26
月经疹	yue jing zhen	4
月经稀少	yue jing xi shao	2
月经超前	yue jing chao qian	3
月经过多	yue jing guo duo	31
月经频繁	yue jing pin fan	1
月见草油	yue jian cao you	6
月见草油胶丸	yue jian cao you jiao wan	3
月骨	yue gu	4
有性世代	you xing shi dai	15
有效剂量	you xiao ji liang	32
有效氯	you xiao lv	2
有效滤过压	you xiao lv guo ya	1
有机磷农药	you ji lin nong yao	17
有机锡中毒	you ji xi zhong du	3
有核细胞	you he xi bao	12
有氧训练	you yang xun lian	15
朗格汉斯细胞	lang ge han si xi bao	12
望诊	wang zhen	12
期前收缩	qi qian shou suo	4
期门	qi men	4
期门穴	qi men xue	4
木僵	mu jiang	6
木夹板	mu jia ban	5
木材化学	mu cai hua xue	5
木材纹理	mu cai wen li	9
木材防腐剂	mu cai fang fu ji	19
木栓质	mu shuan zhi	18
木焦油	mu jiao you	12
木犀草素	mu xi cao su	40
木犀草苷	mu xi cao gan	6
木竭胶囊	mu jie jiao nang	4
木纤维	mu xian wei	18
木耳舒筋丸	mu er shu jin wan	2
木聚糖	mu ju tang	38
木聚糖酶	mu ju tang mei	16
木芙蓉叶	mu fu rong ye	2
木贼草	mu zei cao	1
木贼麻黄	mu zei ma huang	7
木馏油	mu liu you	28
木香	mu xiang	9
木香槟榔丸	mu xiang bing lang wan	1
木香顺气丸	mu xiang shun qi wan	5
木鳖子	mu bie zi	3
未分化癌	wei fen hua ai	11
末梢神经	mo shao shen jing	39
末梢血	mo shao xue	7
末端重复	mo duan chong fu	1
本神	ben shen	4
本能冲动	ben neng chong dong	9
本能行为	ben neng xing wei	39
术后镇痛	shu hou zhen tong	4
朱丹溪	zhu dan xi	28
朱砂安神丸	zhu sha an shen wan	2
朱砂根	zhu sha gen	5
朱砂莲	zhu sha lian	3
机会感染	ji hui gan ran	15
机化	ji hua	6
机化性肺炎	ji hua xing fei yan	2
机械性损伤	ji xie xing sun shang	5
机械性窒息	ji xie xing zhi xi	16
机械性肠梗阻	ji xie xing chang geng zu	5
机能主义	ji neng zhu yi	31
杀伤细胞	sha shang xi bao	22
杀虫脒	sha chong mi	3
杂交瘤	za jiao liu	21
杂合子	za he zi	48
杆菌肽	gan jun tai	16
杆菌肽锌	gan jun tai xin	4
李东垣	li dong yuan	26
李中梓	li zhong zi	8
李善庆	li shan qing	1
李斯特菌病	li si te jun bing	1
李明亮	li ming liang	26
李杲	li gao	37
李梃	li ting	2
李清云	li qing yun	49
杏仁止咳糖浆	xing ren zhi ke tang jiang	4
杏灵颗粒	xing ling ke li	3
杏苏二陈丸	xing su er chen wan	2
杏苏止咳糖浆	xing su zhi ke tang jiang	3
杏苏止咳颗粒	xing su zhi ke ke li	2
杏香兔耳风	xing xiang tu er feng	2
杓状软骨	shao zhuang ruan gu	37
杜仲冲剂	du zhong chong ji	3
杜仲叶	du zhong ye	3
杜仲壮骨胶囊	du zhong zhuang gu jiao nang	2
杜仲平压	du zhong ping ya	2
杜仲皮	du zhong pi	1
杜冷丁	du leng ding	10
杜蕾斯	du lei si	23
杞枣口服液	qi zao kou fu ye	3
杞菊地黄丸	qi ju di huang wan	5
杞菊地黄口服液	qi ju di huang kou fu ye	3
束支传导阻滞	shu zhi chuan dao zu zhi	5
束骨	shu gu	3
杠板归	gang ban gui	4
条件致病菌	tiao jian zhi bing jun	15
条口	tiao kou	8
条口穴	tiao kou xue	2
来曲唑片	lai qu zuo pian	3
来氟米特	lai fu mi te	7
来立信	lai li xin	4
杨树花	yang shu hua	1
杨梅舌	yang mei she	4
杨泮池	yang pan chi	45
杯状耳	bei zhuang er	3
杰士邦	jie shi bang	17
杵状指	chu zhuang zhi	8
松塔	song ta	7
松果体母细胞瘤	song guo ti mu xi bao liu	3
松果体瘤	song guo ti liu	3
松果体细胞瘤	song guo ti xi bao liu	3
松解	song jie	22
松解术	song jie shu	2
松质骨	song zhi gu	14
板兰根	ban lan gen	2
板兰根冲剂	ban lan gen chong ji	4
板层状鱼鳞病	ban ceng zhuang yu lin bing	2
板层角膜移植术	ban ceng jiao mo yi zhi shu	5
板栗壳	ban li ke	1
板状腹	ban zhuang fu	3
板蓝根凉茶	ban lan gen liang cha	2
板蓝根口服液	ban lan gen kou fu ye	2
板蓝根注射液	ban lan gen zhu she ye	2
板蓝根滴丸	ban lan gen di wan	3
板蓝根片	ban lan gen pian	4
板蓝根糖浆	ban lan gen tang jiang	2
板蓝根茶	ban lan gen cha	3
板蓝根颗粒	ban lan gen ke li	2
板蓝清热颗粒	ban lan qing re ke li	2
板齿鼠	ban chi shu	28
极泉	ji quan	6
极泉穴	ji quan xue	2
构制	gou zhi	9
枇杷叶	pi pa ye	29
枇杷叶膏	pi pa ye gao	4
枇杷止咳颗粒	pi pa zhi ke ke li	2
枇杷露	pi pa lu	4
枕外隆突	zhen wai long tu	2
枕大神经	zhen da shen jing	3
枕大神经痛	zhen da shen jing tong	3
枕头洲	zhen tou zhou	8
枕神经痛	zhen shen jing tong	3
枕骨大孔	zhen gu da kong	35
枕骨大孔疝	zhen gu da kong shan	3
林亿	lin yi	5
林兆鑫	lin zhao xin	27
林可胜	lin ke sheng	43
林可霉素	lin ke mei su	13
林可霉素利多卡因凝胶	lin ke mei su li duo ka yin ning jiao	2
林旦	lin dan	18
林格氏液	lin ge shi ye	18
果糖注射液	guo tang zhu she ye	4
果醋	guo cu	17
枣仁安神液	zao ren an shen ye	4
枣仁安神颗粒	zao ren an shen ke li	4
枪弹创	qiang dan chuang	3
枫糖尿症	feng tang niao zheng	16
枫荷除痹酊	feng he chu bi ding	3
枫蓼肠胃康胶囊	feng liao chang wei kang jiao nang	2
枯矾	ku fan	3
枳壳	zhi qiao	48
枳实	zhi shi	31
枳实导滞丸	zhi shi dao zhi wan	1
枳术丸	zhi zhu wan	3
枸杞多糖	gou qi duo tang	6
枸杞根	gou qi gen	1
枸橼酸哌嗪	ju yuan suan pai qin	2
枸橼酸喷托维林片	ju yuan suan pen tuo wei lin pian	3
枸橼酸喷托维林糖浆	ju yuan suan pen tuo wei lin tang jiang	2
枸橼酸氯米芬	ju yuan suan lv mi fen	4
枸橼酸氯米芬片	ju yuan suan lv mi fen pian	5
枸橼酸氯米芬胶囊	ju yuan suan lv mi fen jiao nang	2
枸橼酸芬太尼	ju yuan suan fen tai ni	2
枸橼酸西地那非	ju yuan suan xi di na fei	1
枸橼酸钙	ju yuan suan gai	1
枸橼酸铁铵	ju yuan suan tie an	1
枸橼酸铋钾片	ju yuan suan bi jia pian	3
枸橼酸铋钾胶囊	ju yuan suan bi jia jiao nang	2
枸橼酸锌	ju yuan suan xin	2
柏子仁	bai zi ren	7
柏子仁丸	bai zi ren wan	2
柏子养心丸	bai zi yang xin wan	1
柏油便	bai you bian	2
柏油样便	bai you yang bian	4
染料激光器	ran liao ji guang qi	26
染色体不分离	ran se ti bu fen li	15
染色体丢失	ran se ti diu shi	2
染色体分析	ran se ti fen xi	10
染色体图	ran se ti tu	3
染色体多态性	ran se ti duo tai xing	5
染色体工程	ran se ti gong cheng	11
染色体断裂	ran se ti duan lie	8
染色体畸变	ran se ti ji bian	30
染色体病	ran se ti bing	2
染色体组	ran se ti zu	31
染色体组型	ran se ti zu xing	14
染色体结	ran se ti jie	2
染色体臂	ran se ti bi	7
染色体重复	ran se ti chong fu	2
染色体重排	ran se ti chong pai	5
柔红霉素	rou hong mei su	8
柘木	zhe mu	42
柚皮苷	you pi gan	24
柠檬烯胶囊	ning meng xi jiao nang	2
柯萨奇病毒	ke sa qi bing du	9
柯萨奇病毒感染	ke sa qi bing du gan ran	3
柳氮磺吡啶	liu dan huang bi ding	8
柴石退热颗粒	chai shi tui re ke li	2
柴胡口服液	chai hu kou fu ye	5
柴胡注射液	chai hu zhu she ye	1
柴胡滴丸	chai hu di wan	3
柴胡疏肝散	chai hu shu gan san	3
柴胡皂苷	chai hu zao gan	2
柴葛解肌汤	chai ge jie ji tang	2
柴银口服液	chai yin kou fu ye	5
柴黄颗粒	chai huang ke li	3
柿蒂	shi di	15
栀子苷	zhi zi gan	5
栀子金花丸	zhi zi jin hua wan	1
标准化法	biao zhun hua fa	6
标准化病人	biao zhun hua bing ren	11
标准操作程序	biao zhun cao zuo cheng xu	12
标准桃金娘油肠溶胶囊	biao zhun tao jin niang you chang rong jiao nang	2
标准误	biao zhun wu	32
标准误差	biao zhun wu cha	32
标示量	biao shi liang	4
树枝状细胞	shu zhi zhuang xi bao	4
校准曲线	jiao zhun qu xian	23
校注妇人良方	jiao zhu fu ren liang fang	1
样地	yang di	9
核型	he xing	8
核溶解	he rong jie	6
核糖体蛋白	he tang ti dan bai	26
核糖霉素	he tang mei su	2
核纤层蛋白	he xian ceng dan bai	38
核苷酸酶	he gan suan mei	4
核衣壳	he yi ke	25
核衰变	he shuai bian	46
核酪口服液	he lao kou fu ye	2
核酸内切酶	he suan nei qie mei	30
核酸外切酶	he suan wai qie mei	36
核黄素磷酸钠	he huang su lin suan na	1
核黄素磷酸钠注射液	he huang su lin suan na zhu she ye	4
根冠	gen guan	31
根压	gen ya	11
根头	gen tou	4
根尖周炎	gen jian zhou yan	1
根尖周病	gen jian zhou bing	2
根尖囊肿	gen jian nang zhong	2
根尖脓肿	gen jian nong zhong	3
根托	gen tuo	3
根本死因	gen ben si yin	6
根株	gen zhu	19
根毛	gen mao	8
根痛平胶囊	gen tong ping jiao nang	3
根痛平颗粒	gen tong ping ke li	3
根管治疗	gen guan zhi liao	31
根管治疗术	gen guan zhi liao shu	10
根纤维	gen xian wei	11
根颈	gen jing	3
格列吡嗪	ge lie bi qin	2
格列吡嗪控释片	ge lie bi qin kong shi pian	3
格列吡嗪片	ge lie bi qin pian	2
格列喹酮	ge lie kui tong	2
格列喹酮片	ge lie kui tong pian	2
格列本脲	ge lie ben niao	3
格列本脲片	ge lie ben niao pian	3
格列波脲	ge lie bo niao	2
格列美脲	ge lie mei niao	18
格列美脲片	ge lie mei niao pian	3
格列美脲胶囊	ge lie mei niao jiao nang	3
格列苯脲	ge lie ben niao	10
格列齐特	ge lie qi te	8
格列齐特分散片	ge lie qi te fen san pian	2
格列齐特片	ge lie qi te pian	3
格列齐特缓释片	ge lie qi te huan shi pian	3
格华止	ge hua zhi	1
格拉司琼	ge la si qiong	3
桂利嗪	gui li qin	4
桂哌齐特	gui pai qi te	1
桂圆琼玉冲剂	gui yuan qiong yu chong ji	3
桂林西瓜霜	gui lin xi gua shuang	2
桂枝人参汤	gui zhi ren can tang	1
桂枝茯苓丸	gui zhi fu ling wan	3
桂枝茯苓胶囊	gui zhi fu ling jiao nang	3
桂枝颗粒	gui zhi ke li	2
桂皮醛	gui pi quan	3
桂蒲肾清胶囊	gui pu shen qing jiao nang	3
桂附地黄丸	gui fu di huang wan	4
桂附理中丸	gui fu li zhong wan	2
桂龙咳喘宁	gui long ke chuan ning	3
桂龙咳喘宁片	gui long ke chuan ning pian	3
桃儿七	tao er qi	10
桃红四物汤	tao hong si wu tang	6
桃红清血丸	tao hong qing xue wan	3
桉柠蒎肠溶软胶囊	an ning pai chang rong ruan jiao nang	3
桉油精	an you jing	3
桑国卫	sang guo wei	31
桑姜感冒片	sang jiang gan mao pian	2
桑枝	sang zhi	8
桑枝颗粒	sang zhi ke li	3
桑椹子	sang shen zi	5
桑椹胚	sang shen pei	2
桑椹颗粒	sang shen ke li	4
桑毛虫皮炎	sang mao chong pi yan	2
桑白皮	sang bai pi	17
桑菊感冒丸	sang ju gan mao wan	3
桑菊感冒冲剂	sang ju gan mao chong ji	2
桑菊感冒片	sang ju gan mao pian	2
桑菊感冒颗粒	sang ju gan mao ke li	4
桑菊饮	sang ju yin	4
桑螵蛸	sang piao xiao	5
桑螵蛸散	sang piao xiao san	4
桔梗汤	ju geng tang	3
桡侧副韧带	rao ce fu ren dai	2
桡侧腕屈肌	rao ce wan qu ji	3
桡侧腕短伸肌	rao ce wan duan shen ji	2
桡动脉	rao dong mai	19
桡神经	rao shen jing	34
桡神经损伤	rao shen jing sun shang	6
桡神经沟	rao shen jing gou	1
桡神经麻痹	rao shen jing ma bi	3
桡腕关节	rao wan guan jie	3
桡骨头	rao gu tou	4
桡骨头骨折	rao gu tou gu zhe	2
桡骨小头半脱位	rao gu xiao tou ban tuo wei	4
桡骨茎突	rao gu jing tu	8
桡骨茎突腱鞘炎	rao gu jing tu jian qiao yan	4
桩冠	zhuang guan	1
桶状胸	tong zhuang xiong	1
梁丘穴	liang qiu xue	1
梁智仁	liang zhi ren	28
梁财信跌打丸	liang cai xin die da wan	2
梁门	liang men	5
梅克尔憩室	mei ke er qi shi	1
梅尼埃病	mei ni ai bing	12
梅核气	mei he qi	7
梅毒性心脏病	mei du xing xin zang bing	1
梅毒疹	mei du zhen	3
梅毒螺旋体	mei du luo xuan ti	36
梓醇	zi chun	3
梗阻性肾病	geng zu xing shen bing	2
梗阻性脑积水	geng zu xing nao ji shui	3
梦里共醉	meng li gong zui	9
梧桐子	wu tong zi	8
梨状孔	li zhuang kong	2
梨状肌	li zhuang ji	16
梨状肌综合征	li zhuang ji zong he zheng	5
梭状芽胞杆菌	suo zhuang ya bao gan jun	15
检出率	jian chu lv	26
检疫期	jian yi qi	39
棉子油	mian zi you	3
棉尘病	mian chen bing	3
棉酚	mian fen	45
棍棒伤	gun bang shang	4
棒状杆菌	bang zhuang gan jun	46
棒酸	bang suan	3
棘上韧带	ji shang ren dai	2
棘层	ji ceng	12
棘球蚴病	ji qiu you bing	21
森林脑炎	sen lin nao yan	18
森林脑炎疫苗	sen lin nao yan yi miao	4
植入剂	zhi ru ji	3
植入片	zhi ru pian	1
植物凝集素	zhi wu ning ji su	1
植物带	zhi wu dai	6
植物极	zhi wu ji	4
植物状态	zhi wu zhuang tai	28
植物界	zhi wu jie	9
植物碱	zhi wu jian	11
植物蜡	zhi wu la	7
植物血凝素	zhi wu xue ning su	14
植皮术	zhi pi shu	1
植被图	zhi bei tu	4
植被型	zhi bei xing	6
植被带	zhi bei dai	30
植骨术	zhi gu shu	6
椎前间隙	zhui qian jian xi	2
椎动脉	zhui dong mai	25
椎动脉型颈椎病	zhui dong mai xing jing zhui bing	6
椎基底动脉	zhui ji di dong mai	4
椎孔	zhui kong	10
椎弓根	zhui gong gen	4
椎管	zhui guan	27
椎管内肿瘤切除术	zhui guan nei zhong liu qie chu shu	1
椎管内麻醉	zhui guan nei ma zui	2
椎管狭窄	zhui guan xia zhai	18
椎管造影	zhui guan zao ying	2
椎间孔	zhui jian kong	19
椎间盘变性	zhui jian pan bian xing	4
椎间盘脱出	zhui jian pan tuo chu	14
椎间盘造影	zhui jian pan zao ying	3
椭圆囊	tuo yuan nang	16
椰岛鹿龟酒	ye dao lu gui jiu	2
椹果	shen guo	4
椿根皮	chun gen pi	2
椿皮	chun pi	3
楔状缺损	xie zhuang que sun	5
楮实子	chu shi zi	1
楼英	lou ying	3
楼莲胶囊	lou lian jiao nang	2
榄香烯	lan xiang xi	2
榄香烯乳注射液	lan xiang xi ru zhu she ye	2
榄香烯口服乳	lan xiang xi kou fu ru	5
榄香烯注射液	lan xiang xi zhu she ye	3
槐杞黄颗粒	huai qi huang ke li	2
槐米	huai mi	4
槐耳颗粒	huai er ke li	2
槐角	huai jiao	4
槐角丸	huai jiao wan	1
槐角苷	huai jiao gan	3
槟榔四消丸	bing lang si xiao wan	4
槟榔四消片	bing lang si xiao pian	2
槟榔花	bing lang hua	3
槲叶	hu ye	9
槲皮苷	hu pi gan	4
樟脑软膏	zhang nao ruan gao	3
模型材料	mo xing cai liao	6
模拟试卷	mo ni shi juan	9
横分裂	heng fen lie	3
横断面调查	heng duan mian diao cha	5
横突孔	heng tu kong	3
横窦	heng dou	4
横纹肌肉瘤	heng wen ji rou liu	25
横结肠	heng jie chang	31
横结肠系膜	heng jie chang xi mo	4
横骨	heng gu	7
橄榄桥脑小脑萎缩	gan lan qiao nao xiao nao wei suo	2
橘核丸	ju he wan	1
橘红化痰丸	ju hong hua tan wan	2
橘红痰咳泡腾片	ju hong tan ke pao teng pian	2
橘红痰咳液	ju hong tan ke ye	2
橘红痰咳煎膏	ju hong tan ke jian gao	3
橘红胶囊	ju hong jiao nang	2
橘红颗粒	ju hong ke li	4
橘络	ju luo	6
橙皮苷	cheng pi gan	31
橡胶膏剂	xiang jiao gao ji	4
檀香油	tan xiang you	1
次乌头碱	ci wu tou jian	1
次碳酸铋	ci tan suan bi	3
次级消费者	ci ji xiao fei zhe	6
次要特质	ci yao te zhi	4
次髎	ci liao	3
欣康	xin kang	2
款冬花	kuan dong hua	20
止咳化痰丸	zhi ke hua tan wan	2
止咳定喘丸	zhi ke ding chuan wan	3
止咳宝片	zhi ke bao pian	3
止咳橘红口服液	zhi ke ju hong kou fu ye	2
止咳橘红胶囊	zhi ke ju hong jiao nang	2
止咳橘红颗粒	zhi ke ju hong ke li	2
止咳片	zhi ke pian	2
止咳胶囊	zhi ke jiao nang	5
止喘灵气雾剂	zhi chuan ling qi wu ji	2
止嗽化痰颗粒	zhi sou hua tan ke li	2
止嗽扫痰丸	zhi sou sao tan wan	2
止嗽散	zhi sou san	6
止嗽青果丸	zhi sou qing guo wan	2
止泻颗粒	zhi xie ke li	2
止点	zhi dian	34
止痒消炎水	zhi yang xiao yan shui	2
止痛膏	zhi tong gao	2
止痛透骨膏	zhi tong tou gu gao	3
止眩安神颗粒	zhi xuan an shen ke li	5
止血剂	zhi xue ji	15
止血带	zhi xue dai	37
止血散	zhi xue san	4
止血粉	zhi xue fen	1
止血钳	zhi xue qian	44
正中神经损伤	zheng zhong shen jing sun shang	2
正体类要	zheng ti lei yao	3
正天丸	zheng tian wan	4
正定霉素	zheng ding mei su	2
正常人体功能	zheng chang ren ti gong neng	2
正常菌群	zheng chang jun qun	23
正心泰片	zheng xin tai pian	2
正心泰胶囊	zheng xin tai jiao nang	2
正心泰颗粒	zheng xin tai ke li	3
正态分布曲线	zheng tai fen bu qu xian	6
正柴胡饮	zheng chai hu yin	1
正柴胡饮颗粒	zheng chai hu yin ke li	5
正水	zheng shui	4
正清风痛宁胶囊	zheng qing feng tong ning jiao nang	2
正畸	zheng ji	15
正畸治疗	zheng ji zhi liao	7
正畸矫治器	zheng ji jiao zhi qi	3
正红花油	zheng hong hua you	6
正营	zheng ying	9
正营穴	zheng ying xue	2
步幅	bu fu	44
步态分析	bu tai fen xi	3
步态蹒跚	bu tai pan shan	3
武力拔寒散	wu li ba han san	2
武忠弼	wu zhong bi	7
武汉生物制品研究所	wu han sheng wu zhi pin yan jiu suo	6
死区	si qu	6
死后伤	si hou shang	1
死疫苗	si yi miao	5
死精症	si jing zheng	1
残胃炎	can wei yan	2
残角子宫	can jiao zi gong	1
残遗种	can yi zhong	2
残髓炎	can sui yan	2
殷门	yin men	1
殷门穴	yin men xue	2
毁灭效应	hui mie xiao ying	3
母丁香	mu ding xiang	6
母婴传播	mu ying chuan bo	30
母婴护理	mu ying hu li	5
母斑	mu ban	11
母系遗传	mu xi yi chuan	30
每搏输出量	mei bo shu chu liang	20
毒性弥漫性甲状腺肿	du xing mi man xing jia zhuang xian zhong	3
毒物鉴定	du wu jian ding	2
毒理学基础	du li xue ji chu	2
毒症	du zheng	29
毒鱼藤	du yu teng	2
毓婷	yu ting	9
比沙可啶	bi sha ke ding	11
比沙可啶肠溶片	bi sha ke ding chang rong pian	2
比活度	bi huo du	3
比特力	bi te li	3
比目鱼肌	bi mu yu ji	3
比索洛尔	bi suo luo er	11
比较免疫学	bi jiao mian yi xue	3
比较心理学	bi jiao xin li xue	49
毕业设计	bi ye she ji	11
毛乳头	mao ru tou	11
毛冬青	mao dong qing	13
毛冬青注射液	mao dong qing zhu she ye	2
毛冬青片	mao dong qing pian	3
毛冬青甲素	mao dong qing jia su	2
毛发上皮瘤	mao fa shang pi liu	2
毛发移植	mao fa yi zhi	2
毛发移植术	mao fa yi zhi shu	4
毛发红糠疹	mao fa hong kang zhen	2
毛囊炎	mao nang yan	32
毛囊虫病	mao nang chong bing	13
毛囊角化病	mao nang jiao hua bing	2
毛果芸香碱	mao guo yun xiang jian	11
毛果芸香碱滴眼液	mao guo yun xiang jian di yan ye	2
毛根	mao gen	7
毛母质瘤	mao mu zhi liu	2
毛泽东思想概论	mao ze dong si xiang gai lun	6
毛滴虫病	mao di chong bing	3
毛状体	mao zhuang ti	23
毛痣	mao zhi	5
毛细支气管炎	mao xi zhi qi guan yan	1
毛细淋巴管	mao xi lin ba guan	4
毛细管电泳	mao xi guan dian yong	37
毛细管电泳法	mao xi guan dian yong fa	3
毛细血管扩张	mao xi xue guan kuo zhang	32
毛细血管扩张症	mao xi xue guan kuo zhang zheng	4
毛细血管瘤	mao xi xue guan liu	5
毛诃子	mao he zi	1
毛霉病	mao mei bing	4
毛霉菌病	mao mei jun bing	7
气不摄血	qi bu she xue	1
气不摄血证	qi bu she xue zheng	2
气中	qi zhong	9
气冲	qi chong	23
气冲穴	qi chong xue	2
气分大热	qi fen da re	2
气功疗法	qi gong liao fa	2
气压创伤性中耳炎	qi ya chuang shang xing zhong er yan	3
气厥	qi jue	1
气味腺	qi wei xian	11
气垫床	qi dian chuang	10
气尿	qi niao	2
气性坏疽	qi xing huai ju	11
气户	qi hu	3
气流式粉碎机	qi liu shi fen sui ji	3
气海	qi hai	8
气海俞	qi hai shu	1
气海穴	qi hai xue	2
气滞胃痛颗粒	qi zhi wei tong ke li	1
气滞血瘀	qi zhi xue yu	4
气滞血瘀证	qi zhi xue yu zheng	4
气滞证	qi zhi zheng	1
气穴	qi xue	45
气端	qi duan	5
气管切开术	qi guan qie kai shu	39
气管插管术	qi guan cha guan shu	1
气管支架	qi guan zhi jia	4
气管炎丸	qi guan yan wan	4
气管炎橡胶膏	qi guan yan xiang jiao gao	3
气管炎疫苗	qi guan yan yi miao	4
气管镜	qi guan jing	5
气管食管瘘	qi guan shi guan lou	5
气胀	qi zhang	33
气脑造影	qi nao zao ying	1
气腹	qi fu	2
气舍	qi she	4
气虚便秘	qi xu bian bi	5
气虚证	qi xu zheng	4
气血两燔	qi xue liang fan	3
气血两虚证	qi xue liang xu zheng	3
气血双补丸	qi xue shuang bu wan	4
气血双补口服液	qi xue shuang bu kou fu ye	2
气血固本口服液	qi xue gu ben kou fu ye	3
气血失调	qi xue shi tiao	3
气血康胶囊	qi xue kang jiao nang	3
气血津液	qi xue jin ye	10
气血运行	qi xue yun xing	9
气道阻力	qi dao zu li	2
气郁	qi yu	9
气阴两虚证	qi yin liang xu zheng	4
气随血脱	qi sui xue tuo	2
气雾剂	qi wu ji	29
氘氚反应	dao chuan fan ying	4
氟中毒	fu zhong du	21
氟乙酰胺	fu yi xian an	10
氟他胺片	fu ta an pian	3
氟伏沙明	fu fu sha ming	24
氟伐他汀	fu fa ta ting	2
氟化泡沫	fu hua pao mo	6
氟哌啶醇	fu pai ding chun	43
氟哌啶醇片	fu pai ding chun pian	2
氟哌噻吨美利曲辛片	fu pai sai dun mei li qu xin pian	5
氟哌酸	fu pai suan	4
氟哌酸胶囊	fu pai suan jiao nang	5
氟啶酸	fu ding suan	1
氟奋乃静	fu fen nai jing	4
氟安定	fu an ding	1
氟康唑	fu kang zuo	45
氟康唑氯化钠注射液	fu kang zuo lv hua na zhu she ye	3
氟康唑注射液	fu kang zuo zhu she ye	4
氟康唑片	fu kang zuo pian	4
氟康唑胶囊	fu kang zuo jiao nang	5
氟替卡松	fu ti ka song	19
氟桂利嗪	fu gui li qin	11
氟桂嗪	fu gui qin	2
氟氯西林	fu lv xi lin	12
氟氯西林钠	fu lv xi lin na	3
氟牙症	fu ya zheng	13
氟硝西泮	fu xiao xi pan	43
氟罗沙星	fu luo sha xing	1
氟罗沙星注射液	fu luo sha xing zhu she ye	2
氟罗沙星葡萄糖注射液	fu luo sha xing pu tao tang zhu she ye	3
氟胞嘧啶片	fu bao mi ding pian	2
氟西泮	fu xi pan	36
氟轻松	fu qing song	13
氟达拉滨	fu da la bin	9
氟马西尼	fu ma xi ni	11
氟骨病	fu gu bing	3
氟骨症	fu gu zheng	17
氢化可的松	qing hua ke di song	45
氢吗啡酮	qing ma fei tong	19
氢氟噻嗪	qing fu sai qin	4
氢氧化铝凝胶	qing yang hua lv ning jiao	3
氢氯吡格雷片	qing lv bi ge lei pian	2
氢氯噻嗪片	qing lv sai qin pian	2
氢溴酸东莨菪碱	qing xiu suan dong lang dang jian	2
氢溴酸加兰他敏片	qing xiu suan jia lan ta min pian	3
氢溴酸右美沙芬	qing xiu suan you mei sha fen	2
氢溴酸右美沙芬片	qing xiu suan you mei sha fen pian	4
氢溴酸右美沙芬糖浆	qing xiu suan you mei sha fen tang jiang	2
氢溴酸山莨菪碱	qing xiu suan shan lang dang jian	2
氢溴酸槟榔碱	qing xiu suan bing lang jian	2
氢溴酸西酞普兰片	qing xiu suan xi tai pu lan pian	2
氢溴酸高乌甲素	qing xiu suan gao wu jia su	2
氢溴酸高乌甲素注射液	qing xiu suan gao wu jia su zhu she ye	5
氦氖激光器	hai nai ji guang qi	10
氧分压	yang fen ya	34
氧化纤维素	yang hua xian wei su	1
氧化苦参碱	yang hua ku shen jian	1
氧化还原电位	yang hua huan yuan dian wei	44
氧化锌油	yang hua xin you	3
氧化锌软膏	yang hua xin ruan gao	4
氧哌嗪青霉素	yang pai qin qing mei su	1
氧容量	yang rong liang	1
氧效应	yang xiao ying	2
氧氟沙星	yang fu sha xing	30
氧氟沙星氯化钠注射液	yang fu sha xing lv hua na zhu she ye	3
氧氟沙星滴眼液	yang fu sha xing di yan ye	6
氧氟沙星滴耳液	yang fu sha xing di er ye	4
氧氟沙星片	yang fu sha xing pian	3
氧氟沙星眼膏	yang fu sha xing yan gao	2
氧氟沙星胶囊	yang fu sha xing jiao nang	2
氧输送	yang shu song	5
氨中毒	an zhong du	2
氨咖黄敏	an ka huang min	3
氨咖黄敏胶囊	an ka huang min jiao nang	6
氨咖黄敏颗粒	an ka huang min ke li	2
氨基乙磺酸	an ji yi huang suan	4
氨基偶氮苯	an ji ou dan ben	9
氨基比林	an ji bi lin	12
氨基比林咖啡因片	an ji bi lin ka fei yin pian	4
氨基甲酸酯类农药	an ji jia suan zhi lei nong yao	3
氨基苷类抗生素	an ji gan lei kang sheng su	4
氨基酸代谢病	an ji suan dai xie bing	4
氨基酸代谢紊乱	an ji suan dai xie wen luan	20
氨基酸口服液	an ji suan kou fu ye	5
氨基酸注射液	an ji suan zhu she ye	6
氨基酸螯合钙	an ji suan ao he gai	3
氨基酸颗粒	an ji suan ke li	2
氨曲南	an qu nan	9
氨溴特罗口服溶液	an xiu te luo kou fu rong ye	3
氨溴索	an xiu suo	7
氨溴索口服液	an xiu suo kou fu ye	2
氨溴索注射液	an xiu suo zhu she ye	2
氨甲环酸	an jia huan suan	21
氨甲环酸注射液	an jia huan suan zhu she ye	3
氨甲苯酸	an jia ben suan	1
氨磺必利	an huang bi li	47
氨苄西林	an bian xi lin	21
氨苄西林胶囊	an bian xi lin jiao nang	2
氨苄西林钠	an bian xi lin na	1
氨苯砜	an ben feng	19
氨苯蝶啶	an ben die ding	2
氨茶碱	an cha jian	5
氨茶碱注射液	an cha jian zhu she ye	4
氨茶碱片	an cha jian pian	2
氨酚伪麻片	an fen wei ma pian	4
氨酚伪麻美芬片	an fen wei ma mei fen pian	5
氨酚伪麻美那敏片	an fen wei ma mei na min pian	3
氨酚伪麻胶囊	an fen wei ma jiao nang	2
氨酚伪麻那敏片	an fen wei ma na min pian	3
氨酚双氢可待因片	an fen shuang qing ke dai yin pian	2
氨酚待因	an fen dai yin	3
氨酚待因片	an fen dai yin pian	2
氨酚曲马多片	an fen qu ma duo pian	2
氨酚氯雷伪麻缓释片	an fen lv lei wei ma huan shi pian	4
氨酚烷胺那敏胶囊	an fen wan an na min jiao nang	5
氨酚美伪麻片	an fen mei wei ma pian	3
氨酚羟考酮	an fen qiang kao tong	5
氨酪酸	an lao suan	4
氨金黄敏颗粒	an jin huang min ke li	6
氨非咖片	an fei ka pian	2
氨麻美敏口服溶液	an ma mei min kou fu rong ye	3
氨麻美敏片	an ma mei min pian	3
氮平衡	dan ping heng	8
氮杂胞苷	dan za bao gan	2
氮质血症	dan zhi xue zheng	3
氯丁二烯	lv ding er xi	18
氯丙咪嗪	lv bing mi qin	2
氯丙嗪	lv bing qin	49
氯丙烯	lv bing xi	34
氯丙那林	lv bing na lin	3
氯乙烯中毒	lv yi xi zhong du	3
氯化亚汞	lv hua ya gong	29
氯化琥珀胆碱	lv hua hu po dan jian	3
氯化钠注射液	lv hua na zhu she ye	1
氯化钠溶液	lv hua na rong ye	29
氯化钠滴眼液	lv hua na di yan ye	3
氯化钾注射液	lv hua jia zhu she ye	4
氯化钾片	lv hua jia pian	2
氯化钾缓释片	lv hua jia huan shi pian	2
氯吡格雷	lv bi ge lei	46
氯哌斯汀	lv pai si ting	3
氯唑西林	lv zuo xi lin	13
氯唑西林钠	lv zuo xi lin na	2
氯噻酮	lv sai tong	4
氯地孕酮	lv di yun tong	2
氯己定苯佐卡因含片	lv ji ding ben zuo ka yin han pian	3
氯已定	lv yi ding	2
氯气中毒	lv qi zhong du	4
氯氮卓	lv dan zhuo	3
氯氮平片	lv dan ping pian	4
氯沙坦	lv sha tan	8
氯沙坦钾	lv sha tan jia	4
氯沙坦钾氢氯噻嗪片	lv sha tan jia qing lv sai qin pian	3
氯沙坦钾片	lv sha tan jia pian	3
氯烯雌醚	lv xi ci mi	2
氯痤疮	lv cuo chuang	31
氯硝柳胺	lv xiao liu an	2
氯硝西泮	lv xiao xi pan	32
氯硝西泮片	lv xiao xi pan pian	3
氯磷定	lv lin ding	2
氯磺丙脲	lv huang bing niao	3
氯磺丙脲片	lv huang bing niao pian	3
氯美扎酮	lv mei zha tong	5
氯美扎酮片	lv mei zha tong pian	3
氯膦酸二钠胶囊	lv lin suan er na jiao nang	3
氯芬黄敏片	lv fen huang min pian	5
氯苯那敏	lv ben na min	20
氯解磷定	lv jie lin ding	7
氯解磷定注射液	lv jie lin ding zhu she ye	2
氯诺昔康	lv nuo xi kang	1
氯雷他定	lv lei ta ding	17
氯雷他定咀嚼片	lv lei ta ding ju jue pian	2
氯雷他定片	lv lei ta ding pian	5
氯雷他定糖浆	lv lei ta ding tang jiang	3
氯雷他定胶囊	lv lei ta ding jiao nang	3
氯霉素注射液	lv mei su zhu she ye	4
氯霉素滴眼液	lv mei su di yan ye	7
氯霉素片	lv mei su pian	3
氯马斯汀	lv ma si ting	3
水中毒	shui zhong du	24
水位计	shui wei ji	9
水凝胶	shui ning jiao	40
水分平衡	shui fen ping heng	13
水分穴	shui fen xue	1
水利尿	shui li niao	5
水半夏	shui ban xia	5
水媒	shui mei	28
水孔	shui kong	7
水平传递	shui ping chuan di	3
水杨梅	shui yang mei	4
水杨酸盐	shui yang suan yan	23
水杨酸苯酚贴膏	shui yang suan ben fen tie gao	2
水杨酸软膏	shui yang suan ruan gao	3
水杨酸钠	shui yang suan na	15
水气凌心	shui qi ling xin	1
水沟穴	shui gou xue	1
水泥尘肺	shui ni chen fei	4
水溶性维生素	shui rong xing wei sheng su	34
水牛角	shui niu jiao	32
水牛角浓缩粉	shui niu jiao nong suo fen	1
水电解质	shui dian jie zhi	10
水电解质紊乱	shui dian jie zhi wen luan	1
水疗法	shui liao fa	6
水疱疹	shui pao zhen	15
水突	shui tu	5
水突穴	shui tu xue	1
水管系	shui guan xi	5
水红花子	shui hong hua zi	2
水翁花	shui weng hua	3
水肿病	shui zhong bing	42
水菖蒲	shui chang pu	3
水蛭素	shui zhi su	14
水蜈蚣	shui wu gong	30
水蜜丸	shui mi wan	6
水解明胶	shui jie ming jiao	1
水解蛋白	shui jie dan bai	6
水谷之海	shui gu zhi hai	2
水谷精微	shui gu jing wei	1
水道穴	shui dao xue	1
水金凤	shui jin feng	6
水陆二仙丹	shui lu er xian dan	1
水飞蓟宾胶囊	shui fei ji bin jiao nang	2
水飞蓟宾葡甲胺片	shui fei ji bin pu jia an pian	2
水飞蓟素	shui fei ji su	31
永盛合阿胶	yong sheng he e jiao	4
求美动机	qiu mei dong ji	3
汉坦病毒	han tan bing du	18
汉坦病毒肺综合症	han tan bing du fei zong he zheng	3
汉桃叶	han tao ye	2
汉桃叶软胶囊	han tao ye ruan jiao nang	2
汗孔	han kong	5
汗孔角化症	han kong jiao hua zheng	6
汗疱症	han pao zheng	2
汗管瘤	han guan liu	1
汗腺炎	han xian yan	1
汞溴红溶液	gong xiu hong rong ye	3
汤于翰	tang yu han	17
汤佩松	tang pei song	26
汽油中毒	qi you zhong du	4
沃正刚	wo zheng gang	3
沈克非	shen ke fei	10
沈自尹	shen zi yin	7
沈阳急救中心	shen yang ji jiu zhong xin	2
沈阳红药	shen yang hong yao	1
沈阳红药胶囊	chen yang hong yao jiao nang	2
沉水植物	chen shui zhi wu	25
沉降分析	chen jiang fen xi	3
沉降系数	chen jiang xi shu	48
沉香化气丸	chen xiang hua qi wan	3
沉香化气胶囊	chen xiang hua qi jiao nang	3
沉香化滞丸	chen xiang hua zhi wan	3
沉香十七味丸	chen xiang shi qi wei wan	2
沉香曲	chen xiang qu	2
沙丁胺醇	sha ding an chun	29
沙丁胺醇气雾剂	sha ding an chun qi wu ji	1
沙参止咳汤散	sha shen zhi ke tang san	3
沙参麦冬汤	sha shen mai dong tang	1
沙培林	sha pei lin	3
沙壤土	sha rang tu	19
沙奎那韦	sha kui na wei	7
沙岩	sha yan	7
沙棘油	sha ji you	5
沙棘籽油软胶囊	sha ji zi you ruan jiao nang	2
沙眼衣原体	sha yan yi yuan ti	28
沙美特罗	sha mei te luo	4
沙美特罗替卡松	sha mei te luo ti ka song	1
沙门氏菌感染	sha men shi jun gan ran	20
没药	mo yao	9
河豚毒	he tun du	6
河车大造丸	he che da zao wan	4
沸腾干燥	fei teng gan zao	1
油剂	you ji	25
油彩皮炎	you cai pi yan	2
油性皮肤	you xing pi fu	5
油斑	you ban	7
治伤消瘀丸	zhi shang xiao yu wan	2
治伤软膏	zhi shang ruan gao	4
治偏痛颗粒	zhi pian tong ke li	2
治则	zhi ze	9
治咳川贝枇杷滴丸	zhi ke chuan bei pi pa di wan	3
治咳川贝枇杷露	zhi ke chuan bei pi pa lu	6
治感佳片	zhi gan jia pian	3
治疗指数	zhi liao zhi shu	40
治病求本	zhi bing qiu ben	6
治糜灵栓	zhi mi ling shuan	2
泄殖腔畸形	xie zhi qiang ji xing	3
泄泻	xie xie	46
泊洛沙姆	bo luo sha mu	2
泌乳素	mi ru su	12
泌乳素瘤	mi ru su liu	1
泌尿外科学	mi niao wai ke xue	10
泌尿宁胶囊	mi niao ning jiao nang	2
泌尿系	mi niao xi	17
泌尿系结核	mi niao xi jie he	1
泌尿系结石	mi niao xi jie shi	5
泌尿系统药	mi niao xi tong yao	2
泌淋清胶囊	mi lin qing jiao nang	3
法医学概论	fa yi xue gai lun	3
法医毒物分析	fa yi du wu fen xi	2
法医毒理学	fa yi du li xue	7
法医物证学	fa yi wu zheng xue	3
法医精神病学	fa yi jing shen bing xue	9
法医遗传学	fa yi yi chuan xue	1
法半夏	fa ban xia	4
法氏囊	fa shi nang	7
法洛四联症	fa luo si lian zheng	18
法洛氏三联症	fa luo shi san lian zheng	4
法罗培南钠	fa luo pei nan na	2
法舒地尔	fa shu di er	1
法莫替丁	fa mo ti ding	40
法莫替丁咀嚼片	fa mo ti ding ju jue pian	3
泛发性脓疱型银屑病	fan fa xing nong pao xing yin xie bing	3
泛影葡胺	fan ying pu an	4
泛昔洛韦	fan xi luo wei	10
泛昔洛韦片	fan xi luo wei pian	2
泛酸钙	fan suan gai	5
泡囊	pao nang	29
泡腾崩解剂	pao teng beng jie ji	1
泡腾片	pao teng pian	16
波依定	bo yi ding	6
波立维	bo li wei	5
泥浴	ni yu	28
注射用丁溴东莨菪碱	zhu she yong ding xiu dong lang dang jian	3
注射用三磷酸腺苷二钠	zhu she yong san lin suan xian gan er na	2
注射用乳酸依沙吖啶	zhu she yong ru suan yi sha a ding	2
注射用五水头孢唑林钠	zhu she yong wu shui tou bao zuo lin na	4
注射用伏立康唑	zhu she yong fu li kang zuo	3
注射用促皮质素	zhu she yong cu pi zhi su	7
注射用促肝细胞生长素	zhu she yong cu gan xi bao sheng zhang su	2
注射用克林霉素磷酸酯	zhu she yong ke lin mei su lin suan zhi	3
注射用加替沙星	zhu she yong jia ti sha xing	3
注射用单磷酸阿糖腺苷	zhu she yong dan lin suan a tang xian gan	2
注射用去甲斑蝥酸钠	zhu she yong qu jia ban mao suan na	3
注射用双黄连	zhu she yong shuang huang lian	2
注射用哌拉西林钠	zhu she yong pai la xi lin na	2
注射用培美曲塞二钠	zhu she yong pei mei qu sai er na	4
注射用复合辅酶	zhu she yong fu he fu mei	4
注射用多索茶碱	zhu she yong duo suo cha jian	2
注射用夫西地酸钠	zhu she yong fu xi di suan na	6
注射用头孢他啶	zhu she yong tou bao ta ding	4
注射用头孢匹胺钠	zhu she yong tou bao pi an na	2
注射用头孢呋辛钠	zhu she yong tou bao fu xin na	3
注射用头孢哌酮钠	zhu she yong tou bao pai tong na	3
注射用头孢唑林钠	zhu she yong tou bao zuo lin na	4
注射用头孢噻肟钠	zhu she yong tou bao sai wo na	4
注射用头孢地嗪钠	zhu she yong tou bao di qin na	2
注射用头孢孟多酯钠	zhu she yong tou bao meng duo zhi na	2
注射用头孢尼西钠	zhu she yong tou bao ni xi na	3
注射用头孢拉定	zhu she yong tou bao la ding	3
注射用头孢曲松钠	zhu she yong tou bao qu song na	6
注射用头孢替唑钠	zhu she yong tou bao ti zuo na	2
注射用头孢硫脒	zhu she yong tou bao liu mi	5
注射用头孢米诺钠	zhu she yong tou bao mi nuo na	4
注射用头孢美唑钠	zhu she yong tou bao mei zuo na	5
注射用头孢西丁钠	zhu she yong tou bao xi ding na	3
注射用奈达铂	zhu she yong nai da bo	2
注射用奥美拉唑钠	zhu she yong ao mei la zuo na	5
注射用尼莫地平	zhu she yong ni mo di ping	2
注射用尿激酶	zhu she yong niao ji mei	5
注射用心肌肽	zhu she yong xin ji tai	2
注射用更昔洛韦	zhu she yong geng xi luo wei	3
注射用果糖	zhu she yong guo tang	3
注射用氢溴酸高乌甲素	zhu she yong qing xiu suan gao wu jia su	5
注射用氨曲南	zhu she yong an qu nan	4
注射用水	zhu she yong shui	9
注射用法莫替丁	zhu she yong fa mo ti ding	2
注射用泮托拉唑钠	zhu she yong pan tuo la zuo na	5
注射用洛铂	zhu she yong luo bo	2
注射用灯盏花素	zhu she yong deng zhan hua su	2
注射用炎琥宁	zhu she yong yan hu ning	4
注射用环磷腺苷	zhu she yong huan lin xian gan	2
注射用环磷酰胺	zhu she yong huan lin xian an	2
注射用玻璃酸酶	zhu she yong bo li suan mei	5
注射用甘氨双唑钠	zhu she yong gan an shuang zuo na	2
注射用甘露聚糖肽	zhu she yong gan lu ju tang tai	2
注射用生长抑素	zhu she yong sheng zhang yi su	2
注射用甲氨蝶呤	zhu she yong jia an die ling	3
注射用甲磺酸加贝酯	zhu she yong jia huang suan jia bei zhi	2
注射用甲磺酸帕珠沙星	zhu she yong jia huang suan pa zhu sha xing	3
注射用盐酸伊达比星	zhu she yong yan suan yi da bi xing	3
注射用盐酸吉西他滨	zhu she yong yan suan ji xi ta bin	3
注射用盐酸大观霉素	zhu she yong yan suan da guan mei su	2
注射用盐酸头孢替安	zhu she yong yan suan tou bao ti an	3
注射用盐酸头孢甲肟	zhu she yong yan suan tou bao jia wo	2
注射用盐酸氨溴索	zhu she yong yan suan an xiu suo	2
注射用盐酸瑞芬太尼	zhu she yong yan suan rui fen tai ni	2
注射用盐酸甲氯芬酯	zhu she yong yan suan jia lv fen zhi	4
注射用硝普钠	zhu she yong xiao pu na	2
注射用硫代硫酸钠	zhu she yong liu dai liu suan na	2
注射用硫酸链霉素	zhu she yong liu suan lian mei su	3
注射用磷霉素钠	zhu she yong lin mei su na	2
注射用磺苄西林钠	zhu she yong huang bian xi lin na	4
注射用穿琥宁	zhu she yong chuan hu ning	3
注射用紫杉醇脂质体	zhu she yong zi shan chun zhi zhi ti	2
注射用细辛脑	zhu she yong xi xin nao	4
注射用绒促性素	zhu she yong rong cu xing su	4
注射用美洛西林钠	zhu she yong mei luo xi lin na	3
注射用美罗培南	zhu she yong mei luo pei nan	2
注射用肝水解肽	zhu she yong gan shui jie tai	3
注射用胸腺五肽	zhu she yong xiong xian wu tai	4
注射用胸腺肽	zhu she yong xiong xian tai	5
注射用脑蛋白水解物	zhu she yong nao dan bai shui jie wu	3
注射用苄星青霉素	zhu she yong bian xing qing mei su	4
注射用葛根素	zhu she yong ge gen su	2
注射用血凝酶	zhu she yong xue ning mei	2
注射用血栓通	zhu she yong xue shuan tong	8
注射用转化糖	zhu she yong zhuan hua tang	3
注射用醋酸卡泊芬净	zhu she yong cu suan ka bo fen jing	2
注射用醋酸奥曲肽	zhu she yong cu suan ao qu tai	2
注射用重组人生长激素	zhu she yong chong zu ren sheng zhang ji su	5
注射用长春西汀	zhu she yong chang chun xi ting	3
注射用阿奇霉素	zhu she yong a qi mei su	3
注射用阿昔洛韦	zhu she yong a xi luo wei	2
注射用阿洛西林钠	zhu she yong a luo xi lin na	2
注射用阿糖腺苷	zhu she yong a tang xian gan	2
注射用阿莫西林钠	zhu she yong a mo xi lin na	5
注射用青蒿琥酯	zhu she yong qing hao hu zhi	1
注射用青霉素钠	zhu she yong qing mei su na	5
注射用青霉素钾	zhu she yong qing mei su jia	2
注射用顺铂	zhu she yong shun bo	2
注射用骨瓜提取物	zhu she yong gu gua ti qu wu	2
注射用骨肽	zhu she yong gu tai	2
注射用鼠神经生长因子	zhu she yong shu shen jing sheng zhang yin zi	4
注意分配	zhu yi fen pei	3
注意增强	zhu yi zeng qiang	8
注意广度	zhu yi guang du	1
注意转移	zhu yi zhuan yi	5
泪囊炎	lei nang yan	5
泪小管断裂	lei xiao guan duan lie	5
泪溢	lei yi	3
泪管	lei guan	19
泪道冲洗	lei dao chong xi	5
泪道狭窄	lei dao xia zhai	1
泪道阻塞	lei dao zu se	5
泮库溴铵	pan ku xiu an	11
泮托拉唑	pan tuo la zuo	10
泮托拉唑钠	pan tuo la zuo na	3
泮托拉唑钠肠溶片	pan tuo la zuo na chang rong pian	3
泮托拉唑钠肠溶胶囊	pan tuo la zuo na chang rong jiao nang	3
泰利必妥	tai li bi tuo	1
泰利霉素	tai li mei su	5
泰宝	tai bao	6
泰脂安胶囊	tai zhi an jiao nang	4
泰诺林	tai nuo lin	5
泻下剂	xie xia ji	8
泻心汤	xie xin tang	3
泻痢停	xie li ting	4
泻痢固肠丸	xie li gu chang wan	1
泻痢消片	xie li xiao pian	3
泻黄散	xie huang san	1
洁尔阴	jie er yin	3
洁尔阴泡腾片	jie er yin pao teng pian	2
洁尔阴洗液	jie er yin xi ye	4
洁治器	jie zhi qi	3
洁阴灵洗剂	jie yin ling xi ji	2
洋参保肺丸	yang shen bao fei wan	2
洋参保肺胶囊	yang shen bao fei jiao nang	3
洋参雪哈口服液	yang shen xue ha kou fu ye	2
洋参龟灵口服液	yang shen gui ling kou fu ye	2
洋地黄	yang di huang	36
洋地黄中毒	yang di huang zhong du	3
洋地黄叶	yang di huang ye	1
洋地黄毒苷注射液	yang di huang du gan zhu she ye	3
洋金花	yang jin hua	26
洗剂	xi ji	38
洗必泰	xi bi tai	3
洗液	xi ye	31
洗耳球	xi er qiu	2
洛伐他汀	luo fa ta ting	10
洛哌丁胺	luo pai ding an	22
洛汀新	luo ting xin	2
洛索洛芬	luo suo luo fen	5
洛索洛芬钠	luo suo luo fen na	3
洛索洛芬钠片	luo suo luo fen na pian	2
洛美沙星	luo mei sha xing	3
洛芬待因片	luo fen dai yin pian	2
洛芬葡锌那敏片	luo fen pu xin na min pian	3
洛贝林	luo bei lin	6
洛赛克	luo sai ke	1
洞天长春膏	dong tian chang chun gao	3
洞穴学	dong xue xue	18
津力达颗粒	jin li da ke li	1
津液亏损	jin ye kui sun	3
洪长庚	hong chang geng	23
活体检验	huo ti jian yan	2
活力源口服液	huo li yuan kou fu ye	4
活力苏口服液	huo li su kou fu ye	3
活动性肝炎	huo dong xing gan yan	5
活动性肺结核	huo dong xing fei jie he	5
活动矫治器	huo dong jiao zhi qi	3
活络止痛丸	huo luo zhi tong wan	4
活络油	huo luo you	12
活血化瘀	huo xue hua yu	37
活血壮筋丸	huo xue zhuang jin wan	3
活血应痛丸	huo xue ying tong wan	2
活血止痛散	huo xue zhi tong san	2
活血止痛片	huo xue zhi tong pian	3
活血止痛胶囊	huo xue zhi tong jiao nang	5
活血止痛膏	huo xue zhi tong gao	4
活血消炎丸	huo xue xiao yan wan	2
活血祛瘀	huo xue qu yu	5
活血胶囊	huo xue jiao nang	3
活血解毒	huo xue jie du	3
活血解毒丸	huo xue jie du wan	2
活血调经	huo xue tiao jing	4
活血通经	huo xue tong jing	5
活血通脉片	huo xue tong mai pian	2
活血风湿膏	huo xue feng shi gao	3
活髓切断术	huo sui qie duan shu	2
流式细胞仪	liu shi xi bao yi	32
流感丸	liu gan wan	3
流感全病毒灭活疫苗	liu gan quan bing du mie huo yi miao	2
流感病毒裂解疫苗	liu gan bing du lie jie yi miao	3
流感裂解疫苗	liu gan lie jie yi miao	6
流浸膏剂	liu jin gao ji	2
流脑疫苗	liu nao yi miao	2
流行性乙型脑炎	liu xing xing yi xing nao yan	13
流行性出血性结膜炎	liu xing xing chu xue xing jie mo yan	5
流行性出血热	liu xing xing chu xue re	12
流行性出血热疫苗	liu xing xing chu xue re yi miao	4
流行性感冒疫苗	liu xing xing gan mao yi miao	4
流行性感冒裂解疫苗	liu xing xing gan mao lie jie yi miao	3
流行性斑疹伤寒	liu xing xing ban zhen shang han	42
流行性肌痛	liu xing xing ji tong	2
流行性脑炎	liu xing xing nao yan	16
流行性脑脊髓膜炎	liu xing xing nao ji sui mo yan	15
流行性腹泻	liu xing xing fu xie	30
流行过程	liu xing guo cheng	6
流量表	liu liang biao	3
浅二度烧伤	qian er du shao shang	7
浅深	qian shen	22
浅筋膜	qian jin mo	11
浅部真菌病	qian bu zhen jun bing	3
浅静脉	qian jing mai	19
浅龋	qian qu	4
浆液性炎	jiang ye xing yan	2
浆细胞性乳腺炎	jiang xi bao xing ru xian yan	5
浆细胞瘤	jiang xi bao liu	7
浆细胞白血病	jiang xi bao bai xue bing	2
浆膜	jiang mo	45
浊度计	zhuo du ji	20
测验焦虑	ce yan jiao lv	2
济川煎	ji chuan jian	3
济生肾气丸	ji sheng shen qi wan	1
浓维磷糖浆	nong wei lin tang jiang	2
浓缩丸	nong suo wan	1
浓缩当归丸	nong suo dang gui wan	4
浙贝	zhe bei	6
浙贝母	zhe bei mu	5
浮小麦	fu xiao mai	2
浮游物	fu you wu	39
浮白	fu bai	2
海昆肾喜胶囊	hai kun shen xi jiao nang	4
海星类	hai xing lei	3
海洋药物	hai yang yao wu	7
海浮石	hai fu shi	3
海狗肾	hai gou shen	4
海王金樽	hai wang jin zun	1
海王银得菲	hai wang yin de fei	2
海珠喘息定片	hai zhu chuan xi ding pian	2
海百合类	hai bai he lei	3
海绵状淋巴管瘤	hai mian zhuang lin ba guan liu	2
海绵状血管瘤	hai mian zhuang xue guan liu	2
海绵窦	hai mian dou	21
海绵窦血栓性静脉炎	hai mian dou xue shuan xing jing mai yan	4
海绵组织	hai mian zu zhi	13
海绵肾	hai mian shen	3
海绵骨针	hai mian gu zhen	4
海胆刺伤	hai dan ci shang	2
海藻多糖空心胶囊	hai zao duo tang kong xin jiao nang	2
海藻糖	hai zao tang	27
海藻酸钙	hai zao suan gai	6
海螵蛸	hai piao xiao	7
海豹油	hai bao you	4
海风藤	hai feng teng	2
海马多鞭丸	hai ma duo bian wan	3
海马巴戟胶囊	hai ma ba ji jiao nang	2
海马旁回	hai ma pang hui	28
海马结构	hai ma jie gou	11
海鱼分枝杆菌	hai yu fen zhi gan jun	3
浸泡足	jin pao zu	5
浸浴	jin yu	30
浸润性突眼	jin run xing tu yan	2
浸软	jin ruan	17
涂膜剂	tu mo ji	3
涂阴肺结核	tu yin fei jie he	4
消化科	xiao hua ke	20
消化管	xiao hua guan	24
消化道传染病	xiao hua dao chuan ran bing	4
消化道憩室	xiao hua dao qi shi	2
消咳喘糖浆	xiao ke chuan tang jiang	5
消咳宁片	xiao ke ning pian	4
消心痛	xiao xin tong	6
消旋卡多曲	xiao xuan ka duo qu	1
消旋卡多曲颗粒	xiao xuan ka duo qu ke li	4
消旋山莨菪碱	xiao xuan shan lang dang jian	4
消旋山莨菪碱片	xiao xuan shan lang dang jian pian	3
消朦胶囊	xiao meng jiao nang	2
消栓再造丸	xiao shuan zai zao wan	2
消栓口服液	xiao shuan kou fu ye	3
消栓通络片	xiao shuan tong luo pian	5
消毒盒	xiao du he	1
消渴	xiao ke	48
消渴丸	xiao ke wan	7
消渴安胶囊	xiao ke an jiao nang	4
消渴平片	xiao ke ping pian	2
消渴康颗粒	xiao ke kang ke li	2
消渴灵片	xiao ke ling pian	2
消渴灵胶囊	xiao ke ling jiao nang	2
消渴病	xiao ke bing	2
消渴降糖片	xiao ke jiang tang pian	3
消渴降糖胶囊	xiao ke jiang tang jiao nang	5
消炎利胆片	xiao yan li dan pian	1
消炎止咳片	xiao yan zhi ke pian	4
消炎止咳胶囊	xiao yan zhi ke jiao nang	3
消炎止痛膏	xiao yan zhi tong gao	3
消炎止痢灵片	xiao yan zhi li ling pian	2
消炎片	xiao yan pian	6
消炎痛	xiao yan tong	6
消炎癣湿药膏	xiao yan xuan shi yao gao	3
消炎解毒丸	xiao yan jie du wan	1
消炎退热颗粒	xiao yan tui re ke li	2
消炎镇痛膏	xiao yan zhen tong gao	4
消痔灵注射液	xiao zhi ling zhu she ye	2
消痔软膏	xiao zhi ruan gao	2
消痛贴膏	xiao tong tie gao	5
消痞和胃胶囊	xiao pi he wei jiao nang	4
消瘰丸	xiao luo wan	3
消癌平口服液	xiao ai ping kou fu ye	4
消癌平片	xiao ai ping pian	4
消癌平胶囊	xiao ai ping jiao nang	3
消癌平颗粒	xiao ai ping ke li	3
消白软膏	xiao bai ruan gao	2
消糖灵胶囊	xiao tang ling jiao nang	4
消糜栓	xiao mi shuan	5
消结安胶囊	xiao jie an jiao nang	2
消耗性疾病	xiao hao xing ji bing	8
消肿止痛酊	xiao zhong zhi tong ding	2
消胆胺	xiao dan an	3
消谷善饥	xiao gu shan ji	4
消费者行为研究	xiao fei zhe xing wei yan jiu	1
消银胶囊	xiao yin jiao nang	4
消食健胃片	xiao shi jian wei pian	2
消食化滞	xiao shi hua zhi	1
消食颗粒	xiao shi ke li	2
涌泉穴	yong quan xue	9
涎石	xian shi	3
涎石病	xian shi bing	2
涎腺	xian xian	12
润伊容胶囊	run yi rong jiao nang	3
润燥化痰	run zao hua tan	1
润燥止痒胶囊	run zao zhi yang jiao nang	2
润肠丸	run chang wan	4
润肠胶囊	run chang jiao nang	6
润肠通便	run chang tong bian	12
润肺止咳	run fei zhi ke	8
润肺止嗽丸	run fei zhi sou wan	4
润肺膏	run fei gao	2
润通胶囊	run tong jiao nang	6
涩肠止泻	se chang zhi xie	4
液体制剂	ye ti zhi ji	6
液体药剂	ye ti yao ji	4
液性暗区	ye xing an qu	1
液气胸	ye qi xiong	7
液氮冷冻治疗	ye dan leng dong zhi liao	4
液泡膜	ye pao mo	3
液门	ye men	2
淀粉样变性	dian fen yang bian xing	33
淀粉浆	dian fen jiang	6
淀粉粒	dian fen li	15
淀粉酶口服液	dian fen mei kou fu ye	2
淋巴上皮癌	lin ba shang pi ai	1
淋巴器官	lin ba qi guan	44
淋巴囊肿	lin ba nang zhong	3
淋巴因子	lin ba yin zi	18
淋巴循环	lin ba xun huan	11
淋巴母细胞	lin ba mu xi bao	11
淋巴毒素	lin ba du su	5
淋巴水肿	lin ba shui zhong	13
淋巴滤泡	lin ba lv pao	13
淋巴管炎	lin ba guan yan	9
淋巴管瘤	lin ba guan liu	6
淋巴管肌瘤病	lin ba guan ji liu bing	5
淋巴细胞减少症	lin ba xi bao jian shao zheng	24
淋巴细胞计数	lin ba xi bao ji shu	5
淋巴结核	lin ba jie he	8
淋巴结炎	lin ba jie yan	15
淋巴肉瘤	lin ba rou liu	24
淋巴肉芽肿	lin ba rou ya zhong	12
淋菌性尿道炎	lin jun xing niao dao yan	2
淋菌性结膜炎	lin jun xing jie mo yan	2
淋菌性阴道炎	lin jun xing yin dao yan	3
淡竹叶	dan zhu ye	39
淡色库蚊	dan se ku wen	2
淡豆豉	dan dou chi	12
淤滞	yu zhi	9
淤积性皮炎	yu ji xing pi yan	1
淫羊藿苷	yin yang huo gan	3
淮山	huai shan	41
深二度烧伤	shen er du shao shang	1
深度知觉	shen du zhi jue	23
深海鱼油	shen hai yu you	3
深覆合	shen fu he	4
深覆颌	shen fu he	3
深部热疗	shen bu re liao	5
深部真菌病	shen bu zhen jun bing	3
深龋	shen qu	4
混合性皮肤	hun he xing pi fu	4
混合性结缔组织病	hun he xing jie di zu zhi bing	1
混合感染	hun he gan ran	11
混合抗球蛋白反应	hun he kang qiu dan bai fan ying	2
混合淋巴细胞培养	hun he lin ba xi bao pei yang	3
混合痔	hun he zhi	2
混合痣	hun he zhi	4
混合瘤	hun he liu	22
混合血栓	hun he xue shuan	4
混悬剂	hun xuan ji	15
混悬液	hun xuan ye	13
清凉喉片	qing liang hou pian	3
清凉防暑颗粒	qing liang fang shu ke li	3
清凉鼻舒吸入剂	qing liang bi shu xi ru ji	2
清创术	qing chuang shu	9
清咽六味散	qing yan liu wei san	3
清喉利咽颗粒	qing hou li yan ke li	3
清宫寿桃丸	qing gong shou tao wan	1
清宫术	qing gong shu	6
清宫长春胶囊	qing gong chang chun jiao nang	2
清开灵	qing kai ling	8
清开灵口服液	qing kai ling kou fu ye	6
清开灵注射液	qing kai ling zhu she ye	7
清开灵片	qing kai ling pian	3
清开灵胶囊	qing kai ling jiao nang	4
清开灵软胶囊	qing kai ling ruan jiao nang	5
清开灵颗粒	qing kai ling ke li	5
清心明目上清丸	qing xin ming mu shang qing wan	4
清心沉香八味丸	qing xin chen xiang ba wei wan	4
清心莲子饮	qing xin lian zi yin	1
清暑益气	qing shu yi qi	1
清暑益气丸	qing shu yi qi wan	3
清暑益气汤	qing shu yi qi tang	1
清暑解毒颗粒	qing shu jie du ke li	3
清气化痰丸	qing qi hua tan wan	1
清洁灌肠	qing jie guan chang	4
清浊益肾胶囊	qing zhuo yi shen jiao nang	4
清淋颗粒	qing lin ke li	2
清火栀麦片	qing huo zhi mai pian	3
清火栀麦胶囊	qing huo zhi mai jiao nang	3
清火片	qing huo pian	4
清火胶囊	qing huo jiao nang	3
清热八味胶囊	qing re ba wei jiao nang	3
清热凉茶	qing re liang cha	3
清热凉血	qing re liang xue	11
清热利湿	qing re li shi	37
清热剂	qing re ji	1
清热化湿	qing re hua shi	7
清热化湿口服液	qing re hua shi kou fu ye	2
清热化痰	qing re hua tan	5
清热开窍	qing re kai qiao	1
清热明目茶	qing re ming mu cha	3
清热暗疮丸	qing re an chuang wan	2
清热泻火	qing re xie huo	8
清热消炎宁胶囊	qing re xiao yan ning jiao nang	4
清热灵颗粒	qing re ling ke li	1
清热生津	qing re sheng jin	5
清热祛湿	qing re qu shi	3
清热祛湿颗粒	qing re qu shi ke li	3
清热药	qing re yao	8
清热解毒口服液	qing re jie du kou fu ye	7
清热解毒注射液	qing re jie du zhu she ye	3
清热解毒片	qing re jie du pian	4
清热解毒胶囊	qing re jie du jiao nang	3
清热解毒软胶囊	qing re jie du ruan jiao nang	4
清热解毒颗粒	qing re jie du ke li	4
清热通淋	qing re tong lin	4
清热通淋片	qing re tong lin pian	2
清热通淋胶囊	qing re tong lin jiao nang	4
清燥救肺汤	qing zao jiu fei tang	2
清瘟解毒	qing wen jie du	5
清瘟解毒丸	qing wen jie du wan	2
清瘟解毒片	qing wen jie du pian	3
清瘟败毒饮	qing wen bai du yin	1
清经散	qing jing san	2
清络饮	qing luo yin	1
清肝利胆口服液	qing gan li dan kou fu ye	2
清肝降压胶囊	qing gan jiang ya jiao nang	3
清肺化痰	qing fei hua tan	2
清肺化痰丸	qing fei hua tan wan	2
清肺十八味丸	qing fei shi ba wei wan	5
清肺口服液	qing fei kou fu ye	2
清肺抑火丸	qing fei yi huo wan	3
清肺抑火片	qing fei yi huo pian	3
清肺散结丸	qing fei san jie wan	5
清肺消炎丸	qing fei xiao yan wan	3
清胃汤	qing wei tang	2
清胃黄连丸	qing wei huang lian wan	4
清胰汤	qing yi tang	2
清脑复神液	qing nao fu shen ye	2
清脑降压片	qing nao jiang ya pian	2
清脑降压颗粒	qing nao jiang ya ke li	2
清艾条	qing ai tiao	4
清营凉血	qing ying liang xue	1
清营汤	qing ying tang	1
清血八味	qing xue ba wei	5
清血八味胶囊	qing xue ba wei jiao nang	3
清解	qing jie	5
清金降火汤	qing jin jiang huo tang	2
渊腋	yuan ye	1
渊腋穴	yuan ye xue	2
渗出性中耳炎	shen chu xing zhong er yan	2
渗出性多形红斑	shen chu xing duo xing hong ban	3
渗出性胸膜炎	shen chu xing xiong mo yan	4
渗出液	shen chu ye	26
渗湿	shen shi	9
渗透性利尿	shen tou xing li niao	7
温中散寒	wen zhong san han	11
温凉	wen liang	47
温度感受器	wen du gan shou qi	6
温度效应	wen du xiao ying	8
温毒发斑	wen du fa ban	3
温热经纬	wen re jing wei	6
温疫	wen yi	15
温疫论	wen yi lun	8
温病条辨	wen bing tiao bian	25
温经	wen jing	8
温经散寒	wen jing san han	4
温经活血	wen jing huo xue	5
温肾前列胶囊	wen shen qian lie jiao nang	2
温胃舒胶囊	wen wei shu jiao nang	4
温胃舒颗粒	wen wei shu ke li	2
温脾固肠散	wen pi gu chang san	2
温觉	wen jue	10
温郁金	wen yu jin	4
渴乐宁胶囊	ke le ning jiao nang	2
游动孢子	you dong bao zi	10
游戏疗法	you xi liao fa	7
游泳足	you yong zu	13
游离二氧化硅	you li er yang hua gui	5
游离基因	you li ji yin	5
游离甲状腺素	you li jia zhuang xian su	3
游离皮片移植术	you li pi pian yi zhi shu	3
游离酸	you li suan	13
游离龈	you li yin	5
湖北贝母	hu bei bei mu	1
湿困脾阳	shi kun pi yang	2
湿性坏疽	shi xing huai ju	2
湿敷	shi fu	5
湿毒清胶囊	shi du qing jiao nang	1
湿毒清软膏	shi du qing ruan gao	2
湿法制粒	shi fa zhi li	2
湿润剂	shi run ji	10
湿润烧伤膏	shi run shao shang gao	4
湿温病	shi wen bing	1
湿热下注证	shi re xia zhu zheng	3
湿热壅滞证	shi re yong zhi zheng	2
湿热症	shi re zheng	5
湿热蕴结证	shi re yun jie zheng	3
湿热证	shi re zheng	5
湿疣	shi you	5
湿疹样皮炎	shi zhen yang pi yan	1
湿症	shi zheng	1
湿痹	shi bi	21
湿证	shi zheng	4
湿邪	shi xie	12
湿重	shi zhong	20
湿阻	shi zu	6
溃疡性睑缘炎	kui yang xing jian yuan yan	2
溃疡性肠炎	kui yang xing chang yan	1
溃疡病穿孔	kui yang bing chuan kong	2
溪黄草	xi huang cao	7
溯源堂	su yuan tang	3
溴丙胺太林	xiu bing an tai lin	3
溴甲烷中毒	xiu jia wan zhong du	3
溴米那普鲁卡因	xiu mi na pu lu ka yin	2
溴苯那敏	xiu ben na min	9
溴隐亭	xiu yin ting	15
溶出速度	rong chu su du	1
溶剂提取	rong ji ti qu	26
溶剂法	rong ji fa	13
溶栓脑通胶囊	rong shuan nao tong jiao nang	6
溶液剂	rong ye ji	5
溶液培养	rong ye pei yang	7
溶菌	rong jun	19
溶菌酶含片	rong jun mei han pian	3
溶血性黄疸	rong xue xing huang dan	4
溶解度参数	rong jie du can shu	15
溶解扩散	rong jie kuo san	1
溶酶体贮积症	rong mei ti zhu ji zheng	7
滋养体	zi yang ti	18
滋养层	zi yang ceng	42
滋肾	zi shen	10
滋肾育胎丸	zi shen yu tai wan	4
滋补生发片	zi bu sheng fa pian	2
滋补肝肾	zi bu gan shen	1
滋补肝肾丸	zi bu gan shen wan	2
滋阴清热	zi yin qing re	4
滋阴潜阳	zi yin qian yang	1
滋阴益胃	zi yin yi wei	2
滋阴补肾丸	zi yin bu shen wan	3
滑囊	hua nang	25
滑囊炎	hua nang yan	44
滑液囊	hua ye nang	33
滑石尘肺	hua shi chen fei	4
滑精	hua jing	9
滑肉门	hua rou men	2
滑膜囊	hua mo nang	4
滑膜炎	hua mo yan	44
滑膜炎颗粒	hua mo yan ke li	3
滑膜肉瘤	hua mo rou liu	23
滑车神经	hua che shen jing	21
滕卫平	teng wei ping	12
滞产	zhi chan	12
满婷	man ting	2
满山白	man shan bai	3
满山白糖浆	man shan bai tang jiang	2
滤泡上皮细胞	lv pao shang pi xi bao	19
滤泡性淋巴瘤	lv pao xing lin ba liu	10
滤过率	lv guo lv	7
滤过膜	lv guo mo	3
滴定曲线	di ding qu xian	13
滴定法	di ding fa	41
滴度	di du	7
滴瓶	di ping	7
滴眼剂	di yan ji	11
滴眼用利福平	di yan yong li fu ping	3
滴耳剂	di er ji	5
滴虫性前列腺炎	di chong xing qian lie xian yan	2
滴虫性尿道炎	di chong xing niao dao yan	3
滴虫性阴道炎	di chong xing yin dao yan	22
滴通鼻炎水	di tong bi yan shui	5
滴鼻剂	di bi ji	6
漂白粉消毒	piao bai fen xiao du	6
漆姑草	qi gu cao	23
漏出液	lou chu ye	1
漏斗胸	lou dou xiong	9
漏谷穴	lou gu xue	2
演替系列	yan ti xi lie	14
潘佩璆	pan pei qiu	30
潘木枝	pan mu zhi	35
潘生丁	pan sheng ding	9
潜伏梅毒	qian fu mei du	3
潜血	qian xue	22
潮上带	chao shang dai	14
潮气量	chao qi liang	14
潮汐周期	chao xi zhou qi	14
澳凼大桥	ao dang da qiao	3
澳泰乐颗粒	ao tai le ke li	2
激光刀	ji guang dao	2
激光手术	ji guang shou shu	18
激光损伤	ji guang sun shang	3
激光治疗仪	ji guang zhi liao yi	2
激光脱毛术	ji guang tuo mao shu	2
激活因子	ji huo yin zi	46
灌木带	guan mu dai	4
灌流	guan liu	34
灌肠剂	guan chang ji	13
火器伤	huo qi shang	2
火把花根片	huo ba hua gen pian	4
火棉胶	huo mian jiao	23
火毒	huo du	3
火激红斑	huo ji hong ban	4
火炭母	huo tan mu	28
火焰子	huo yan zi	2
火麻仁	huo ma ren	28
灭湿痛	mie shi tong	3
灭滴灵	mie di ling	5
灭菌剂	mie jun ji	11
灭菌技术	mie jun ji shu	5
灭菌法	mie jun fa	10
灭菌注射用水	mie jun zhu she yong shui	1
灯台叶片	deng tai ye pian	3
灯盏生脉胶囊	deng zhan sheng mai jiao nang	2
灯盏细辛	deng zhan xi xin	1
灯盏花注射液	deng zhan hua zhu she ye	2
灯盏花素	deng zhan hua su	4
灯盏花素注射液	deng zhan hua su zhu she ye	4
灯盏花素片	deng zhan hua su pian	3
灰婴综合征	hui ying zong he zheng	1
灰黄霉素	hui huang mei su	23
灵丹草颗粒	ling dan cao ke li	1
灵仙跌打片	ling xian die da pian	4
灵兰秘典论	ling lan mi dian lun	3
灵精胶囊	ling jing jiao nang	3
灵芝多糖	ling zhi duo tang	2
灵芝孢子粉	ling zhi bao zi fen	1
灵芝孢子粉胶囊	ling zhi bao zi fen jiao nang	6
灵芝片	ling zhi pian	6
灵芝益寿胶囊	ling zhi yi shou jiao nang	3
灵芝胶囊	ling zhi jiao nang	4
灵道	ling dao	3
灸法	jiu fa	33
灼性神经痛	zhuo xing shen jing tong	2
炉甘石	lu gan shi	28
炉甘石洗剂	lu gan shi xi ji	12
炉甘石粉	lu gan shi fen	4
炎可宁	yan ke ning	2
炎可宁片	yan ke ning pian	3
炎宁胶囊	yan ning jiao nang	3
炎性假瘤	yan xing jia liu	1
炎性息肉	yan xing xi rou	4
炎琥宁	yan hu ning	6
炎琥宁注射液	yan hu ning zhu she ye	4
炎症后色素沉着	yan zheng hou se su chen zhuo	4
炎立消	yan li xiao	2
炎立消片	yan li xiao pian	2
炎立消胶囊	yan li xiao jiao nang	8
炎见宁片	yan jian ning pian	2
炒决明子	chao jue ming zi	4
炒白术	chao bai zhu	1
炒莱菔子	chao lai fu zi	5
炒葶苈子	chao ting li zi	4
炒鸡内金	chao ji nei jin	3
炒麦芽	chao mai ya	6
炔诺酮	que nuo tong	39
炔雌醇	que ci chun	42
炔雌醇片	que ci chun pian	3
炔雌醚	que ci mi	2
炙甘草	zhi gan cao	37
炙甘草汤	zhi gan cao tang	1
炙黄芪	zhi huang qi	1
炭疽活疫苗	tan ju huo yi miao	2
炮姜	pao jiang	4
炮弹休克	pao dan xiu ke	4
烂脚	lan jiao	6
烟斑	yan ban	1
烟曲霉	yan qu mei	39
烟草花叶病毒	yan cao hua ye bing du	31
烟酸片	yan suan pian	2
烟酸缓释片	yan suan huan shi pian	2
烟雾病	yan wu bing	3
烦渴	fan ke	22
烧伤喷雾剂	shao shang pen wu ji	2
烧伤感染	shao shang gan ran	1
烧伤面积	shao shang mian ji	24
烧烫伤软膏	shao tang shang ruan gao	2
热价	re jia	10
热休克蛋白	re xiu ke dan bai	42
热入心包	re ru xin bao	2
热原	re yuan	6
热发光	re fa guang	13
热射病	re she bing	19
热极生风	re ji sheng feng	5
热毒宁注射液	re du ning zhu she ye	6
热毒平颗粒	re du ping ke li	3
热毒症	re du zheng	3
热毒证	re du zheng	3
热淋	re lin	7
热淋清片	re lin qing pian	2
热淋清颗粒	re lin qing ke li	2
热激红斑	re ji hong ban	3
热炎宁合剂	re yan ning he ji	2
热炎宁颗粒	re yan ning ke li	3
热烧伤	re shao shang	5
热疗法	re liao fa	4
热症	re zheng	44
热痱搽剂	re fei cha ji	2
热痹	re bi	1
热盛伤津	re sheng shang jin	4
热缺血时间	re que xue shi jian	4
热证	re zheng	20
焦山楂	jiao shan zha	1
焦度	jiao du	31
焦炉工人肺癌	jiao lu gong ren fei ai	4
焦痂	jiao jia	6
焦神曲	jiao shen qu	5
焦虑性抑郁症	jiao lv xing yi yu zheng	3
焦虑性障碍	jiao lv xing zhang ai	6
焦虑状态	jiao lv zhuang tai	12
焦麦芽	jiao mai ya	5
然谷	ran gu	4
煅牡蛎	duan mu li	6
煅石膏	duan shi gao	2
煎煮法	jian zhu fa	4
煤工尘肺	mei gong chen fei	2
照海	zhao hai	6
照海穴	zhao hai xue	1
熊去氧胆酸	xiong qu yang dan suan	18
熊去氧胆酸片	xiong qu yang dan suan pian	1
熊去氧胆酸胶囊	xiong qu yang dan suan jiao nang	5
熊果酸	xiong guo suan	35
熊胆丸胶囊	xiong dan wan jiao nang	2
熊胆川贝口服液	xiong dan chuan bei kou fu ye	3
熊胆救心丸	xiong dan jiu xin wan	3
熊胆救心丹	xiong dan jiu xin dan	3
熊胆滴眼液	xiong dan di yan ye	3
熊胆痔灵栓	xiong dan zhi ling shuan	3
熊胆痔灵膏	xiong dan zhi ling gao	4
熊胆痔疮膏	xiong dan zhi chuang gao	2
熊胆眼药水	xiong dan yan yao shui	5
熊胆胶囊	xiong dan jiao nang	7
熊胆茵陈口服液	xiong dan yin chen kou fu ye	3
熊胆跌打膏	xiong dan die da gao	2
熊胆黄芩滴眼液	xiong dan huang qin di yan ye	4
熔融法	rong rong fa	14
熟地黄	shu di huang	22
燥湿化痰	zao shi hua tan	5
爆炸伤	bao zha shang	12
爪形手	zhao xing shou	4
爬行者	pa xing zhe	32
爬行运动	pa xing yun dong	6
爱普列特	ai pu lie te	2
爱普列特片	ai pu lie te pian	2
爱维心口服液	ai wei xin kou fu ye	3
片仔癀	pian zai huang	33
片姜黄	pian jiang huang	4
牙体牙髓病学	ya ti ya sui bing xue	2
牙冠延长术	ya guan yan chang shu	3
牙列不齐	ya lie bu qi	5
牙周病学	ya zhou bing xue	13
牙周组织	ya zhou zu zhi	12
牙周组织病	ya zhou zu zhi bing	2
牙周翻瓣术	ya zhou fan ban shu	2
牙周脓肿	ya zhou nong zhong	4
牙周膜	ya zhou mo	3
牙周萎缩	ya zhou wei suo	4
牙周袋	ya zhou dai	4
牙垫	ya dian	1
牙外伤	ya wai shang	6
牙尖	ya jian	34
牙式	ya shi	5
牙弓	ya gong	6
牙挺	ya ting	7
牙本质小管	ya ben zhi xiao guan	1
牙本质过敏	ya ben zhi guo min	2
牙板	ya ban	16
牙椅	ya yi	8
牙槽脓肿	ya cao nong zhong	1
牙槽骨	ya cao gu	18
牙槽骨修整术	ya cao gu xiu zheng shu	2
牙源性肿瘤	ya yuan xing zhong liu	1
牙片	ya pian	8
牙痛一粒丸	ya tong yi li wan	3
牙痛安	ya tong an	2
牙瘤	ya liu	1
牙科综合治疗台	ya ke zong he zhi liao tai	4
牙科综合治疗机	ya ke zong he zhi liao ji	4
牙线	ya xian	9
牙结石	ya jie shi	16
牙胚	ya pei	2
牙色	ya se	4
牙钻	ya zuan	9
牙隐裂	ya yin lie	6
牙颌面畸形	ya he mian ji xing	4
牙骨质	ya gu zhi	24
牙髓坏死	ya sui huai si	5
牙髓摘除术	ya sui zhai chu shu	3
牙髓炎	ya sui yan	13
牙髓病	ya sui bing	19
牙齿变色	ya chi bian se	8
牙齿拥挤	ya chi yong ji	1
牙齿松动	ya chi song dong	15
牙齿楔状缺损	ya chi xie zhuang que sun	3
牙齿漂白术	ya chi piao bai shu	2
牙齿腐蚀	ya chi fu shi	5
牙龈出血	ya yin chu xue	28
牙龈切除术	ya yin qie chu shu	2
牙龈增生	ya yin zeng sheng	4
牙龈炎	ya yin yan	25
牙龈病	ya yin bing	8
牙龈瘘管	ya yin lou guan	3
牙龈瘤	ya yin liu	1
牙龈肿痛	ya yin zhong tong	4
牙龈退缩	ya yin tui suo	1
牛乳钙	niu ru gai	5
牛初乳	niu chu ru	41
牛惠生	niu hui sheng	11
牛疫	niu yi	16
牛痘苗	niu dou miao	8
牛皮癣关节炎	niu pi xuan guan jie yan	3
牛皮癣性关节炎	niu pi xuan xing guan jie yan	3
牛磺熊去氧胆酸	niu huang xiong qu yang dan suan	5
牛磺胆酸	niu huang dan suan	3
牛磺胆酸钠	niu huang dan suan na	2
牛磺酸滴眼液	niu huang suan di yan ye	2
牛磺酸颗粒	niu huang suan ke li	3
牛蒡子	niu bang zi	15
牛蒡根	niu bang gen	3
牛黄上清丸	niu huang shang qing wan	1
牛黄上清片	niu huang shang qing pian	3
牛黄上清胶囊	niu huang shang qing jiao nang	2
牛黄千金散	niu huang qian jin san	3
牛黄消炎丸	niu huang xiao yan wan	3
牛黄消炎灵胶囊	niu huang xiao yan ling jiao nang	2
牛黄消炎片	niu huang xiao yan pian	4
牛黄清心丸	niu huang qing xin wan	13
牛黄清感胶囊	niu huang qing gan jiao nang	3
牛黄清火丸	niu huang qing huo wan	3
牛黄清肺散	niu huang qing fei san	2
牛黄清肺片	niu huang qing fei pian	2
牛黄清胃丸	niu huang qing wei wan	6
牛黄蛇胆川贝液	niu huang she dan chuan bei ye	3
牛黄蛇胆川贝胶囊	niu huang she dan chuan bei jiao nang	4
牛黄解毒片	niu huang jie du pian	7
牛黄解毒胶囊	niu huang jie du jiao nang	2
牛黄解毒软胶囊	niu huang jie du ruan jiao nang	4
牛黄降压丸	niu huang jiang ya wan	4
牛黄降压胶囊	niu huang jiang ya jiao nang	2
牡丹皮	mu dan pi	18
牡荆油胶丸	mu jing you jiao wan	3
牡蛎碳酸钙颗粒	mu li tan suan gai ke li	2
物理医学	wu li yi xue	13
物理因子疗法	wu li yin zi liao fa	1
物理治疗学	wu li zhi liao xue	46
物理疗法	wu li liao fa	23
物种形成	wu zhong xing cheng	6
牵张反射	qian zhang fan she	8
牵拉性视网膜脱离	qian la xing shi wang mo tuo li	4
牵正	qian zheng	7
牵涉痛	qian she tong	3
特克斯和凯科斯群岛	te ke si he kai ke si qun dao	7
特利加压素	te li jia ya su	2
特发性震颤	te fa xing zhen chan	1
特子社复	te zi she fu	3
特布他林	te bu ta lin	1
特应性	te ying xing	16
特应性皮炎	te ying xing pi yan	24
特异性免疫	te yi xing mian yi	28
特异性抗原	te yi xing kang yuan	13
特异质反应	te yi zhi fan ying	2
特拉唑嗪	te la zuo qin	5
特殊检查	te shu jian cha	8
特殊迁移	te shu qian yi	3
特比萘芬	te bi nai fen	24
特灵眼药	te ling yan yao	5
特级护理	te ji hu li	1
特罗凯	te luo kai	4
特非那丁片	te fei na ding pian	2
特非那定	te fei na ding	3
特非那定片	te fei na ding pian	2
犀羚解毒丸	xi ling jie du wan	2
犀角化毒丸	xi jiao hua du wan	2
犀角地黄丸	xi jiao di huang wan	2
犀角地黄汤	xi jiao di huang tang	1
犊鼻	du bi	9
犊鼻穴	du bi xue	5
犬钩端螺旋体病	quan gou duan luo xuan ti bing	4
状态焦虑	zhuang tai jiao lv	1
狂犬疫苗	kuang quan yi miao	23
狂犬病免疫球蛋白	kuang quan bing mian yi qiu dan bai	5
狂犬病毒	kuang quan bing du	40
狂病	kuang bing	15
狐惑病	hu huo bing	5
狗皮膏	gou pi gao	7
独一味	du yi wei	4
独一味咀嚼片	du yi wei ju jue pian	2
独一味胶囊	du yi wei jiao nang	2
独一味软胶囊	du yi wei ruan jiao nang	3
独一味颗粒	du yi wei ke li	2
独参汤	du shen tang	3
独圣活血片	du sheng huo xue pian	4
独活寄生汤	du huo ji sheng tang	6
独特位	du te wei	4
独特型	du te xing	4
独生儿童	du sheng er tong	3
独阴	du yin	1
狭叶红景天	xia ye hong jing tian	4
狭心症	xia xin zheng	15
狭颅症	xia lu zheng	5
狼疮性肾炎	lang chuang xing shen yan	11
狼疮肾炎	lang chuang shen yan	4
猝倒症	cu dao zheng	8
猪牙皂	zhu ya zao	8
猪肺磷脂注射液	zhu fei lin zhi zhu she ye	4
猪苓	zhu ling	29
猪苓多糖	zhu ling duo tang	2
猪苓多糖注射液	zhu ling duo tang zhu she ye	2
猪蹄甲	zhu ti jia	4
猪链球菌	zhu lian qiu jun	14
猪链球菌病	zhu lian qiu jun bing	2
猫人参	mao ren shen	2
猫抓病	mao zhua bing	13
猫须草	mao xu cao	2
猴头菌片	hou tou jun pian	4
猴枣	hou zao	22
猴耳环消炎片	hou er huan xiao yan pian	2
猴耳环消炎胶囊	hou er huan xiao yan jiao nang	2
猴菇菌片	hou gu jun pian	3
玄麦甘桔颗粒	xuan mai gan ju ke li	3
率谷	shuai gu	4
玉丹荣心丸	yu dan rong xin wan	2
玉叶清火片	yu ye qing huo pian	4
玉女煎	yu nv jian	1
玉屏风	yu ping feng	3
玉屏风口服液	yu ping feng kou fu ye	4
玉屏风散	yu ping feng san	7
玉屏风滴丸	yu ping feng di wan	2
玉屏风颗粒	yu ping feng ke li	5
玉枕	yu zhen	16
玉枕穴	yu zhen xue	1
玉泉丸	yu quan wan	2
王不留行	wang bu liu xing	16
王世真	wang shi zhen	7
王冰	wang bing	10
王台	wang tai	10
王振义	wang zhen yi	43
王旭高	wang xu gao	3
王朴诚	wang pu cheng	1
王氏保赤丸	wang shi bao chi wan	4
王氏连朴饮	wang shi lian pu yin	3
王肯堂	wang ken tang	22
玫瑰疹	mei gui zhen	3
玫瑰糠疹	mei gui kang zhen	12
玫瑰花结	mei gui hua jie	16
环丙氟哌酸	huan bing fu pai suan	2
环丙沙星注射液	huan bing sha xing zhu she ye	3
环丙沙星滴眼液	huan bing sha xing di yan ye	2
环丙沙星片	huan bing sha xing pian	2
环丝氨酸	huan si an suan	25
环境卫生学	huan jing wei sheng xue	36
环孢素胶囊	huan bao su jiao nang	4
环孢素软胶囊	huan bao su ruan jiao nang	5
环孢菌素	huan bao jun su	13
环己胺	huan ji an	46
环形红斑	huan xing hong ban	3
环指	huan zhi	8
环枢	huan shu	1
环氧化酶	huan yang hua mei	18
环状胰腺	huan zhuang yi xian	2
环状软骨	huan zhuang ruan gu	45
环磷腺苷注射液	huan lin xian gan zhu she ye	5
环磷酰胺注射液	huan lin xian an zhu she ye	4
环磷酸鸟苷	huan lin suan niao gan	13
环跳	huan tiao	14
环转	huan zhuan	7
环酯红霉素	huan zhi hong mei su	3
环酯红霉素片	huan zhi hong mei su pian	2
现代医学模式	xian dai yi xue mo shi	6
现代口腔种植学	xian dai kou qiang zhong zhi xue	3
现况调查	xian kuang diao cha	15
现场研究	xian chang yan jiu	11
现存量	xian cun liang	2
玻璃体出血	bo li ti chu xue	2
玻璃体切割术	bo li ti qie ge shu	3
玻璃体变性	bo li ti bian xing	1
玻璃体液	bo li ti ye	2
玻璃体液化	bo li ti ye hua	1
玻璃体混浊	bo li ti hun zhuo	4
玻璃体病	bo li ti bing	1
玻璃体积血	bo li ti ji xue	6
玻璃离子水门汀	bo li li zi shui men ting	2
玻璃膜疣	bo li mo you	2
玻璃酸酶	bo li suan mei	3
玻璃酸钠	bo li suan na	2
玻璃酸钠滴眼液	bo li suan na di yan ye	3
珊瑚七十味丸	shan hu qi shi wei wan	3
珊瑚姜	shan hu jiang	1
珍合灵片	zhen he ling pian	2
珍宝丸	zhen bao wan	1
珍珠层粉	zhen zhu ceng fen	5
珍珠明目滴眼液	zhen zhu ming mu di yan ye	4
珍珠活络二十九味丸	zhen zhu huo luo er shi jiu wei wan	4
珍珠粉	zhen zhu fen	21
珍珠粉胶囊	zhen zhu fen jiao nang	3
珍珠芦荟	zhen zhu lu hui	3
珍红颗粒	zhen hong ke li	3
珍芪降糖胶囊	zhen qi jiang tang jiao nang	4
珍视明滴眼液	zhen shi ming di yan ye	2
珍香胶囊	zhen xiang jiao nang	3
珠子参	zhu zi shen	3
班布特罗	ban bu te luo	4
班氏丝虫病	ban shi si chong bing	3
球囊扩张导管	qiu nang kuo zhang dao guan	5
球囊斑	qiu nang ban	1
球孢子菌病	qiu bao zi jun bing	8
球旁细胞	qiu pang xi bao	1
球结膜	qiu jie mo	9
球麻痹	qiu ma bi	3
理中丸	li zhong wan	3
理性情绪疗法	li xing qing xu liao fa	2
理气舒心片	li qi shu xin pian	4
理论心理学	li lun xin li xue	33
理论生物学	li lun sheng wu xue	45
琥乙红霉素	hu yi hong mei su	5
琥乙红霉素片	hu yi hong mei su pian	3
琥乙红霉素胶囊	hu yi hong mei su jiao nang	2
琥珀氯霉素	hu po lv mei su	2
琥珀胆碱	hu po dan jian	22
琥珀还睛丸	hu po huan jing wan	2
琥珀酰明胶注射液	hu po xian ming jiao zhu she ye	4
琥珀酸亚铁	hu po suan ya tie	1
琥珀酸氧化酶	hu po suan yang hua mei	2
琥珀酸美托洛尔	hu po suan mei tuo luo er	2
琥珀酸美托洛尔缓释片	hu po suan mei tuo luo er huan shi pian	3
琼玉膏	qiong yu gao	1
琼脂糖	qiong zhi tang	15
琼脂糖凝胶电泳	qiong zhi tang ning jiao dian yong	10
瑞像岩	rui xiang yan	7
瑞巴派特	rui ba pai te	3
瑞格列奈	rui ge lie nai	10
瑞格列奈片	rui ge lie nai pian	3
瑞舒伐他汀钙	rui shu fa ta ting gai	1
瑞芬太尼	rui fen tai ni	32
瑞贝克	rui bei ke	6
瓜子金	gua zi jin	14
瓜蒌仁	gua lou ren	1
瓜蒌薤白半夏汤	gua lou xie bai ban xia tang	2
瓜蒌薤白白酒汤	gua lou xie bai bai jiu tang	2
瓜霜退热灵胶囊	gua shuang tui re ling jiao nang	4
瓣膜性心脏病	ban mo xing xin zang bing	7
瓣膜成形术	ban mo cheng xing shu	4
瓣膜置换术	ban mo zhi huan shu	2
瓦松	wa song	5
瓦楞子	wa leng zi	7
瓷牙	ci ya	9
瓷贴面	ci tie mian	2
甘利欣	gan li xin	4
甘桔冰梅片	gan ju bing mei pian	3
甘油三脂	gan you san zhi	4
甘油果糖	gan you guo tang	4
甘油灌肠剂	gan you guan chang ji	2
甘油醇溶液	gan you chun rong ye	2
甘精胰岛素	gan jing yi dao su	5
甘精胰岛素注射液	gan jing yi dao su zhu she ye	3
甘草干姜茯苓白术汤	gan cao gan jiang fu ling bai zhu tang	2
甘草次酸	gan cao ci suan	17
甘草泻心汤	gan cao xie xin tang	1
甘草流浸膏	gan cao liu jin gao	4
甘草浸膏	gan cao jin gao	2
甘草片	gan cao pian	8
甘草甜素	gan cao tian su	4
甘草酸二钠	gan cao suan er na	2
甘草酸二钾	gan cao suan er jia	3
甘草酸二铵	gan cao suan er an	2
甘草酸二铵注射液	gan cao suan er an zhu she ye	2
甘草酸二铵胶囊	gan cao suan er an jiao nang	3
甘草酸单铵	gan cao suan dan an	3
甘草酸单铵盐	gan cao suan dan an yan	3
甘草酸苷	gan cao suan gan	3
甘草锌颗粒	gan cao xin ke li	3
甘遂	gan sui	13
甘露消毒丸	gan lu xiao du wan	3
甘露消毒丹	gan lu xiao du dan	1
甘露消渴胶囊	gan lu xiao ke jiao nang	4
甘露糖苷酶	gan lu tang gan mei	3
甘露聚糖肽	gan lu ju tang tai	1
甘露聚糖肽口服液	gan lu ju tang tai kou fu ye	3
甘露聚糖肽口服溶液	gan lu ju tang tai kou fu rong ye	4
甘露聚糖肽片	gan lu ju tang tai pian	2
甘露醇注射液	gan lu chun zhu she ye	4
甘麦大枣汤	gan mai da zao tang	2
甜地丁	tian di ding	1
甜菊苷	tian ju gan	4
生三七散	sheng san qi san	2
生前伤	sheng qian shang	2
生力胶囊	sheng li jiao nang	4
生化丸	sheng hua wan	3
生化汤	sheng hua tang	4
生化药物	sheng hua yao wu	3
生发中心	sheng fa zhong xin	23
生命活动	sheng ming huo dong	10
生命质量	sheng ming zhi liang	4
生地	sheng di	10
生地黄	sheng di huang	19
生大黄	sheng dai huang	1
生天南星	sheng tian nan xing	1
生姜油	sheng jiang you	3
生姜泻心汤	sheng jiang xie xin tang	1
生存值	sheng cun zhi	2
生态群	sheng tai qun	13
生态遗传学	sheng tai yi chuan xue	11
生晒参	sheng shai shen	3
生橡胶	sheng xiang jiao	5
生殖免疫学	sheng zhi mian yi xue	1
生殖器疱疹	sheng zhi qi pao zhen	37
生殖行为	sheng zhi xing wei	23
生活事件	sheng huo shi jian	9
生活事件量表	sheng huo shi jian liang biao	2
生活力	sheng huo li	10
生物制药工艺学	sheng wu zhi yao gong yi xue	2
生物化学检验	sheng wu hua xue jian yan	3
生物医学模式	sheng wu yi xue mo shi	2
生物反馈	sheng wu fan kui	34
生物反馈法	sheng wu fan kui fa	2
生物反馈疗法	sheng wu fan kui liao fa	4
生物安全柜	sheng wu an quan gui	11
生物性传播	sheng wu xing chuan bo	3
生物技术制药	sheng wu ji shu zhi yao	5
生物敷料	sheng wu fu liao	1
生物材料学	sheng wu cai liao xue	11
生物等效性	sheng wu deng xiao xing	35
生物素缺乏	sheng wu su que fa	11
生物节律	sheng wu jie lv	35
生物药剂学	sheng wu yao ji xue	9
生物转化	sheng wu zhuan hua	49
生物陶瓷	sheng wu tao ci	7
生狼毒	sheng lang du	1
生理反射	sheng li fan she	4
生理心理学	sheng li xin li xue	45
生理性飞蚊症	sheng li xing fei wen zheng	1
生理氯化钠溶液	sheng li lv hua na rong ye	3
生石膏	sheng shi gao	9
生精上皮	sheng jing shang pi	4
生精细胞	sheng jing xi bao	3
生精胶囊	sheng jing jiao nang	4
生肌玉红膏	sheng ji yu hong gao	4
生脉	sheng mai	6
生脉散	sheng mai san	3
生脉注射液	sheng mai zhu she ye	1
生脉胶囊	sheng mai jiao nang	1
生脉饮	sheng mai yin	2
生脉饮口服液	sheng mai yin kou fu ye	4
生蒲黄	sheng pu huang	4
生薏米	sheng yi mi	2
生长抑素	sheng zhang yi su	33
生长期脱发	sheng zhang qi tuo fa	4
生长激素缺乏症	sheng zhang ji su que fa zheng	11
生马钱子	sheng ma qian zi	1
用药安全	yong yao an quan	13
田七痛经胶囊	tian qi tong jing jiao nang	2
田七花叶颗粒	tian qi hua ye ke li	2
田七补丸	tian qi bu wan	4
田基黄	tian ji huang	5
甲卡西酮	jia ka xi tong	37
甲周炎	jia zhou yan	2
甲地孕酮	jia di yun tong	7
甲型副伤寒	jia xing fu shang han	2
甲型病毒性肝炎	jia xing bing du xing gan yan	7
甲型肝炎减毒活疫苗	jia xing gan yan jian du huo yi miao	4
甲型肝炎灭活疫苗	jia xing gan yan mie huo yi miao	1
甲型肝炎病毒	jia xing gan yan bing du	11
甲基丙二酸尿症	jia ji bing er suan niao zheng	3
甲基丙烯酸酯	jia ji bing xi suan zhi	19
甲基吡咯烷酮	jia ji bi luo wan tong	23
甲基多巴	jia ji duo ba	22
甲基多巴片	jia ji duo ba pian	3
甲基己胺	jia ji ji an	16
甲基睾丸素	jia ji gao wan su	1
甲基睾丸酮	jia ji gao wan tong	1
甲基硫氧嘧啶	jia ji liu yang mi ding	3
甲基纤维素	jia ji xian wei su	9
甲基组氨酸	jia ji zu an suan	2
甲基苄肼	jia ji bian jing	3
甲基苯丙氨酸	jia ji ben bing an suan	2
甲基麻黄碱	jia ji ma huang jian	4
甲基黄嘌呤	jia ji huang piao ling	15
甲壳蓝蛋白	jia qiao lan dan bai	1
甲巯咪唑	jia qiu mi zuo	20
甲巯咪唑片	jia qiu mi zuo pian	7
甲床	jia chuang	30
甲强龙	jia qiang long	3
甲氟喹	jia fu kui	17
甲氧氯普胺片	jia yang lv pu an pian	2
甲氧苄啶	jia yang bian ding	46
甲氨喋呤	jia an die ling	5
甲氨蝶呤	jia an die ling	31
甲氨蝶呤片	jia an die ling pian	4
甲氰咪胍	jia qing mi gua	3
甲泼尼龙	jia po ni long	9
甲泼尼龙片	jia po ni long pian	2
甲状	jia zhuang	4
甲状旁腺	jia zhuang pang xian	33
甲状旁腺功能亢进	jia zhuang pang xian gong neng kang jin	9
甲状旁腺功能减退症	jia zhuang pang xian gong neng jian tui zheng	3
甲状旁腺机能减退	jia zhuang pang xian ji neng jian tui	1
甲状旁腺激素	jia zhuang pang xian ji su	28
甲状腺上动脉	jia zhuang xian shang dong mai	3
甲状腺切除术	jia zhuang xian qie chu shu	17
甲状腺功能减退	jia zhuang xian gong neng jian tui	49
甲状腺危象	jia zhuang xian wei xiang	11
甲状腺囊肿	jia zhuang xian nang zhong	2
甲状腺恶性肿瘤	jia zhuang xian e xing zhong liu	3
甲状腺次全切除术	jia zhuang xian ci quan qie chu shu	2
甲状腺片	jia zhuang xian pian	1
甲状腺球蛋白	jia zhuang xian qiu dan bai	31
甲状腺球蛋白抗体	jia zhuang xian qiu dan bai kang ti	10
甲状腺病	jia zhuang xian bing	2
甲状腺粉	jia zhuang xian fen	3
甲状腺结节	jia zhuang xian jie jie	24
甲状腺腺瘤	jia zhuang xian xian liu	4
甲状腺钙化	jia zhuang xian gai hua	3
甲状舌管囊肿	jia zhuang she guan nang zhong	3
甲状软骨	jia zhuang ruan gu	41
甲癣	jia xuan	27
甲睾酮	jia gao tong	28
甲睾酮片	jia gao tong pian	2
甲砜霉素	jia feng mei su	36
甲砜霉素肠溶片	jia feng mei su chang rong pian	3
甲砜霉素胶囊	jia feng mei su jiao nang	5
甲硝唑口颊片	jia xiao zuo kou jia pian	2
甲硝唑含漱液	jia xiao zuo han shu ye	2
甲硝唑棒	jia xiao zuo bang	3
甲硝唑注射液	jia xiao zuo zhu she ye	4
甲硝唑溶液	jia xiao zuo rong ye	3
甲硝唑片	jia xiao zuo pian	6
甲硝唑缓释片	jia xiao zuo huan shi pian	3
甲硝唑胶囊	jia xiao zuo jiao nang	3
甲硝唑芬布芬胶囊	jia xiao zuo fen bu fen jiao nang	3
甲硝唑葡萄糖注射液	jia xiao zuo pu tao tang zhu she ye	2
甲硝唑阴道泡腾片	jia xiao zuo yin dao pao teng pian	3
甲硝唑霜	jia xiao zuo shuang	2
甲磺酸伊马替尼	jia huang suan yi ma ti ni	3
甲磺酸培氟沙星	jia huang suan pei fu sha xing	3
甲磺酸帕珠沙星	jia huang suan pa zhu sha xing	4
甲磺酸帕珠沙星注射液	jia huang suan pa zhu sha xing zhu she ye	2
甲磺酸酚妥拉明	jia huang suan fen tuo la ming	3
甲磺酸酚妥拉明分散片	jia huang suan fen tuo la ming fen san pian	2
甲磺酸酚妥拉明注射液	jia huang suan fen tuo la ming zhu she ye	4
甲福明	jia fu ming	13
甲紫	jia zi	2
甲羟孕酮	jia qiang yun tong	3
甲羟孕酮片	jia qiang yun tong pian	3
甲肝减毒活疫苗	jia gan jian du huo yi miao	7
甲肝疫苗	jia gan yi miao	6
甲胎蛋白	jia tai dan bai	14
甲胺磷	jia an lin	13
甲芬那酸	jia fen na suan	15
甲苯中毒	jia ben zhong du	1
甲苯咪唑	jia ben mi zuo	38
甲苯咪唑咀嚼片	jia ben mi zuo ju jue pian	3
甲苯磺丁脲	jia ben huang ding niao	8
甲苯磺丁脲片	jia ben huang ding niao pian	3
甲苯磺酸妥舒沙星片	jia ben huang suan tuo shu sha xing pian	2
甲苯达唑	jia ben da zuo	1
甲营养不良	jia ying yang bu liang	1
甲酚皂溶液	jia fen zao rong ye	1
甲醇中毒	jia chun zhong du	23
甲醛溶液	jia quan rong ye	18
甲钴胺	jia gu an	9
甲钴胺片	jia gu an pian	3
甲钴胺胶囊	jia gu an jiao nang	3
申脉	shen mai	2
电休克	dian xiu ke	16
电休克治疗	dian xiu ke zhi liao	12
电休克疗法	dian xiu ke liao fa	10
电击伤	dian ji shang	8
电子染色	dian zi ran se	2
电子睡眠仪	dian zi shui mian yi	4
电子耳蜗植入术	dian zi er wo zhi ru shu	2
电工与电子技术	dian gong yu dian zi ji shu	2
电泳法	dian yong fa	14
电渗析	dian shen xi	20
电渗析法	dian shen xi fa	4
电灼术	dian zhuo shu	3
电烙术	dian lao shu	2
电烧伤	dian shao shang	3
电焊工尘肺	dian han gong chen fei	5
电疗法	dian liao fa	42
电磁流量计	dian ci liu liang ji	3
电离作用	dian li zuo yong	14
电突触	dian tu chu	19
电解质紊乱	dian jie zhi wen luan	24
电诊断	dian zhen duan	11
男宝胶囊	nan bao jiao nang	4
男性不育症	nan xing bu yu zheng	16
男性假两性畸形	nan xing jia liang xing ji xing	2
男性型秃发	nan xing xing tu fa	3
男性女性化	nan xing nv xing hua	1
男性尿道	nan xing niao dao	10
男性性功能障碍	nan xing xing gong neng zhang ai	11
男性更年期综合征	nan xing geng nian qi zong he zheng	5
男性更年期综合症	nan xing geng nian qi zong he zheng	3
甾类化合物	zai lei hua he wu	4
番木瓜碱	fan mu gua jian	1
番泻叶	fan xie ye	11
番石榴叶	fan shi liu ye	6
畸形学	ji xing xue	14
畸形性骨炎	ji xing xing gu yan	1
畸形足	ji xing zu	6
疏松结缔组织	shu song jie di zu zhi	25
疏痛安涂膜剂	shu tong an tu mo ji	3
疏血通	shu xue tong	5
疏血通注射液	shu xue tong zhu she ye	5
疏风再造丸	shu feng zai zao wan	2
疏风定痛丸	shu feng ding tong wan	4
疑病症	yi bing zheng	35
疖病	jie bing	4
疖病疫苗	jie bing yi miao	3
疖肿	jie zhong	16
疗癣卡西甫散	liao xuan ka xi fu san	4
疝修补术	shan xiu bu shu	15
疝内容物	shan nei rong wu	2
疝囊	shan nang	19
疝立消	shan li xiao	6
疣状痣	you zhuang zhi	3
疣状胃炎	you zhuang wei yan	1
疣状表皮发育不良	you zhuang biao pi fa yu bu liang	4
疤痕体质	ba hen ti zhi	1
疤痕增生	ba hen zeng sheng	2
疫情监测	yi qing jian ce	26
疫水	yi shui	3
疫源地	yi yuan di	10
疫源地消毒	yi yuan di xiao du	5
疫点	yi dian	17
疮疡	chuang yang	43
疰夏	zhu xia	7
疱疹性咽峡炎	pao zhen xing yan xia yan	4
疱疹性结膜炎	pao zhen xing jie mo yan	2
疱疹性脑膜炎	pao zhen xing nao mo yan	2
疱疹样皮炎	pao zhen yang pi yan	2
疲劳综合征	pi lao zong he zheng	12
疲劳骨折	pi lao gu zhe	2
疳病	gan bing	2
疼痛门诊	teng tong men zhen	3
疼痛难忍	teng tong nan ren	23
痄腮	zha sai	6
病原学	bing yuan xue	41
病原携带者	bing yuan xie dai zhe	12
病原生物学	bing yuan sheng wu xue	28
病因学	bing yin xue	46
病媒生物	bing mei sheng wu	11
病态人格	bing tai ren ge	5
病机	bing ji	9
病毒受体	bing du shou ti	3
病毒唑	bing du zuo	3
病毒性出血热	bing du xing chu xue re	31
病毒性咽炎	bing du xing yan yan	1
病毒性心肌炎	bing du xing xin ji yan	7
病毒性感冒	bing du xing gan mao	4
病毒性皮疹	bing du xing pi zhen	3
病毒性结膜炎	bing du xing jie mo yan	4
病毒性肠炎	bing du xing chang yan	5
病毒性胃肠炎	bing du xing wei chang yan	1
病毒性脑膜炎	bing du xing nao mo yan	23
病毒性角膜炎	bing du xing jiao mo yan	1
病毒抗体	bing du kang ti	34
病毒血症	bing du xue zheng	34
病毒载量	bing du zai liang	40
病毒遗传学	bing du yi chuan xue	1
病理反射	bing li fan she	2
病理学与病理生理学	bing li xue yu bing li sheng li xue	5
病理学基础	bing li xue ji chu	2
病理形态学	bing li xing tai xue	1
病理性偷窃	bing li xing tou qie	1
病理性赌博	bing li xing du bo	1
病理性骨折	bing li xing gu zhe	17
病理检验技术	bing li jian yan ji shu	3
病理解剖学	bing li jie pou xue	48
病理过程	bing li guo cheng	25
症状性癫痫	zheng zhuang xing dian xian	2
痉挛性偏瘫	jing luan xing pian tan	3
痉挛性截瘫	jing luan xing jie tan	5
痉挛性瘫痪	jing luan xing tan huan	3
痉挛性睑内翻	jing luan xing jian nei fan	3
痒点	yang dian	7
痒疹	yang zhen	9
痔环切术	zhi huan qie shu	3
痔疮栓	zhi chuang shuan	4
痔疮止血颗粒	zhi chuang zhi xue ke li	4
痔疮胶囊	zhi chuang jiao nang	2
痔疮膏	zhi chuang gao	1
痔疾洗液	zhi ji xi ye	2
痔血胶囊	zhi xue jiao nang	3
痕量元素	hen liang yuan su	14
痛如针刺	tong ru zhen ci	1
痛性痉挛	tong xing jing luan	4
痛泻要方	tong xie yao fang	1
痛经软膏	tong jing ruan gao	2
痛舒胶囊	tong shu jiao nang	3
痛觉过敏	tong jue guo min	16
痛阈	tong yu	7
痛风定片	tong feng ding pian	4
痛风性关节炎	tong feng xing guan jie yan	11
痛风性肾病	tong feng xing shen bing	4
痛风石	tong feng shi	23
痛风舒胶囊	tong feng shu jiao nang	4
痞满	pi man	7
痢特灵片	li te ling pian	3
痰厥	tan jue	4
痰咳净	tan ke jing	5
痰咳净片	tan ke jing pian	3
痰多	tan duo	14
痰浊中阻	tan zhuo zhong zu	3
痰湿	tan shi	5
痰热清	tan re qing	6
痰热清注射液	tan re qing zhu she ye	7
痰热证	tan re zheng	2
痰瘀互结证	tan yu hu jie zheng	2
痰迷心窍	tan mi xin qiao	2
痰饮	tan yin	34
痹病	bi bing	6
痹痛	bi tong	34
痹痛宁胶囊	bi tong ning jiao nang	4
痹证	bi zheng	9
痿躄	wei bi	2
瘀点	yu dian	46
瘀血阻络证	yu xue zu luo zheng	3
瘙痒病	sao yang bing	4
瘢痕体质	ban hen ti zhi	1
瘢痕性睑内翻	ban hen xing jian nei fan	2
瘢痕性脱发	ban hen xing tuo fa	1
瘢痕疙瘩	ban hen ge da	12
瘢痕癌	ban hen ai	4
瘢痕组织	ban hen zu zhi	27
瘤胃微生物	liu wei wei sheng wu	2
瘭疽	biao ju	1
瘿病	ying bing	1
癃闭	long bi	2
癃闭舒片	long bi shu pian	2
癃闭舒胶囊	long bi shu jiao nang	3
癌前病变	ai qian bing bian	34
癌性发热	ai xing fa re	3
癌胚抗原	ai pei kang yuan	15
癔症	yi zheng	20
癔症性精神病	yi zheng xing jing shen bing	5
癣病	xuan bing	4
癣药水	xuan yao shui	3
癣菌疹	xuan jun zhen	2
癫病	dian bing	2
癫痫大发作	dian xian da fa zuo	5
癫痫小发作	dian xian xiao fa zuo	2
癫痫性精神障碍	dian xian xing jing shen zhang ai	4
癫痫持续状态	dian xian chi xu zhuang tai	8
登革出血热	deng ge chu xue re	16
登革热病毒	deng ge re bing du	34
白内障囊内摘除术	bai nei zhang nang nei zhai chu shu	4
白内障囊外摘除术	bai nei zhang nang wai zhai chu shu	4
白凡士林	bai fan shi lin	1
白前	bai qian	6
白加黑	bai jia hei	5
白参	bai shen	27
白喉抗毒素	bai hou kang du su	21
白喉棒状杆菌	bai hou bang zhuang gan jun	12
白喉病	bai hou bing	10
白喉类毒素	bai hou lei du su	8
白垢	bai gou	3
白垩土	bai e tu	20
白垩色	bai e se	9
白头粉刺	bai tou fen ci	1
白头翁加甘草阿胶汤	bai tou weng jia gan cao e jiao tang	2
白头翁汤	bai tou weng tang	2
白屈菜	bai qu cai	47
白带净胶囊	bai dai jing jiao nang	2
白带异常	bai dai yi chang	8
白念珠菌	bai nian zhu jun	1
白扁豆	bai bian dou	10
白敬宇眼药	bai jing yu yan yao	2
白晕	bai yun	3
白术散	bai zhu san	2
白果内酯	bai guo nei zhi	12
白树油	bai shu you	3
白毛舌	bai mao she	4
白毛藤	bai mao teng	3
白消安	bai xiao an	25
白点病	bai dian bing	6
白癜风胶囊	bai dian feng jiao nang	5
白石清热颗粒	bai shi qing re ke li	2
白石英	bai shi ying	11
白破	bai po	6
白破疫苗	bai po yi miao	7
白纹伊蚊	bai wen yi wen	14
白线疝	bai xian shan	1
白细胞凝集素	bai xi bao ning ji su	1
白细胞增多	bai xi bao zeng duo	11
白细胞计数	bai xi bao ji shu	33
白细辛	bai xi xin	2
白脉软膏	bai mai ruan gao	2
白腻	bai ni	7
白舒非	bai shu fei	1
白色糠疹	bai se kang zhen	2
白色血栓	bai se xue shuan	6
白芍总苷胶囊	bai shao zong gan jiao nang	3
白芥子	bai jie zi	8
白芨	bai ji	46
白花油麻藤	bai hua you ma teng	2
白花蛇	bai hua she	31
白花蛇舌草	bai hua she she cao	19
白若杂纳	bai ruo za na	29
白茅根	bai mao gen	5
白莲洞公园	bai lian dong gong yuan	3
白蒺藜	bai ji li	3
白蔹	bai lian	15
白蔻	bai kou	9
白藤湖	bai teng hu	12
白虎加人参汤	bai hu jia ren shen tang	1
白虎汤	bai hu tang	11
白蚁巢	bai yi chao	16
白血病病毒	bai xue bing bing du	23
白豆蔻	bai dou kou	19
白通汤	bai tong tang	4
白附片	bai fu pian	1
白降丹	bai jiang dan	4
白首乌	bai shou wu	3
白鲜皮	bai xian pi	5
白鸽巢公园	bai ge chao gong yuan	38
百乐眠胶囊	bai le mian jiao nang	3
百令胶囊	bai ling jiao nang	5
百会	bai hui	8
百会穴	bai hui xue	6
百分等级	bai fen deng ji	9
百劳	bai lao	2
百合固金丸	bai he gu jin wan	3
百合固金汤	bai he gu jin tang	2
百咳静糖浆	bai ke jing tang jiang	2
百多邦	bai duo bang	4
百年乐	bai nian le	2
百日咳杆菌	bai ri ke gan jun	19
百日咳菌苗	bai ri ke jun miao	1
百服宁	bai fu ning	3
百消丹	bai xiao dan	3
百病不生	bai bing bu sheng	3
百癣夏塔热片	bai xuan xia ta re pian	3
百癣夏塔热胶囊	bai xuan xia ta re jiao nang	2
百白破	bai bai po	10
百白破三联疫苗	bai bai po san lian yi miao	3
百白破疫苗	bai bai po yi miao	30
百白破联合疫苗	bai bai po lian he yi miao	4
百秋李醇	bai qiu li chun	2
百草霜	bai cao shuang	4
百蕊胶囊	bai rui jiao nang	2
百蕊草	bai rui cao	48
百虫窝	bai chong wo	1
皂刺	zao ci	1
皂化值	zao hua zhi	6
皮下出血点	pi xia chu xue dian	2
皮下囊肿	pi xia nang zhong	4
皮下结节	pi xia jie jie	9
皮下血肿	pi xia xue zhong	2
皮亚杰学派	pi ya jie xue pai	2
皮内注射	pi nei zhu she	19
皮内痣	pi nei zhi	5
皮库	pi ku	5
皮康王	pi kang wang	5
皮样囊肿	pi yang nang zhong	5
皮水	pi shui	6
皮炎平软膏	pi yan ping ruan gao	4
皮炎平霜	pi yan ping shuang	4
皮炎洗剂	pi yan xi ji	3
皮炎芽生菌	pi yan ya sheng jun	1
皮特克恩岛	pi te ke en dao	2
皮瓣移植	pi ban yi zhi	7
皮瓣移植术	pi ban yi zhi shu	5
皮痛	pi tong	2
皮痹	pi bi	2
皮管	pi guan	9
皮纹	pi wen	32
皮纹学	pi wen xue	2
皮肤免疫系统	pi fu mian yi xi tong	2
皮肤再生不良	pi fu zai sheng bu liang	2
皮肤出血点	pi fu chu xue dian	1
皮肤划痕症	pi fu hua hen zheng	17
皮肤原位癌	pi fu yuan wei ai	7
皮肤性病学	pi fu xing bing xue	5
皮肤松垂	pi fu song chui	4
皮肤松弛症	pi fu song chi zheng	2
皮肤淋巴细胞瘤	pi fu lin ba xi bao liu	2
皮肤溃疡	pi fu kui yang	33
皮肤炭疽	pi fu tan ju	14
皮肤疣	pi fu you	1
皮肤病血毒丸	pi fu bing xue du wan	4
皮肤癣菌病	pi fu xuan jun bing	8
皮肤真菌病	pi fu zhen jun bing	7
皮肤磨削术	pi fu mo xiao shu	4
皮肤科用药	pi fu ke yong yao	2
皮肤移植	pi fu yi zhi	33
皮肤移植术	pi fu yi zhi shu	1
皮肤粘膜	pi fu zhan mo	7
皮肤纤维瘤	pi fu xian wei liu	2
皮肤结核	pi fu jie he	4
皮肤肿瘤	pi fu zhong liu	16
皮肤色素	pi fu se su	24
皮肤色素沉着	pi fu se su chen zhuo	20
皮肤萎缩	pi fu wei suo	8
皮肤蝇蛆病	pi fu ying qu bing	3
皮肤行为症	pi fu xing wei zheng	2
皮肤附属器	pi fu fu shu qi	3
皮肤黏膜	pi fu nian mo	8
皮肤黑热病	pi fu hei re bing	3
皮脂缺乏症	pi zhi que fa zheng	2
皮脂腺囊肿	pi zhi xian nang zhong	9
皮脂腺增生	pi zhi xian zeng sheng	3
皮脂腺痣	pi zhi xian zhi	5
皮脂腺癌	pi zhi xian ai	1
皮角	pi jiao	5
皮质性白内障	pi zhi xing bai nei zhang	3
皮质盲	pi zhi mang	5
皮革样化	pi ge yang hua	4
皮革胃	pi ge wei	1
盂肱关节	yu gong guan jie	3
盂肱韧带	yu gong ren dai	3
盆炎净片	pen yan jing pian	2
盆炎净胶囊	pen yan jing jiao nang	7
盆炎净颗粒	pen yan jing ke li	2
盆腔囊肿	pen qiang nang zhong	9
盆腔脓肿	pen qiang nong zhong	6
益元散	yi yuan san	1
益坤宁颗粒	yi kun ning ke li	2
益寿大补酒	yi shou da bu jiu	2
益寿宁	yi shou ning	2
益心舒片	yi xin shu pian	2
益心舒胶囊	yi xin shu jiao nang	3
益心酮分散片	yi xin tong fen san pian	2
益心酮片	yi xin tong pian	2
益智仁	yi zhi ren	8
益智康脑丸	yi zhi kang nao wan	4
益智温肾十味丸	yi zhi wen shen shi wei wan	4
益母草冲剂	yi mu cao chong ji	3
益母草流浸膏	yi mu cao liu jin gao	3
益母草片	yi mu cao pian	3
益母草碱	yi mu cao jian	1
益母草胶囊	yi mu cao jiao nang	3
益母草膏	yi mu cao gao	1
益母草软胶囊	yi mu cao ruan jiao nang	3
益母草颗粒	yi mu cao ke li	3
益气健脾	yi qi jian pi	2
益气养血口服液	yi qi yang xue kou fu ye	1
益气安神	yi qi an shen	6
益气活血	yi qi huo xue	1
益气消渴颗粒	yi qi xiao ke ke li	4
益气润肠膏	yi qi run chang gao	2
益气生津	yi qi sheng jin	4
益气聪明丸	yi qi cong ming wan	8
益气聪明汤	yi qi cong ming tang	1
益津降糖胶囊	yi jin jiang tang jiao nang	3
益肝明目口服液	yi gan ming mu kou fu ye	4
益肝解毒	yi gan jie du	3
益肝解毒茶	yi gan jie du cha	4
益肾健骨片	yi shen jian gu pian	3
益肾十七味丸	yi shen shi qi wei wan	3
益肾壮阳膏	yi shen zhuang yang gao	4
益肾安神口服液	yi shen an shen kou fu ye	3
益肾强身丸	yi shen qiang shen wan	3
益肾糖浆	yi shen tang jiang	2
益肾蠲痹丸	yi shen juan bi wan	3
益脉康胶囊	yi mai kang jiao nang	3
益脑复健胶囊	yi nao fu jian jiao nang	3
益脑胶囊	yi nao jiao nang	3
益血生胶囊	yi xue sheng jiao nang	2
益身灵丸	yi shen ling wan	4
盐卤中毒	yan lu zhong du	1
盐水浴	yan shui yu	4
盐酸丁丙诺啡	yan suan ding bing nuo fei	3
盐酸丁咯地尔	yan suan ding luo di er	2
盐酸万古霉素	yan suan wan gu mei su	2
盐酸丙美卡因滴眼液	yan suan bing mei ka yin di yan ye	2
盐酸乙胺丁醇	yan suan yi an ding chun	3
盐酸二氢埃托啡	yan suan er qing ai tuo fei	2
盐酸二氢埃托啡片	yan suan er qing ai tuo fei pian	2
盐酸二氢埃托啡舌下片	yan suan er qing ai tuo fei she xia pian	3
盐酸二氧丙嗪	yan suan er yang bing qin	2
盐酸二甲双胍	yan suan er jia shuang gua	7
盐酸二甲双胍片	yan suan er jia shuang gua pian	5
盐酸二甲双胍缓释片	yan suan er jia shuang gua huan shi pian	3
盐酸二甲双胍肠溶片	yan suan er jia shuang gua chang rong pian	2
盐酸伊托必利	yan suan yi tuo bi li	3
盐酸伊立替康	yan suan yi li ti kang	2
盐酸伊立替康注射液	yan suan yi li ti kang zhu she ye	2
盐酸伐地那非	yan suan fa di na fei	1
盐酸伪麻黄碱	yan suan wei ma huang jian	2
盐酸克仑特罗	yan suan ke lun te luo	1
盐酸克仑特罗栓	yan suan ke lun te luo shuan	3
盐酸克仑特罗气雾剂	yan suan ke lun te luo qi wu ji	2
盐酸克仑特罗片	yan suan ke lun te luo pian	4
盐酸克林霉素	yan suan ke lin mei su	1
盐酸克林霉素棕榈酸酯	yan suan ke lin mei su zong lv suan zhi	2
盐酸克林霉素胶囊	yan suan ke lin mei su jiao nang	3
盐酸利多卡因注射液	yan suan li duo ka yin zhu she ye	4
盐酸利托君片	yan suan li tuo jun pian	3
盐酸去氧肾上腺素	yan suan qu yang shen shang xian su	3
盐酸去甲万古霉素	yan suan qu jia wan gu mei su	2
盐酸可乐定	yan suan ke le ding	2
盐酸吖啶黄	yan suan a ding huang	4
盐酸吗啉胍片	yan suan ma lin gua pian	1
盐酸吗啡注射液	yan suan ma fei zhu she ye	3
盐酸吗啡片	yan suan ma fei pian	4
盐酸吡格列酮	yan suan bi ge lie tong	4
盐酸吡格列酮片	yan suan bi ge lie tong pian	1
盐酸吡硫醇注射液	yan suan bi liu chun zhu she ye	2
盐酸哌替啶	yan suan pai ti ding	1
盐酸哌替啶片	yan suan pai ti ding pian	2
盐酸哌甲酯	yan suan pai jia zhi	1
盐酸噻氯匹定	yan suan sai lv pi ding	2
盐酸四咪唑	yan suan si mi zuo	2
盐酸四环素	yan suan si huan su	1
盐酸四环素胶囊	yan suan si huan su jiao nang	2
盐酸地芬尼多片	yan suan di fen ni duo pian	3
盐酸多塞平	yan suan duo sai ping	3
盐酸多塞平乳膏	yan suan duo sai ping ru gao	2
盐酸多塞平片	yan suan duo sai ping pian	3
盐酸多奈哌齐	yan suan duo nai pai qi	3
盐酸多奈哌齐片	yan suan duo nai pai qi pian	3
盐酸多巴胺	yan suan duo ba an	5
盐酸多巴胺注射液	yan suan duo ba an zhu she ye	4
盐酸多巴酚丁胺注射液	yan suan duo ba fen ding an zhu she ye	2
盐酸多西环素	yan suan duo xi huan su	4
盐酸头孢他美	yan suan tou bao ta mei	2
盐酸头孢他美酯	yan suan tou bao ta mei zhi	1
盐酸头孢甲肟	yan suan tou bao jia wo	3
盐酸奈福泮注射液	yan suan nai fu pan zhu she ye	6
盐酸奈福泮片	yan suan nai fu pan pian	4
盐酸安非他酮	yan suan an fei ta tong	2
盐酸安非他酮缓释片	yan suan an fei ta tong huan shi pian	3
盐酸小檗碱	yan suan xiao bo jian	1
盐酸小檗碱片	yan suan xiao bo jian pian	4
盐酸尼卡地平缓释胶囊	yan suan ni ka di ping huan shi jiao nang	2
盐酸山莨菪碱	yan suan shan lang dang jian	2
盐酸川芎嗪	yan suan chuan xiong qin	3
盐酸左旋咪唑	yan suan zuo xuan mi zuo	5
盐酸左旋咪唑宝塔糖	yan suan zuo xuan mi zuo bao ta tang	3
盐酸左旋咪唑片	yan suan zuo xuan mi zuo pian	3
盐酸左氧氟沙星	yan suan zuo yang fu sha xing	5
盐酸左氧氟沙星注射液	yan suan zuo yang fu sha xing zhu she ye	2
盐酸左氧氟沙星滴眼液	yan suan zuo yang fu sha xing di yan ye	2
盐酸左氧氟沙星片	yan suan zuo yang fu sha xing pian	5
盐酸左氧氟沙星胶囊	yan suan zuo yang fu sha xing jiao nang	5
盐酸左西替利嗪片	yan suan zuo xi ti li qin pian	2
盐酸左西替利嗪胶囊	yan suan zuo xi ti li qin jiao nang	2
盐酸巴马汀	yan suan ba ma ting	1
盐酸布桂嗪	yan suan bu gui qin	2
盐酸帕罗西汀片	yan suan pa luo xi ting pian	3
盐酸度洛西汀	yan suan du luo xi ting	3
盐酸异丙嗪	yan suan yi bing qin	15
盐酸异丙嗪注射液	yan suan yi bing qin zhu she ye	3
盐酸异丙嗪片	yan suan yi bing qin pian	2
盐酸托哌酮	yan suan tuo pai tong	1
盐酸托烷司琼	yan suan tuo wan si qiong	2
盐酸托烷司琼注射液	yan suan tuo wan si qiong zhu she ye	2
盐酸拓扑替康	yan suan tuo pu ti kang	2
盐酸文拉法辛缓释胶囊	yan suan wen la fa xin huan shi jiao nang	2
盐酸昂丹司琼注射液	yan suan ang dan si qiong zhu she ye	3
盐酸普罗帕酮片	yan suan pu luo pa tong pian	2
盐酸普萘洛尔片	yan suan pu nai luo er pian	3
盐酸普鲁卡因	yan suan pu lu ka yin	1
盐酸曲美他嗪	yan suan qu mei ta qin	5
盐酸曲美他嗪片	yan suan qu mei ta qin pian	4
盐酸曲马多注射液	yan suan qu ma duo zhu she ye	4
盐酸曲马多片	yan suan qu ma duo pian	7
盐酸曲马多缓释片	yan suan qu ma duo huan shi pian	2
盐酸替罗非班	yan suan ti luo fei ban	3
盐酸林可霉素	yan suan lin ke mei su	6
盐酸林可霉素注射液	yan suan lin ke mei su zhu she ye	3
盐酸柔红霉素	yan suan rou hong mei su	2
盐酸氟哌噻吨	yan suan fu pai sai dun	4
盐酸氟桂利嗪胶囊	yan suan fu gui li qin jiao nang	1
盐酸氟西汀	yan suan fu xi ting	1
盐酸氨基葡萄糖	yan suan an ji pu tao tang	3
盐酸氨基葡萄糖片	yan suan an ji pu tao tang pian	2
盐酸氨基葡萄糖胶囊	yan suan an ji pu tao tang jiao nang	3
盐酸氨溴索	yan suan an xiu suo	5
盐酸氨溴索口服溶液	yan suan an xiu suo kou fu rong ye	3
盐酸氨溴索注射液	yan suan an xiu suo zhu she ye	3
盐酸氨溴索片	yan suan an xiu suo pian	4
盐酸氨溴索糖浆	yan suan an xiu suo tang jiang	2
盐酸氯丙嗪	yan suan lv bing qin	3
盐酸氯丙那林	yan suan lv bing na lin	6
盐酸氯胺酮	yan suan lv an tong	2
盐酸氯胺酮注射液	yan suan lv an tong zhu she ye	3
盐酸沙格雷酯	yan suan sha ge lei zhi	2
盐酸沙格雷酯片	yan suan sha ge lei zhi pian	2
盐酸法舒地尔	yan suan fa shu di er	1
盐酸洛美沙星	yan suan luo mei sha xing	2
盐酸洛美沙星滴眼液	yan suan luo mei sha xing di yan ye	2
盐酸洛美沙星片	yan suan luo mei sha xing pian	3
盐酸洛美沙星胶囊	yan suan luo mei sha xing jiao nang	1
盐酸洛贝林注射液	yan suan luo bei lin zhu she ye	3
盐酸溴己新	yan suan xiu ji xin	4
盐酸溴己新注射液	yan suan xiu ji xin zhu she ye	3
盐酸溴己新片	yan suan xiu ji xin pian	3
盐酸特拉唑嗪	yan suan te la zuo qin	2
盐酸特拉唑嗪片	yan suan te la zuo qin pian	2
盐酸特比萘芬乳膏	yan suan te bi nai fen ru gao	2
盐酸环丙沙星	yan suan huan bing sha xing	2
盐酸环丙沙星片	yan suan huan bing sha xing pian	2
盐酸环丙沙星胶囊	yan suan huan bing sha xing jiao nang	2
盐酸甲氧氯普胺	yan suan jia yang lv pu an	3
盐酸硫胺	yan suan liu an	2
盐酸米诺环素胶囊	yan suan mi nuo huan su jiao nang	3
盐酸纳曲酮	yan suan na qu tong	1
盐酸纳洛酮	yan suan na luo tong	3
盐酸纳洛酮舌下片	yan suan na luo tong she xia pian	2
盐酸组氨酸	yan suan zu an suan	2
盐酸维拉帕米片	yan suan wei la pa mi pian	2
盐酸罂粟碱	yan suan ying su jian	2
盐酸罂粟碱注射液	yan suan ying su jian zhu she ye	1
盐酸罗哌卡因注射液	yan suan luo pai ka yin zhu she ye	3
盐酸罗沙替丁醋酸酯	yan suan luo sha ti ding cu suan zhi	2
盐酸美他环素	yan suan mei ta huan su	2
盐酸美他环素片	yan suan mei ta huan su pian	3
盐酸美利曲辛	yan suan mei li qu xin	4
盐酸美金刚	yan suan mei jin gang	3
盐酸肾上腺素	yan suan shen shang xian su	6
盐酸肾上腺素注射液	yan suan shen shang xian su zhu she ye	6
盐酸胺碘酮	yan suan an dian tong	3
盐酸胺碘酮注射液	yan suan an dian tong zhu she ye	2
盐酸胺碘酮胶囊	yan suan an dian tong jiao nang	2
盐酸芬氟拉明	yan suan fen fu la ming	4
盐酸苯乙双胍	yan suan ben yi shuang gua	6
盐酸苯海拉明	yan suan ben hai la ming	4
盐酸苯海拉明注射液	yan suan ben hai la ming zhu she ye	2
盐酸苯海拉明片	yan suan ben hai la ming pian	2
盐酸苯海索	yan suan ben hai suo	1
盐酸苯海索片	yan suan ben hai suo pian	3
盐酸苯环壬酯片	yan suan ben huan ren zhi pian	4
盐酸萘替芬乳膏	yan suan nai ti fen ru gao	2
盐酸萘替芬溶液	yan suan nai ti fen rong ye	2
盐酸萘甲唑啉	yan suan nai jia zuo lin	1
盐酸萘甲唑啉滴鼻液	yan suan nai jia zuo lin di bi ye	2
盐酸萘甲唑林	yan suan nai jia zuo lin	2
盐酸表柔比星	yan suan biao rou bi xing	2
盐酸西布曲明	yan suan xi bu qu ming	1
盐酸西布曲明片	yan suan xi bu qu ming pian	2
盐酸西布曲明胶囊	yan suan xi bu qu ming jiao nang	1
盐酸西替利嗪	yan suan xi ti li qin	8
盐酸西替利嗪滴剂	yan suan xi ti li qin di ji	2
盐酸西替利嗪片	yan suan xi ti li qin pian	2
盐酸贝尼地平	yan suan bei ni di ping	2
盐酸贝那普利	yan suan bei na pu li	2
盐酸贝那普利片	yan suan bei na pu li pian	4
盐酸赖氨酸	yan suan lai an suan	3
盐酸赛庚啶	yan suan sai geng ding	2
盐酸达克罗宁胶浆	yan suan da ke luo ning jiao jiang	3
盐酸金刚烷胺片	yan suan jin gang wan an pian	2
盐酸金霉素	yan suan jin mei su	4
盐酸金霉素眼膏	yan suan jin mei su yan gao	5
盐酸金霉素软膏	yan suan jin mei su ruan gao	2
盐酸阿比朵尔	yan suan a bi duo er	4
盐酸阿比朵尔胶囊	yan suan a bi duo er jiao nang	2
盐酸阿米替林	yan suan a mi ti lin	2
盐酸阿莫地喹片	yan suan a mo di kui pian	2
盐酸阿莫罗芬搽剂	yan suan a mo luo fen cha ji	2
盐酸阿霉素	yan suan a mei su	1
盐酸雷尼替丁	yan suan lei ni ti ding	2
盐酸雷尼替丁片	yan suan lei ni ti ding pian	2
盐酸雷尼替丁胶囊	yan suan lei ni ti ding jiao nang	5
盐酸青藤碱	yan suan qing teng jian	2
盐酸麻黄碱	yan suan ma huang jian	2
盐酸麻黄碱滴鼻液	yan suan ma huang jian di bi ye	4
盐酸黄连素片	yan suan huang lian su pian	3
盖天力	gai tian li	4
盘尾丝虫病	pan wei si chong bing	3
盘状红斑狼疮	pan zhuang hong ban lang chuang	2
盘龙七片	pan long qi pian	2
盛寅	sheng yin	6
目病	mu bing	2
直接死因	zhi jie si yin	9
直接胆红素	zhi jie dan hong su	12
直疝	zhi shan	22
直线回归	zhi xian hui gui	2
直线相关	zhi xian xiang guan	1
直肠前突	zhi chang qian tu	1
直肠指检	zhi chang zhi jian	6
直肠损伤	zhi chang sun shang	1
直肠溃疡	zhi chang kui yang	2
直肠炎	zhi chang yan	6
直肠类癌	zhi chang lei ai	1
直肠粘膜脱垂	zhi chang zhan mo tuo chui	4
直肠给药	zhi chang gei yao	6
直肠脱垂	zhi chang tuo chui	21
直肠腺	zhi chang xian	4
直肠膨出	zhi chang peng chu	1
直肠闭锁	zhi chang bi suo	3
直肠阴道瘘	zhi chang yin dao lou	4
直肠阴道瘘修补术	zhi chang yin dao lou xiu bu shu	2
相互易位	xiang hu yi wei	13
相似系数	xiang si xi shu	4
相关学科基础	xiang guan xue ke ji chu	5
相变制冷	xiang bian zhi leng	2
相对不应期	xiang dui bu ying qi	3
相对数	xiang dui shu	9
相对缓脉	xiang dui huan mai	4
相对误差	xiang dui wu cha	44
相差显微镜	xiang cha xian wei jing	8
相思子	xiang si zi	29
相火妄动	xiang huo wang dong	4
盾片	dun pian	45
眉冲	mei chong	2
眉弓	mei gong	19
眉提升术	mei ti sheng shu	3
眉棱骨痛	mei leng gu tong	1
眉毛移植	mei mao yi zhi	4
真寒假热	zhen han jia re	1
真性动脉瘤	zhen xing dong mai liu	3
真性尿失禁	zhen xing niao shi jin	4
真性红细胞增多症	zhen xing hong xi bao zeng duo zheng	16
真果	zhen guo	7
真武汤	zhen wu tang	5
真溶液	zhen rong ye	3
真热假寒	zhen re jia han	1
真空吸引器	zhen kong xi yin qi	17
真空干燥	zhen kong gan zao	29
真菌孢子	zhen jun bao zi	26
真菌性脑膜炎	zhen jun xing nao mo yan	7
真菌性角膜炎	zhen jun xing jiao mo yan	2
真菌性鼻窦炎	zhen jun xing bi dou yan	4
真菌败血症	zhen jun bai xue zheng	2
眠安宁口服液	mian an ning kou fu ye	3
眠尔通	mian er tong	3
眨眼反射	zha yan fan she	7
眩晕停	xuan yun ting	4
眩晕病	xuan yun bing	5
眶下孔	kuang xia kong	8
眶下间隙感染	kuang xia jian xi gan ran	2
眶底骨折	kuang di gu zhe	1
眶蜂窝织炎	kuang feng wo zhi yan	3
眶骨骨折	kuang gu gu zhe	4
眼内炎	yan nei yan	11
眼压检查	yan ya jian cha	2
眼外伤	yan wai shang	6
眼底出血	yan di chu xue	4
眼底动脉硬化	yan di dong mai ying hua	6
眼烧伤	yan shao shang	1
眼球内陷	yan qiu nei xian	1
眼球破裂	yan qiu po lie	11
眼球穿孔伤	yan qiu chuan kong shang	3
眼球穿通伤	yan qiu chuan tong shang	6
眼球突出	yan qiu tu chu	19
眼球钝挫伤	yan qiu dun cuo shang	7
眼球震颤	yan qiu zhen chan	43
眼电图	yan dian tu	6
眼疲劳	yan pi lao	2
眼病学	yan bing xue	2
眼眶外伤	yan kuang wai shang	4
眼眶疾病	yan kuang ji bing	6
眼眶肿瘤	yan kuang zhong liu	6
眼睑外伤	yan jian wai shang	2
眼睑外翻矫正术	yan jian wai fan jiao zheng shu	2
眼睑成形术	yan jian cheng xing shu	2
眼睑挫伤	yan jian cuo shang	5
眼睑整形术	yan jian zheng xing shu	2
眼睑水肿	yan jian shui zhong	7
眼睑湿疹	yan jian shi zhen	1
眼睑炎	yan jian yan	8
眼睑痉挛	yan jian jing luan	10
眼睑肿瘤	yan jian zhong liu	3
眼睑脓肿	yan jian nong zhong	2
眼睑闭合不全	yan jian bi he bu quan	1
眼科学基础	yan ke xue ji chu	2
眼结膜	yan jie mo	12
眼缺血综合征	yan que xue zong he zheng	2
眼虫病	yan chong bing	4
眼袋整形术	yan dai zheng xing shu	3
眼裂	yan lie	9
眼轮匝肌	yan lun za ji	15
眼部带状疱疹	yan bu dai zhuang pao zhen	2
眼镜学	yan jing xue	3
眼震	yan zhen	8
眼震电图	yan zhen dian tu	1
眼震颤	yan zhen chan	2
着丝粒	zhuo si li	45
着色性干皮病	zhuo se xing gan pi bing	1
着色真菌病	zhuo se zhen jun bing	1
睑下垂	jian xia chui	12
睑内翻	jian nei fan	12
睑内翻矫正术	jian nei fan jiao zheng shu	2
睑外翻	jian wai fan	6
睑板	jian ban	10
睑板腺	jian ban xian	20
睑球粘连	jian qiu zhan lian	4
睑结膜	jian jie mo	23
睑缘炎	jian yuan yan	14
睑腺炎	jian xian yan	5
睑裂	jian lie	4
睑裂斑	jian lie ban	1
睑黄瘤	jian huang liu	3
睛明	jing ming	5
睛明穴	jing ming xue	5
督俞穴	du shu xue	2
督脉	du mai	29
睫毛移植	jie mao yi zhi	2
睾丸下降不全	gao wan xia jiang bu quan	3
睾丸切除术	gao wan qie chu shu	17
睾丸囊肿	gao wan nang zhong	4
睾丸固定术	gao wan gu ding shu	3
睾丸扭转	gao wan niu zhuan	16
睾丸损伤	gao wan sun shang	3
睾丸活检术	gao wan huo jian shu	3
睾丸炎	gao wan yan	20
睾丸畸形	gao wan ji xing	1
睾丸疼痛	gao wan teng tong	13
睾丸素	gao wan su	15
睾丸结核	gao wan jie he	4
睾丸肿瘤	gao wan zhong liu	23
睾丸萎缩	gao wan wei suo	10
睾丸间质细胞	gao wan jian zhi xi bao	14
睾丸附件扭转	gao wan fu jian niu zhuan	1
睾丸静脉	gao wan jing mai	5
睾丸鞘膜	gao wan qiao mo	2
睾丸鞘膜积液	gao wan qiao mo ji ye	8
瞳孔反射	tong kong fan she	13
瞿麦	qu mai	31
矢状缝	shi zhuang feng	13
矢状面	shi zhuang mian	29
知心爱人	zhi xin ai ren	8
知柏地黄丸	zhi bai di huang wan	6
知柏地黄颗粒	zhi bai di huang ke li	2
知觉恒常性	zhi jue heng chang xing	5
知觉障碍	zhi jue zhang ai	10
矫形器	jiao xing qi	9
矫形外科	jiao xing wai ke	47
矫形鞋	jiao xing xie	3
矫正术	jiao zheng shu	8
矫正运动	jiao zheng yun dong	1
矫治器	jiao zhi qi	2
矫治心理学	jiao zhi xin li xue	2
短指	duan zhi	4
短日照植物	duan ri zhao zhi wu	12
短杆菌肽	duan gan jun tai	9
短波疗法	duan bo liao fa	2
短肠综合征	duan chang zong he zheng	1
短角	duan jiao	5
短骨	duan gu	13
矮地茶	ai di cha	1
石关	shi guan	6
石决明	shi jue ming	7
石吊兰	shi diao lan	1
石墨尘肺	shi mo chen fei	3
石斛夜光丸	shi hu ye guang wan	1
石杉碱甲	shi shan jian jia	1
石杉碱甲胶囊	shi shan jian jia jiao nang	4
石棉带	shi mian dai	2
石棉沉着病	shi mian chen zhuo bing	1
石棉状糠疹	shi mian zhuang kang zhen	2
石棉肺	shi mian fei	3
石楠叶	shi nan ye	2
石榴健胃散	shi liu jian wei san	2
石榴子	shi liu zi	31
石榴日轮丸	shi liu ri lun wan	3
石榴皮	shi liu pi	5
石水	shi shui	7
石淋	shi lin	2
石淋通片	shi lin tong pian	3
石管	shi guan	4
石细胞	shi xi bao	4
石美鑫	shi mei xin	8
石膏绷带	shi gao beng dai	7
石菖蒲	shi chang pu	13
石蜡切片	shi la qie pian	4
石蜡疗法	shi la liao fa	2
石龙清血颗粒	shi long qing xue ke li	3
矽尘	xi chen	3
矾藤痔注射液	fan teng zhi zhu she ye	2
矿泉疗法	kuang quan liao fa	3
砍创	kan chuang	3
研磨器	yan mo qi	18
破伤风人免疫球蛋白	po shang feng ren mian yi qiu dan bai	4
破伤风抗毒素	po shang feng kang du su	9
破伤风毒素	po shang feng du su	6
破伤风类毒素	po shang feng lei du su	24
砷化氢中毒	shen hua qing zhong du	3
砷角化病	shen jiao hua bing	2
硅凝胶	gui ning jiao	7
硅油	gui you	30
硅藻土	gui zao tu	46
硒蛋白	xi dan bai	30
硒酵母	xi jiao mu	1
硝呋太尔	xiao fu tai er	2
硝普钠	xiao pu na	31
硝苯吡啶	xiao ben bi ding	1
硝苯地平	xiao ben di ping	22
硝苯地平控释片	xiao ben di ping kong shi pian	5
硝苯地平片	xiao ben di ping pian	4
硝苯地平缓释片	xiao ben di ping huan shi pian	5
硝西泮	xiao xi pan	8
硝酸咪康唑	xiao suan mi kang zuo	4
硝酸咪康唑乳膏	xiao suan mi kang zuo ru gao	3
硝酸咪康唑栓	xiao suan mi kang zuo shuan	2
硝酸异山梨酯	xiao suan yi shan li zhi	12
硝酸异山梨酯喷雾剂	xiao suan yi shan li zhi pen wu ji	2
硝酸异山梨酯注射液	xiao suan yi shan li zhi zhu she ye	2
硝酸毛果芸香碱注射液	xiao suan mao guo yun xiang jian zhu she ye	2
硝酸甘油喷雾剂	xiao suan gan you pen wu ji	3
硝酸甘油气雾剂	xiao suan gan you qi wu ji	2
硝酸甘油注射液	xiao suan gan you zhu she ye	3
硝酸甘油片	xiao suan gan you pian	2
硝酸甘油贴片	xiao suan gan you tie pian	2
硝酸舍他康唑乳膏	xiao suan she ta kang zuo ru gao	2
硫利达嗪	liu li da qin	1
硫化氢中毒	liu hua qing zhong du	4
硫化硒	liu hua xi	8
硫循环	liu xun huan	16
硫必利	liu bi li	1
硫普罗宁	liu pu luo ning	2
硫普罗宁注射液	liu pu luo ning zhu she ye	4
硫氧还蛋白还原酶	liu yang huan dan bai huan yuan mei	12
硫磺软膏	liu huang ruan gao	5
硫糖铝	liu tang lv	4
硫糖铝咀嚼片	liu tang lv ju jue pian	2
硫糖铝片	liu tang lv pian	3
硫胺素酶	liu an su mei	2
硫软膏	liu ruan gao	3
硫辛酸	liu xin suan	49
硫酸亚铁片	liu suan ya tie pian	4
硫酸亚铁铵	liu suan ya tie an	11
硫酸伪麻黄碱	liu suan wei ma huang jian	9
硫酸依替米星	liu suan yi ti mi xing	3
硫酸卡那霉素	liu suan ka na mei su	1
硫酸双肼屈嗪	liu suan shuang jing qu qin	2
硫酸吗啡缓释片	liu suan ma fei huan shi pian	2
硫酸妥布霉素	liu suan tuo bu mei su	3
硫酸妥布霉素注射液	liu suan tuo bu mei su zhu she ye	2
硫酸小诺霉素	liu suan xiao nuo mei su	2
硫酸庆大霉素	liu suan qing da mei su	7
硫酸庆大霉素注射液	liu suan qing da mei su zhu she ye	5
硫酸异帕米星	liu suan yi pa mi xing	2
硫酸新霉素	liu suan xin mei su	5
硫酸氢氯吡格雷片	liu suan qing lv bi ge lei pian	6
硫酸氨基葡萄糖	liu suan an ji pu tao tang	4
硫酸氨基葡萄糖片	liu suan an ji pu tao tang pian	2
硫酸氨基葡萄糖胶囊	liu suan an ji pu tao tang jiao nang	2
硫酸氯吡格雷	liu suan lv bi ge lei	3
硫酸沙丁胺醇	liu suan sha ding an chun	5
硫酸沙丁胺醇片	liu suan sha ding an chun pian	4
硫酸特布他林	liu suan te bu ta lin	6
硫酸特布他林片	liu suan te bu ta lin pian	2
硫酸盐还原细菌	liu suan yan huan yuan xi jun	3
硫酸粘菌素	liu suan nian jun su	3
硫酸粘菌素片	liu suan nian jun su pian	2
硫酸羟氯喹片	liu suan qiang lv kui pian	2
硫酸软骨素注射液	liu suan ruan gu su zhu she ye	2
硫酸酯酶	liu suan zhi mei	12
硫酸铁铵	liu suan tie an	7
硫酸链霉素	liu suan lian mei su	1
硫酸锌口服液	liu suan xin kou fu ye	3
硫酸锌口服溶液	liu suan xin kou fu rong ye	2
硫酸锌尿囊素滴眼液	liu suan xin niao nang su di yan ye	2
硫酸锌滴眼液	liu suan xin di yan ye	2
硫酸锌片	liu suan xin pian	1
硫酸锌糖浆	liu suan xin tang jiang	3
硫酸镁注射液	liu suan mei zhu she ye	4
硫酸镁溶液	liu suan mei rong ye	2
硫酸长春新碱	liu suan chang chun xin jian	1
硫酸阿托品	liu suan a tuo pin	6
硫酸阿托品注射液	liu suan a tuo pin zhu she ye	4
硫酸阿米卡星注射液	liu suan a mi ka xing zhu she ye	3
硫酸鱼精蛋白	liu suan yu jing dan bai	3
硫酸鱼精蛋白注射液	liu suan yu jing dan bai zhu she ye	7
硫酸黏菌素	liu suan nian jun su	3
硫酸黏菌素片	liu suan nian jun su pian	2
硬化剂	ying hua ji	25
硬化性	ying hua xing	26
硬化性胆管炎	ying hua xing dan guan yan	21
硬皮病	ying pi bing	42
硬石膏	ying shi gao	49
硬胶囊剂	ying jiao nang ji	6
硬脂醇	ying zhi chun	4
硬脊膜	ying ji mo	33
硬脑膜下血肿	ying nao mo xia xue zhong	4
硬脑膜动静脉瘘	ying nao mo dong jing mai lou	1
硬脑膜外血肿	ying nao mo wai xue zhong	1
硬膜外腔	ying mo wai qiang	3
硬膜外麻醉	ying mo wai ma zui	1
硬蛋白	ying dan bai	22
硼替佐米	peng ti zuo mi	17
硼砂甘油钾溶液	peng sha gan you jia rong ye	2
硼酸溶液	peng suan rong ye	2
硼酸软膏	peng suan ruan gao	4
碘伏	dian fu	13
碘克沙醇	dian ke sha chun	1
碘化油	dian hua you	3
碘化钾片	dian hua jia pian	2
碘普罗胺	dian pu luo an	2
碘普罗胺注射液	dian pu luo an zhu she ye	4
碘油造影	dian you zao ying	5
碘海醇	dian hai chun	5
碘甘油	dian gan you	4
碘缺乏病	dian que fa bing	33
碘解磷定	dian jie lin ding	2
碘酊	dian ding	23
碘酸钾	dian suan jia	45
碧玉散	bi yu san	1
碱烧伤	jian shao shang	1
碱石灰	jian shi hui	17
碳氧血红蛋白	tan yang xue hong dan bai	25
碳酸利多卡因	tan suan li duo ka yin	2
碳酸氢钠注射液	tan suan qing na zhu she ye	5
碳酸氢钠片	tan suan qing na pian	1
碳酸氢钠粉	tan suan qing na fen	3
碳酸钙片	tan suan gai pian	1
碳酸钙胶囊	tan suan gai jiao nang	4
碳酸钙颗粒	tan suan gai ke li	5
碳酸锂片	tan suan li pian	1
碾压伤	nian ya shang	6
磁朱丸	ci zhu wan	1
磨光面	mo guang mian	2
磷中毒	lin zhong du	38
磷代谢紊乱	lin dai xie wen luan	5
磷化铝	lin hua lv	25
磷化锌	lin hua xin	13
磷壁酸	lin bi suan	16
磷酸伯氨喹	lin suan bo an kui	1
磷酸伯氨喹片	lin suan bo an kui pian	3
磷酸可待因	lin suan ke dai yin	1
磷酸咯啶	lin suan ge ding	2
磷酸哌喹	lin suan pai kui	4
磷酸哌喹片	lin suan pai kui pian	2
磷酸哌嗪	lin suan pai qin	2
磷酸哌嗪宝塔糖	lin suan pai qin bao ta tang	1
磷酸奥司他韦胶囊	lin suan ao si ta wei jiao nang	6
磷酸川芎嗪	lin suan chuan xiong qin	3
磷酸果糖激酶	lin suan guo tang ji mei	30
磷酸氯喹	lin suan lv kui	3
磷酸氯喹片	lin suan lv kui pian	4
磷酸肌酸	lin suan ji suan	10
磷酸酯酶	lin suan zhi mei	7
磷酸钙结石	lin suan gai jie shi	4
磷酸铝凝胶	lin suan lv ning jiao	3
磷霉素	lin mei su	31
磷霉素钙甲氧苄啶胶囊	lin mei su gai jia yang bian ding jiao nang	2
磷霉素钠	lin mei su na	3
磺胺二甲嘧啶	huang an er jia mi ding	6
磺胺二甲基嘧啶	huang an er jia ji mi ding	1
磺胺嘧啶	huang an mi ding	38
磺胺嘧啶片	huang an mi ding pian	3
磺胺嘧啶钠注射液	huang an mi ding na zhu she ye	5
磺胺嘧啶银	huang an mi ding yin	18
磺胺嘧啶银乳膏	huang an mi ding yin ru gao	3
磺胺嘧啶锌	huang an mi ding xin	3
磺胺噻唑	huang an sai zuo	10
磺胺多辛	huang an duo xin	9
磺胺甲恶唑	huang an jia e zuo	16
磺胺脒	huang an mi	3
磺胺药	huang an yao	9
磺胺醋酰钠	huang an cu xian na	1
磺胺间甲氧嘧啶	huang an jian jia yang mi ding	1
磺苄西林	huang bian xi lin	2
磺苄西林钠	huang bian xi lin na	4
礞石滚痰片	meng shi gun tan pian	2
社交恐怖	she jiao kong bu	3
社会医学	she hui yi xue	8
社会学基础	she hui xue ji chu	3
社会康复	she hui kang fu	6
社会性昆虫	she hui xing kun chong	30
社会距离	she hui ju li	7
社区保健	she qu bao jian	8
社区医学	she qu yi xue	32
社区卫生服务管理	she qu wei sheng fu wu guan li	1
社区康复	she qu kang fu	13
社区急救	she qu ji jiu	6
社区护理	she qu hu li	13
社区护理学	she qu hu li xue	4
祖卡木颗粒	zu ka mu ke li	4
祖师麻	zu shi ma	2
祖师麻片	zu shi ma pian	3
祛斑霜	qu ban shuang	8
祛浊胶囊	qu zhuo jiao nang	3
祛痘	qu dou	6
祛痰灵口服液	qu tan ling kou fu ye	2
祛痰药	qu tan yao	10
祛瘀	qu yu	9
祛风湿药	qu feng shi yao	3
祛风湿药酒	qu feng shi yao jiu	3
神仙水	shen xian shui	8
神你油	shen ni you	3
神劳	shen lao	3
神堂	shen tang	6
神庭穴	shen ting xue	2
神昏	shen hun	27
神牡安神胶囊	shen mu an shen jiao nang	2
神犀丹	shen xi dan	1
神经上皮	shen jing shang pi	11
神经丝	shen jing si	1
神经丝蛋白	shen jing si dan bai	2
神经修复术	shen jing xiu fu shu	1
神经元特异性烯醇化酶	shen jing yuan te yi xing xi chun hua mei	4
神经免疫学	shen jing mian yi xue	1
神经内分泌癌	shen jing nei fen mi ai	1
神经内膜	shen jing nei mo	12
神经再生	shen jing zai sheng	15
神经分泌	shen jing fen mi	2
神经切除术	shen jing qie chu shu	2
神经刺激器	shen jing ci ji qi	2
神经功能障碍	shen jing gong neng zhang ai	16
神经原性休克	shen jing yuan xing xiu ke	5
神经原纤维	shen jing yuan xian wei	5
神经官能症	shen jing guan neng zheng	21
神经嵴	shen jing ji	25
神经康复学	shen jing kang fu xue	1
神经性呕吐	shen jing xing ou tu	5
神经性头痛	shen jing xing tou tong	4
神经性梅毒	shen jing xing mei du	44
神经性皮炎	shen jing xing pi yan	6
神经性耳聋	shen jing xing er long	7
神经性贪食	shen jing xing tan shi	7
神经松解术	shen jing song jie shu	4
神经板	shen jing ban	18
神经根型颈椎病	shen jing gen xing jing zhui bing	6
神经根损害	shen jing gen sun hai	2
神经梅毒	shen jing mei du	4
神经母细胞瘤	shen jing mu xi bao liu	46
神经毒理学	shen jing du li xue	8
神经源性膀胱	shen jing yuan xing pang guang	1
神经激素	shen jing ji su	20
神经生长因子	shen jing sheng zhang yin zi	26
神经瘤	shen jing liu	11
神经移位术	shen jing yi wei shu	2
神经精神病学	shen jing jing shen bing xue	18
神经系统检查	shen jing xi tong jian cha	6
神经纤维瘤病	shen jing xian wei liu bing	36
神经纤维肉瘤	shen jing xian wei rou liu	2
神经节苷脂沉积病	shen jing jie gan zhi chen ji bing	3
神经调节	shen jing tiao jie	31
神经通路	shen jing tong lu	43
神经阻滞	shen jing zu zhi	10
神经阻滞麻醉	shen jing zu zhi ma zui	4
神经鞘瘤	shen jing qiao liu	18
神藏	shen cang	4
神门	shen men	8
神阙	shen que	10
神阙穴	shen que xue	8
禁水试验	jin shui shi yan	2
福多司坦	fu duo si tan	3
福字阿胶	fu zi e jiao	3
福寿胶囊	fu shou jiao nang	3
福尔可定	fu er ke ding	3
福莫特罗	fu mo te luo	14
福辛普利	fu xin pu li	3
福辛普利片	fu xin pu li pian	2
福辛普利钠	fu xin pu li na	2
福辛普利钠片	fu xin pu li na pian	3
禹余粮	yu yu liang	6
离子交换柱	li zi jiao huan zhu	8
离子交换法	li zi jiao huan fa	19
离差智商	li cha zhi shang	4
离心收缩	li xin shou suo	3
离心管	li xin guan	3
离心铸造机	li xin zhu zao ji	3
离散程度	li san cheng du	38
秃发性毛囊炎	tu fa xing mao nang yan	2
秉风	bing feng	3
秋梨润肺膏	qiu li run fei gao	3
秋水仙碱	qiu shui xian jian	17
秋水仙碱片	qiu shui xian jian pian	7
秋石丹	qiu shi dan	2
种子休眠	zhong zi xiu mian	3
种子处理	zhong zi chu li	6
种子年	zhong zi nian	5
种子生活力	zhong zi sheng huo li	1
种植义齿	zhong zhi yi chi	7
种植机	zhong zhi ji	7
种牛痘	zhong niu dou	40
种特异性	zhong te yi xing	3
种皮	zhong pi	8
种系	zhong xi	8
种质学说	zhong zhi xue shuo	2
科素亚	ke su ya	5
秘制舒肝丸	mi zhi shu gan wan	2
秘诀清凉散	mi jue qing liang san	4
秦皮	qin pi	4
秩边	zhi bian	1
积极优生学	ji ji you sheng xue	2
积热	ji re	20
积雪草	ji xue cao	11
移动抑制因子	yi dong yi zhi yin zi	2
移植免疫	yi zhi mian yi	4
移植免疫学	yi zhi mian yi xue	2
移植排斥	yi zhi pai chi	30
移植术	yi zhi shu	38
移植物抗宿主反应	yi zhi wu kang su zhu fan ying	3
移植物抗宿主病	yi zhi wu kang su zhu bing	4
移植物排斥	yi zhi wu pai chi	2
移码突变	yi ma tu bian	14
移行细胞癌	yi xing xi bao ai	6
稀戊二醛溶液	xi wu er quan rong ye	2
稀释液	xi shi ye	31
程应旄	cheng ying mao	1
稳压胶囊	wen ya jiao nang	2
稳心颗粒	wen xin ke li	1
稻农皮炎	dao nong pi yan	2
稽留热	ji liu re	3
穗轴	sui zhou	41
穴位按摩	xue wei an mo	8
穴位注射	xue wei zhu she	3
空巢综合征	kong chao zong he zheng	6
空心胶囊	kong xin jiao nang	5
空气栓塞	kong qi shuan se	45
空气透视	kong qi tou shi	14
空洞型肺结核	kong dong xing fei jie he	5
空蝶鞍	kong die an	2
空间定位	kong jian ding wei	26
空间知觉	kong jian zhi jue	2
穿刺针	chuan ci zhen	4
穿心莲内酯	chuan xin lian nei zhi	4
穿心莲内酯滴丸	chuan xin lian nei zhi di wan	4
穿心莲内酯软胶囊	chuan xin lian nei zhi ruan jiao nang	2
穿心莲注射液	chuan xin lian zhu she ye	2
穿心莲片	chuan xin lian pian	4
穿心莲胶囊	chuan xin lian jiao nang	4
穿琥宁注射液	chuan hu ning zhu she ye	1
突发性耳聋	tu fa xing er long	11
突眼性甲状腺肿	tu yan xing jia zhuang xian zhong	1
突触前抑制	tu chu qian yi zhi	2
突触前膜	tu chu qian mo	17
突触可塑性	tu chu ke su xing	39
突触后膜	tu chu hou mo	31
窗位	chuang wei	9
窗宽	chuang kuan	6
窝沟封闭	wo gou feng bi	7
窝沟封闭剂	wo gou feng bi ji	5
窝沟龋	wo gou qu	3
窝洞	wo dong	5
窦性停搏	dou xing ting bo	4
窦性心动过缓	dou xing xin dong guo huan	5
窦性心动过速	dou xing xin dong guo su	3
窦房传导阻滞	dou fang chuan dao zu zhi	2
窦腺	dou xian	2
窦道	dou dao	4
立体定向手术	li ti ding xiang shou shu	1
立体显微镜	li ti xian wei jing	3
立体镜	li ti jing	16
立克次体感染	li ke ci ti gan ran	5
立克次氏体	li ke ci shi ti	34
立克次氏体病	li ke ci shi ti bing	2
立加利仙	li jia li xian	3
立普妥	li pu tuo	10
竞赛心理	jing sai xin li	1
章动	zhang dong	3
章门	zhang men	5
章门穴	zhang men xue	2
童参	tong can	4
童坦君	tong tan jun	7
竹原	zhu yuan	5
竹叶柴胡	zhu ye chai hu	9
竹叶石膏汤	zhu ye shi gao tang	1
竹桃霉素	zhu tao mei su	17
竹节参	zhu jie shen	2
竹茹	zhu ru	14
第一信号系统	di yi xin hao xi tong	3
第一极体	di yi ji ti	5
第三磨牙	di san mo ya	2
第三肝门	di san gan men	1
第三脑室	di san nao shi	37
第二信号系统	di er xin hao xi tong	2
第二肝门	di er gan men	1
第二触角	di er chu jiao	12
第四脑室	di si nao shi	18
等势原理	deng shi yuan li	2
等渗溶液	deng shen rong ye	6
等级资料	deng ji zi liao	2
等速运动	deng su yun dong	16
等长收缩	deng chang shou suo	5
筋缩	jin suo	9
筋膜皮瓣	jin mo pi ban	2
筋骨疼痛	jin gu teng tong	5
筒线虫病	tong xian chong bing	2
筛孔	shai kong	23
筛板	shai ban	28
筛窦	shai dou	4
筛窦炎	shai dou yan	2
筛管	shai guan	21
筛骨	shai gu	29
简单反应时	jian dan fan ying shi	2
简易凝血活酶生成试验	jian yi ning xue huo mei sheng cheng shi yan	3
管型尿	guan xing niao	3
管状腺瘤	guan zhuang xian liu	5
管状骨	guan zhuang gu	5
管理学基础	guan li xue ji chu	5
管足	guan zu	36
管轶	guan yi	39
箭根薯	jian gen shu	4
米力农	mi li nong	5
米力农注射液	mi li nong zhu she ye	2
米帕明	mi pa ming	17
米托蒽醌	mi tuo en kun	20
米氮平片	mi dan ping pian	2
米索前列醇	mi suo qian lie chun	22
米索前列醇片	mi suo qian lie chun pian	5
米诺地尔	mi nuo di er	25
米诺地尔酊	mi nuo di er ding	3
米诺环素	mi nuo huan su	20
米象	mi xiang	4
米非司酮	mi fei si tong	13
米非司酮片	mi fei si tong pian	7
米非司酮胶丸	mi fei si tong jiao wan	2
米非司酮胶囊	mi fei si tong jiao nang	3
类型学	lei xing xue	6
类天疱疮	lei tian pao chuang	3
类毒素	lei du su	46
类毒素疫苗	lei du su yi miao	4
类癌综合征	lei ai zong he zheng	3
类白喉杆菌	lei bai hou gan jun	1
类风湿因子	lei feng shi yin zi	47
类风湿性心脏病	lei feng shi xing xin zang bing	3
类风湿结节	lei feng shi jie jie	6
类骨质	lei gu zhi	7
类鼻疽	lei bi ju	32
籽骨	zi gu	39
粉刺立消净	fen ci li xiao jing	3
粉尘采样器	fen chen cai yang qi	3
粉针	fen zhen	2
粉针剂	fen zhen ji	4
粒子大小	li zi da xiao	25
粒细胞肉瘤	li xi bao rou liu	3
粒细胞集落刺激因子	li xi bao ji luo ci ji yin zi	5
粗死亡率	cu si wang lv	11
粘多糖	nian duo tang	9
粘多糖病	nian duo tang bing	2
粘弹性	nian tan xing	48
粘液性水肿	nian ye xing shui zhong	9
粘液癌	nian ye ai	2
粘液腺癌	nian ye xian ai	2
粘液表皮样癌	nian ye biao pi yang ai	1
粘膜下层	nian mo xia ceng	7
粘膜层	nian mo ceng	9
粘膜炎	nian mo yan	10
粘菌素	nian jun su	1
粘连性中耳炎	zhan lian xing zhong er yan	2
粟丘疹	su qiu zhen	4
粥样斑块	zhou yang ban kuai	3
粪产碱杆菌	fen chan jian gan jun	2
粪便检查	fen bian jian cha	10
粪尿	fen niao	25
粪瘘	fen lou	3
粪石	fen shi	27
精制冠心片	jing zhi guan xin pian	5
精制冠心软胶囊	jing zhi guan xin ruan jiao nang	4
精制冠心颗粒	jing zhi guan xin ke li	2
精制破伤风抗毒素	jing zhi po shang feng kang du su	3
精制银翘解毒片	jing zhi yin qiao jie du pian	3
精包	jing bao	25
精原细胞	jing yuan xi bao	33
精原细胞瘤	jing yuan xi bao liu	1
精囊囊肿	jing nang nang zhong	2
精囊恶性肿瘤	jing nang e xing zhong liu	2
精囊炎	jing nang yan	4
精囊结石	jing nang jie shi	2
精囊肿瘤	jing nang zhong liu	4
精子发生	jing zi fa sheng	37
精子形成	jing zi xing cheng	5
精子细胞	jing zi xi bao	22
精子获能	jing zi huo neng	6
精子计数	jing zi ji shu	24
精密附着体	jing mi fu zhuo ti	5
精巢	jing chao	31
精核	jing he	17
精母细胞	jing mu xi bao	19
精氨酸加压素	jing an suan jia ya su	2
精氨酸酶	jing an suan mei	8
精液常规检查	jing ye chang gui jian cha	5
精神依赖性	jing shen yi lai xing	1
精神外科	jing shen wai ke	8
精神抑郁症	jing shen yi yu zheng	2
精神疗法	jing shen liao fa	20
精神病护理	jing shen bing hu li	2
精神科护理学	jing shen ke hu li xue	1
精神萎靡	jing shen wei mi	21
精神衰退	jing shen shuai tui	5
精神运动性癫痫	jing shen yun dong xing dian xian	2
精索炎	jing suo yan	1
精索静脉曲张	jing suo jing mai qu zhang	33
精索静脉结扎术	jing suo jing mai jie zha shu	4
精索静脉高位结扎术	jing suo jing mai gao wei jie zha shu	4
精细胞	jing xi bao	38
精蛋白	jing dan bai	11
精蛋白锌重组人胰岛素	jing dan bai xin chong zu ren yi dao su	2
精阜炎	jing fu yan	3
糊剂	hu ji	8
糖丸	tang wan	19
糖原贮积症	tang yuan zhu ji zheng	1
糖尿乐片	tang niao le pian	3
糖尿乐胶囊	tang niao le jiao nang	5
糖尿病前期	tang niao bing qian qi	9
糖尿病性周围神经病	tang niao bing xing zhou wei shen jing bing	3
糖尿病性心脏病	tang niao bing xing xin zang bing	4
糖尿病性白内障	tang niao bing xing bai nei zhang	1
糖尿病性肾病	tang niao bing xing shen bing	5
糖尿病性视网膜病变	tang niao bing xing shi wang mo bing bian	7
糖尿病昏迷	tang niao bing hun mi	16
糖尿病肾病	tang niao bing shen bing	38
糖异生作用	tang yi sheng zuo yong	7
糖浆剂	tang jiang ji	10
糖维胶囊	tang wei jiao nang	4
糖耐量	tang nai liang	30
糖耐量异常	tang nai liang yi chang	1
糖脂宁胶囊	tang zhi ning jiao nang	7
糖脉康颗粒	tang mai kang ke li	2
糖适平	tang shi ping	6
糜烂性胃炎	mi lan xing wei yan	1
糜蛋白酶	mi dan bai mei	30
糠秕马拉色菌	kang bi ma la se jun	3
糠酸	kang suan	22
糠酸莫米松	kang suan mo mi song	4
糠酸莫米松乳膏	kang suan mo mi song ru gao	3
糯稻根	nuo dao gen	4
系带	ji dai	9
系统性接触性皮炎	xi tong xing jie chu xing pi yan	2
系统性红斑狼疮	xi tong xing hong ban lang chuang	37
系统性血管炎	xi tong xing xue guan yan	1
系统解剖	xi tong jie pou	2
系统解剖学	xi tong jie pou xue	11
素问	su wen	8
素馨花	su xin hua	23
素髎	su liao	1
素高捷疗	su gao jie liao	1
索密痛	suo mi tong	3
索米痛	suo mi tong	2
索马杜林	suo ma du lin	4
紧张型精神分裂症	jin zhang xing jing shen fen lie zheng	8
紧张性	jin zhang xing	8
紧张性头痛	jin zhang xing tou tong	7
紧张性收缩	jin zhang xing shou suo	1
紧张症	jin zhang zheng	17
紫外光显微镜	zi wai guang xian wei jing	1
紫外分光光度法	zi wai fen guang guang du fa	1
紫外灯	zi wai deng	16
紫外线消毒	zi wai xian xiao du	9
紫外线消毒车	zi wai xian xiao du che	4
紫外线灯管	zi wai xian deng guan	2
紫宫	zi gong	3
紫归治裂膏	zi gui zhi lie gao	2
紫杉醇注射液	zi shan chun zhu she ye	4
紫檀香	zi tan xiang	2
紫河车	zi he che	16
紫河车胶囊	zi he che jiao nang	4
紫灯胶囊	zi deng jiao nang	2
紫癜	zi dian	33
紫癫	zi dian	4
紫花地丁	zi hua di ding	21
紫花杜鹃	zi hua du juan	1
紫花杜鹃片	zi hua du juan pian	2
紫苏子	zi su zi	8
紫苏梗	zi su geng	2
紫苏油	zi su you	11
紫荆皮	zi jing pi	3
紫金莲	zi jin lian	1
紫金龙	zi jin long	10
紫雪丹	zi xue dan	3
紫雪颗粒	zi xue ke li	3
紫龙金片	zi long jin pian	3
累积死亡率	lei ji si wang lv	2
繁殖行为	fan zhi xing wei	49
红三叶草	hong san ye cao	8
红光治疗	hong guang zhi liao	6
红参片	hong shen pian	5
红外线治疗	hong wai xian zhi liao	1
红外线热像仪	hong wai xian re xiang yi	5
红大戟	hong da ji	3
红宝石激光器	hong bao shi ji guang qi	8
红归胶囊	hong gui jiao nang	4
红斑性肢痛症	hong ban xing zhi tong zheng	1
红杜仲	hong du zhong	3
红核妇洁洗液	hong he fu jie xi ye	2
红甲	hong jia	2
红痱	hong fei	1
红癣	hong xuan	1
红白血病	hong bai xue bing	7
红皮病	hong pi bing	9
红皮病型银屑病	hong pi bing xing yin xie bing	4
红皮病性银屑病	hong pi bing xing yin xie bing	2
红细胞保存液	hong xi bao bao cun ye	1
红细胞凝集	hong xi bao ning ji	4
红细胞增多	hong xi bao zeng duo	5
红细胞寿命测定	hong xi bao shou ming ce ding	2
红细胞沉降率测定	hong xi bao chen jiang lv ce ding	2
红细胞生成性原卟啉症	hong xi bao sheng cheng xing yuan bu lin zheng	3
红细胞生成素	hong xi bao sheng cheng su	16
红细胞膜	hong xi bao mo	14
红细胞计数	hong xi bao ji shu	9
红肌	hong ji	2
红色毛癣菌	hong se mao xuan jun	11
红色血栓	hong se xue shuan	2
红芪	hong qi	4
红芪口服液	hong qi kou fu ye	2
红花口服液	hong hua kou fu ye	2
红花油	hong hua you	11
红花注射液	hong hua zhu she ye	1
红花黄色素	hong hua huang se su	1
红草止鼾	hong cao zhi han	3
红草止鼾颗粒	hong cao zhi han ke li	2
红药气雾剂	hong yao qi wu ji	3
红药片	hong yao pian	3
红药贴膏	hong yao tie gao	3
红莲子	hong lian zi	1
红藤	hong teng	16
红藻氨酸	hong zao an suan	5
红豆蔻	hong dou kou	8
红霉素注射液	hong mei su zhu she ye	2
红霉素片	hong mei su pian	4
红霉素眼膏	hong mei su yan gao	6
红霉素肠溶片	hong mei su chang rong pian	4
红霉素软膏	hong mei su ruan gao	1
红骨髓	hong gu sui	19
红髓	hong sui	14
红鹿参片	hong lu shen pian	3
纤维喉镜检查	xian wei hou jing jian cha	1
纤维性骨炎	xian wei xing gu yan	2
纤维斑块	xian wei ban kuai	2
纤维植物	xian wei zhi wu	25
纤维环	xian wei huan	12
纤维瘤病	xian wei liu bing	6
纤维素衍生物	xian wei su yan sheng wu	7
纤维细胞	xian wei xi bao	36
纤维肉瘤	xian wei rou liu	8
纤维腺瘤	xian wei xian liu	22
纤维连接蛋白	xian wei lian jie dan bai	3
纯阳正气丸	chun yang zheng qi wan	4
纳多洛尔	na duo luo er	2
纳米球	na mi qiu	1
纵膈淋巴结肿大	zong ge lin ba jie zhong da	2
纵隔子宫	zong ge zi gong	1
纵隔气肿	zong ge qi zhong	3
纵隔炎	zong ge yan	3
纵隔胸膜	zong ge xiong mo	1
纵隔脓肿	zong ge nong zhong	2
纵隔镜检查	zong ge jing jian cha	1
线粒体遗传	xian li ti yi chuan	7
线索细胞	xian suo xi bao	2
线虫病	xian chong bing	31
组织修复	zu zhi xiu fu	28
组织分化	zu zhi fen hua	13
组织化学	zu zhi hua xue	6
组织因子	zu zhi yin zi	23
组织学与胚胎学	zu zhi xue yu pei tai xue	8
组织工程学	zu zhi gong cheng xue	27
组织库	zu zhi ku	7
组织相容性抗原	zu zhi xiang rong xing kang yuan	6
组织移植	zu zhi yi zhi	21
组织细胞	zu zhi xi bao	10
组织细胞增多症	zu zhi xi bao zeng duo zheng	4
组织胚胎学	zu zhi pei tai xue	32
组织行为学	zu zhi xing wei xue	48
组织转化	zu zhi zhuan hua	6
细支气管	xi zhi qi guan	40
细支气管肺泡癌	xi zhi qi guan fei pao ai	2
细胞免疫	xi bao mian yi	43
细胞免疫学	xi bao mian yi xue	4
细胞决定	xi bao jue ding	2
细胞分选	xi bao fen xuan	9
细胞动力学	xi bao dong li xue	3
细胞化学	xi bao hua xue	10
细胞周期蛋白	xi bao zhou qi dan bai	35
细胞学	xi bao xue	10
细胞工程	xi bao gong cheng	27
细胞库	xi bao ku	6
细胞形态学	xi bao xing tai xue	7
细胞杂交	xi bao za jiao	3
细胞毒	xi bao du	28
细胞毒素	xi bao du su	37
细胞液	xi bao ye	21
细胞溶解	xi bao rong jie	24
细胞生理学	xi bao sheng li xue	25
细胞生长因子	xi bao sheng zhang yin zi	9
细胞生长肽	xi bao sheng zhang tai	3
细胞病理学	xi bao bing li xue	17
细胞移动	xi bao yi dong	14
细胞移植	xi bao yi zhi	29
细胞粘着	xi bao zhan zhuo	1
细胞粘附分子	xi bao zhan fu fen zi	18
细胞组织	xi bao zu zhi	9
细胞肿胀	xi bao zhong zhang	9
细胞表面抗原	xi bao biao mian kang yuan	9
细胞衰老	xi bao shuai lao	31
细胞角蛋白	xi bao jiao dan bai	10
细胞识别	xi bao shi bie	26
细胞谱系	xi bao pu xi	13
细胞运动	xi bao yun dong	4
细胞连接	xi bao lian jie	26
细脉	xi mai	33
细菌内毒素	xi jun nei du su	7
细菌学检验	xi jun xue jian yan	1
细菌性前列腺炎	xi jun xing qian lie xian yan	47
细菌性心内膜炎	xi jun xing xin nei mo yan	6
细菌性感染	xi jun xing gan ran	25
细菌性痢疾	xi jun xing li ji	20
细菌性结膜炎	xi jun xing jie mo yan	8
细菌性肠炎	xi jun xing chang yan	2
细菌性肺炎	xi jun xing fei yan	37
细菌性腹膜炎	xi jun xing fu mo yan	17
细菌性膀胱炎	xi jun xing pang guang yan	3
细菌性角膜溃疡	xi jun xing jiao mo kui yang	3
细菌性角膜炎	xi jun xing jiao mo yan	1
细菌性阴道炎	xi jun xing yin dao yan	27
细菌性阴道病	xi jun xing yin dao bing	28
细菌性食物中毒	xi jun xing shi wu zhong du	13
细菌毒素	xi jun du su	19
细辛脑	xi xin nao	2
细辛脑氯化钠注射液	xi xin nao lv hua na zhu she ye	4
细辛脑注射液	xi xin nao zhu she ye	6
终末消毒	zhong mo xiao du	17
终末细支气管	zhong mo xi zhi qi guan	2
终止子	zhong zhi zi	4
终毛	zhong mao	2
经前平颗粒	jing qian ping ke li	2
经前综合征	jing qian zong he zheng	40
经外奇穴	jing wai qi xue	8
经尿道前列腺电切术	jing niao dao qian lie xian dian qie shu	5
经带宁胶囊	jing dai ning jiao nang	3
经期延长	jing qi yan chang	4
经气	jing qi	7
经渠	jing qu	10
经渠穴	jing qu xue	2
经皮神经电刺激疗法	jing pi shen jing dian ci ji liao fa	2
经皮肾镜取石术	jing pi shen jing qu shi shu	6
经络腧穴学	jing luo shu xue xue	3
经舒胶囊	jing shu jiao nang	3
经舒颗粒	jing shu ke li	2
经间痛	jing jian tong	2
经颅多普勒	jing lu duo pu le	2
经颅多普勒超声	jing lu duo pu le chao sheng	1
绒促性素	rong cu xing su	3
绒毛状腺瘤	rong mao zhuang xian liu	4
绒毛膜上皮癌	rong mao mo shang pi ai	8
结合蛋白质	jie he dan bai zhi	22
结合雌激素	jie he ci ji su	4
结扎术	jie za shu	4
结晶尿	jie jing niao	4
结构基因	jie gou ji yin	43
结构性访谈	jie gou xing fang tan	3
结构效度	jie gou xiao du	1
结构蛋白质	jie gou dan bai zhi	17
结核性关节炎	jie he xing guan jie yan	1
结核性肛瘘	jie he xing gang lou	2
结核性脑膜炎	jie he xing nao mo yan	27
结核性腹膜炎	jie he xing fu mo yan	8
结核球	jie he qiu	3
结核结节	jie he jie jie	1
结核菌素	jie he jun su	26
结核菌素试验	jie he jun su shi yan	19
结直肠肿瘤	jie zhi chang zhong liu	3
结石康胶囊	jie shi kang jiao nang	2
结石清胶囊	jie shi qing jiao nang	2
结石通茶	jie shi tong cha	5
结缔组织病	jie di zu zhi bing	15
结缔组织痣	jie di zu zhi zhi	2
结肠切除术	jie chang qie chu shu	3
结肠息肉	jie chang xi rou	4
结肠憩室	jie chang qi shi	3
结肠憩室炎	jie chang qi shi yan	2
结肠旁沟	jie chang pang gou	3
结肠溃疡	jie chang kui yang	4
结肠瘘	jie chang lou	2
结肠破裂	jie chang po lie	1
结肠系膜	jie chang xi mo	5
结肠袋	jie chang dai	1
结肠透析	jie chang tou xi	4
结肠造口术	jie chang zao kou shu	7
结肠镜	jie chang jing	10
结肠镜检查	jie chang jing jian cha	26
结肠黑变病	jie chang hei bian bing	2
结膜充血	jie mo chong xue	24
结膜囊	jie mo nang	30
结膜干燥症	jie mo gan zao zheng	4
结膜结石	jie mo jie shi	2
结舌	jie she	11
结节影	jie jie ying	4
结节性	jie jie xing	45
结节性多动脉炎	jie jie xing duo dong mai yan	12
结节性梅毒疹	jie jie xing mei du zhen	2
结节性甲状腺肿	jie jie xing jia zhuang xian zhong	39
结节性痒疹	jie jie xing yang zhen	1
结节性硬化症	jie jie xing ying hua zheng	30
结节性红斑	jie jie xing hong ban	21
结节性脑硬化	jie jie xing nao ying hua	3
结节性血管炎	jie jie xing xue guan yan	3
结节性黄色瘤	jie jie xing huang se liu	2
绘画疗法	hui hua liao fa	5
给药系统	gei yao xi tong	17
络却	luo que	1
络合碘	luo he dian	5
络活喜	luo huo xi	1
络病学	luo bing xue	5
络瘀通胶囊	luo yu tong jiao nang	2
络石藤	luo shi teng	3
络穴	luo xue	22
络脉	luo mai	12
绝对不应期	jue dui bu ying qi	4
绝经后骨质疏松	jue jing hou gu zhi shu song	2
绝骨	jue gu	2
绞窄性肠梗阻	jiao zhai xing chang geng zu	1
绞股蓝总甙片	jiao gu lan zong dai pian	3
绦虫病	tao chong bing	20
继代培养	ji dai pei yang	2
继发性免疫缺陷	ji fa xing mian yi que xian	3
继发性感染	ji fa xing gan ran	11
继发性痛经	ji fa xing tong jing	1
继发性癫痫	ji fa xing dian xian	2
继发性糖尿病	ji fa xing tang niao bing	4
继发性肺动脉高压	ji fa xing fei dong mai gao ya	3
继发性肺结核	ji fa xing fei jie he	7
继发性血小板增多症	ji fa xing xue xiao ban zeng duo zheng	2
继发性贫血	ji fa xing pin xue	2
继发性闭经	ji fa xing bi jing	4
继发性青光眼	ji fa xing qing guang yan	1
继发性高血压	ji fa xing gao xue ya	9
继发感染	ji fa gan ran	25
继发龋	ji fa qu	3
续发率	xu fa lv	4
续名医类案	xu ming yi lei an	1
续命汤	xu ming tang	9
续随子	xu sui zi	21
维尔康胶囊	wei er kang jiao nang	2
维库溴铵	wei ku xiu an	19
维拉帕米	wei la pa mi	21
维生素中毒	wei sheng su zhong du	3
维生素咀嚼片	wei sheng su ju jue pian	2
维生素片	wei sheng su pian	4
维生素缺乏	wei sheng su que fa	26
维生素缺乏症	wei sheng su que fa zheng	15
维肝福泰片	wei gan fu tai pian	3
维胺酯	wei an zhi	3
维胺酯胶囊	wei an zhi jiao nang	3
维血宁	wei xue ning	2
维道	wei dao	4
绵萆薢	mian bi xie	4
综合防治	zong he fang zhi	25
绿原酸	lv yuan suan	34
绿脓杆菌性肺炎	lv nong gan jun xing fei yan	2
绿色果园	lv se guo yuan	6
绿色瘤	lv se liu	2
绿药膏	lv yao gao	5
缓解期	huan jie qi	35
缓释制剂	huan shi zhi ji	5
缓释胶囊	huan shi jiao nang	7
缔合物	di he wu	37
编码区	bian ma qu	5
缝匠肌	feng jiang ji	11
缝隙连接	feng xi lian jie	27
缩合葡萄糖	suo he pu tao tang	2
缩宫素	suo gong su	3
缩宫素注射液	suo gong su zhu she ye	3
缩泉丸	suo quan wan	2
缩泉胶囊	suo quan jiao nang	3
缩窄性心包炎	suo zhai xing xin bao yan	5
缬沙坦	xie sha tan	42
缬沙坦分散片	xie sha tan fen san pian	2
缬沙坦氢氯噻嗪片	xie sha tan qing lv sai qin pian	3
缬沙坦片	xie sha tan pian	2
缬沙坦胶囊	xie sha tan jiao nang	1
缺如	que ru	32
缺氧症	que yang zheng	3
缺盆	que pen	14
缺盆穴	que pen xue	3
缺硒	que xi	5
缺血性坏死	que xue xing huai si	11
缺血性心肌病	que xue xing xin ji bing	2
缺血性挛缩	que xue xing luan suo	1
缺血性肌挛缩	que xue xing ji luan suo	2
缺血性肠炎	que xue xing chang yan	3
缺血性肠病	que xue xing chang bing	3
缺血性视盘病变	que xue xing shi pan bing bian	2
缺血性视神经病变	que xue xing shi shen jing bing bian	2
罂粟壳	ying su ke	15
网格蛋白	wang ge dan bai	40
网状内皮系统	wang zhuang nei pi xi tong	17
网状纤维	wang zhuang xian wei	45
网状组织	wang zhuang zu zhi	23
网状细胞	wang zhuang xi bao	40
网状脉	wang zhuang mai	16
网球肘	wang qiu zhou	20
网织红细胞	wang zhi hong xi bao	3
网织红细胞计数	wang zhi hong xi bao ji shu	2
网胃	wang wei	16
网膜炎	wang mo yan	3
罗哌卡因	luo pai ka yin	13
罗嘉瑞	luo jia rui	19
罗布麻	luo bu ma	34
罗布麻叶	luo bu ma ye	2
罗布麻叶片	luo bu ma ye pian	3
罗布麻降压片	luo bu ma jiang ya pian	2
罗格列酮	luo ge lie tong	19
罗格列酮片	luo ge lie tong pian	3
罗格列酮钠	luo ge lie tong na	3
罗格列酮钠片	luo ge lie tong na pian	2
罗汉果止咳胶囊	luo han guo zhi ke jiao nang	3
罗浮山百草油	luo fu shan bai cao you	1
罗浮山风湿膏药	luo fu shan feng shi gao yao	2
罗珍胶囊	luo zhen jiao nang	4
罗红霉素	luo hong mei su	19
罗红霉素分散片	luo hong mei su fen san pian	1
罗红霉素干混悬剂	luo hong mei su gan hun xuan ji	2
罗红霉素片	luo hong mei su pian	4
罗红霉素缓释胶囊	luo hong mei su huan shi jiao nang	3
罗红霉素胶囊	luo hong mei su jiao nang	6
罗红霉素颗粒	luo hong mei su ke li	2
罗补甫克比日丸	luo bu fu ke bi ri wan	2
罗通定	luo tong ding	4
罗通定片	luo tong ding pian	3
罗非昔布	luo fei xi bu	6
罗非昔布片	luo fei xi bu pian	3
罪犯改造心理学	zui fan gai zao xin li xue	3
置换价	zhi huan jia	4
罹患率	li huan lv	40
羊毛脂	yang mao zhi	23
羊水栓塞	yang shui shuan se	26
羊水细胞	yang shui xi bao	5
羊水过多	yang shui guo duo	20
羊水过少	yang shui guo shao	9
羊痘	yang dou	3
羊耳菊	yang er ju	15
羊胎素	yang tai su	9
羊胎素胶囊	yang tai su jiao nang	2
羊膜带综合征	yang mo dai zong he zheng	3
羊膜穿刺术	yang mo chuan ci shu	31
羊藿三七片	yang huo san qi pian	3
羊踯躅根	yang zhi zhu gen	3
羊蹄根	yang ti gen	3
羌月乳膏	qiang yue ru gao	2
羌活胜湿汤	qiang huo sheng shi tang	3
美他多辛胶囊	mei ta duo xin jiao nang	2
美他环素	mei ta huan su	4
美克洛嗪	mei ke luo qin	9
美加明	mei jia ming	3
美司钠	mei si na	11
美吡哒	mei bi da	2
美国药典	mei guo yao dian	48
美复威	mei fu wei	2
美学基础	mei xue ji chu	6
美容保健	mei rong bao jian	12
美容化妆品学	mei rong hua zhuang pin xue	2
美容医学	mei rong yi xue	17
美容外科学	mei rong wai ke xue	1
美容学	mei rong xue	7
美容心理学	mei rong xin li xue	3
美容术	mei rong shu	2
美容皮肤科学	mei rong pi fu ke xue	3
美容药物学	mei rong yao wu xue	2
美尼尔综合征	mei ni er zong he zheng	5
美愈伪麻胶囊	mei yu wei ma jiao nang	2
美扑伪麻片	mei pu wei ma pian	4
美托洛尔	mei tuo luo er	29
美敏伪麻溶液	mei min wei ma rong ye	4
美施康定	mei shi kang ding	2
美沙拉嗪	mei sha la qin	15
美沙拉秦缓释颗粒剂	mei sha la qin huan shi ke li ji	2
美洛培南	mei luo pei nan	1
美洛昔康	mei luo xi kang	12
美洛昔康注射液	mei luo xi kang zhu she ye	3
美洛西林	mei luo xi lin	8
美洛西林钠	mei luo xi lin na	4
美洛西林钠舒巴坦钠	mei luo xi lin na shu ba tan na	3
美满霉素	mei man mei su	4
美索巴莫	mei suo ba mo	3
美罗培南	mei luo pei nan	13
美菲康	mei fei kang	2
美西律	mei xi lv	5
羚羊感冒片	ling yang gan mao pian	5
羚羊感冒胶囊	ling yang gan mao jiao nang	8
羚羊感冒软胶囊	ling yang gan mao ruan jiao nang	2
羚羊清肺丸	ling yang qing fei wan	5
羚羊清肺颗粒	ling yang qing fei ke li	2
羚羊角口服液	ling yang jiao kou fu ye	3
羚羊角散	ling yang jiao san	1
羚羊角滴丸	ling yang jiao di wan	2
羚羊角颗粒	ling yang jiao ke li	2
羚翘解毒丸	ling qiao jie du wan	4
羚翘解毒片	ling qiao jie du pian	2
羚贝止咳糖浆	ling bei zhi ke tang jiang	2
羚黄宝儿丸	ling huang bao er wan	3
羞明	xiu ming	4
羟丁酸钠	qiang ding suan na	4
羟丙基甲基纤维素	qiang bing ji jia ji xian wei su	6
羟丙基纤维素	qiang bing ji xian wei su	7
羟乙基淀粉	qiang yi ji dian fen	3
羟乙基淀粉注射液	qiang yi ji dian fen zhu she ye	3
羟乙基纤维素	qiang yi ji xian wei su	3
羟喜树碱	qiang xi shu jian	2
羟嗪	qiang qin	11
羟甲唑啉	qiang jia zuo lin	4
羟甲基糠醛	qiang jia ji kang quan	3
羟甲基纤维素	qiang jia ji xian wei su	3
羟甲基纤维素钠	qiang jia ji xian wei su na	2
羟甲烟胺片	qiang jia yan an pian	3
羟甲烯龙	qiang jia xi long	4
羟甲香豆素	qiang jia xiang dou su	4
羟脯氨酸	qiang pu an suan	33
羟苯乙酯	qiang ben yi zhi	1
羟苯甲酯	qiang ben jia zhi	4
羟苯磺酸钙	qiang ben huang suan gai	2
羟苯磺酸钙胶囊	qiang ben huang suan gai jiao nang	2
群体反应性抗体	qun ti fan ying xing kang ti	3
群体密度	qun ti mi du	2
群体思维	qun ti si wei	9
群落生态学	qun luo sheng tai xue	17
羧甲司坦	suo jia si tan	1
羧甲司坦片	suo jia si tan pian	2
羧甲基纤维素	suo jia ji xian wei su	18
羧苄西林	suo bian xi lin	14
翁心植	weng xin zhi	10
翳明	yi ming	2
翳风	yi feng	2
翻正反射	fan zheng fan she	2
翻瓣术	fan ban shu	3
翻白草	fan bai cao	9
翻身床	fan shen chuang	1
翼内肌	yi nei ji	2
翼状胬肉	yi zhuang nu rou	22
翼状胬肉切除术	yi zhuang nu rou qie chu shu	1
老年心理学	lao nian xin li xue	1
老年性癫痫	lao nian xing dian xian	3
老年性白内障	lao nian xing bai nei zhang	18
老年性白斑	lao nian xing bai ban	3
老年性精神病	lao nian xing jing shen bing	1
老年性紫癜	lao nian xing zi dian	2
老年性血管瘤	lao nian xing xue guan liu	2
老年性黄斑变性	lao nian xing huang ban bian xing	1
老年护理学	lao nian hu li xue	4
老年疣	lao nian you	2
老年黄斑变性	lao nian huang ban bian xing	13
老死	lao si	10
老范志万应神曲	lao fan zhi wan ying shen qu	2
老视	lao shi	6
耆鹿逐痹口服液	qi lu zhu bi kou fu ye	3
耐盐性	nai yan xing	13
耐量试验	nai liang shi yan	11
耳再造术	er zai zao shu	4
耳出血	er chu xue	2
耳垂缺损	er chui que sun	2
耳大神经	er da shen jing	3
耳屏	er ping	21
耳带状疱疹	er dai zhuang pao zhen	2
耳廓假性囊肿	er kuo jia xing nang zhong	1
耳廓再造术	er kuo zai zao shu	3
耳廓缺损	er kuo que sun	3
耳廓软骨膜炎	er kuo ruan gu mo yan	4
耳流脓	er liu nong	5
耳源性脑脓肿	er yuan xing nao nong zhong	2
耳痛	er tong	27
耳硬化症	er ying hua zheng	15
耳结核	er jie he	8
耳聋左慈丸	er long zuo ci wan	3
耳聋病	er long bing	3
耳聋胶囊	er long jiao nang	2
耳聋通窍丸	er long tong qiao wan	5
耳部带状疱疹	er bu dai zhuang pao zhen	1
耳颞神经	er nie shen jing	2
耳鸣耳聋	er ming er long	1
耳鼻咽喉头颈外科	er bi yan hou tou jing wai ke	12
耳鼻咽喉头颈外科学	er bi yan hou tou jing wai ke xue	4
耵聍栓塞	ding ning shuan se	5
耻骨梳	chi gu shu	3
耿鉴庭	geng jian ting	9
聋哑病	long ya bing	4
聋哑症	long ya zheng	1
职业康复	zhi ye kang fu	36
职业性哮喘	zhi ye xing xiao chuan	5
职业性痤疮	zhi ye xing cuo chuang	1
职业性白内障	zhi ye xing bai nei zhang	3
职业性皮肤病	zhi ye xing pi fu bing	2
职业性肿瘤	zhi ye xing zhong liu	7
职业暴露	zhi ye bao lu	26
联体儿	lian ti er	6
联合免疫	lian he mian yi	2
联合化疗	lian he hua liao	32
联合用药	lian he yong yao	35
联合疫苗	lian he yi miao	8
联环尔定	lian huan er ding	2
联磺甲氧苄啶	lian huang jia yang bian ding	4
联苯乙酸	lian ben yi suan	1
联苯双酯	lian ben shuang zhi	1
联苯苄唑	lian ben bian zuo	4
联苯苄唑乳膏	lian ben bian zuo ru gao	4
联邦止咳露	lian bang zhi ke lu	6
聚丙烯酰胺	ju bing xi xian an	38
聚丙烯酰胺凝胶	ju bing xi xian an ning jiao	37
聚乙二醇电解质散剂	ju yi er chun dian jie zhi san ji	2
聚乙烯醇滴眼液	ju yi xi chun di yan ye	2
聚乙醇酸	ju yi chun suan	5
聚二甲硅氧烷	ju er jia gui yang wan	1
聚合性痤疮	ju he xing cuo chuang	3
聚合酶链反应	ju he mei lian fan ying	27
聚山梨酯	ju shan li zhi	1
聚明胶肽	ju ming jiao tai	2
聚明胶肽注射液	ju ming jiao tai zhu she ye	3
聚泉	ju quan	1
聚维酮碘	ju wei tong dian	26
聚肌胞	ju ji bao	1
聚肌胞注射液	ju ji bao zhu she ye	3
聚花果	ju hua guo	15
聚谷氨酸	ju gu an suan	7
肉柱	rou zhu	4
肉桂叶	rou gui ye	1
肉毒中毒	rou du zhong du	2
肉毒抗毒素	rou du kang du su	1
肉毒毒素	rou du du su	23
肉瘤变	rou liu bian	1
肉芽组织	rou ya zu zhi	25
肉蔻	rou kou	5
肉蔻四神丸	rou kou si shen wan	2
肋椎关节	lei zhui guan jie	3
肋沟	lei gou	10
肋膈角	lei ge jiao	1
肋软骨	lei ruan gu	21
肋软骨炎	lei ruan gu yan	1
肋间外肌	lei jian wai ji	21
肋间神经痛	lei jian shen jing tong	6
肋间肌	lei jian ji	33
肋间隙	lei jian xi	13
肌上皮细胞	ji shang pi xi bao	16
肌内注射	ji nei zhu she	18
肌原纤维	ji yuan xian wei	30
肌强直	ji qiang zhi	33
肌性斜颈	ji xing xie jing	5
肌无力危象	ji wu li wei xiang	3
肌松药	ji song yao	4
肌氨肽苷注射液	ji an tai gan zhu she ye	2
肌炎	ji yan	20
肌瘤	ji liu	20
肌皮瓣	ji pi ban	1
肌皮神经	ji pi shen jing	3
肌筋膜炎	ji jin mo yan	3
肌紧张	ji jin zhang	4
肌组织	ji zu zhi	9
肌肤甲错	ji fu jia cuo	4
肌腱延长术	ji jian yan chang shu	2
肌腱粘连	ji jian zhan lian	5
肌腹	ji fu	4
肌膜	ji mo	27
肌膜炎	ji mo yan	2
肌节	ji jie	44
肌苷注射液	ji gan zhu she ye	3
肌苷片	ji gan pian	1
肌苷葡萄糖注射液	ji gan pu tao tang zhu she ye	4
肌苷酸钠	ji gan suan na	1
肌质	ji zhi	18
肌酐	ji gan	48
肌酸激酶	ji suan ji mei	36
肌钙蛋白	ji gai dan bai	41
肌阵挛	ji zhen luan	32
肓俞	huang shu	2
肖传国	xiao chuan guo	47
肘关节脱位	zhou guan jie tuo wei	6
肘内翻	zhou nei fan	1
肘外翻	zhou wai fan	3
肘尖	zhou jian	10
肘拐	zhou guai	3
肘正中静脉	zhou zheng zhong jing mai	1
肘管综合征	zhou guan zong he zheng	4
肘肌	zhou ji	1
肘髎	zhou liao	2
肚痛健胃整肠丸	du tong jian wei zheng chang wan	1
肛乳头炎	gang ru tou yan	3
肛乳头肥大	gang ru tou fei da	1
肛周炎	gang zhou yan	4
肛周脓肿	gang zhou nong zhong	1
肛康穆库利片	gang kang mu ku li pian	3
肛提肌	gang ti ji	2
肛管	gang guan	26
肛管损伤	gang guan sun shang	3
肛管炎	gang guan yan	3
肛管癌	gang guan ai	4
肛管直肠癌	gang guan zhi chang ai	2
肛肠	gang chang	22
肛肠科	gang chang ke	8
肛裂	gang lie	19
肛门出血	gang men chu xue	4
肛门外括约肌	gang men wai kuo yue ji	6
肛门失禁	gang men shi jin	6
肛门息肉	gang men xi rou	3
肛门括约肌	gang men kuo yue ji	21
肛门指检	gang men zhi jian	7
肛门湿疣	gang men shi you	3
肛门狭窄	gang men xia zhai	2
肛门瘙痒	gang men sao yang	2
肛门镜	gang men jing	1
肛门镜检查	gang men jing jian cha	7
肛门闭锁	gang men bi suo	1
肛隐窝炎	gang yin wo yan	2
肝主疏泄	gan zhu shu xie	1
肝主谋虑	gan zhu mou lv	2
肝俞	gan shu	2
肝俞穴	gan shu xue	4
肝内胆管结石	gan nei dan guan jie shi	7
肝出血	gan chu xue	4
肝功能不全	gan gong neng bu quan	22
肝功能异常	gan gong neng yi chang	31
肝动脉	gan dong mai	20
肝动脉造影	gan dong mai zao ying	3
肝包虫病	gan bao chong bing	6
肝十二指肠韧带	gan shi er zhi chang ren dai	3
肝厥	gan jue	1
肝固有动脉	gan gu you dong mai	1
肝外胆道	gan wai dan dao	4
肝大	gan da	7
肝宁片	gan ning pian	3
肝小叶	gan xiao ye	12
肝小静脉闭塞	gan xiao jing mai bi se	2
肝开窍于目	gan kai qiao yu mu	1
肝必复软胶囊	gan bi fu ruan jiao nang	3
肝性昏迷	gan xing hun mi	2
肝总动脉	gan zong dong mai	1
肝掌	gan zhang	3
肝母细胞瘤	gan mu xi bao liu	3
肝毒净颗粒	gan du jing ke li	2
肝气横逆	gan qi heng ni	3
肝气犯胃	gan qi fan wei	4
肝气郁滞	gan qi yu zhi	2
肝气郁结	gan qi yu jie	3
肝海绵状血管瘤	gan hai mian zhuang xue guan liu	1
肝淤血	gan yu xue	1
肝火上炎	gan huo shang yan	6
肝火犯肺	gan huo fan fei	1
肝炎康复丸	gan yan kang fu wan	2
肝炎灵注射液	gan yan ling zhu she ye	2
肝热病	gan re bing	2
肝爽颗粒	gan shuang ke li	3
肝片吸虫病	gan pian xi chong bing	3
肝病科	gan bing ke	3
肝硬变	gan ying bian	7
肝积	gan ji	1
肝移植术	gan yi zhi shu	1
肝管结石	gan guan jie shi	2
肝素钠	gan su na	6
肝素钠乳膏	gan su na ru gao	2
肝素钠注射液	gan su na zhu she ye	3
肝素钠软膏	gan su na ruan gao	2
肝纤维化	gan xian wei hua	12
肝细胞移植	gan xi bao yi zhi	2
肝细胞腺瘤	gan xi bao xian liu	3
肝经湿热	gan jing shi re	4
肝经湿热证	gan jing shi re zheng	3
肝结核	gan jie he	1
肝结石	gan jie shi	1
肝肠循环	gan chang xun huan	2
肝肺综合征	gan fei zong he zheng	2
肝肾阴虚	gan shen yin xu	1
肝肾阴虚证	gan shen yin xu zheng	4
肝肿大	gan zhong da	36
肝胃不和	gan wei bu he	3
肝胃不和证	gan wei bu he zheng	3
肝胃气痛	gan wei qi tong	2
肝胃郁热证	gan wei yu re zheng	2
肝胆湿热	gan dan shi re	3
肝胆湿热证	gan dan shi re zheng	2
肝胆病	gan dan bing	4
肝胆相表里	gan dan xiang biao li	3
肝脓肿	gan nong zhong	6
肝脾不和	gan pi bu he	5
肝脾肿大	gan pi zhong da	24
肝腹水	gan fu shui	3
肝苏软胶囊	gan su ruan jiao nang	3
肝萎缩	gan wei suo	3
肝著	gan zhu	3
肝血	gan xue	2
肝血窦	gan xue dou	3
肝血管瘤	gan xue guan liu	1
肝血虚证	gan xue xu zheng	3
肝豆状核变性	gan dou zhuang he bian xing	22
肝速康胶囊	gan su kang jiao nang	3
肝郁脾虚	gan yu pi xu	1
肝郁脾虚证	gan yu pi xu zheng	2
肝郁血虚证	gan yu xue xu zheng	2
肝郁调经膏	gan yu tiao jing gao	6
肝门	gan men	18
肝阳上亢	gan yang shang kang	3
肝静脉	gan jing mai	31
肝风内动	gan feng nei dong	1
肝龙胶囊	gan long jiao nang	1
肠伤寒	chang shang han	10
肠内营养	chang nei ying yang	2
肠内营养乳剂	chang nei ying yang ru ji	2
肠内营养混悬液	chang nei ying yang hun xuan ye	2
肠出血	chang chu xue	22
肠出血性大肠杆菌	chang chu xue xing da chang gan jun	5
肠功能紊乱	chang gong neng wen luan	1
肠外瘘	chang wai lou	2
肠外营养	chang wai ying yang	11
肠多糖片	chang duo tang pian	2
肠套叠	chang tao die	31
肠康胶囊	chang kang jiao nang	4
肠息肉	chang xi rou	14
肠扭结	chang niu jie	7
肠扭转	chang niu zhuan	18
肠损伤	chang sun shang	4
肠易激综合征	chang yi ji zong he zheng	20
肠毒素	chang du su	35
肠清茶	chang qing cha	4
肠溃疡	chang kui yang	32
肠溶空心胶囊	chang rong kong xin jiao nang	2
肠溶胶囊	chang rong jiao nang	2
肠炎宁片	chang yan ning pian	2
肠炎宁胶囊	chang yan ning jiao nang	4
肠炎宁颗粒	chang yan ning ke li	4
肠炭疽	chang tan ju	5
肠狭窄	chang xia zhai	2
肠病性肢端皮炎	chang bing xing zhi duan pi yan	3
肠痈	chang yong	9
肠痉挛	chang jing luan	6
肠瘘	chang lou	8
肠瘤	chang liu	1
肠神经官能症	chang shen jing guan neng zheng	2
肠穿孔	chang chuan kong	33
肠粘连	chang zhan lian	3
肠粘连松解术	chang zhan lian song jie shu	4
肠系膜上动脉	chang xi mo shang dong mai	14
肠系膜上静脉	chang xi mo shang jing mai	5
肠系膜下动脉	chang xi mo xia dong mai	3
肠系膜下静脉	chang xi mo xia jing mai	9
肠系膜淋巴结结核	chang xi mo lin ba jie jie he	2
肠绒毛	chang rong mao	29
肠结	chang jie	1
肠结核	chang jie he	3
肠胀气	chang zhang qi	1
肠胃宁片	chang wei ning pian	3
肠胃舒胶囊	chang wei shu jiao nang	3
肠道传染病	chang dao chuan ran bing	19
肠道寄生虫病	chang dao ji sheng chong bing	4
肠道病毒感染	chang dao bing du gan ran	5
肠郁	chang yu	2
肠闭锁	chang bi suo	5
肠鸣音	chang ming yin	3
肠麻痹	chang ma bi	1
股三角	gu san jiao	3
股二头肌	gu er tou ji	9
股动脉假性动脉瘤	gu dong mai jia xing dong mai liu	1
股外侧皮神经炎	gu wai ce pi shen jing yan	3
股深动脉	gu shen dong mai	7
股环	gu huan	6
股疝	gu shan	21
股癣	gu xuan	26
股神经	gu shen jing	13
股神经损伤	gu shen jing sun shang	4
股管	gu guan	5
股薄肌	gu bo ji	2
股静脉	gu jing mai	14
股骨头无菌性坏死	gu gu tou wu jun xing huai si	8
股骨头缺血性坏死	gu gu tou que xue xing huai si	3
股骨头置换术	gu gu tou zhi huan shu	5
股骨头骨折	gu gu tou gu zhe	7
股骨干骨折	gu gu gan gu zhe	2
股骨粗隆间骨折	gu gu cu long jian gu zhe	1
股骨转子下骨折	gu gu zhuan zi xia gu zhe	2
股骨颈	gu gu jing	27
股骨颈骨折	gu gu jing gu zhe	12
股骨骨折	gu gu gu zhe	17
股骨髁上骨折	gu gu ke shang gu zhe	2
肢体麻木	zhi ti ma mu	8
肢端肥大症	zhi duan fei da zheng	43
肤痒颗粒	fu yang ke li	4
肤纹学	fu wen xue	4
肤轻松软膏	fu qing song ruan gao	6
肥儿散	fei er san	2
肥儿糖浆	fei er tang jiang	3
肥厚性幽门狭窄	fei hou xing you men xia zhai	2
肥厚性心肌病	fei hou xing xin ji bing	4
肥厚性胃炎	fei hou xing wei yan	1
肥气	fei qi	1
肩中俞	jian zhong shu	3
肩井	jian jing	2
肩井穴	jian jing xue	7
肩关节脱位	jian guan jie tuo wei	2
肩周炎贴	jian zhou yan tie	3
肩外俞	jian wai shu	2
肩手综合征	jian shou zong he zheng	4
肩板	jian ban	21
肩胛下肌	jian jia xia ji	5
肩胛提肌	jian jia ti ji	1
肩贞	jian zhen	2
肩锁关节	jian suo guan jie	6
肩锁关节脱位	jian suo guan jie tuo wei	4
肩髃	jian yu	5
肩髎	jian liao	2
肯特令	ken te ling	2
肱三头肌	gong san tou ji	30
肱二头肌	gong er tou ji	47
肱动脉	gong dong mai	9
肱动脉损伤	gong dong mai sun shang	3
肱桡肌	gong rao ji	8
肱肌	gong ji	24
肱骨内上髁骨折	gong gu nei shang ke gu zhe	4
肱骨外科颈骨折	gong gu wai ke jing gu zhe	5
肱骨外髁骨折	gong gu wai ke gu zhe	5
肱骨头	gong gu tou	22
肱骨头骨折	gong gu tou gu zhe	2
肱骨小头	gong gu xiao tou	2
肱骨干骨折	gong gu gan gu zhe	5
肱骨骨折	gong gu gu zhe	5
肱骨髁间骨折	gong gu ke jian gu zhe	2
育亨宾	yu heng bin	21
肺不张	fei bu zhang	9
肺为贮痰之器	fei wei zhu tan zhi qi	4
肺主治节	fei zhu zhi jie	2
肺主皮毛	fei zhu pi mao	2
肺俞	fei shu	5
肺俞穴	fei shu xue	6
肺充血	fei chong xue	8
肺内压	fei nei ya	2
肺内异物	fei nei yi wu	3
肺出血	fei chu xue	27
肺力咳合剂	fei li ke he ji	4
肺力咳胶囊	fei li ke jiao nang	5
肺功能检查	fei gong neng jian cha	7
肺动脉干	fei dong mai gan	3
肺动脉扩张	fei dong mai kuo zhang	1
肺动脉瓣	fei dong mai ban	35
肺动脉瓣狭窄	fei dong mai ban xia zhai	4
肺动脉瓣闭锁	fei dong mai ban bi suo	1
肺动脉闭锁	fei dong mai bi suo	3
肺动脉高压	fei dong mai gao ya	42
肺动静脉瘘	fei dong jing mai lou	4
肺包虫病	fei bao chong bing	3
肺叶切除术	fei ye qie chu shu	18
肺吸虫	fei xi chong	45
肺吸虫病	fei xi chong bing	17
肺咳	fei ke	4
肺囊肿	fei nang zhong	11
肺外结核	fei wai jie he	14
肺大泡	fei da pao	2
肺失清肃	fei shi qing su	3
肺失肃降	fei shi su jiang	2
肺宁胶囊	fei ning jiao nang	4
肺实变	fei shi bian	5
肺开窍于鼻	fei kai qiao yu bi	1
肺曲菌病	fei qu jun bing	2
肺朝百脉	fei chao bai mai	1
肺楔形切除术	fei xie xing qie chu shu	3
肺段	fei duan	1
肺段切除术	fei duan qie chu shu	5
肺气上逆	fei qi shang ni	1
肺气不宣	fei qi bu xuan	1
肺气肿片	fei qi zhong pian	3
肺气虚症	fei qi xu zheng	2
肺气虚证	fei qi xu zheng	1
肺水	fei shui	3
肺泡囊	fei pao nang	5
肺泡管	fei pao guan	5
肺泡细胞癌	fei pao xi bao ai	3
肺泡表面活性物质	fei pao biao mian huo xing wu zhi	2
肺泡通气量	fei pao tong qi liang	3
肺泡隔	fei pao ge	2
肺源性心脏病	fei yuan xing xin zang bing	3
肺炎双球菌	fei yan shuang qiu jun	18
肺炎支原体	fei yan zhi yuan ti	22
肺炎球菌性肺炎	fei yan qiu jun xing fei yan	4
肺炎球菌感染	fei yan qiu jun gan ran	2
肺炎球菌疫苗	fei yan qiu jun yi miao	11
肺炎衣原体	fei yan yi yuan ti	9
肺炎链球菌性肺炎	fei yan lian qiu jun xing fei yan	1
肺炭疽	fei tan ju	14
肺热	fei re	41
肺热病	fei re bing	3
肺痈	fei yong	20
肺移植术	fei yi zhi shu	3
肺穿刺	fei chuan ci	4
肺纹理	fei wen li	1
肺肾两虚	fei shen liang xu	6
肺肾气虚	fei shen qi xu	3
肺肾阴虚	fei shen yin xu	3
肺胀	fei zhang	5
肺脓肿	fei nong zhong	5
肺脾两虚	fei pi liang xu	3
肺良性肿瘤	fei liang xing zhong liu	3
肺萎陷	fei wei xian	5
肺血管病	fei xue guan bing	5
肺衰	fei shuai	5
肺裂伤	fei lie shang	4
肺通气	fei tong qi	6
肺野	fei ye	5
肺门	fei men	23
肺间质纤维化	fei jian zhi xian wei hua	5
肺隐球菌病	fei yin qiu jun bing	2
肺隔离症	fei ge li zheng	4
肼屈嗪	jing qu qin	19
肾上腺囊肿	shen shang xian nang zhong	2
肾上腺增生	shen shang xian zeng sheng	27
肾上腺皮质功能亢进	shen shang xian pi zhi gong neng kang jin	4
肾上腺皮质机能减退	shen shang xian pi zhi ji neng jian tui	4
肾上腺皮质激素	shen shang xian pi zhi ji su	48
肾上腺皮质腺瘤	shen shang xian pi zhi xian liu	3
肾上腺素受体激动药	shen shang xian su shou ti ji dong yao	4
肾上腺素注射液	shen shang xian su zhu she ye	1
肾上腺素能神经	shen shang xian su neng shen jing	7
肾上腺肿瘤	shen shang xian zhong liu	3
肾上腺脑白质营养不良	shen shang xian nao bai zhi ying yang bu liang	4
肾上腺酮	shen shang xian tong	3
肾上腺髓质增生	shen shang xian sui zhi zeng sheng	5
肾下垂	shen xia chui	1
肾不纳气	shen bu na qi	1
肾乳头坏死	shen ru tou huai si	4
肾俞	shen shu	3
肾俞穴	shen shu xue	7
肾元胶囊	shen yuan jiao nang	4
肾内科	shen nei ke	24
肾切除术	shen qie chu shu	3
肾功能异常	shen gong neng yi chang	17
肾动脉	shen dong mai	32
肾动脉栓塞	shen dong mai shuan se	1
肾动脉狭窄	shen dong mai xia zhai	24
肾动脉瘤	shen dong mai liu	2
肾动脉造影	shen dong mai zao ying	1
肾区	shen qu	7
肾单位	shen dan wei	41
肾发育不全	shen fa yu bu quan	3
肾发育不良	shen fa yu bu liang	2
肾周炎	shen zhou yan	1
肾周脓肿	shen zhou nong zhong	3
肾囊肿	shen nang zhong	11
肾囊肿切除术	shen nang zhong qie chu shu	2
肾宁散胶囊	shen ning san jiao nang	3
肾宝合剂	shen bao he ji	2
肾宝糖浆	shen bao tang jiang	2
肾实质	shen shi zhi	5
肾小体	shen xiao ti	16
肾小球性蛋白尿	shen xiao qiu xing dan bai niao	2
肾小球滤过率	shen xiao qiu lv guo lv	47
肾小球硬化	shen xiao qiu ying hua	27
肾小盏	shen xiao zhan	1
肾小管坏死	shen xiao guan huai si	8
肾小管性蛋白尿	shen xiao guan xing dan bai niao	3
肾小管性酸中毒	shen xiao guan xing suan zhong du	11
肾康宁片	shen kang ning pian	1
肾康注射液	shen kang zhu she ye	4
肾开窍于二阴	shen kai qiao yu er yin	3
肾开窍于耳	shen kai qiao yu er	1
肾性尿崩症	shen xing niao beng zheng	2
肾性贫血	shen xing pin xue	7
肾性骨病	shen xing gu bing	12
肾性骨营养不良	shen xing gu ying yang bu liang	3
肾性高血压	shen xing gao xue ya	4
肾恶性肿瘤	shen e xing zhong liu	4
肾挫伤	shen cuo shang	8
肾损伤	shen sun shang	37
肾排泄	shen pai xie	11
肾母细胞瘤	shen mu xi bao liu	23
肾气不固	shen qi bu gu	5
肾气丸	shen qi wan	4
肾水	shen shui	10
肾炎康复片	shen yan kang fu pian	3
肾炎温阳胶囊	shen yan wen yang jiao nang	2
肾炎舒片	shen yan shu pian	2
肾病综合征	shen bing zong he zheng	29
肾皮质	shen pi zhi	22
肾盂分离	shen yu fen li	3
肾盂扩张	shen yu kuo zhang	3
肾盂癌	shen yu ai	3
肾盂积水	shen yu ji shui	6
肾盂肾炎	shen yu shen yan	32
肾盂肿瘤	shen yu zhong liu	3
肾盏	shen zhan	1
肾盏憩室	shen zhan qi shi	3
肾破裂	shen po lie	7
肾积水	shen ji shui	24
肾积脓	shen ji nong	3
肾穿刺活检术	shen chuan ci huo jian shu	2
肾精不足证	shen jing bu zu zheng	2
肾细胞癌	shen xi bao ai	45
肾结核	shen jie he	14
肾结核对侧肾积水	shen jie he dui ce shen ji shui	5
肾绞痛	shen jiao tong	11
肾缺如	shen que ru	4
肾肿瘤	shen zhong liu	8
肾脏损伤	shen zang sun shang	14
肾脏损害	shen zang sun hai	14
肾脓肿	shen nong zhong	4
肾脾双补口服液	shen pi shuang bu kou fu ye	2
肾茶	shen cha	4
肾茶袋泡茶	shen cha dai pao cha	4
肾萎缩	shen wei suo	8
肾虚眩晕	shen xu xuan yun	2
肾血流量	shen xue liu liang	13
肾血管性高血压	shen xue guan xing gao xue ya	6
肾血管瘤	shen xue guan liu	3
肾衰	shen shuai	25
肾衰宁胶囊	shen shuai ning jiao nang	2
肾透明细胞癌	shen tou ming xi bao ai	1
肾透析	shen tou xi	26
肾部分切除术	shen bu fen qie chu shu	1
肾钙化	shen gai hua	3
肾错构瘤	shen cuo gou liu	5
肾门	shen men	4
肾间质纤维化	shen jian zhi xian wei hua	3
肾阳不足	shen yang bu zu	1
肾阳虚证	shen yang xu zheng	5
肾阴不足	shen yin bu zu	1
肾阴虚证	shen yin xu zheng	3
肾静脉	shen jing mai	28
肾髓质	shen sui zhi	16
肾髓质囊性病	shen sui zhi nang xing bing	3
肿物	zhong wu	15
肿痛凝胶	zhong tong ning jiao	3
肿痛安胶囊	zhong tong an jiao nang	2
肿痛搽剂	zhong tong cha ji	3
肿痛气雾剂	zhong tong qi wu ji	3
肿瘤免疫学	zhong liu mian yi xue	7
肿瘤启动	zhong liu qi dong	1
肿瘤抗原	zhong liu kang yuan	35
肿瘤放射治疗学	zhong liu fang she zhi liao xue	1
肿瘤特异性抗原	zhong liu te yi xing kang yuan	2
肿瘤病毒	zhong liu bing du	17
肿瘤相关抗原	zhong liu xiang guan kang yuan	3
肿瘤进展	zhong liu jin zhan	9
肿瘤遗传学	zhong liu yi chuan xue	5
肿节风	zhong jie feng	2
肿节风分散片	zhong jie feng fen san pian	2
肿节风注射液	zhong jie feng zhu she ye	2
胀果甘草	zhang guo gan cao	4
胁痛	xie tong	7
胃下垂	wei xia chui	4
胃主受纳	wei zhu shou na	3
胃乃安胶囊	wei nai an jiao nang	4
胃乐	wei le	3
胃乐新胶囊	wei le xin jiao nang	3
胃俞	wei shu	3
胃俞穴	wei shu xue	5
胃切除术	wei qie chu shu	18
胃动素	wei dong su	3
胃十二指肠动脉	wei shi er zhi chang dong mai	2
胃十二指肠溃疡	wei shi er zhi chang kui yang	1
胃反	wei fan	4
胃可安胶囊	wei ke an jiao nang	2
胃喜润恶燥	wei xi run wu zao	3
胃囊肿	wei nang zhong	2
胃复安	wei fu an	6
胃复春片	wei fu chun pian	5
胃大部切除术	wei da bu qie chu shu	2
胃寒证	wei han zheng	2
胃小凹	wei xiao ao	5
胃小弯	wei xiao wan	2
胃底折叠术	wei di zhe die shu	4
胃底腺	wei di xian	5
胃康灵	wei kang ling	2
胃康灵胶囊	wei kang ling jiao nang	3
胃康灵颗粒	wei kang ling ke li	3
胃康胶囊	wei kang jiao nang	4
胃得乐	wei de le	4
胃必治	wei bi zhi	5
胃息肉	wei xi rou	2
胃恶性淋巴瘤	wei e xing lin ba liu	3
胃扭转	wei niu zhuan	4
胃损伤	wei sun shang	1
胃排空	wei pai kong	30
胃气上逆	wei qi shang ni	1
胃气上逆证	wei qi shang ni zheng	2
胃气不足	wei qi bu zu	3
胃气胀	wei qi zhang	3
胃泌素瘤	wei mi su liu	2
胃泰胶囊	wei tai jiao nang	2
胃溃疡出血	wei kui yang chu xue	8
胃潴留	wei zhu liu	2
胃炎宁颗粒	wei yan ning ke li	2
胃炎康胶囊	wei yan kang jiao nang	2
胃热清胶囊	wei re qing jiao nang	2
胃热症	wei re zheng	3
胃疡宁丸	wei yang ning wan	4
胃疼宁片	wei teng ning pian	2
胃痉挛	wei jing luan	16
胃痛丸	wei tong wan	2
胃痛宁片	wei tong ning pian	2
胃痛定胶囊	wei tong ding jiao nang	2
胃痞	wei pi	4
胃癌根治术	wei ai gen zhi shu	6
胃石症	wei shi zheng	1
胃破裂	wei po lie	2
胃空肠吻合术	wei kong chang wen he shu	2
胃窦	wei dou	15
胃结核	wei jie he	3
胃结石	wei jie shi	2
胃缓	wei huan	2
胃网膜右动脉	wei wang mo you dong mai	1
胃肠减压	wei chang jian ya	6
胃肠功能紊乱	wei chang gong neng wen luan	3
胃肠安丸	wei chang an wan	3
胃肠胀气	wei chang zhang qi	8
胃胀	wei zhang	6
胃胀气	wei zhang qi	10
胃腺	wei xian	29
胃舒宁颗粒	wei shu ning ke li	1
胃苏冲剂	wei su chong ji	4
胃苏颗粒	wei su ke li	5
胃药胶囊	wei yao jiao nang	2
胃蛋白酶原	wei dan bai mei yuan	26
胃蛋白酶片	wei dan bai mei pian	2
胃造口术	wei zao kou shu	5
胃酸缺乏	wei suan que fa	9
胃酸过多	wei suan guo duo	25
胃镜检查	wei jing jian cha	8
胆俞	dan shu	2
胆俞穴	dan shu xue	3
胆南星	dan nan xing	2
胆囊三角	dan nang san jiao	1
胆囊切除术	dan nang qie chu shu	18
胆囊切除术后综合征	dan nang qie chu shu hou zong he zheng	2
胆囊囊肿	dan nang nang zhong	3
胆囊息肉	dan nang xi rou	5
胆囊收缩素	dan nang shou suo su	23
胆囊积水	dan nang ji shui	3
胆囊穿孔	dan nang chuan kong	2
胆囊结石	dan nang jie shi	14
胆囊肿大	dan nang zhong da	5
胆囊胆固醇沉着症	dan nang dan gu chun chen zhuo zheng	2
胆囊造瘘术	dan nang zao lou shu	1
胆固醇结石	dan gu chun jie shi	6
胆康胶囊	dan kang jiao nang	2
胆心综合征	dan xin zong he zheng	3
胆总管	dan zong guan	29
胆总管扩张	dan zong guan kuo zhang	4
胆总管结石	dan zong guan jie shi	2
胆木注射液	dan mu zhu she ye	2
胆木浸膏片	dan mu jin gao pian	2
胆木浸膏胶囊	dan mu jin gao jiao nang	2
胆汁反流性胃炎	dan zhi fan liu xing wei yan	6
胆汁性肝硬化	dan zhi xing gan ying hua	13
胆汁性腹膜炎	dan zhi xing fu mo yan	2
胆汁淤积	dan zhi yu ji	14
胆泥	dan ni	4
胆源性胰腺炎	dan yuan xing yi xian yan	6
胆癌	dan ai	15
胆盐	dan yan	19
胆石清片	dan shi qing pian	3
胆碱受体	dan jian shou ti	46
胆碱能性荨麻疹	dan jian neng xing xun ma zhen	6
胆碱能神经	dan jian neng shen jing	16
胆管囊肿	dan guan nang zhong	4
胆管狭窄	dan guan xia zhai	2
胆管结石	dan guan jie shi	28
胆绞痛	dan jiao tong	19
胆舒胶囊	dan shu jiao nang	1
胆舒软胶囊	dan shu ruan jiao nang	4
胆茶碱	dan cha jian	2
胆道出血	dan dao chu xue	2
胆道感染	dan dao gan ran	4
胆道梗阻	dan dao geng zu	5
胆道蛔虫病	dan dao hui chong bing	4
背侧丘脑	bei ce qiu nao	2
背肌	bei ji	30
背胸	bei xiong	1
背部痉挛	bei bu jing luan	6
背阔肌	bei kuo ji	22
胎中胎	tai zhong tai	14
胎产式	tai chan shi	2
胎儿宫内生长迟缓	tai er gong nei sheng zhang chi huan	1
胎儿期	tai er qi	22
胎儿水肿	tai er shui zhong	4
胎儿窘迫	tai er jiong po	32
胎儿酒精综合征	tai er jiu jing zong he zheng	1
胎儿镜	tai er jing	15
胎动不安	tai dong bu an	12
胎头吸引术	tai tou xi yin shu	4
胎心率	tai xin lv	18
胎漏	tai lou	3
胎生植物	tai sheng zhi wu	8
胎盘多肽	tai pan duo tai	3
胎盘屏障	tai pan ping zhang	16
胎盘早剥	tai pan zao bo	8
胎粪性腹膜炎	tai fen xing fu mo yan	4
胎膜	tai mo	41
胎膜早破	tai mo zao po	13
胖大海	pang da hai	11
胖大海含片	pang da hai han pian	4
胚泡	pei pao	10
胚盘	pei pan	13
胚胎发生	pei tai fa sheng	38
胚胎培养	pei tai pei yang	2
胚胎时期	pei tai shi qi	42
胜红清热胶囊	sheng hong qing re jiao nang	4
胞中	bao zhong	3
胞二磷胆碱	bao er lin dan jian	1
胞内共生	bao nei gong sheng	3
胞吐作用	bao tu zuo yong	41
胞浆素	bao jiang su	4
胞磷胆碱	bao lin dan jian	2
胞磷胆碱钠	bao lin dan jian na	2
胞磷胆碱钠注射液	bao lin dan jian na zhu she ye	3
胞苷酸	bao gan suan	10
胞质杂种	bao zhi za zhong	1
胞饮作用	bao yin zuo yong	17
胡传揆	hu chuan kui	7
胡宝珍	hu bao zhen	24
胡椒碱	hu jiao jian	34
胡海牙	hu hai ya	15
胡连	hu lian	6
胡麻仁	hu ma ren	4
胡黄连	hu huang lian	10
胫侧副韧带	jing ce fu ren dai	2
胫前动脉	jing qian dong mai	2
胫前粘液性水肿	jing qian nian ye xing shui zhong	2
胫后动脉	jing hou dong mai	3
胫神经损伤	jing shen jing sun shang	2
胫腓骨骨折	jing fei gu gu zhe	8
胫骨前肌	jing gu qian ji	3
胬肉	nu rou	3
胰十二指肠切除术	yi shi er zhi chang qie chu shu	9
胰岛移植	yi dao yi zhi	1
胰岛素抗体	yi dao su kang ti	5
胰岛素昏迷	yi dao su hun mi	3
胰岛素样生长因子	yi dao su yang sheng zhang yin zi	45
胰岛素注射液	yi dao su zhu she ye	6
胰岛素泵	yi dao su beng	18
胰岛素瘤	yi dao su liu	15
胰岛素释放试验	yi dao su shi fang shi yan	3
胰岛细胞瘤	yi dao xi bao liu	4
胰淀粉酶	yi dian fen mei	4
胰激肽原酶	yi ji tai yuan mei	3
胰激肽原酶肠溶片	yi ji tai yuan mei chang rong pian	2
胰瘘	yi lou	1
胰癌	yi ai	1
胰结石	yi jie shi	3
胰胀	yi zhang	2
胰腺囊肿	yi xian nang zhong	1
胰腺损伤	yi xian sun shang	5
胰腺瘤	yi xian liu	4
胰腺破裂	yi xian po lie	5
胰腺移植	yi xian yi zhi	8
胰腺肿瘤	yi xian zhong liu	4
胰腺脓肿	yi xian nong zhong	1
胰蛋白酶原	yi dan bai mei yuan	35
胰酶	yi mei	19
胰酶肠溶片	yi mei chang rong pian	2
胰酶肠溶胶囊	yi mei chang rong jiao nang	2
胰高糖素	yi gao tang su	4
胱氨酸	guang an suan	45
胱氨酸尿症	guang an suan niao zheng	8
胱氨酸片	guang an suan pian	2
胱氨酸贮积症	guang an suan zhu ji zheng	3
胶体果胶铋	jiao ti guo jiao bi	3
胶体果胶铋胶囊	jiao ti guo jiao bi jiao nang	3
胶体渗透压	jiao ti shen tou ya	43
胶体溶液	jiao ti rong ye	9
胶原病	jiao yuan bing	26
胶原蛋白海绵	jiao yuan dan bai hai mian	2
胶原酶	jiao yuan mei	21
胶囊剂	jiao nang ji	29
胶浆	jiao jiang	12
胶艾汤	jiao ai tang	5
胸主动脉	xiong zhu dong mai	13
胸厚	xiong hou	2
胸大肌	xiong da ji	43
胸导管	xiong dao guan	39
胸小肌	xiong xiao ji	19
胸带	xiong dai	8
胸廓内动脉	xiong kuo nei dong mai	12
胸廓出口综合征	xiong kuo chu kou zong he zheng	4
胸椎结核	xiong zhui jie he	1
胸椎骨折	xiong zhui gu zhe	3
胸水	xiong shui	8
胸痹	xiong bi	8
胸肋关节	xiong lei guan jie	1
胸胁苦满	xiong xie ku man	2
胸腔闭式引流	xiong qiang bi shi yin liu	7
胸腔闭式引流术	xiong qiang bi shi yin liu shu	4
胸腰筋膜	xiong yao jin mo	2
胸腺五肽	xiong xian wu tai	1
胸腺切除术	xiong xian qie chu shu	5
胸腺发育不全	xiong xian fa yu bu quan	3
胸腺嘧啶二聚体	xiong xian mi ding er ju ti	14
胸腺增生	xiong xian zeng sheng	3
胸腺瘤	xiong xian liu	25
胸腺素	xiong xian su	2
胸腺细胞	xiong xian xi bao	22
胸腺肽	xiong xian tai	11
胸腺肽氯化钠注射液	xiong xian tai lv hua na zhu she ye	4
胸腺肽注射液	xiong xian tai zhu she ye	4
胸腺肽肠溶片	xiong xian tai chang rong pian	3
胸腺蛋白口服溶液	xiong xian dan bai kou fu rong ye	2
胸膜增厚	xiong mo zeng hou	2
胸膜粘连	xiong mo zhan lian	2
胸膜肺炎	xiong mo fei yan	15
胸膜腔内压	xiong mo qiang nei ya	2
胸膜间皮瘤	xiong mo jian pi liu	7
胸膜顶	xiong mo ding	1
胸部损伤	xiong bu sun shang	5
胸锁乳突肌	xiong suo ru tu ji	34
胸锁关节	xiong suo guan jie	7
胸骨柄	xiong gu bing	11
胸骨舌骨肌	xiong gu she gu ji	2
胸骨裂	xiong gu lie	3
胸骨角	xiong gu jiao	2
胸骨骨折	xiong gu gu zhe	4
胺碘酮	an dian tong	48
胼胝	pian zhi	31
能力倾向测验	neng li qing xiang ce yan	4
能力分组	neng li fen zu	4
能量耗散	neng liang hao san	38
脂必妥	zhi bi tuo	3
脂必妥片	zhi bi tuo pian	3
脂溢性皮炎	zhi yi xing pi yan	49
脂溢性脱发	zhi yi xing tuo fa	3
脂溢性角化病	zhi yi xing jiao hua bing	7
脂瘤	zhi liu	27
脂纹	zhi wen	3
脂肪乳	zhi fang ru	10
脂肪乳剂	zhi fang ru ji	4
脂肪乳注射液	zhi fang ru zhu she ye	3
脂肪代谢	zhi fang dai xie	27
脂肪变性	zhi fang bian xing	16
脂肪吸收不良	zhi fang xi shou bu liang	5
脂肪层	zhi fang ceng	40
脂肪抽吸	zhi fang chou xi	5
脂肪抽吸术	zhi fang chou xi shu	4
脂肪栓塞	zhi fang shuan se	13
脂肪水肿	zhi fang shui zhong	2
脂肪浸润	zhi fang jin run	4
脂肪痢	zhi fang li	1
脂肪瘤切除术	zhi fang liu qie chu shu	3
脂肪肉瘤	zhi fang rou liu	26
脂肪营养不良	zhi fang ying yang bu liang	5
脂脉康胶囊	zhi mai kang jiao nang	1
脂膜炎	zhi mo yan	3
脂蛋白血症	zhi dan bai xue zheng	7
脂褐素	zhi he su	21
脂褐质	zhi he zhi	5
脂降宁片	zhi jiang ning pian	3
脆甲症	cui jia zheng	2
脉痹	mai bi	1
脉管复康胶囊	mai guan fu kang jiao nang	5
脉管系统	mai guan xi tong	7
脉经	mai jing	24
脉络宁	mai luo ning	1
脉络宁注射液	mai luo ning zhu she ye	1
脉络膜炎	mai luo mo yan	17
脉络膜脱离	mai luo mo tuo li	1
脉络膜血管瘤	mai luo mo xue guan liu	2
脉络膜黑色素瘤	mai luo mo hei se su liu	3
脉络通片	mai luo tong pian	2
脉血康胶囊	mai xue kang jiao nang	2
脉通	mai tong	4
脊柱炎	ji zhu yan	42
脊椎病	ji zhui bing	8
脊索瘤	ji suo liu	3
脏腑学说	zang fu xue shuo	3
脏腑辨证	zang fu bian zheng	6
脏象学说	zang xiang xue shuo	19
脏躁	zang zao	4
脐尿管	qi niao guan	7
脐带感染	qi dai gan ran	5
脐炎	qi yan	5
脐疝	qi shan	15
脐膨出	qi peng chu	6
脐静脉	qi jing mai	15
脑内血肿	nao nei xue zhong	1
脑出血后遗症	nao chu xue hou yi zheng	2
脑力宝丸	nao li bao wan	2
脑功能成像	nao gong neng cheng xiang	8
脑动脉	nao dong mai	40
脑动脉炎	nao dong mai yan	1
脑动脉痉挛	nao dong mai jing luan	2
脑动脉硬化	nao dong mai ying hua	4
脑动静脉畸形	nao dong jing mai ji xing	5
脑卒中	nao cu zhong	23
脑器质性精神病	nao qi zhi xing jing shen bing	4
脑囊肿	nao nang zhong	1
脑囊虫病	nao nang chong bing	1
脑地形图	nao di xing tu	2
脑型疟疾	nao xing nve ji	4
脑塞通丸	nao se tong wan	5
脑复康	nao fu kang	1
脑外伤后综合征	nao wai shang hou zong he zheng	5
脑安颗粒	nao an ke li	2
脑室内出血	nao shi nei chu xue	6
脑室出血	nao shi chu xue	1
脑室炎	nao shi yan	1
脑岛	nao dao	5
脑干出血	nao gan chu xue	24
脑干损伤	nao gan sun shang	3
脑干梗塞	nao gan geng se	2
脑干脑炎	nao gan nao yan	1
脑康泰胶囊	nao kang tai jiao nang	7
脑得生片	nao de sheng pian	2
脑循环	nao xun huan	5
脑心安胶囊	nao xin an jiao nang	3
脑心清片	nao xin qing pian	5
脑心综合征	nao xin zong he zheng	2
脑心舒	nao xin shu	3
脑心舒口服液	nao xin shu kou fu ye	2
脑心通	nao xin tong	5
脑心通胶囊	nao xin tong jiao nang	6
脑性瘫痪	nao xing tan huan	19
脑户	nao hu	5
脑挫伤	nao cuo shang	10
脑栓塞	nao shuan se	12
脑栓通胶囊	nao shuan tong jiao nang	3
脑桥出血	nao qiao chu xue	3
脑梗死	nao geng si	28
脑活素	nao huo su	1
脑灵素胶囊	nao ling su jiao nang	3
脑灵通	nao ling tong	2
脑炎后遗症	nao yan hou yi zheng	7
脑疝	nao shan	36
脑白质病	nao bai zhi bing	10
脑白质营养不良	nao bai zhi ying yang bu liang	9
脑立清	nao li qing	3
脑立清丸	nao li qing wan	3
脑立清胶囊	nao li qing jiao nang	2
脑络通胶囊	nao luo tong jiao nang	4
脑肽胶囊	nao tai jiao nang	4
脑脊膜	nao ji mo	8
脑脊膜炎	nao ji mo yan	2
脑脊髓膜炎	nao ji sui mo yan	9
脑脓肿	nao nong zhong	6
脑膜刺激征	nao mo ci ji zheng	8
脑膜炎球菌多糖疫苗	nao mo yan qiu jun duo tang yi miao	7
脑膜瘤	nao mo liu	17
脑膜白血病	nao mo bai xue bing	3
脑膜脑炎	nao mo nao yan	33
脑苷肌肽	nao gan ji tai	3
脑萎缩	nao wei suo	15
脑蛋白水解物	nao dan bai shui jie wu	4
脑蛋白水解物口服液	nao dan bai shui jie wu kou fu ye	4
脑蛋白水解物注射液	nao dan bai shui jie wu zhu she ye	3
脑蛋白水解物片	nao dan bai shui jie wu pian	3
脑血栓后遗症	nao xue shuan hou yi zheng	8
脑血栓形成	nao xue shuan xing cheng	2
脑血栓片	nao xue shuan pian	4
脑血管意外	nao xue guan yi wai	14
脑血管畸形	nao xue guan ji xing	1
脑血管瘤	nao xue guan liu	8
脑血管破裂	nao xue guan po lie	10
脑血管造影	nao xue guan zao ying	22
脑裂	nao lie	10
脑软化	nao ruan hua	11
脑轻松	nao qing song	1
脑震荡后综合征	nao zhen dang hou zong he zheng	3
脑颅骨	nao lu gu	5
脑鸣	nao ming	3
脓尿	nong niao	10
脓毒性休克	nong du xing xiu ke	3
脓毒败血症	nong du bai xue zheng	6
脓疱型银屑病	nong pao xing yin xie bing	1
脓疱疮	nong pao chuang	2
脓疱疹	nong pao zhen	3
脓癣	nong xuan	18
脓皮病	nong pi bing	3
脓细胞	nong xi bao	13
脓胸	nong xiong	16
脓血便	nong xue bian	7
脓血症	nong xue zheng	4
脘腹胀满	wan fu zhang man	6
脚气冲心	jiao qi chong xin	3
脚汗	jiao han	8
脚臭	jiao chou	32
脱屑	tuo xie	29
脱敏治疗	tuo min zhi liao	2
脱敏牙膏	tuo min ya gao	2
脱敏疗法	tuo min liao fa	6
脱毛霜	tuo mao shuang	3
脱氧核糖核酸酶	tuo yang he tang he suan mei	6
脱氧核苷酸钠注射液	tuo yang he gan suan na zhu she ye	2
脱氧胆酸	tuo yang dan suan	28
脱水穿心莲内酯	tuo shui chuan xin lian nei zhi	3
脱脂乳	tuo zhi ru	11
脱脂纱布	tuo zhi sha bu	1
脱色剂	tuo se ji	8
脱证	tuo zheng	4
脱髓鞘	tuo sui qiao	44
脱髓鞘病	tuo sui qiao bing	2
脾不统血	pi bu tong xue	3
脾为后天之本	pi wei hou tian zhi ben	1
脾为生痰之源	pi wei sheng tan zhi yuan	1
脾主四肢	pi zhu si zhi	4
脾主肌肉	pi zhu ji rou	2
脾主运化	pi zhu yun hua	1
脾俞	pi shu	2
脾俞穴	pi shu xue	1
脾切除术	pi qie chu shu	5
脾动脉瘤	pi dong mai liu	1
脾喜燥恶湿	pi xi zao wu shi	3
脾囊肿	pi nang zhong	3
脾大	pi da	4
脾寒	pi han	2
脾开窍于口	pi kai qiao yu kou	1
脾气虚证	pi qi xu zheng	1
脾氨肽口服冻干粉	pi an tai kou fu dong gan fen	2
脾热	pi re	3
脾病	pi bing	4
脾破裂	pi po lie	3
脾移植	pi yi zhi	2
脾约	pi yue	1
脾结核	pi jie he	8
脾肺气虚证	pi fei qi xu zheng	3
脾肾两虚	pi shen liang xu	5
脾肾双补丸	pi shen shuang bu wan	6
脾肾阳虚	pi shen yang xu	2
脾胃气虚证	pi wei qi xu zheng	1
脾胃湿热	pi wei shi re	7
脾胃湿热证	pi wei shi re zheng	3
脾胃舒丸	pi wei shu wan	2
脾胃虚寒	pi wei xu han	17
脾胃虚寒证	pi wei xu han zheng	1
脾胃虚弱	pi wei xu ruo	10
脾脏损伤	pi zang sun shang	4
脾虚	pi xu	26
脾虚水肿	pi xu shui zhong	4
脾虚湿困	pi xu shi kun	4
脾虚湿困证	pi xu shi kun zheng	2
脾虚湿热证	pi xu shi re zheng	2
脾虚湿盛证	pi xu shi sheng zheng	2
脾虚证	pi xu zheng	4
脾阳	pi yang	5
脾阴	pi yin	1
腋前线	ye qian xian	2
腋动脉	ye dong mai	26
腐生菌	fu sheng jun	23
腐食性	fu shi xing	21
腓侧副韧带	fei ce fu ren dai	1
腓总神经	fei zong shen jing	11
腓深神经	fei shen shen jing	2
腓肠	fei chang	6
腓肠神经	fei chang shen jing	3
腓肠肌	fei chang ji	21
腓骨头	fei gu tou	2
腓骨短肌	fei gu duan ji	1
腓骨肌萎缩	fei gu ji wei suo	15
腓骨颈	fei gu jing	2
腔上囊	qiang shang nang	10
腔静脉造影	qiang jing mai zao ying	2
腔静脉阻塞综合征	qiang jing mai zu se zong he zheng	2
腕关节	wan guan jie	32
腕关节脱位	wan guan jie tuo wei	2
腕掌关节	wan zhang guan jie	3
腕管	wan guan	10
腕管综合征	wan guan zong he zheng	4
腕舟状骨骨折	wan zhou zhuang gu gu zhe	2
腘动脉	guo dong mai	3
腘窝	guo wo	6
腘静脉	guo jing mai	1
腭咽闭合不全	e yan bi he bu quan	3
腭扁桃体	e bian tao ti	5
腭腺	e xian	1
腭裂修复术	e lie xiu fu shu	3
腮腺囊肿	sai xian nang zhong	3
腮腺恶性肿瘤	sai xian e xing zhong liu	1
腮腺炎减毒活疫苗	sai xian yan jian du huo yi miao	6
腮腺炎疫苗	sai xian yan yi miao	21
腮腺炎病毒	sai xian yan bing du	19
腮腺管	sai xian guan	1
腰俞	yao shu	2
腰俞穴	yao shu xue	2
腰动脉	yao dong mai	4
腰大肌	yao da ji	24
腰奇	yao qi	2
腰奇穴	yao qi xue	2
腰息痛胶囊	yao xi tong jiao nang	4
腰方肌	yao fang ji	7
腰椎痹痛丸	yao zhui bi tong wan	5
腰椎穿刺术	yao zhui chuan ci shu	5
腰椎结核	yao zhui jie he	6
腰椎骨折	yao zhui gu zhe	4
腰椎骶化	yao zhui di hua	2
腰疝	yao shan	1
腰痛宁胶囊	yao tong ning jiao nang	4
腰痛点	yao tong dian	4
腰痛病	yao tong bing	1
腰痹通胶囊	yao bi tong jiao nang	5
腰眼穴	yao yan xue	4
腰背痛	yao bei tong	7
腰腿痛	yao tui tong	17
腰腿痛丸	yao tui tong wan	4
腰腿痛贴	yao tui tong tie	3
腰膝酸软	yao xi suan ruan	11
腰阳关	yao yang guan	1
腰阳关穴	yao yang guan xue	3
腱反射	jian fan she	9
腱索	jian suo	12
腱膜	jian mo	40
腱鞘	jian qiao	31
腱鞘囊肿	jian qiao nang zhong	18
腱鞘囊肿切除术	jian qiao nang zhong qie chu shu	2
腹中雷鸣	fu zhong lei ming	2
腹主动脉	fu zhu dong mai	40
腹主动脉瘤	fu zhu dong mai liu	40
腹内斜肌	fu nei xie ji	21
腹内疝	fu nei shan	1
腹厚	fu hou	1
腹可安片	fu ke an pian	4
腹围	fu wei	12
腹型癫痫	fu xing dian xian	2
腹壁下动脉	fu bi xia dong mai	5
腹壁反射	fu bi fan she	8
腹壁成形术	fu bi cheng xing shu	4
腹壁挫伤	fu bi cuo shang	1
腹壁整形术	fu bi zheng xing shu	4
腹外斜肌	fu wai xie ji	23
腹外疝	fu wai shan	10
腹带	fu dai	7
腹横筋膜	fu heng jin mo	12
腹横肌	fu heng ji	15
腹痛拒按	fu tong ju an	1
腹管	fu guan	24
腹股沟淋巴结	fu gu gou lin ba jie	8
腹股沟疝修补术	fu gu gou shan xiu bu shu	8
腹股沟管	fu gu gou guan	29
腹股沟韧带	fu gu gou ren dai	30
腹腔妊娠	fu qiang ren shen	3
腹腔干	fu qiang gan	1
腹腔感染	fu qiang gan ran	5
腹腔积液	fu qiang ji ye	18
腹腔穿刺	fu qiang chuan ci	5
腹腔穿刺术	fu qiang chuan ci shu	6
腹腔脓肿	fu qiang nong zhong	1
腹腔镜下胆囊切除术	fu qiang jing xia dan nang qie chu shu	4
腹腔镜胆囊切除术	fu qiang jing dan nang qie chu shu	7
腹腔镜脾切除术	fu qiang jing pi qie chu shu	3
腹膜后充气造影	fu mo hou chong qi zao ying	2
腹膜后出血	fu mo hou chu xue	1
腹膜后恶性肿瘤	fu mo hou e xing zhong liu	2
腹膜后脓肿	fu mo hou nong zhong	3
腹膜后血肿	fu mo hou xue zhong	1
腹膜外剖宫产术	fu mo wai pou gong chan shu	2
腹膜透析液	fu mo tou xi ye	2
腹裂	fu lie	8
腹部损伤	fu bu sun shang	4
腺体肥大	xian ti fei da	3
腺嘌呤核苷	xian piao ling he gan	12
腺性膀胱炎	xian xing pang guang yan	5
腺样体肥大	xian yang ti fei da	12
腺样囊性癌	xian yang nang xing ai	2
腺泡	xian pao	41
腺淋巴瘤	xian lin ba liu	2
腺炎	xian yan	17
腺病毒感染	xian bing du gan ran	8
腺瘤样息肉	xian liu yang xi rou	4
腺苷蛋氨酸	xian gan dan an suan	5
腺苷钴胺片	xian gan gu an pian	3
腿节	tui jie	4
膀胱三角	pang guang san jiao	4
膀胱下垂	pang guang xia chui	3
膀胱俞	pang guang shu	2
膀胱俞穴	pang guang shu xue	2
膀胱冲洗	pang guang chong xi	2
膀胱嗜铬细胞瘤	pang guang shi ge xi bao liu	2
膀胱外翻	pang guang wai fan	5
膀胱息肉	pang guang xi rou	2
膀胱憩室	pang guang qi shi	2
膀胱挛缩	pang guang luan suo	4
膀胱挫伤	pang guang cuo shang	2
膀胱损伤	pang guang sun shang	2
膀胱瘘	pang guang lou	3
膀胱破裂	pang guang po lie	5
膀胱移行细胞癌	pang guang yi xing xi bao ai	1
膀胱纤维化	pang guang xian wei hua	4
膀胱结核	pang guang jie he	8
膀胱结石	pang guang jie shi	26
膀胱肿瘤	pang guang zhong liu	6
膀胱脱垂	pang guang tuo chui	1
膀胱腺癌	pang guang xian ai	3
膀胱膨出	pang guang peng chu	2
膀胱虚寒	pang guang xu han	2
膀胱输尿管反流	pang guang shu niao guan fan liu	2
膀胱造影	pang guang zao ying	4
膀胱部分切除术	pang guang bu fen qie chu shu	2
膀胱镜	pang guang jing	40
膀胱镜检查	pang guang jing jian cha	16
膀胱阴道瘘	pang guang yin dao lou	7
膀胱阴道瘘修补术	pang guang yin dao lou xiu bu shu	2
膀胱颈挛缩	pang guang jing luan suo	3
膀胱颈梗阻	pang guang jing geng zu	5
膈下脓肿	ge xia nong zhong	4
膈下逐瘀汤	ge xia zhu yu tang	5
膈俞	ge shu	2
膈俞穴	ge shu xue	3
膈疝	ge shan	3
膈疝修补术	ge shan xiu bu shu	4
膈神经	ge shen jing	7
膈肌	ge ji	24
膈肌麻痹	ge ji ma bi	4
膏桐	gao tong	6
膏肓俞	gao huang shu	1
膜固思达	mo gu si da	2
膜性肾病	mo xing shen bing	13
膜片钳	mo pian qian	23
膝交叉韧带	xi jiao cha ren dai	1
膝关	xi guan	1
膝关节损伤	xi guan jie sun shang	3
膝关节病	xi guan jie bing	1
膝关节结核	xi guan jie jie he	2
膝关节置换术	xi guan jie zhi huan shu	21
膝关节脱位	xi guan jie tuo wei	5
膝内翻	xi nei fan	16
膝外翻	xi wai fan	15
膝眼	xi yan	2
膝眼穴	xi yan xue	3
膝离断假肢	xi li duan jia zhi	2
膝阳关	xi yang guan	1
膦甲酸钠	lin jia suan na	2
膦甲酸钠氯化钠注射液	lin jia suan na lv hua na zhu she ye	2
膨胀性生长	peng zhang xing sheng zhang	2
膨胀运动	peng zhang yun dong	1
膺窗	ying chuang	2
膻中	shan zhong	9
膻中穴	shan zhong xue	3
臀上皮神经	tun shang pi shen jing	3
臀位	tun wei	28
臀厚	tun hou	3
臀大肌	tun da ji	33
臀小肌	tun xiao ji	2
臀肌	tun ji	17
臀肌挛缩	tun ji luan suo	2
臁疮	lian chuang	1
臂丛	bi cong	9
臂丛神经	bi cong shen jing	3
臂丛神经损伤	bi cong shen jing sun shang	7
臂痛	bi tong	7
臂臑	bi nao	3
臂部	bi bu	40
臂间倒位	bi jian dao wei	2
臆想症	yi xiang zheng	3
臣功再欣	chen gong zai xin	2
自主运动	zi zhu yun dong	38
自交不亲和性	zi jiao bu qin he xing	42
自体受精	zi ti shou jing	19
自体移植	zi ti yi zhi	11
自体骨髓移植	zi ti gu sui yi zhi	6
自发性气胸	zi fa xing qi xiong	19
自发行为	zi fa xing wei	18
自复制	zi fu zhi	2
自恋型人格障碍	zi lian xing ren ge zhang ai	17
自我保健	zi wo bao jian	9
自我心理学	zi wo xin li xue	21
自我训练	zi wo xun lian	42
自我防御机制	zi wo fang yu ji zhi	7
自旋标记	zi xuan biao ji	5
自杀企图	zi sha qi tu	29
自汗	zi han	27
自溶	zi rong	33
自然流产	zi ran liu chan	27
自然疫源地	zi ran yi yuan di	5
自然疫源性疾病	zi ran yi yuan xing ji bing	3
自然突变	zi ran tu bian	9
自然铜	zi ran tong	32
自花传粉	zi hua chuan fen	10
自身免疫性溶血性贫血	zi shen mian yi xing rong xue xing pin xue	5
自身抗原	zi shen kang yuan	36
自身疫苗	zi shen yi miao	4
自身耐受	zi shen nai shou	2
自身调节	zi shen tiao jie	12
自身输血	zi shen shu xue	1
自限性	zi xian xing	39
自限性疾病	zi xian xing ji bing	6
臭汗症	chou han zheng	3
臭腺	chou xian	15
至宝三鞭丸	zhi bao san bian wan	1
至宝三鞭酒	zhi bao san bian jiu	3
至阳	zhi yang	7
至阳穴	zhi yang xue	1
至阴	zhi yin	6
至阴穴	zhi yin xue	1
致倦库蚊	zhi juan ku wen	2
致密结缔组织	zhi mi jie di zu zhi	37
致康胶囊	zhi kang jiao nang	2
致敏作用	zhi min zuo yong	2
致死基因	zhi si ji yin	6
致畸物	zhi ji wu	4
致畸试验	zhi ji shi yan	4
致病微生物	zhi bing wei sheng wu	29
致癌原	zhi ai yuan	4
致癌因子	zhi ai yin zi	13
致突变作用	zhi tu bian zuo yong	6
舌下神经	she xia shen jing	34
舌下腺	she xia xian	4
舌下腺囊肿	she xia xian nang zhong	5
舌乳头	she ru tou	11
舌乳头炎	she ru tou yan	3
舌咽神经	she yan shen jing	28
舌咽神经痛	she yan shen jing tong	4
舌弓	she gong	4
舌扁桃体	she bian tao ti	2
舌淡	she dan	12
舌炎	she yan	12
舌痛	she tong	2
舌痛症	she tong zheng	2
舌癌	she ai	38
舌系带	she xi dai	9
舌系带过短	she xi dai guo duan	4
舌红	she hong	17
舌苔黄腻	she tai huang ni	3
舌裂	she lie	5
舌象	she xiang	3
舌骨上肌群	she gu shang ji qun	2
舌骨骨折	she gu gu zhe	1
舒丽启能	shu li qi neng	2
舒乐安定	shu le an ding	2
舒他西林	shu ta xi lin	2
舒喘灵	shu chuan ling	4
舒坦罗	shu tan luo	3
舒巴坦	shu ba tan	8
舒巴坦钠	shu ba tan na	6
舒心宁片	shu xin ning pian	3
舒必利	shu bi li	14
舒必利片	shu bi li pian	2
舒林酸	shu lin suan	2
舒眠胶囊	shu mian jiao nang	3
舒筋定痛	shu jin ding tong	4
舒筋定痛片	shu jin ding tong pian	3
舒筋活络酒	shu jin huo luo jiu	4
舒筋活血丸	shu jin huo xue wan	3
舒筋活血片	shu jin huo xue pian	4
舒筋胶囊	shu jin jiao nang	3
舒筋通络	shu jin tong luo	1
舒筋通络颗粒	shu jin tong luo ke li	2
舒肝丸	shu gan wan	2
舒肝健胃丸	shu gan jian wei wan	4
舒肝和胃丸	shu gan he wei wan	2
舒肝止痛丸	shu gan zhi tong wan	3
舒肝片	shu gan pian	3
舒肤止痒酊	shu fu zhi yang ding	3
舒胸胶囊	shu xiong jiao nang	3
舒芬太尼	shu fen tai ni	3
舒血宁注射液	shu xue ning zhu she ye	5
舒降之	shu jiang zhi	1
舞蹈疗法	wu dao liao fa	5
舞蹈病	wu dao bing	9
舟状头	zhou zhuang tou	1
舟骨	zhou gu	10
航天心理学	hang tian xin li xue	4
航空病	hang kong bing	2
船形乌头	chuan xing wu tou	2
良姜	liang jiang	25
良性肝肿瘤	liang xing gan zhong liu	1
良性脑瘤	liang xing nao liu	3
良性高血压	liang xing gao xue ya	9
良附丸	liang fu wan	1
色汗症	se han zheng	4
色甘酸钠	se gan suan na	2
色甘酸钠气雾剂	se gan suan na qi wu ji	3
色甘酸钠滴眼液	se gan suan na di yan ye	3
色素减退	se su jian tui	5
色素失禁症	se su shi jin zheng	1
色素性毛表皮痣	se su xing mao biao pi zhi	3
色素性视网膜炎	se su xing shi wang mo yan	5
色素性青光眼	se su xing qing guang yan	2
色素斑	se su ban	6
色素痣	se su zhi	4
色素脱失	se su tuo shi	16
色素膜	se su mo	3
色羟丙钠	se qiang bing na	2
色觉检查	se jue jian cha	1
艾叶油	ai ye you	3
艾司唑仑	ai si zuo lun	8
艾司唑仑片	ai si zuo lun pian	5
艾夫吉夫	ai fu ji fu	2
艾森克人格问卷	ai sen ke ren ge wen juan	3
艾滋病初筛实验室	ai zi bing chu shai shi yan shi	6
艾滋病抗体	ai zi bing kang ti	9
艾滋病疫苗	ai zi bing yi miao	17
艾迪注射液	ai di zhu she ye	3
艾附暖宫丸	ai fu nuan gong wan	5
节细胞	jie xi bao	11
节菖蒲	jie chang pu	3
芍药汤	shao yao tang	10
芍药苷	shao yao gan	3
芎菊上清片	xiong ju shang qing pian	2
芒果止咳片	mang guo zhi ke pian	2
芙蓉叶	fu rong ye	2
芦丁片	lu ding pian	2
芦氟沙星	lu fu sha xing	1
芦苇沼泽	lu wei zhao ze	10
芦荟胶囊	lu hui jiao nang	5
芦荟苷	lu hui gan	3
芩连四物汤	qin lian si wu tang	3
芩连片	qin lian pian	3
芩黄喉症胶囊	qin huang hou zheng jiao nang	2
芪仙补肾胶囊	qi xian bu shen jiao nang	4
芪参胶囊	qi shen jiao nang	3
芪参虫草酒	qi shen chong cao jiu	3
芪枣健胃茶	qi zao jian wei cha	3
芪枣颗粒	qi zao ke li	3
芪苈强心胶囊	qi li qiang xin jiao nang	1
芪蓉润肠口服液	qi rong run chang kou fu ye	3
芪蛭通络胶囊	qi zhi tong luo jiao nang	3
芪蛭降糖胶囊	qi zhi jiang tang jiao nang	2
芪龙通络胶囊	qi long tong luo jiao nang	4
芫花	yuan hua	20
芬太尼透皮贴剂	fen tai ni tou pi tie ji	1
芬布芬	fen bu fen	7
芬布芬胶囊	fen bu fen jiao nang	5
芬必得	fen bi de	7
芬氟拉明	fen fu la ming	8
芭蕉根	ba jiao gen	1
花生红衣	hua sheng hong yi	5
花百胶囊	hua bai jiao nang	2
花粉培养	hua fen pei yang	1
花红片	hua hong pian	3
花红胶囊	hua hong jiao nang	3
花药培养	hua yao pei yang	5
花蕊石	hua rui shi	1
花蛇解痒胶囊	hua she jie yang jiao nang	3
花鼠	hua shu	4
芳基硫酸酯酶	fang ji liu suan zhi mei	8
芳香化浊	fang xiang hua zhuo	1
芳香植物	fang xiang zhi wu	35
芸香甙	yun xiang dai	1
芸香草	yun xiang cao	7
芽变	ya bian	7
芽鳞	ya lin	24
苁蓉通便口服液	cong rong tong bian kou fu ye	3
苁黄补肾丸	cong huang bu shen wan	2
苄星青霉素	bian xing qing mei su	6
苄达赖氨酸滴眼液	bian da lai an suan di yan ye	1
苋菜黄连素胶囊	xian cai huang lian su jiao nang	2
苍耳子	cang er zi	36
苍耳子鼻炎胶囊	cang er zi bi yan jiao nang	7
苏冰滴丸	su bing di wan	3
苏合香	su he xiang	30
苏合香丸	su he xiang wan	4
苏子降气丸	su zi jiang qi wan	3
苏子降气汤	su zi jiang qi tang	2
苏敬	su jing	4
苏梗	su geng	2
苓桂术甘汤	ling gui zhu gan tang	3
苔藓样变	tai xian yang bian	1
苦丁降压胶囊	ku ding jiang ya jiao nang	3
苦参	ku shen	47
苦参总碱	ku shen zong jian	3
苦参栓	ku shen shuan	3
苦参片	ku shen pian	2
苦参碱	ku shen jian	1
苦参碱栓	ku shen jian shuan	2
苦参素	ku shen su	2
苦参素注射液	ku shen su zhu she ye	3
苦参素葡萄糖注射液	ku shen su pu tao tang zhu she ye	2
苦地丁	ku di ding	10
苦木	ku mu	4
苦楝皮	ku lian pi	9
苦玄参	ku xuan shen	5
苦甘冲剂	ku gan chong ji	4
苦甘草	ku gan cao	2
苦甘颗粒	ku gan ke li	3
苦碟子注射液	ku die zi zhu she ye	3
苦竹叶	ku zhu ye	2
苦菜子	ku cai zi	2
苦豆草	ku dou cao	3
苯丙哌林	ben bing pai lin	1
苯丙氨酸羟化酶	ben bing an suan qiang hua mei	16
苯丙酮尿症	ben bing tong niao zheng	35
苯丙酸诺龙	ben bing suan nuo long	6
苯丙酸诺龙注射液	ben bing suan nuo long zhu she ye	2
苯中毒	ben zhong du	5
苯乙双胍	ben yi shuang gua	6
苯乙酸睾酮	ben yi suan gao tong	1
苯佐卡因	ben zuo ka yin	19
苯佐卡因糊剂	ben zuo ka yin hu ji	2
苯佐那酯	ben zuo na zhi	3
苯唑西林	ben zuo xi lin	27
苯唑西林钠	ben zuo xi lin na	1
苯噻啶	ben sai ding	2
苯妥英钠	ben tuo ying na	11
苯妥英钠片	ben tuo ying na pian	3
苯巴比妥片	ben ba bi tuo pian	1
苯巴比妥钠	ben ba bi tuo na	2
苯巴比妥钠注射液	ben ba bi tuo na zhu she ye	2
苯扎氯铵溶液	ben zha lv an rong ye	1
苯扎溴铵	ben zha xiu an	4
苯扎溴铵溶液	ben zha xiu an rong ye	2
苯氧乙醇	ben yang yi chun	14
苯氧基乙醇	ben yang ji yi chun	1
苯海拉明	ben hai la ming	44
苯海拉明糖浆	ben hai la ming tang jiang	2
苯海索	ben hai suo	7
苯溴马隆片	ben xiu ma long pian	3
苯环利定	ben huan li ding	23
苯甲托品	ben jia tuo pin	2
苯甲酸酯	ben jia suan zhi	38
苯甲酸雌二醇	ben jia suan ci er chun	6
苯甲酸雌二醇注射液	ben jia suan ci er chun zhu she ye	4
苯甲醇注射液	ben jia chun zhu she ye	2
苯磺酸左旋氨氯地平	ben huang suan zuo xuan an lv di ping	3
苯磺酸左旋氨氯地平片	ben huang suan zuo xuan an lv di ping pian	4
苯磺酸氨氯地平	ben huang suan an lv di ping	4
苯磺酸氨氯地平片	ben huang suan an lv di ping pian	6
苯肾上腺素	ben shen shang xian su	6
苯酚中毒	ben fen zhong du	1
英太青	ying tai qing	3
范明	fan ming	9
茅苍术	mao cang zhu	2
茎尖	jing jian	15
茎突	jing tu	8
茚地那韦	yin di na wei	5
茜草双酯	qian cao shuang zhi	2
茯神	fu shen	6
茯芩	fu qin	1
茯苓多糖	fu ling duo tang	3
茯苓皮	fu ling pi	3
茴拉西坦颗粒	hui la xi tan ke li	3
茴香桔核丸	hui xiang ju he wan	2
茴香橘核丸	hui xiang ju he wan	2
茴香油	hui xiang you	1
茴香醛	hui xiang quan	15
茵栀黄口服液	yin zhi huang kou fu ye	4
茵栀黄注射液	yin zhi huang zhu she ye	5
茵栀黄颗粒	yin zhi huang ke li	2
茵陈五疸丸	yin chen wu dan wan	2
茵陈五苓丸	yin chen wu ling wan	5
茵陈五苓散	yin chen wu ling san	2
茵陈蒿汤	yin chen hao tang	3
茶愈胶囊	cha yu jiao nang	3
茶新那敏片	cha xin na min pian	2
茶碱控释胶囊	cha jian kong shi jiao nang	2
茶碱缓释片	cha jian huan shi pian	4
茶碱麻黄碱片	cha jian ma huang jian pian	3
茶苯海明	cha ben hai ming	2
茶苯海明片	cha ben hai ming pian	3
茸参补肾胶囊	rong shen bu shen jiao nang	1
茸地益肾胶囊	rong di yi shen jiao nang	2
茸杞补肾健脾茶	rong qi bu shen jian pi cha	5
茸芪益肾口服液	rong qi yi shen kou fu ye	2
茸血补脑液	rong xue bu nao ye	2
荆芥穗	jing jie sui	3
荆花胃康胶丸	jing hua wei kang jiao wan	3
荆防败毒丸	jing fang bai du wan	2
荆防败毒散	jing fang bai du san	6
荆防颗粒	jing fang ke li	2
草乌	cao wu	38
草乌甲素	cao wu jia su	3
草木犀	cao mu xi	15
草果	cao guo	45
草珊瑚含片	cao shan hu han pian	6
草莓状血管瘤	cao mei zhuang xue guan liu	4
草莓舌	cao mei she	1
草蔻	cao kou	5
草豆蔻	cao dou kou	14
草酸钙结石	cao suan gai jie shi	1
荔枝核	li zhi he	4
荔花鼻窦炎片	li hua bi dou yan pian	2
荚膜多糖	jia mo duo tang	11
荜茇	bi ba	7
荜铃胃痛颗粒	bi ling wei tong ke li	2
荠菜花	ji cai hua	5
荣发胶囊	rong fa jiao nang	2
荧光分光光度计	ying guang fen guang guang du ji	1
荧光探针	ying guang tan zhen	6
荧光素钠	ying guang su na	1
荨麻疹性血管炎	xun ma zhen xing xue guan yan	2
药事管理	yao shi guan li	16
药动学	yao dong xue	16
药品有效期	yao pin you xiao qi	1
药品标准	yao pin biao zhun	11
药品质量标准	yao pin zhi liang biao zhun	3
药品通用名	yao pin tong yong ming	7
药学服务	yao xue fu wu	8
药学监护	yao xue jian hu	1
药学综合知识与技能	yao xue zong he zhi shi yu ji neng	3
药学英语	yao xue ying yu	2
药效动力学	yao xiao dong li xue	3
药敏试验	yao min shi yan	2
药源性疾病	yao yuan xing ji bing	1
药物代谢动力学	yao wu dai xie dong li xue	40
药物依赖性	yao wu yi lai xing	19
药物分布	yao wu fen bu	13
药物分析	yao wu fen xi	46
药物剂型	yao wu ji xing	13
药物动力学	yao wu dong li xue	42
药物合成	yao wu he cheng	41
药物合成反应	yao wu he cheng fan ying	3
药物吸收	yao wu xi shou	22
药物性肝炎	yao wu xing gan yan	3
药物性胃炎	yao wu xing wei yan	4
药物性鼻炎	yao wu xing bi yan	6
药物排泄	yao wu pai xie	6
药物敏感试验	yao wu min gan shi yan	5
药物毒理学	yao wu du li xue	6
药物洗脱支架	yao wu xi tuo zhi jia	6
药物经济学	yao wu jing ji xue	20
药物蓄积	yao wu xu ji	6
药物载体	yao wu zai ti	39
药物过敏反应	yao wu guo min fan ying	8
药物遗传学	yao wu yi chuan xue	3
药理效应	yao li xiao ying	5
药用植物学	yao yong zhi wu xue	11
药用炭	yao yong tan	4
药用炭片	yao yong tan pian	2
药用高分子材料	yao yong gao fen zi cai liao	3
药疹	yao zhen	11
药盒	yao he	32
药艾条	yao ai tiao	4
荷丹片	he dan pian	3
荷包缝合	he bao feng he	3
荷叶碱	he ye jian	2
荷叶调脂茶	he ye tiao zhi cha	2
莪术	e zhu	12
莪术油	e zhu you	3
莪术油葡萄糖注射液	e zhu you pu tao tang zhu she ye	2
莪术醇	e zhu chun	2
莫匹罗星	mo pi luo xing	11
莫匹罗星软膏	mo pi luo xing ruan gao	4
莫树锦	mo shu jin	30
莫沙必利	mo sha bi li	7
莫西沙星	mo xi sha xing	17
莱菔子	lai fu zi	3
莱阳梨膏	lai yang li gao	3
莲子心	lian zi xin	6
莲心碱	lian xin jian	3
莲芝消炎胶囊	lian zhi xiao yan jiao nang	2
莲芯	lian xin	6
莲须	lian xu	7
获得性状	huo de xing zhuang	3
菊明降压丸	ju ming jiang ya wan	4
菊石类	ju shi lei	27
菊粉	ju fen	35
菊芋	ju yu	13
菊花心	ju hua xin	4
菊蓝抗流感片	ju lan kang liu gan pian	3
菊蓝抗流感胶囊	ju lan kang liu gan jiao nang	2
菌体抗原	jun ti kang yuan	3
菌托	jun tuo	16
菌群失调	jun qun shi tiao	10
菌胶团	jun jiao tuan	4
菌落形成单位	jun luo xing cheng dan wei	12
菌落总数	jun luo zong shu	17
菜粉蝶	cai fen die	41
菜花耳	cai hua er	1
菠萝蛋白酶	bo luo dan bai mei	8
菱形肌	ling xing ji	8
萆薢	bi xie	11
萎缩性咽炎	wei suo xing yan yan	2
萎缩性胃炎	wei suo xing wei yan	18
萎缩性胆囊炎	wei suo xing dan nang yan	3
萎缩性鼻炎	wei suo xing bi yan	8
萎缩纹	wei suo wen	1
萘丁美酮胶囊	nai ding mei tong jiao nang	3
萘哌地尔	nai pai di er	2
萘哌地尔片	nai pai di er pian	3
萘夫西林	nai fu xi lin	10
萘敏维滴眼液	nai min wei di yan ye	3
萘普生	nai pu sheng	49
萘普生片	nai pu sheng pian	3
萘替芬酮康唑乳膏	nai ti fen tong kang zuo ru gao	2
萘甲唑林	nai jia zuo lin	2
萝巴新	luo ba xin	2
营养与膳食	ying yang yu shan shi	6
营养与膳食指导	ying yang yu shan shi zhi dao	3
营养与食品卫生学	ying yang yu shi pin wei sheng xue	11
营养性水肿	ying yang xing shui zhong	3
营养性贫血	ying yang xing pin xue	8
营养支持	ying yang zhi chi	14
营养液	ying yang ye	45
营养神经	ying yang shen jing	2
营养细胞	ying yang xi bao	14
萨热十三味鹏鸟丸	sa re shi san wei peng niao wan	3
萱草根	xuan cao gen	3
落叶型天疱疮	luo ye xing tian pao chuang	3
落日征	luo ri zheng	3
落花生枝叶	luo hua sheng zhi ye	2
葛根汤合剂	ge gen tang he ji	3
葛根汤颗粒	ge gen tang ke li	3
葛根素	ge gen su	7
葛根素注射液	ge gen su zhu she ye	1
葛根芩连丸	ge gen qin lian wan	3
葛根芩连微丸	ge gen qin lian wei wan	5
葛根芩连片	ge gen qin lian pian	5
葡立	pu li	3
葡萄状肉瘤	pu tao zhuang rou liu	5
葡萄球菌感染	pu tao qiu jun gan ran	14
葡萄球菌肠毒素	pu tao qiu jun chang du su	2
葡萄籽	pu tao zi	41
葡萄糖氯化钠	pu tao tang lv hua na	4
葡萄糖氯化钠注射液	pu tao tang lv hua na zhu she ye	6
葡萄糖注射液	pu tao tang zhu she ye	2
葡萄糖酸亚铁片	pu tao tang suan ya tie pian	2
葡萄糖酸氯已定	pu tao tang suan lv yi ding	3
葡萄糖酸钙口服溶液	pu tao tang suan gai kou fu rong ye	4
葡萄糖酸钙注射液	pu tao tang suan gai zhu she ye	1
葡萄糖酸钙片	pu tao tang suan gai pian	4
葡萄糖酸钙锌口服液	pu tao tang suan gai xin kou fu ye	3
葡萄糖酸钙锌口服溶液	pu tao tang suan gai xin kou fu rong ye	4
葡萄糖酸钠	pu tao tang suan na	2
葡萄糖酸锌口服液	pu tao tang suan xin kou fu ye	1
葡萄糖酸锌口服溶液	pu tao tang suan xin kou fu rong ye	3
葡萄糖酸锌咀嚼片	pu tao tang suan xin ju jue pian	2
葡萄糖酸锌片	pu tao tang suan xin pian	1
葡萄糖酸锌颗粒	pu tao tang suan xin ke li	3
葡萄糖酸锌鼻喷剂	pu tao tang suan xin bi pen ji	2
葡萄糖酸锑钠注射液	pu tao tang suan ti na zhu she ye	2
葡萄膜	pu tao mo	22
葡萄膜大脑炎	pu tao mo da nao yan	2
葡萄酒色痣	pu tao jiu se zhi	2
葡醛内酯	pu quan nei zhi	1
葡醛内酯片	pu quan nei zhi pian	3
葡醛酸钠注射液	pu quan suan na zhu she ye	4
葫芦巴	hu lu ba	32
葫芦巴碱	hu lu ba jian	5
葫芦素片	hu lu su pian	2
葫芦茶	hu lu cha	8
葵花护肝片	kui hua hu gan pian	2
葶苈子	ting li zi	9
葶苈草颗粒	ting li cao ke li	4
蒂巴因	di ba yin	16
蒙古斑	meng gu ban	16
蒙脱石散	meng tuo shi san	11
蒙脱石散剂	meng tuo shi san ji	3
蒲公英胶囊	pu gong ying jiao nang	2
蒲公英颗粒	pu gong ying ke li	2
蒲地蓝消炎口服液	pu di lan xiao yan kou fu ye	5
蒲地蓝消炎片	pu di lan xiao yan pian	5
蒲地蓝消炎胶囊	pu di lan xiao yan jiao nang	3
蒲黄	pu huang	18
蒸汽消毒	zheng qi xiao du	6
蒸腾系数	zheng teng xi shu	2
蒸馏水机	zheng liu shui ji	8
蒽油	en you	4
蒽醌类	en kun lei	20
蒿甲醚	hao jia mi	30
蒿甲醚注射液	hao jia mi zhu she ye	3
蒿甲醚片	hao jia mi pian	3
蒿芩清胆汤	hao qin qing dan tang	1
蓖麻子	bi ma zi	10
蓝痣	lan zhi	3
蓝芩口服液	lan qin kou fu ye	1
蓝芩颗粒	lan qin ke li	2
蓝顿	lan dun	4
蓼参胶囊	liao shen jiao nang	2
蔓状血管瘤	man zhuang xue guan liu	2
蔓荆子	man jing zi	11
蔗糖酶	zhe tang mei	33
蔗糖铁	zhe tang tie	2
蔬菜皮炎	shu cai pi yan	2
蕈样肉芽肿	xun yang rou ya zhong	3
蕲蛇酶注射液	qi she mei zhu she ye	3
薄层层析法	bao ceng ceng xi fa	3
薄层扫描	bao ceng sao miao	4
薄层色谱法	bao ceng se pu fa	21
薄芝糖肽注射液	bo zhi tang tai zhu she ye	2
薄荷喉片	bo he hou pian	3
薄荷桉油含片	bo he an you han pian	2
薄荷油	bo he you	24
薄荷酮	bo he tong	44
薄荷麝香草酚搽剂	bo he she xiang cao fen cha ji	2
薏苡仁	yi yi ren	11
薏苡仁汤	yi yi ren tang	1
薏苡附子败酱散	yi yi fu zi bai jiang san	2
薏辛除湿止痛胶囊	yi xin chu shi zhi tong jiao nang	1
薛氏医案	xue shi yi an	3
薛社普	xue she pu	5
薯莨	shu liang	17
薯蓣皂苷	shu yu zao gan	15
藏毛窦	zang mao dou	1
藏菖蒲	zang chang pu	1
藏锦鸡儿	zang jin ji er	3
藏青果喉片	zang qing guo hou pian	2
藕节	ou jie	7
藤野严九郎	teng ye yan jiu lang	43
藤黄健骨丸	teng huang jian gu wan	3
藻红蛋白	zao hong dan bai	1
藻蓝蛋白	zao lan dan bai	3
藻酸双脂钠	zao suan shuang zhi na	1
藻酸双脂钠片	zao suan shuang zhi na pian	4
藻酸双酯钠	zao suan shuang zhi na	3
藻酸双酯钠片	zao suan shuang zhi na pian	2
藿朴夏苓汤	huo po xia ling tang	1
藿香正气丸	huo xiang zheng qi wan	2
藿香正气口服液	huo xiang zheng qi kou fu ye	2
藿香正气散	huo xiang zheng qi san	3
藿香正气滴丸	huo xiang zheng qi di wan	6
藿香正气片	huo xiang zheng qi pian	5
藿香正气胶囊	huo xiang zheng qi jiao nang	1
藿香正气软胶囊	huo xiang zheng qi ruan jiao nang	8
藿香正气颗粒	huo xiang zheng qi ke li	3
藿香清胃胶囊	huo xiang qing wei jiao nang	2
藿香祛暑软胶囊	huo xiang qu shu ruan jiao nang	3
蘑菇肺	mo gu fei	3
虎力散	hu li san	1
虎力散胶囊	hu li san jiao nang	2
虎口穴	hu kou xue	5
虎杖苷	hu zhang gan	1
虎标万金油	hu biao wan jin you	18
虎潜丸	hu qian wan	3
虎驹乙肝胶囊	hu ju yi gan jiao nang	2
虎骨木瓜丸	hu gu mu gua wan	3
虎骨追风酒	hu gu zhui feng jiu	3
虚则补之	xu ze bu zhi	7
虚劳病	xu lao bing	1
虚实夹杂证	xu shi jia za zheng	2
虚寒	xu han	28
虚寒症	xu han zheng	6
虚寒胃痛颗粒	xu han wei tong ke li	2
虚寒证	xu han zheng	2
虚汗停颗粒	xu han ting ke li	4
虚烦不眠	xu fan bu mian	3
虚热证	xu re zheng	3
虚邪贼风	xu xie zei feng	6
虫媒传染病	chong mei chuan ran bing	3
虫媒病毒	chong mei bing du	17
虫室	chong shi	3
虫白蜡	chong bai la	4
虫草五味颗粒	chong cao wu wei ke li	3
虫草参芪口服液	chong cao shen qi kou fu ye	3
虫草参芪膏	chong cao shen qi gao	3
虫草川贝膏	chong cao chuan bei gao	3
虫草氨基酸	chong cao an ji suan	4
虫草洋参胶囊	chong cao yang shen jiao nang	2
虫草清肺胶囊	chong cao qing fei jiao nang	4
虫草素	chong cao su	18
虫草芪参胶囊	chong cao qi shen jiao nang	2
虱病	shi bing	9
虹彩病毒	hong cai bing du	19
虹膜切除术	hong mo qie chu shu	2
虹膜根部离断	hong mo gen bu li duan	3
虹膜睫状体炎	hong mo jie zhuang ti yan	28
虹膜缺损	hong mo que sun	1
虹膜角膜内皮综合征	hong mo jiao mo nei pi zong he zheng	3
蚁走感	yi zou gan	2
蚁陈固涩口服液	yi chen gu se kou fu ye	2
蚂蚁双参通痹丸	ma yi shuang shen tong bi wan	3
蚊不叮	wen bu ding	6
蚓激酶	yin ji mei	5
蚕砂	can sha	6
蚕豆病	can dou bing	1
蚤叮咬	zao ding yao	1
蛇伤解毒片	she shang jie du pian	2
蛇六谷	she liu gu	3
蛇床子	she chuang zi	13
蛇毒中毒	she du zhong du	4
蛇毒血凝酶	she du xue ning mei	2
蛇胆川贝口服液	she dan chuan bei kou fu ye	3
蛇胆川贝散	she dan chuan bei san	4
蛇胆川贝枇杷膏	she dan chuan bei pi pa gao	5
蛇胆川贝液	she dan chuan bei ye	1
蛇胆川贝胶囊	she dan chuan bei jiao nang	2
蛇胆追风丸	she dan zhui feng wan	2
蛇胆陈皮	she dan chen pi	1
蛇胆陈皮口服液	she dan chen pi kou fu ye	4
蛇胆陈皮散	she dan chen pi san	3
蛇胆陈皮液	she dan chen pi ye	2
蛇舌草	she she cao	16
蛋白原	dan bai yuan	3
蛋白水解酶	dan bai shui jie mei	25
蛋白琥珀酸铁口服溶液	dan bai hu po suan tie kou fu rong ye	2
蛋白粉	dan bai fen	29
蛋白质粉	dan bai zhi fen	1
蛋白质能量营养不良	dan bai zhi neng liang ying yang bu liang	3
蛋白质营养不良	dan bai zhi ying yang bu liang	5
蛔厥	hui jue	3
蛔虫卵	hui chong luan	2
蛔虫性肠梗阻	hui chong xing chang geng zu	4
蛔虫病	hui chong bing	40
蛛网膜下出血	zhu wang mo xia chu xue	8
蛛网膜囊肿	zhu wang mo nang zhong	6
蛛网膜炎	zhu wang mo yan	3
蛛网膜颗粒	zhu wang mo ke li	1
蛤蚧定喘丸	ge jie ding chuan wan	3
蛤蚧定喘胶囊	ge jie ding chuan jiao nang	2
蛤蚧补肾丸	ge jie bu shen wan	2
蛲虫病	nao chong bing	15
蛾苓丸	e ling wan	3
蛾贞胶丸	e zhen jiao wan	4
蜂窝织炎	feng wo zhi yan	8
蜂腊	feng la	6
蜂蛰伤	feng zhe shang	1
蜂螫伤	feng shi shang	10
蜈蚣咬伤	wu gong yao shang	3
蜈黛软膏	wu dai ruan gao	2
蜘蛛咬伤	zhi zhu yao shang	31
蜘蛛痣	zhi zhu zhi	4
蜘蛛香	zhi zhu xiang	4
蜜炼川贝枇杷膏	mi lian chuan bei pi pa gao	3
蜜甘草	mi gan cao	3
蜡刀	la dao	4
蜡样芽胞杆菌	la yang ya bao gan jun	6
蜡片	la pian	26
蜡腺	la xian	11
蜱传回归热	pi chuan hui gui re	5
蜱传脑炎	pi chuan nao yan	12
蜱叮咬	pi ding yao	9
蝇蛆病	ying qu bing	28
蝎毒	xie du	16
蝮蛇抗栓酶	fu she kang shuan mei	2
蝶窦	die dou	11
蝶鞍	die an	21
螃蟹甲	pang xie jia	11
融合基因	rong he ji yin	22
螨病	man bing	2
螨皮炎	man pi yan	2
螨虫病	man chong bing	1
螺内酯片	luo nei zhi pian	1
螺内酯胶囊	luo nei zhi jiao nang	2
螺旋器	luo xuan qi	8
螺旋藻片	luo xuan zao pian	7
螺旋藻胶囊	luo xuan zao jiao nang	4
螺旋藻软胶囊	luo xuan zao ruan jiao nang	3
螺旋霉素	luo xuan mei su	8
螺旋霉素片	luo xuan mei su pian	3
螺纹管	luo wen guan	3
蟹黄肤宁软膏	xie huang fu ning ruan gao	3
蟾皮病	chan pi bing	2
蟾蜍中毒	chan chu zhong du	5
蟾蜍毒	chan chu du	4
蟾麝救心丸	chan she jiu xin wan	3
蠕形螨病	ru xing man bing	1
蠕虫病	ru chong bing	43
蠲痹汤	juan bi tang	1
血余炭	xue yu tan	3
血凝抑制试验	xue ning yi zhi shi yan	3
血凝试验	xue ning shi yan	4
血凝酶	xue ning mei	3
血友病性关节炎	xue you bing xing guan jie yan	3
血吸虫性肝硬化	xue xi chong xing gan ying hua	4
血型抗原	xue xing kang yuan	5
血型物质	xue xing wu zhi	3
血塞通	xue sai tong	1
血塞通分散片	xue sai tong fen san pian	4
血塞通注射液	xue sai tong zhu she ye	4
血塞通滴丸	xue sai tong di wan	3
血塞通片	xue sai tong pian	4
血塞通胶囊	xue sai tong jiao nang	3
血塞通软胶囊	xue sai tong ruan jiao nang	1
血小板减少性紫癜	xue xiao ban jian shao xing zi dian	35
血小板无力症	xue xiao ban wu li zheng	8
血小板衍生生长因子	xue xiao ban yan sheng sheng zhang yin zi	3
血小板计数	xue xiao ban ji shu	27
血尿安胶囊	xue niao an jiao nang	3
血常规	xue chang gui	26
血府逐瘀丸	xue fu zhu yu wan	3
血府逐瘀口服液	xue fu zhu yu kou fu ye	2
血府逐瘀汤	xue fu zhu yu tang	7
血府逐瘀胶囊	xue fu zhu yu jiao nang	5
血康口服液	xue kang kou fu ye	2
血必净注射液	xue bi jing zhu she ye	7
血栓性微血管病	xue shuan xing wei xue guan bing	5
血栓性脉管炎	xue shuan xing mai guan yan	4
血栓栓塞	xue shuan shuan se	37
血栓通	xue shuan tong	8
血栓通注射液	xue shuan tong zhu she ye	5
血栓通胶囊	xue shuan tong jiao nang	2
血栓闭塞性脉管炎	xue shuan bi se xing mai guan yan	34
血气分析	xue qi fen xi	5
血气胸	xue qi xiong	4
血氨	xue an	8
血汗症	xue han zheng	6
血流速度	xue liu su du	24
血浆同型半胱氨酸	xue jiang tong xing ban guang an suan	2
血浆置换术	xue jiang zhi huan shu	15
血浆蛋白结合率	xue jiang dan bai jie he lv	18
血海穴	xue hai xue	3
血液传播	xue ye chuan bo	43
血液保存液	xue ye bao cun ye	3
血液内科	xue ye nei ke	29
血液学检验	xue ye xue jian yan	2
血液循环系统	xue ye xun huan xi tong	26
血液滤过	xue ye lv guo	3
血液灌流	xue ye guan liu	16
血液灌流器	xue ye guan liu qi	3
血液稀释	xue ye xi shi	12
血液透析滤过	xue ye tou xi lv guo	5
血清学诊断	xue qing xue zhen duan	6
血清球蛋白	xue qing qiu dan bai	2
血清疗法	xue qing liao fa	14
血清病	xue qing bing	12
血清病性荨麻疹	xue qing bing xing qian ma zhen	2
血清白蛋白	xue qing bai dan bai	39
血清胆红素	xue qing dan hong su	12
血清蛋白	xue qing dan bai	23
血源性肺脓肿	xue yuan xing fei nong zhong	2
血滞通胶囊	xue zhi tong jiao nang	4
血热妄行	xue re wang xing	1
血热证	xue re zheng	3
血疗	xue liao	1
血疱	xue pao	2
血痹	xue bi	1
血瘀	xue yu	24
血瘀证	xue yu zheng	3
血窦	xue dou	15
血站	xue zhan	13
血竭	xue jie	34
血管内支架	xue guan nei zhi jia	1
血管吻合	xue guan wen he	8
血管平滑肌瘤	xue guan ping hua ji liu	1
血管性头痛	xue guan xing tou tong	9
血管性痴呆	xue guan xing chi dai	20
血管性紫癜	xue guan xing zi dian	1
血管性血友病	xue guan xing xue you bing	17
血管成形术	xue guan cheng xing shu	32
血管支架	xue guan zhi jia	4
血管活性肠肽	xue guan huo xing chang tai	9
血管淋巴管瘤	xue guan lin ba guan liu	2
血管球	xue guan qiu	1
血管球瘤	xue guan qiu liu	2
血管痉挛	xue guan jing luan	20
血管痣	xue guan zhi	1
血管移植术	xue guan yi zhi shu	3
血管网状细胞瘤	xue guan wang zhuang xi bao liu	4
血管肉瘤	xue guan rou liu	9
血管脂肪瘤	xue guan zhi fang liu	2
血管运动性鼻炎	xue guan yun dong xing bi yan	16
血糖试纸	xue tang shi zhi	4
血红蛋白电泳	xue hong dan bai dian yong	5
血红蛋白病	xue hong dan bai bing	5
血细胞分析	xue xi bao fen xi	1
血络通胶囊	xue luo tong jiao nang	2
血胎屏障	xue tai ping zhang	3
血脂康胶囊	xue zhi kang jiao nang	3
血脂灵胶囊	xue zhi ling jiao nang	6
血脱	xue tuo	2
血色病	xue se bing	40
血虚寒凝证	xue xu han ning zheng	3
血虚生风	xue xu sheng feng	4
血虚证	xue xu zheng	2
血行播散型肺结核	xue xing bo san xing fei jie he	3
行为医学	xing wei yi xue	7
行为生态学	xing wei sheng tai xue	41
行气活血	xing qi huo xue	8
补中益气	bu zhong yi qi	16
补中益气丸	bu zhong yi qi wan	1
补中益气汤	bu zhong yi qi tang	19
补中益气颗粒	bu zhong yi qi ke li	2
补体	bu ti	6
补体受体	bu ti shou ti	6
补气升提	bu qi sheng ti	3
补牙	bu ya	38
补益强心片	bu yi qiang xin pian	3
补益资生丸	bu yi zi sheng wan	3
补肝汤	bu gan tang	2
补肺活血胶囊	bu fei huo xue jiao nang	2
补肾丸	bu shen wan	1
补肾养血丸	bu shen yang xue wan	3
补肾固齿	bu shen gu chi	4
补肾固齿丸	bu shen gu chi wan	3
补肾填精丸	bu shen tian jing wan	4
补肾强身胶囊	bu shen qiang shen jiao nang	3
补肾益寿胶囊	bu shen yi shou jiao nang	7
补肾益气胶囊	bu shen yi qi jiao nang	2
补肾益脑胶囊	bu shen yi nao jiao nang	3
补脑安神片	bu nao an shen pian	2
补脾益肠丸	bu pi yi chang wan	1
补脾益肺	bu pi yi fei	6
补虚药	bu xu yao	3
补血口服液	bu xue kou fu ye	4
补血益母颗粒	bu xue yi mu ke li	3
补血药	bu xue yao	3
补阳还五汤	bu yang huan wu tang	6
补骨脂	bu gu zhi	20
补骨脂素	bu gu zhi su	26
补骨脂酊	bu gu zhi ding	3
表位	biao wei	7
表儿茶素	biao er cha su	40
表寒	biao han	3
表寒里热	biao han li re	3
表寒里热证	biao han li re zheng	2
表层结构	biao ceng jie gou	36
表情肌	biao qing ji	15
表气不固	biao qi bu gu	3
表演型人格障碍	biao yan xing ren ge zhang ai	11
表现度	biao xian du	4
表皮囊肿	biao pi nang zhong	1
表皮样囊肿	biao pi yang nang zhong	15
表皮痣	biao pi zhi	1
表皮葡萄球菌	biao pi pu tao qiu jun	23
表达性失语	biao da xing shi yu	8
表达载体	biao da zai ti	36
表里俱热	biao li ju re	3
表阿霉素	biao a mei su	3
表面培养	biao mian pei yang	3
表面效度	biao mian xiao du	2
表面麻醉	biao mian ma zui	6
被动体位	bei dong ti wei	4
被动免疫	bei dong mian yi	42
被动吸烟	bei dong xi yan	20
被动扩散	bei dong kuo san	8
被动攻击型人格障碍	bei dong gong ji xing ren ge zhang ai	3
被动运动	bei dong yun dong	6
被动运输	bei dong yun shu	25
被囊	bei nang	4
被膜	bei mo	8
裂头绦虫病	lie tou tao chong bing	4
裂头蚴病	lie tou you bing	2
裂纹舌	lie wen she	1
裂解疫苗	lie jie yi miao	6
裂谷热	lie gu re	38
装死	zhuang si	11
裸花紫珠	luo hua zi zhu	1
裸花紫珠片	luo hua zi zhu pian	3
裸花紫珠胶囊	luo hua zi zhu jiao nang	2
褐藻多糖硫酸酯	he zao duo tang liu suan zhi	1
褐黄病	he huang bing	3
西乐葆	xi le bao	1
西京医院	xi jing yi yuan	25
西医内科学	xi yi nei ke xue	3
西医外科学	xi yi wai ke xue	2
西司他丁钠	xi si ta ding na	12
西吡氯铵含片	xi bi lv an han pian	3
西咪替丁片	xi mi ti ding pian	2
西地兰	xi di lan	8
西地碘	xi di dian	3
西地碘含片	xi di dian han pian	1
西地碘片	xi di dian pian	4
西妥昔单抗	xi tuo xi dan kang	30
西尼罗河热	xi ni luo he re	18
西布曲明	xi bu qu ming	44
西帕依固龈液	xi pa yi gu yin ye	3
西拉普利	xi la pu li	3
西方文明史	xi fang wen ming shi	8
西替利嗪	xi ti li qin	3
西比灵	xi bi ling	2
西汉古酒	xi han gu jiu	2
西沙必利	xi sha bi li	6
西洋参含片	xi yang shen han pian	1
西洋参胶囊	xi yang shen jiao nang	1
西洛他唑	xi luo ta zuo	4
西洛他唑片	xi luo ta zuo pian	3
西瓜霜润喉片	xi gua shuang run hou pian	5
西索米星	xi suo mi xing	1
西红花苷	xi hong hua gan	2
西罗莫司	xi luo mo si	6
西黄丸	xi huang wan	3
西黄清醒丸	xi huang qing xing wan	2
覃勤	qin qin	12
覆盖义齿	fu gai yi chi	3
覆盖义齿修复	fu gai yi chi xiu fu	4
观众效应	guan zhong xiao ying	2
觅食反射	mi shi fan she	6
视乳头水肿	shi ru tou shui zhong	10
视交叉上核	shi jiao cha shang he	8
视力丧失	shi li sang shi	34
视敏度	shi min du	9
视盘水肿	shi pan shui zhong	2
视神经乳头水肿	shi shen jing ru tou shui zhong	9
视神经乳头炎	shi shen jing ru tou yan	3
视神经炎	shi shen jing yan	11
视神经疾病	shi shen jing ji bing	1
视神经病变	shi shen jing bing bian	11
视神经管	shi shen jing guan	8
视神经胶质瘤	shi shen jing jiao zhi liu	3
视神经萎缩	shi shen jing wei suo	26
视紫质	shi zi zhi	18
视网膜动脉硬化	shi wang mo dong mai ying hua	3
视网膜动脉阻塞	shi wang mo dong mai zu se	5
视网膜变性	shi wang mo bian xing	4
视网膜挫伤	shi wang mo cuo shang	5
视网膜炎	shi wang mo yan	35
视网膜照度	shi wang mo zhao du	2
视网膜电图	shi wang mo dian tu	1
视网膜电流图	shi wang mo dian liu tu	2
视网膜疾病	shi wang mo ji bing	14
视网膜病	shi wang mo bing	8
视网膜脱离	shi wang mo tuo li	37
视网膜色素	shi wang mo se su	46
视网膜色素变性	shi wang mo se su bian xing	15
视网膜萎缩	shi wang mo wei suo	7
视网膜血管炎	shi wang mo xue guan yan	2
视网膜震荡	shi wang mo zhen dang	6
视网膜静脉周围炎	shi wang mo jing mai zhou wei yan	3
视网膜静脉阻塞	shi wang mo jing mai zu se	1
视觉中枢	shi jue zhong shu	6
视觉器官	shi jue qi guan	9
视觉噪声	shi jue zao sheng	2
视觉诱发电位	shi jue you fa dian wei	3
视觉适应	shi jue shi ying	1
视诊	shi zhen	16
视野缺损	shi ye que sun	22
视锥	shi zhui	15
角化不全	jiao hua bu quan	7
角化不良	jiao hua bu liang	1
角化棘皮瘤	jiao hua ji pi liu	2
角化病	jiao hua bing	15
角化过度	jiao hua guo du	4
角孙	jiao sun	2
角孙穴	jiao sun xue	2
角巩膜缘	jiao gong mo yuan	5
角弓反张	jiao gong fan zhang	7
角膜变性	jiao mo bian xing	1
角膜基质炎	jiao mo ji zhi yan	1
角膜基质环植入术	jiao mo ji zhi huan zhi ru shu	2
角膜异物	jiao mo yi wu	2
角膜挫伤	jiao mo cuo shang	3
角膜擦伤	jiao mo ca shang	5
角膜新生血管	jiao mo xin sheng xue guan	2
角膜映光法	jiao mo ying guang fa	3
角膜水肿	jiao mo shui zhong	7
角膜浑浊	jiao mo hun zhuo	2
角膜混浊	jiao mo hun zhuo	15
角膜溃疡	jiao mo kui yang	32
角膜瘘	jiao mo lou	2
角膜瘢痕	jiao mo ban hen	3
角膜白斑	jiao mo bai ban	4
角膜移植	jiao mo yi zhi	45
角膜移植术	jiao mo yi zhi shu	3
角膜翳	jiao mo yi	3
角膜营养不良	jiao mo ying yang bu liang	7
角膜葡萄肿	jiao mo pu tao zhong	1
角膜血管翳	jiao mo xue guan yi	2
角色偏差	jue se pian cha	3
角色紧张	jue se jin zhang	4
角色行为	jue se xing wei	5
角质形成细胞	jiao zhi xing cheng xi bao	32
角鲨烯胶丸	jiao sha xi jiao wan	4
解偶联	jie ou lian	35
解偶联剂	jie ou lian ji	7
解剖显微镜	jie pou xian wei jing	6
解剖生理学	jie pou sheng li xue	2
解毒作用	jie du zuo yong	25
解毒止泻胶囊	jie du zhi xie jiao nang	2
解毒生肌膏	jie du sheng ji gao	2
解毒胶囊	jie du jiao nang	7
解溪	jie xi	4
解溪穴	jie xi xue	3
解热止痛散	jie re zhi tong san	3
解热镇痛抗炎药	jie re zhen tong kang yan yao	4
解热镇痛药	jie re zhen tong yao	12
解痉镇痛酊	jie jing zhen tong ding	3
解脲支原体	jie niao zhi yuan ti	2
解郁	jie yu	18
解郁和肝丸	jie yu he gan wan	3
解郁安神	jie yu an shen	1
触毛	chu mao	7
触觉小体	chu jue xiao ti	8
警戒色	jing jie se	49
计划免疫	ji hua mian yi	14
计算机体层摄影	ji suan ji ti ceng she ying	3
计算机应用基础	ji suan ji ying yong ji chu	6
计算机文化基础	ji suan ji wen hua ji chu	1
认知地图	ren zhi di tu	42
认知治疗	ren zhi zhi liao	24
认知疗法	ren zhi liao fa	29
认知革命	ren zhi ge ming	26
认知领悟疗法	ren zhi ling wu liao fa	3
记忆减退	ji yi jian tui	9
记忆增强	ji yi zeng qiang	3
记忆广度	ji yi guang du	18
记忆痕迹	ji yi hen ji	15
记忆细胞	ji yi xi bao	37
记忆表象	ji yi biao xiang	2
许叔微	xu shu wei	7
许希	xu xi	5
论治	lun zhi	33
证治准绳	zheng zhi zhun sheng	4
评定量表	ping ding liang biao	26
识别位点	shi bie wei dian	13
诊断学	zhen duan xue	42
诊断学基础	zhen duan xue ji chu	3
诊断性刮宫	zhen duan xing gua gong	5
诊断性刮宫术	zhen duan xing gua gong shu	2
诊断试剂	zhen duan shi ji	43
诊法	zhen fa	12
试管凝集试验	shi guan ning ji shi yan	3
试管刷	shi guan shua	17
试管夹	shi guan jia	5
诗乐	shi yue	30
语义记忆	yu yi ji yi	35
语声低微	yu sheng di wei	2
语言发育障碍	yu yan fa yu zhang ai	7
语言困难	yu yan kun nan	6
误吸	wu xi	19
诱发电位	you fa dian wei	8
诱发突变	you fa tu bian	11
诱变剂	you bian ji	38
诱变育种	you bian yu zhong	7
诸病源候论	zhu bing yuan hou lun	42
诸葛行军散	zhu ge xing jun san	1
诺和灵	nuo he ling	5
诺氟沙星	nuo fu sha xing	13
诺氟沙星注射液	nuo fu sha xing zhu she ye	2
诺氟沙星滴眼液	nuo fu sha xing di yan ye	2
诺氟沙星胶囊	nuo fu sha xing jiao nang	8
诺迪康胶囊	nuo di kang jiao nang	2
诺雷得	nuo lei de	4
课堂讨论	ke tang tao lun	24
调中益气汤	tiao zhong yi qi tang	1
调和肝脾	tiao he gan pi	1
调和脾胃	tiao he pi wei	2
调定点	diao ding dian	6
调经	tiao jing	30
调经促孕丸	tiao jing cu yun wan	3
调经止痛胶囊	tiao jing zhi tong jiao nang	2
调经活血片	tiao jing huo xue pian	2
调经益母片	tiao jing yi mu pian	2
调经益灵片	tiao jing yi ling pian	2
调经祛斑胶囊	tiao jing qu ban jiao nang	3
调经至宝丸	tiao jing zhi bao wan	5
调经补血丸	tiao jing bu xue wan	4
调肝汤	tiao gan tang	3
调胃承气汤	tiao wei cheng qi tang	2
调胃舒肝丸	tiao wei shu gan wan	2
调节性内斜视	tiao jie xing nei xie shi	3
调质	tiao zhi	33
谢婉雯	xie wan wen	34
谢通门	xie tong men	38
谵妄状态	zhan wang zhuang tai	5
谷丙甘氨酸胶囊	gu bing gan an suan jiao nang	4
谷丙转氨酶	gu bing zhuan an mei	37
谷氨酰转移酶	gu an xian zhuan yi mei	6
谷氨酰转肽酶	gu an xian zhuan tai mei	8
谷甾醇	gu zai chun	11
谷红注射液	gu hong zhu she ye	2
谷维素	gu wei su	5
谷维素片	gu wei su pian	5
谷胱甘肽还原酶	gu guang gan tai huan yuan mei	15
谷芽	gu ya	14
谷草转氨酶	gu cao zhuan an mei	11
象皮病	xiang pi bing	23
象皮肿	xiang pi zhong	5
豹纹状眼底	bao wen zhuang yan di	3
贝克痣	bei ke zhi	2
贝尼地平	bei ni di ping	1
贝母枇杷糖浆	bei mu pi pa tang jiang	3
贝母花	bei mu hua	3
贝羚胶囊	bei ling jiao nang	2
贝苗	bei miao	1
贝诺酯	bei nuo zhi	1
贝诺酯片	bei nuo zhi pian	2
贝那普利	bei na pu li	3
贝齿	bei chi	4
贞芪扶正胶囊	zhen qi fu zheng jiao nang	3
负荷超声心动图	fu he chao sheng xin dong tu	2
败酱草	bai jiang cao	4
质壁分离	zhi bi fen li	14
质控	zhi kong	29
质量性状	zhi liang xing zhuang	2
贫血性心脏病	pin xue xing xin zang bing	5
贫血痣	pin xue zhi	2
贮积症	zhu ji zheng	42
贯通伤	guan tong shang	4
贯黄感冒颗粒	guan huang gan mao ke li	2
贴剂	tie ji	6
贴敷疗法	tie fu liao fa	2
贵要静脉	gui yao jing mai	3
费城染色体	fei cheng ran se ti	46
贾伯乐提督街	jia bo le ti du jie	34
资生丸	zi sheng wan	1
赖氨匹林	lai an pi lin	3
赖氨匹林肠溶胶囊	lai an pi lin chang rong jiao nang	2
赖氨葡锌片	lai an pu xin pian	3
赖氨酸磷酸氢钙颗粒	lai an suan lin suan qing gai ke li	3
赖诺普利	lai nuo pu li	8
赖诺普利片	lai nuo pu li pian	2
赛庚啶	sai geng ding	3
赛胃安胶囊	sai wei an jiao nang	2
赤小豆	chi xiao dou	27
赤白肉际	chi bai rou ji	4
赤石脂	chi shi zhi	12
赤芍	chi shao	37
赤芍药	chi shao yao	5
赤芝	chi zhi	24
赤魟	chi hong	3
走马牙疳	zou ma ya gan	2
赵学敏	zhao xue min	35
赵继宗	zhao ji zong	9
起病	qi bing	11
超分子	chao fen zi	7
超声内镜	chao sheng nei jing	3
超声医学	chao sheng yi xue	9
超声吸脂	chao sheng xi zhi	2
超声心动图	chao sheng xin dong tu	41
超声成像	chao sheng cheng xiang	14
超声波洁牙机	chao sheng bo jie ya ji	1
超声波疗法	chao sheng bo liao fa	1
超声疗法	chao sheng liao fa	1
超声诊断学	chao sheng zhen duan xue	4
超声雾化	chao sheng wu hua	6
超声雾化器	chao sheng wu hua qi	2
超常期	chao chang qi	3
超微型浮游生物	chao wei xing fu you sheng wu	1
超微结构	chao wei jie gou	32
超急性排斥反应	chao ji xing pai chi fan ying	6
超抗原	chao kang yuan	6
超数排卵	chao shu pai luan	4
超氧化物岐化酶	chao yang hua wu qi hua mei	1
超滑导丝	chao hua dao si	2
超滤器	chao lv qi	2
超短波疗法	chao duan bo liao fa	2
超种	chao zhong	3
超稳定性	chao wen ding xing	4
超薄切片机	chao bo qie pian ji	1
超速离心机	chao su li xin ji	6
越鞠丸	yue ju wan	1
越鞠保和丸	yue ju bao he wan	2
趋异	qu yi	29
足三里	zu san li	19
足临泣	zu lin qi	5
足五里穴	zu wu li xue	2
足光散	zu guang san	2
足光粉	zu guang fen	4
足关节	zu guan jie	4
足内翻	zu nei fan	4
足厥阴肝经	zu jue yin gan jing	10
足太阳膀胱经	zu tai yang pang guang jing	16
足太阴脾经	zu tai yin pi jing	15
足少阳胆经	zu shao yang dan jing	11
足少阴肾经	zu shao yin shen jing	15
足窍阴	zu qiao yin	4
足背动脉	zu bei dong mai	5
足舟骨	zu zhou gu	9
足菌肿	zu jun zhong	6
足跟痛	zu gen tong	3
足骨	zu gu	16
趾疣	zhi you	2
趾骨骨折	zhi gu gu zhe	16
跌倒发作	die dao fa zuo	3
跌打万花油	die da wan hua you	5
跌打损伤丸	die da sun shang wan	2
跌打止痛液	die da zhi tong ye	2
跌打活血散	die da huo xue san	4
跌打生骨颗粒	die da sheng gu ke li	2
跌打红药片	die da hong yao pian	3
跌打药酒	die da yao jiu	4
跌打风湿药酒	die da feng shi yao jiu	2
跖屈	zhi qu	3
跖疣	zhi you	9
跖筋膜炎	zhi jin mo yan	4
跖趾	zhi zhi	1
跖趾关节	zhi zhi guan jie	5
跖趾关节脱位	zhi zhi guan jie tuo wei	3
跖骨痛	zhi gu tong	4
跖骨骨折	zhi gu gu zhe	20
距骨骨折	ju gu gu zhe	5
跟腱断裂	gen jian duan lie	26
跟腱炎	gen jian yan	6
跟骨	gen gu	9
跟骨骨刺	gen gu gu ci	3
跟骨骨折	gen gu gu zhe	1
跳痛	tiao tong	4
踝关节扭伤	huai guan jie niu shang	7
踝关节脱位	huai guan jie tuo wei	5
踝关节融合术	huai guan jie rong he shu	2
踝关节骨折	huai guan jie gu zhe	4
踝足矫形器	huai zu jiao xing qi	3
踝骨骨折	huai gu gu zhe	8
蹼趾	pu zhi	8
躁狂抑郁性精神病	zao kuang yi yu xing jing shen bing	2
躁狂症	zao kuang zheng	31
身体依赖性	shen ti yi lai xing	1
身柱	shen zhu	3
身柱穴	shen zhu xue	3
身痛逐瘀汤	shen tong zhu yu tang	3
躯体化障碍	qu ti hua zhang ai	5
躯体变形障碍	qu ti bian xing zhang ai	20
躯体形式障碍	qu ti xing shi zhang ai	5
躯体效应	qu ti xiao ying	4
躯干肌	qu gan ji	1
躯干骨	qu gan gu	5
转位	zhuan wei	7
转化体	zhuan hua ti	6
转化基因	zhuan hua ji yin	3
转化糖	zhuan hua tang	3
转化糖注射液	zhuan hua tang zhu she ye	3
转化糖电解质注射液	zhuan hua tang dian jie zhi zhu she ye	2
转基因动物	zhuan ji yin dong wu	21
转基因植物	zhuan ji yin zhi wu	26
转座因子	zhuan zuo yin zi	5
转换区	zhuan huan qu	6
转换性障碍	zhuan huan xing zhang ai	5
转移因子	zhuan yi yin zi	4
转移因子口服液	zhuan yi yin zi kou fu ye	3
转移因子口服溶液	zhuan yi yin zi kou fu rong ye	3
转移性腺癌	zhuan yi xing xian ai	2
转肽酶	zhuan tai mei	6
转谷氨酰胺酶	zhuan gu an xian an mei	3
转铁蛋白	zhuan tie dan bai	31
轮回选择	lun hui xuan ze	4
轮状病毒抗原	lun zhuang bing du kang yuan	1
轮状病毒疫苗	lun zhuang bing du yi miao	25
软下疳	ruan xia gan	5
软产道异常	ruan chan dao yi chang	3
软材	ruan cai	1
软纤维瘤	ruan xian wei liu	3
软组织损伤	ruan zu zhi sun shang	24
软组织肉瘤	ruan zu zhi rou liu	21
软胶囊	ruan jiao nang	12
软胶囊剂	ruan jiao nang ji	5
软脑膜	ruan nao mo	37
软腐病	ruan fu bing	15
软膏剂	ruan gao ji	19
软骨发育不全	ruan gu fa yu bu quan	17
软骨炎	ruan gu yan	18
软骨瘤	ruan gu liu	8
软骨细胞	ruan gu xi bao	48
软骨肉瘤	ruan gu rou liu	7
软骨膜	ruan gu mo	12
轴位	zhou wei	6
轴突运输	zhou tu yun shu	3
轻度精神发育迟滞	qing du jing shen fa yu chi zhi	7
轻粉	qing fen	4
轻躁狂	qing zao kuang	6
载体效应	zai ti xiao ying	4
载玻片	zai bo pian	37
辅助生殖技术	fu zhu sheng zhi ji shu	48
辅肌动蛋白	fu ji dong dan bai	27
辐射性白内障	fu she xing bai nei zhang	2
辐射损伤	fu she sun shang	12
输卵管伞	shu luan guan san	1
输卵管卵巢脓肿	shu luan guan luan chao nong zhong	1
输卵管发育异常	shu luan guan fa yu yi chang	2
输卵管吻合术	shu luan guan wen he shu	5
输卵管囊肿	shu luan guan nang zhong	3
输卵管妊娠	shu luan guan ren shen	1
输卵管恶性肿瘤	shu luan guan e xing zhong liu	1
输卵管炎	shu luan guan yan	15
输卵管积水	shu luan guan ji shui	4
输卵管积脓	shu luan guan ji nong	3
输卵管粘连	shu luan guan zhan lian	7
输卵管结扎术	shu luan guan jie zha shu	7
输卵管结核	shu luan guan jie he	4
输卵管通水	shu luan guan tong shui	4
输卵管通液术	shu luan guan tong ye shu	4
输导组织	shu dao zu zhi	12
输尿管乙状结肠吻合术	shu niao guan yi zhuang jie chang wen he shu	2
输尿管切开取石术	shu niao guan qie kai qu shi shu	3
输尿管扩张	shu niao guan kuo zhang	4
输尿管损伤	shu niao guan sun shang	5
输尿管炎	shu niao guan yan	5
输尿管狭窄	shu niao guan xia zhai	1
输尿管畸形	shu niao guan ji xing	4
输尿管肿瘤	shu niao guan zhong liu	2
输尿管镜碎石术	shu niao guan jing sui shi shu	1
输液反应	shu ye fan ying	2
输液泵	shu ye beng	15
输精管吻合术	shu jing guan wen he shu	1
输精管复通术	shu jing guan fu tong shu	13
输精管炎	shu jing guan yan	4
输精管结扎术	shu jing guan jie zha shu	15
输精管缺如	shu jing guan que ru	1
输精管造影	shu jing guan zao ying	3
输血反应	shu xue fan ying	23
输血器	shu xue qi	6
辛伐他汀片	xin fa ta ting pian	5
辛伐他汀胶囊	xin fa ta ting jiao nang	3
辛凉解表	xin liang jie biao	8
辛夷花	xin yi hua	10
辛夷鼻炎丸	xin yi bi yan wan	3
辛弗林	xin fu lin	13
辛温解表	xin wen jie biao	8
辛芳鼻炎胶囊	xin fang bi yan jiao nang	3
辨证论治	bian zheng lun zhi	37
边材	bian cai	41
边缘区	bian yuan qu	8
边缘型人格障碍	bian yuan xing ren ge zhang ai	20
边缘运动	bian yuan yun dong	4
辽宁成大	liao ning cheng da	22
达克宁	da ke ning	7
达卡巴嗪	da ka ba qin	8
达原饮	da yuan yin	7
达喜	da xi	8
达宁	da ning	6
达峰时间	da feng shi jian	5
达立通颗粒	da li tong ke li	3
达菲林	da fei lin	1
达那唑	da na zuo	13
达那唑胶囊	da na zuo jiao nang	2
过岗龙	guo gang long	1
过敏体质	guo min ti zhi	23
过敏史	guo min shi	21
过敏性咳嗽	guo min xing ke sou	1
过敏性哮喘	guo min xing xiao chuan	10
过敏性疾病	guo min xing ji bing	41
过敏性皮疹	guo min xing pi zhen	2
过敏性紫癜	guo min xing zi dian	6
过敏性结肠炎	guo min xing jie chang yan	1
过敏性肺炎	guo min xing fei yan	12
过敏性腹泻	guo min xing fu xie	3
过敏性血管炎	guo min xing xue guan yan	3
过敏毒素	guo min du su	5
过敏科	guo min ke	5
过期产儿	guo qi chan er	2
过期妊娠	guo qi ren shen	8
过氧乙酸溶液	guo yang yi suan rong ye	5
过氧化苯酰	guo yang hua ben xian	3
过氧苯甲酰	guo yang ben jia xian	7
过渡相	guo du xiang	7
过硼酸钠	guo peng suan na	22
过继免疫	guo ji mian yi	3
过继转移	guo ji zhuan yi	1
迈之灵	mai zhi ling	1
迈之灵片	mai zhi ling pian	3
迎香	ying xiang	18
迎香穴	ying xiang xue	2
运动中枢	yun dong zhong shu	11
运动区	yun dong qu	10
运动单位	yun dong dan wei	3
运动处方	yun dong chu fang	15
运动强度	yun dong qiang du	26
运动性失语	yun dong xing shi yu	3
运动疗法	yun dong liao fa	26
运动知觉	yun dong zhi jue	19
运动神经元病	yun dong shen jing yuan bing	20
运动系统	yun dong xi tong	8
运动终板	yun dong zhong ban	12
运动觉	yun dong jue	3
运动记忆	yun dong ji yi	4
近中	jin zhong	9
近交	jin jiao	4
近交系数	jin jiao xi shu	23
近亲系数	jin qin xi shu	3
返魂草	fan hun cao	1
返魂草颗粒	fan hun cao ke li	2
还原固精丸	huan yuan gu jing wan	3
还原型谷胱甘肽	huan yuan xing gu guang gan tai	2
进动	jin dong	6
进化遗传学	jin hua yi chuan xue	12
进行性多灶性白质脑病	jin xing xing duo zao xing bai zhi nao bing	3
进行性指掌角皮症	jin xing xing zhi zhang jiao pi zheng	2
进行性核上性麻痹	jin xing xing he shang xing ma bi	3
进行性脂肪营养不良	jin xing xing zhi fang ying yang bu liang	2
进行性骨化性肌炎	jin xing xing gu hua xing ji yan	3
远中	yuan zhong	9
远程会诊	yuan cheng hui zhen	5
远程医学	yuan cheng yi xue	1
远缘杂种	yuan yuan za zhong	2
连合纤维	lian he xian wei	3
连接体	lian jie ti	7
连枷胸	lian jia xiong	7
连续切片	lian xu qie pian	1
连续变量	lian xu bian liang	21
连续培养	lian xu pei yang	11
连翘提取物	lian qiao ti qu wu	1
连翘败毒丸	lian qiao bai du wan	4
连翘败毒片	lian qiao bai du pian	2
连锁不平衡	lian suo bu ping heng	26
连锁分析	lian suo fen xi	7
连锁图	lian suo tu	3
连锁基因	lian suo ji yin	6
连锁相	lian suo xiang	3
连锁群	lian suo qun	15
连锁遗传	lian suo yi chuan	7
迟发性运动障碍	chi fa xing yun dong zhang ai	18
述情障碍	shu qing zhang ai	25
迷路炎	mi lu yan	33
追风药酒	zhui feng yao jiu	4
追风透骨丸	zhui feng tou gu wan	4
追风透骨片	zhui feng tou gu pian	3
退变性关节炎	tui bian xing guan jie yan	2
退嗽露	tui sou lu	2
退热贴	tui re tie	2
退行期	tui xing qi	9
退障眼膏	tui zhang yan gao	2
适合度	shi he du	7
适宜刺激	shi yi ci ji	2
适应证	shi ying zheng	13
逆传心包	ni chuan xin bao	3
逆行射精	ni xing she jing	24
逆行性牙髓炎	ni xing xing ya sui yan	2
逆行肾盂造影	ni xing shen yu zao ying	1
选择反应时	xuan ze fan ying shi	6
选择基因	xuan ze ji yin	2
选择强度	xuan ze qiang du	1
选择性培养基	xuan ze xing pei yang ji	8
选择性注意	xuan ze xing zhu yi	20
选择性缄默症	xuan ze xing jian mo zheng	49
选择指数	xuan ze zhi shu	2
选择染色	xuan ze ran se	2
选择毒性	xuan ze du xing	1
选择系数	xuan ze xi shu	6
选择蛋白	xuan ze dan bai	2
逍遥丸	xiao yao wan	1
逍遥丸浓缩丸	xiao yao wan nong suo wan	2
逍遥散	xiao yao san	20
透壁性心肌梗死	tou bi xing xin ji geng si	4
透明层	tou ming ceng	18
透明质酸钠凝胶	tou ming zhi suan na ning jiao	3
透明软骨	tou ming ruan gu	44
透析器	tou xi qi	13
透析液	tou xi ye	14
透皮贴剂	tou pi tie ji	2
透过性	tou guo xing	7
透骨草	tou gu cao	38
透骨香	tou gu xiang	4
递质	di zhi	46
通便消痤片	tong bian xiao cuo pian	3
通便灵	tong bian ling	4
通便灵胶囊	tong bian ling jiao nang	7
通天口服液	tong tian kou fu ye	1
通天穴	tong tian xue	3
通宣理肺丸	tong xuan li fei wan	6
通宣理肺片	tong xuan li fei pian	2
通心络胶囊	tong xin luo jiao nang	1
通痹胶囊	tong bi jiao nang	4
通窍救心油	tong qiao jiu xin you	2
通窍活血汤	tong qiao huo xue tang	3
通窍益心丸	tong qiao yi xin wan	2
通窍耳聋丸	tong qiao er long wan	3
通窍鼻炎片	tong qiao bi yan pian	3
通络下乳	tong luo xia ru	1
通络生骨胶囊	tong luo sheng gu jiao nang	2
通络祛痛膏	tong luo qu tong gao	4
通脉养心丸	tong mai yang xin wan	4
通脉胶囊	tong mai jiao nang	3
通脉降糖胶囊	tong mai jiang tang jiao nang	3
通脉降脂片	tong mai jiang zhi pian	2
通脉颗粒	tong mai ke li	1
通舒口爽胶囊	tong shu kou shuang jiao nang	5
通草	tong cao	42
通谷	tong gu	3
通里	tong li	7
速克感冒片	su ke gan mao pian	3
速尿	su niao	1
速尿片	su niao pian	3
速感宁胶囊	su gan ning jiao nang	3
速效心痛滴丸	su xiao xin tong di wan	2
速效感冒胶囊	su xiao gan mao jiao nang	6
速效救心丸	su xiao jiu xin wan	4
速效止泻胶囊	su xiao zhi xie jiao nang	4
速溶阿胶颗粒	su rong e jiao ke li	3
造口术	zao kou shu	35
造影导管	zao ying dao guan	4
造影术	zao ying shu	11
造血器官	zao xue qi guan	23
造血祖细胞	zao xue zu xi bao	4
造血系统	zao xue xi tong	20
造釉细胞瘤	zao you xi bao liu	1
逻辑记忆	luo ji ji yi	1
逼尿肌	bi niao ji	28
遗传与优生	yi chuan yu you sheng	4
遗传印记	yi chuan yin ji	2
遗传咨询	yi chuan zi xun	32
遗传图	yi chuan tu	1
遗传异质性	yi chuan yi zhi xing	3
遗传性共济失调	yi chuan xing gong ji shi tiao	1
遗传性小脑性共济失调	yi chuan xing xiao nao xing gong ji shi tiao	3
遗传性痉挛性截瘫	yi chuan xing jing luan xing jie tan	4
遗传性肾炎	yi chuan xing shen yan	4
遗传性血管性水肿	yi chuan xing xue guan xing shui zhong	7
遗传流行病学	yi chuan liu xing bing xue	12
遗传背景	yi chuan bei jing	13
遗传药理学	yi chuan yao li xue	4
遗传距离	yi chuan ju li	38
遗尿停胶囊	yi niao ting jiao nang	2
遗尿病	yi niao bing	2
遗忘症	yi wang zheng	20
遗忘综合征	yi wang zong he zheng	1
遥测心电图	yao ce xin dian tu	2
邓小平理论概论	deng xiao ping li lun gai lun	2
邓铁涛	deng tie tao	29
邝安堃	kuang an kun	5
那他霉素	na ta mei su	3
那可丁	na ke ding	8
那如三味丸	na ru san wei wan	3
那敏伪麻胶囊	na min wei ma jiao nang	4
那格列奈	na ge lie nai	1
那格列奈片	na ge lie nai pian	2
那氟沙星	na fu sha xing	5
邪正	xie zheng	40
邪气盛则实	xie qi sheng ze shi	1
邹国英	zou guo ying	5
邻氨基苯甲酸	lin an ji ben jia suan	47
郁李仁	yu li ren	6
郁滞	yu zhi	10
郁病	yu bing	2
郁积性皮炎	yu ji xing pi yan	3
郁证	yu zheng	4
郁金银屑片	yu jin yin xie pian	5
郄穴	qie xue	18
郄门	qie men	4
郑夏恩	zheng xia en	17
郑怀贤	zheng huai xian	3
郑曼青	zheng man qing	47
郑维健	zheng wei jian	26
部分冠	bu fen guan	3
都梁滴丸	du liang di wan	2
都梁软胶囊	du liang ruan jiao nang	3
都气丸	du qi wan	1
酊剂	ding ji	25
配伍禁忌	pei wu jin ji	12
酒渣鼻	jiu zha bi	11
酒石	jiu shi	3
酒石酸吉他霉素	jiu shi suan ji ta mei su	3
酒石酸唑吡坦片	jiu shi suan zuo bi tan pian	3
酒石酸托特罗定	jiu shi suan tuo te luo ding	2
酒石酸溴莫尼定滴眼液	jiu shi suan xiu mo ni ding di yan ye	2
酒石酸美托洛尔	jiu shi suan mei tuo luo er	2
酒石酸美托洛尔片	jiu shi suan mei tuo luo er pian	2
酒石酸锑钾	jiu shi suan ti jia	19
酒石酸长春瑞滨	jiu shi suan chang chun rui bin	1
酒窝成形术	jiu wo cheng xing shu	4
酒精中毒性脑病	jiu jing zhong du xing nao bing	5
酒精性肝损坏	jiu jing xing gan sun huai	3
酒精性肝硬化	jiu jing xing gan ying hua	10
酒精性脂肪肝	jiu jing xing zhi fang gan	29
酒精擦浴	jiu jing ca yu	7
酚中毒	fen zhong du	3
酚咖麻敏胶囊	fen ka ma min jiao nang	5
酚妥拉明	fen tuo la ming	2
酚氨咖敏片	fen an ka min pian	2
酚磺乙胺注射液	fen huang yi an zhu she ye	3
酚苄明	fen bian ming	1
酚酞片	fen tai pian	5
酚麻美敏片	fen ma mei min pian	5
酞丁安乳膏	tai ding an ru gao	3
酪氨酸血症	lao an suan xue zheng	2
酪氨酸酶	lao an suan mei	24
酪酸梭菌	lao suan suo jun	2
酪酸梭菌活菌胶囊	lao suan suo jun huo jun jiao nang	3
酪醇	lao chun	12
酮康他索乳膏	tong kang ta suo ru gao	2
酮康唑	tong kang zuo	33
酮康唑乳膏	tong kang zuo ru gao	3
酮康唑洗剂	tong kang zuo xi ji	4
酮康唑片	tong kang zuo pian	2
酮康唑胶囊	tong kang zuo jiao nang	2
酮替芬	tong ti fen	8
酮洛芬	tong luo fen	1
酮洛芬搽剂	tong luo fen cha ji	2
酰胺键	xian an jian	24
酶切	mei qie	28
酶原	mei yuan	49
酶联免疫吸附测定	mei lian mian yi xi fu ce ding	6
酶联免疫吸附试验	mei lian mian yi xi fu shi yan	20
酸性磷酸酶	suan xing lin suan mei	17
酸性蛋白酶	suan xing dan bai mei	7
酸枣仁汤	suan zao ren tang	3
醋氮酰胺	cu dan xian an	1
醋氯芬酸	cu lv fen suan	3
醋氯芬酸肠溶片	cu lv fen suan chang rong pian	2
醋甲唑胺	cu jia zuo an	1
醋甲唑胺片	cu jia zuo an pian	2
醋硝香豆素	cu xiao xiang dou su	2
醋碘苯酸钠	cu dian ben suan na	3
醋酸亮丙瑞林	cu suan liang bing rui lin	3
醋酸倍他米松搽剂	cu suan bei ta mi song cha ji	2
醋酸可的松	cu suan ke di song	2
醋酸可的松滴眼液	cu suan ke di song di yan ye	2
醋酸地塞米松	cu suan di sai mi song	1
醋酸地塞米松软膏	cu suan di sai mi song ruan gao	2
醋酸曲安奈德	cu suan qu an nai de	1
醋酸曲安奈德注射液	cu suan qu an nai de zhu she ye	2
醋酸曲普瑞林	cu suan qu pu rui lin	1
醋酸氟轻松	cu suan fu qing song	6
醋酸氟轻松乳膏	cu suan fu qing song ru gao	2
醋酸氢化可的松	cu suan qing hua ke di song	1
醋酸氯地孕酮	cu suan lv di yun tong	2
醋酸泼尼松	cu suan po ni song	1
醋酸泼尼松片	cu suan po ni song pian	4
醋酸泼尼松龙	cu suan po ni song long	2
醋酸甲羟孕酮	cu suan jia qiang yun tong	32
醋酸甲羟孕酮片	cu suan jia qiang yun tong pian	2
醋酸白试验	cu suan bai shi yan	1
醋酸纤维素	cu suan xian wei su	49
醋酸钙颗粒	cu suan gai ke li	2
醋酸铅	cu suan qian	21
醑剂	xu ji	1
醒脑再造胶囊	xing nao zai zao jiao nang	3
醒脑安神胶囊	xing nao an shen jiao nang	2
醒脑静	xing nao jing	1
醒脑静注射液	xing nao jing zhu she ye	6
醒脾开胃颗粒	xing pi kai wei ke li	6
醛缩酶	quan suo mei	26
醽醁	ling lu	2
采血针	cai xue zhen	4
釉质发育不全	you zhi fa yu bu quan	6
释放因子	shi fang yin zi	38
释放度	shi fang du	1
里急后重	li ji hou zhong	9
重复尿道	chong fu niao dao	2
重复感染	chong fu gan ran	26
重复肾	chong fu shen	1
重大传染病疫情	zhong da chuan ran bing yi qing	4
重度精神发育迟滞	zhong du jing shen fa yu chi zhi	6
重感灵片	zhong gan ling pian	3
重接	chong jie	7
重楼	chong lou	8
重瓣胃	zhong ban wei	17
重症联合免疫缺陷	zhong zheng lian he mian yi que xian	2
重睑	chong jian	9
重睑成形术	chong jian cheng xing shu	4
重睑术	chong jian shu	4
重组人生长激素	chong zu ren sheng zhang ji su	1
重组人胰岛素	chong zu ren yi dao su	1
重组体	chong zu ti	10
重组修复	chong zu xiu fu	10
重组值	chong zu zhi	2
重组子	chong zu zi	3
重组率	chong zu lv	9
重组质粒	chong zu zhi li	4
重铬酸盐	zhong ge suan yan	28
野兔热	ye tu re	1
野决明	ye jue ming	27
野战外科学	ye zhan wai ke xue	2
野木瓜片	ye mu gua pian	3
野生型基因	ye sheng xing ji yin	3
野百合碱	ye bai he jian	2
野菊花栓	ye ju hua shuan	2
野颠茄	ye dian qie	3
野马追	ye ma zhui	3
量反应	liang fan ying	2
金世力德	jin shi li de	2
金丝桃苷	jin si tao gan	3
金乌骨通胶囊	jin wu gu tong jiao nang	4
金佛止痛丸	jin fo zhi tong wan	4
金刚乙胺	jin gang yi an	22
金刚烷胺	jin gang wan an	41
金刚胶囊	jin gang jiao nang	3
金刚藤胶囊	jin gang teng jiao nang	3
金刚藤软胶囊	jin gang teng ruan jiao nang	2
金刺参九正合剂	jin ci can jiu zheng he ji	3
金匮肾气丸	jin kui shen qi wan	4
金喉健喷雾剂	jin hou jian pen wu ji	3
金嗓子喉宝	jin sang zi hou bao	3
金嗓子喉片	jin sang zi hou pian	2
金嗓散结丸	jin sang san jie wan	2
金复康口服液	jin fu kang kou fu ye	2
金奥康	jin ao kang	2
金属支架	jin shu zhi jia	39
金属烟热	jin shu yan re	1
金属络合剂	jin shu luo he ji	2
金属酶	jin shu mei	22
金属陶瓷	jin shu tao ci	17
金振口服液	jin zhen kou fu ye	3
金日牌西洋参含片	jin ri pai xi yang shen han pian	2
金明渊	jin ming yuan	4
金果榄	jin guo lan	5
金栀洁龈含漱液	jin zhi jie yin han shu ye	2
金梅清暑颗粒	jin mei qing shu ke li	3
金樱	jin ying	3
金樱子	jin ying zi	15
金樱根	jin ying gen	4
金樱首乌汁	jin ying shou wu zhi	5
金橘叶	jin ju ye	2
金水宝片	jin shui bao pian	4
金水宝胶囊	jin shui bao jiao nang	5
金泽冠心胶囊	jin ze guan xin jiao nang	3
金津	jin jin	7
金牛眼药	jin niu yan yao	2
金盏银盘	jin zhan yin pan	3
金石斛	jin shi hu	21
金线莲	jin xian lian	31
金缨子	jin ying zi	3
金羚感冒片	jin ling gan mao pian	3
金胃泰胶囊	jin wei tai jiao nang	2
金芪降糖胶囊	jin qi jiang tang jiao nang	3
金芪降糖颗粒	jin qi jiang tang ke li	2
金花明目丸	jin hua ming mu wan	2
金荞麦	jin qiao mai	10
金荞麦片	jin qiao mai pian	4
金莲清热泡腾片	jin lian qing re pao teng pian	5
金莲清热颗粒	jin lian qing re ke li	3
金莲花胶囊	jin lian hua jiao nang	3
金莲花软胶囊	jin lian hua ruan jiao nang	3
金菌灵胶囊	jin jun ling jiao nang	2
金葡素注射液	jin pu su zhu she ye	3
金观源	jin guan yuan	1
金诺芬	jin nuo fen	1
金贝痰咳清颗粒	jin bei tan ke qing ke li	4
金达克宁	jin da ke ning	2
金钱草	jin qian cao	28
金铁锁	jin tie suo	7
金铃子散	jin ling zi san	1
金银花口服液	jin yin hua kou fu ye	2
金银花含片	jin yin hua han pian	3
金银花露	jin yin hua lu	1
金银花颗粒	jin yin hua ke li	3
金锁固精丸	jin suo gu jing wan	3
金防感冒颗粒	jin fang gan mao ke li	3
金雀花碱	jin que hua jian	2
金霉素眼膏	jin mei su yan gao	6
金霉素软膏	jin mei su ruan gao	3
金骨莲胶囊	jin gu lian jiao nang	4
金鸡片	jin ji pian	3
金鸡胶囊	jin ji jiao nang	4
金龙胶囊	jin long jiao nang	2
鉴别染色	jian bie ran se	1
针刺疗法	zhen ci liao fa	1
针刺试验	zhen ci shi yan	1
针刺镇痛	zhen ci zhen tong	2
针刺麻醉	zhen ci ma zui	10
针灸治疗学	zhen jiu zhi liao xue	8
针灸甲乙经	zhen jiu jia yi jing	37
钕玻璃	nv bo li	15
钙代谢紊乱	gai dai xie wen luan	2
钙化上皮瘤	gai hua shang pi liu	1
钙化影	gai hua ying	2
钙化性肌腱炎	gai hua xing ji jian yan	2
钙化灶	gai hua zao	1
钙拮抗药	gai jie kang yao	3
钙结合蛋白	gai jie he dan bai	28
钙铁锌硒维生素	gai tie xin xi wei sheng su	3
钛板	tai ban	5
钝器伤	dun qi shang	12
钝痛	dun tong	9
钟尚志	zhong shang zhi	9
钟惠澜	zhong hui lan	14
钠泵	na beng	2
钡餐透视	bei can tou shi	1
钩吻中毒	gou wen zhong du	5
钩椎关节	gou zhui guan jie	4
钩毛	gou mao	39
钩端螺旋体疫苗	gou duan luo xuan ti yi miao	4
钩藤汤	gou teng tang	1
钩虫病	gou chong bing	29
钩骨	gou gu	30
钱雷	qian lei	5
钳刮术	qian gua shu	5
钻山风	zuan shan feng	1
钻山风糖浆	zuan shan feng tang jiang	2
铁扫帚	tie sao zhou	14
铁染色	tie ran se	2
铁棒锤止痛膏	tie bang chui zhi tong gao	3
铁皮枫斗胶囊	tie pi feng dou jiao nang	3
铁皮枫斗颗粒	tie pi feng dou ke li	5
铁缺乏	tie que fa	16
铁锌钙	tie xin gai	5
铅尘	qian chen	8
铋中毒	bi zhong du	2
铜中毒	tong zhong du	10
铝尘肺	lv chen fei	4
铝碳酸镁	lv tan suan mei	1
铝碳酸镁咀嚼片	lv tan suan mei ju jue pian	3
铝碳酸镁片	lv tan suan mei pian	4
铝碳酸镁颗粒	lv tan suan mei ke li	3
铝镁加混悬液	lv mei jia hun xuan ye	3
铬中毒	ge zhong du	1
铬酸盐制造业工人肺癌	ge suan yan zhi zao ye gong ren fei ai	4
铬鼻病	ge bi bing	4
银丹心泰滴丸	yin dan xin tai di wan	3
银丹心脑通软胶囊	yin dan xin nao tong ruan jiao nang	3
银屑灵	yin xie ling	2
银屑病关节炎	yin xie bing guan jie yan	7
银屑胶囊	yin xie jiao nang	5
银屑颗粒	yin xie ke li	3
银杏内酯	yin xing nei zhi	14
银杏叶丸	yin xing ye wan	2
银杏叶分散片	yin xing ye fen san pian	4
银杏叶提取物	yin xing ye ti qu wu	1
银杏叶提取物注射液	yin xing ye ti qu wu zhu she ye	3
银杏叶提取物片	yin xing ye ti qu wu pian	3
银杏叶片	yin xing ye pian	7
银杏叶胶囊	yin xing ye jiao nang	5
银杏叶软胶囊	yin xing ye ruan jiao nang	3
银杏洋参胶囊	yin xing yang shen jiao nang	3
银杏胶囊	yin xing jiao nang	6
银杏软胶囊	yin xing ruan jiao nang	3
银杏达莫注射液	yin xing da mo zhu she ye	3
银杏酮酯	yin xing tong zhi	3
银杏酮酯分散片	yin xing tong zhi fen san pian	2
银杏酮酯滴丸	yin xing tong zhi di wan	3
银杏酸	yin xing suan	1
银柴胡	yin chai hu	6
银柴颗粒	yin chai ke li	3
银汞合金	yin gong he jin	2
银红补肾药酒	yin hong bu shen yao jiu	2
银翘散	yin qiao san	5
银翘片	yin qiao pian	7
银翘解毒丸	yin qiao jie du wan	1
银翘解毒合剂	yin qiao jie du he ji	3
银翘解毒片	yin qiao jie du pian	3
银翘解毒胶囊	yin qiao jie du jiao nang	4
银翘解毒颗粒	yin qiao jie du ke li	4
银翘颗粒	yin qiao ke li	3
银耳多糖	yin er duo tang	6
银花感冒颗粒	yin hua gan mao ke li	3
银花泌炎灵片	yin hua mi yan ling pian	2
银菊清咽颗粒	yin ju qing yan ke li	2
银葛通脉茶	yin ge tong mai cha	3
银贝止咳颗粒	yin bei zhi ke ke li	2
银黄	yin huang	6
银黄分散片	yin huang fen san pian	3
银黄口服液	yin huang kou fu ye	4
银黄含化片	yin huang han hua pian	2
银黄含片	yin huang han pian	5
银黄注射液	yin huang zhu she ye	2
银黄清肺胶囊	yin huang qing fei jiao nang	3
银黄滴丸	yin huang di wan	2
银黄片	yin huang pian	3
银黄胶囊	yin huang jiao nang	4
银黄颗粒	yin huang ke li	6
铸工尘肺	zhu gong chen fei	4
链激酶	lian ji mei	22
链球菌性肺炎	lian qiu jun xing fei yan	2
锁定钢板	suo ding gang ban	3
锁阳	suo yang	44
锁阳固精丸	suo yang gu jing wan	5
锁阳补肾胶囊	suo yang bu shen jiao nang	4
锁骨上淋巴结	suo gu shang lin ba jie	2
锁骨上窝	suo gu shang wo	4
锁骨下动脉	suo gu xia dong mai	43
锁骨下静脉	suo gu xia jing mai	12
锁骨中线	suo gu zhong xian	13
锁骨骨折	suo gu gu zhe	35
锌中毒	xin zhong du	5
锌缺乏	xin que fa	21
锐痛	rui tong	5
错义突变	cuo yi tu bian	23
错构瘤	cuo gou liu	17
锤状趾	chui zhuang zhi	1
锥体外系	zhui ti wai xi	14
锥体外系反应	zhui ti wai xi fan ying	15
锥体外系疾病	zhui ti wai xi ji bing	1
锥体系统	zhui ti xi tong	3
锦灯笼	jin deng long	5
锯齿缘	ju chi yuan	47
镇咳糖浆	zhen ke tang jiang	3
镇咳药	zhen ke yao	23
镇痛膏	zhen tong gao	1
镇脑宁胶囊	zhen nao ning jiao nang	2
镍钛合金	nie tai he jin	3
镜检	jing jian	42
镜湖马路	jing hu ma lu	43
镫骨手术	deng gu shou shu	2
镰刀菌病	lian dao jun bing	3
镰状细胞贫血	lian zhuang xi bao pin xue	5
长头	chang tou	9
长强	chang qiang	5
长强穴	chang qiang xue	3
长时记忆	chang shi ji yi	9
长春宝丸	chang chun bao wan	3
长春瑞滨	chang chun rui bin	2
长春生物制品研究所	chang chun sheng wu zhi pin yan jiu suo	5
长春益寿膏	chang chun yi shou gao	3
长春碱	chang chun jian	23
长春西汀	chang chun xi ting	1
长春西汀注射液	chang chun xi ting zhu she ye	3
长春西汀葡萄糖注射液	chang chun xi ting pu tao tang zhu she ye	3
长源甘平	chang yuan gan ping	2
长牙	chang ya	10
长肌	chang ji	44
长骨	chang gu	8
门体分流术	men ti fen liu shu	5
门冬氨酸	men dong an suan	4
门冬氨酸钾	men dong an suan jia	1
门冬氨酸钾镁	men dong an suan jia mei	4
门冬氨酸钾镁注射液	men dong an suan jia mei zhu she ye	2
门冬氨酸鸟氨酸	men dong an suan niao an suan	2
门冬胰岛素	men dong yi dao su	20
门冬胰岛素注射液	men dong yi dao su zhu she ye	3
门冬酰胺	men dong xian an	6
门冬酰胺酶	men dong xian an mei	21
门脉高压	men mai gao ya	37
门静脉血栓形成	men jing mai xue shuan xing cheng	5
门静脉高压	men jing mai gao ya	13
闭合性气胸	bi he xing qi xiong	2
闭合性脑损伤	bi he xing nao sun shang	6
闭塞性动脉硬化	bi se xing dong mai ying hua	2
闭塞性动脉硬化症	bi se xing dong mai ying hua zheng	2
闭孔	bi kong	38
闭孔疝	bi kong shan	2
闭孔神经	bi kong shen jing	3
闭角型青光眼	bi jiao xing qing guang yan	5
闭锁综合征	bi suo zong he zheng	24
间使	jian shi	6
间使穴	jian shi xue	3
间变	jian bian	7
间接接触	jian jie jie chu	36
间接推理	jian jie tui li	1
间接死因	jian jie si yin	3
间接转移	jian jie zhuan yi	2
间日疟	jian ri nve	39
间歇性外斜视	jian xie xing wai xie shi	2
间歇性跛行	jian xie xing bo xing	11
间歇热	jian xie re	1
间皮	jian pi	5
间羟胺	jian qiang an	4
间苯三酚	jian ben san fen	29
间质性肾炎	jian zhi xing shen yan	19
间质性膀胱炎	jian zhi xing pang guang yan	36
阈浓度	yu nong du	2
阉割情结	yan ge qing jie	1
阑尾穴	lan wei xue	1
阑尾类癌	lan wei lei ai	2
阔筋膜张肌	kuo jin mo zhang ji	3
队列研究	dui lie yan jiu	40
防伪标志	fang wei biao zhi	13
防保站	fang bao zhan	7
防参止痒颗粒	fang shen zhi yang ke li	2
防己黄芪汤	fang ji huang qi tang	3
防护口罩	fang hu kou zhao	27
防护手套	fang hu shou tao	17
防护用品	fang hu yong pin	36
防芷鼻炎片	fang zhi bi yan pian	2
防衰益寿丸	fang shuai yi shou wan	3
防风通圣	fang feng tong sheng	2
防风通圣丸	fang feng tong sheng wan	5
防风通圣散	fang feng tong sheng san	3
阳交	yang jiao	2
阳性体征	yang xing ti zheng	1
阳春口服液	yang chun kou fu ye	2
阳春砂	yang chun sha	3
阳极效应	yang ji xiao ying	2
阳池	yang chi	6
阳溪穴	yang xi xue	1
阳生植物	yang sheng zhi wu	1
阳白	yang bai	5
阳白穴	yang bai xue	2
阳脉之海	yang mai zhi hai	2
阳虚寒凝证	yang xu han ning zheng	2
阳虚水泛	yang xu shui fan	3
阳虚血瘀证	yang xu xue yu zheng	2
阳谷穴	yang gu xue	2
阳起石	yang qi shi	33
阳辅穴	yang fu xue	2
阳陵泉	yang ling quan	7
阴交	yin jiao	7
阴包	yin bao	2
阴囊损伤	yin nang sun shang	2
阴囊水肿	yin nang shui zhong	10
阴囊湿疹	yin nang shi zhen	4
阴囊炎	yin nang yan	4
阴囊疱疹	yin nang pao zhen	2
阴囊瘙痒	yin nang sao yang	4
阴囊肿大	yin nang zhong da	2
阴寒证	yin han zheng	2
阴市	yin shi	3
阴平阳秘	yin ping yang mi	6
阴影效应	yin ying xiao ying	1
阴液亏损	yin ye kui sun	4
阴盛格阳	yin sheng ge yang	1
阴脉之海	yin mai zhi hai	2
阴茎假体植入术	yin jing jia ti zhi ru shu	4
阴茎再造术	yin jing zai zao shu	4
阴茎延长术	yin jing yan chang shu	1
阴茎异常勃起	yin jing yi chang bo qi	36
阴茎扭转	yin jing niu zhuan	1
阴茎损伤	yin jing sun shang	4
阴茎畸形	yin jing ji xing	4
阴茎肿瘤	yin jing zhong liu	2
阴茎部分切除术	yin jing bu fen qie chu shu	3
阴虚内热证	yin xu nei re zheng	2
阴虚发热	yin xu fa re	3
阴虚火旺	yin xu huo wang	10
阴虚火旺证	yin xu huo wang zheng	2
阴虚血瘀证	yin xu xue yu zheng	2
阴虚阳亢	yin xu yang kang	6
阴虚阳亢证	yin xu yang kang zheng	2
阴虱病	yin shi bing	2
阴谷	yin gu	4
阴道再造术	yin dao zai zao shu	3
阴道冲洗	yin dao chong xi	2
阴道分泌物检查	yin dao fen mi wu jian cha	6
阴道前庭	yin dao qian ting	17
阴道成形术	yin dao cheng xing shu	34
阴道松弛	yin dao song chi	4
阴道横隔	yin dao heng ge	3
阴道毛滴虫病	yin dao mao di chong bing	3
阴道紧缩术	yin dao jin suo shu	5
阴道纵膈	yin dao zong ge	3
阴道纵隔	yin dao zong ge	4
阴道肿瘤	yin dao zhong liu	15
阴道脱垂	yin dao tuo chui	3
阴道镜检查	yin dao jing jian cha	4
阴道闭锁	yin dao bi suo	7
阴都	yin du	4
阴阳两虚证	yin yang liang xu zheng	3
阴阳互根	yin yang hu gen	3
阴阳消长	yin yang xiao zhang	9
阴阳离决	yin yang li jue	3
阴阳转化	yin yang zhuan hua	4
阴陵泉	yin ling quan	2
阵发性室上性心动过速	zhen fa xing shi shang xing xin dong guo su	6
阵发性心动过速	zhen fa xing xin dong guo su	4
阵挛	zhen luan	43
阻力血管	zu li xue guan	1
阻塞性肺气肿	zu se xing fei qi zhong	7
阻生牙	zu sheng ya	1
阻生牙拔除术	zu sheng ya ba chu shu	4
阻遏蛋白	zu e dan bai	24
阿义马林	a yi ma lin	2
阿仑膦酸钠	a lun lin suan na	1
阿伐斯汀	a fa si ting	7
阿加曲班	a jia qu ban	1
阿卡波糖	a ka bo tang	2
阿卡波糖片	a ka bo tang pian	6
阿司匹林泡腾片	a si pi lin pao teng pian	1
阿司匹林片	a si pi lin pian	1
阿司匹林缓释片	a si pi lin huan shi pian	4
阿司匹林肠溶片	a si pi lin chang rong pian	7
阿司匹林肠溶缓释片	a si pi lin chang rong huan shi pian	2
阿司匹林肠溶胶囊	a si pi lin chang rong jiao nang	3
阿司咪唑	a si mi zuo	4
阿司米星	a si mi xing	2
阿咖酚散	a ka fen san	1
阿咖酚胶囊	a ka fen jiao nang	3
阿奇霉素分散片	a qi mei su fen san pian	1
阿奇霉素干混悬剂	a qi mei su gan hun xuan ji	3
阿奇霉素氯化钠注射液	a qi mei su lv hua na zhu she ye	2
阿奇霉素注射液	a qi mei su zhu she ye	4
阿奇霉素片	a qi mei su pian	5
阿奇霉素磷酸二氢钠	a qi mei su lin suan er qing na	2
阿奇霉素肠溶片	a qi mei su chang rong pian	2
阿奇霉素胶囊	a qi mei su jiao nang	5
阿奇霉素颗粒	a qi mei su ke li	6
阿尔马尔	a er ma er	4
阿归养血糖浆	a gui yang xue tang jiang	2
阿德福韦酯	a de fu wei zhi	2
阿德福韦酯片	a de fu wei zhi pian	4
阿德福韦酯胶囊	a de fu wei zhi jiao nang	4
阿扑吗啡	a pu ma fei	2
阿托伐他汀	a tuo fa ta ting	49
阿托伐他汀钙	a tuo fa ta ting gai	1
阿托伐他汀钙片	a tuo fa ta ting gai pian	1
阿托品眼膏	a tuo pin yan gao	2
阿拉斯加深海鱼油	a la si jia shen hai yu you	4
阿拉明	a la ming	12
阿拓莫兰	a tuo mo lan	2
阿昔洛韦乳膏	a xi luo wei ru gao	4
阿昔洛韦滴眼液	a xi luo wei di yan ye	4
阿昔洛韦片	a xi luo wei pian	4
阿昔洛韦眼膏	a xi luo wei yan gao	2
阿昔洛韦软膏	a xi luo wei ruan gao	3
阿昔莫司	a xi mo si	1
阿普唑仑片	a pu zuo lun pian	6
阿曲库铵	a qu ku an	3
阿替普酶	a ti pu mei	5
阿替洛尔	a ti luo er	19
阿柔比星	a rou bi xing	2
阿法骨化醇	a fa gu hua chun	3
阿洛西林	a luo xi lin	8
阿洛西林钠	a luo xi lin na	3
阿片中毒	a pian zhong du	2
阿立哌唑	a li pai zuo	26
阿立哌唑片	a li pai zuo pian	3
阿米三嗪萝巴新片	a mi san qin luo ba xin pian	6
阿米卡星	a mi ka xing	17
阿米巴性肝脓肿	a mi ba xing gan nong zhong	2
阿米巴肝脓肿	a mi ba gan nong zhong	2
阿米巴肺脓肿	a mi ba fei nong zhong	2
阿米替林	a mi ti lin	40
阿米福汀	a mi fu ting	2
阿胶三宝膏	e jiao san bao gao	3
阿胶养血膏	e jiao yang xue gao	2
阿胶口服液	e jiao kou fu ye	4
阿胶枣	e jiao zao	7
阿胶泡腾颗粒	e jiao pao teng ke li	2
阿胶益寿晶	e jiao yi shou jing	3
阿胶胶囊	e jiao jiao nang	3
阿胶补血口服液	e jiao bu xue kou fu ye	4
阿胶补血膏	e jiao bu xue gao	4
阿胶补血颗粒	e jiao bu xue ke li	2
阿胶颗粒	e jiao ke li	4
阿胶鸡子黄汤	e jiao ji zi huang tang	2
阿芬太尼	a fen tai ni	3
阿苯达唑	a ben da zuo	28
阿苯达唑片	a ben da zuo pian	1
阿苯达唑颗粒	a ben da zuo ke li	2
阿莫罗芬	a mo luo fen	1
阿莫西林克拉维酸钾	a mo xi lin ke la wei suan jia	8
阿莫西林克拉维酸钾片	a mo xi lin ke la wei suan jia pian	4
阿莫西林分散片	a mo xi lin fen san pian	5
阿莫西林咀嚼片	a mo xi lin ju jue pian	4
阿莫西林干混悬剂	a mo xi lin gan hun xuan ji	3
阿莫西林片	a mo xi lin pian	4
阿莫西林胶囊	a mo xi lin jiao nang	1
阿莫西林舒巴坦匹酯片	a mo xi lin shu ba tan pi zhi pian	2
阿莫西林钠	a mo xi lin na	1
阿莫西林钠氟氯西林钠	a mo xi lin na fu lv xi lin na	2
阿莫西林颗粒	a mo xi lin ke li	6
阿达帕林凝胶	a da pa lin ning jiao	1
阿那曲唑	a na qu zuo	3
阿里红咳喘口服液	a li hong ke chuan kou fu ye	2
阿魏化痞膏	a wei hua pi gao	3
阿魏酸	a wei suan	46
阿魏酸钠葡萄糖注射液	a wei suan na pu tao tang zhu she ye	2
阿黑皮素原	a hei pi su yuan	5
附分	fu fen	2
附加剂	fu jia ji	4
附子理中丸	fu zi li zhong wan	1
附睾囊肿	fu gao nang zhong	3
附睾炎	fu gao yan	23
附睾管	fu gao guan	2
附睾结核	fu gao jie he	1
附红细胞体病	fu hong xi bao ti bing	1
陆栖动物	lu qi dong wu	29
陈世益	chen shi yi	1
陈中伟	chen zhong wei	25
陈垣崇	chen yuan chong	23
陈定信	chen ding xin	32
陈宜张	chen yi zhang	9
陈无择	chen wu ze	5
陈旧性心肌梗死	chen jiu xing xin ji geng si	5
陈旧性肺结核	chen jiu xing fei jie he	5
陈旧性骨折	chen jiu xing gu zhe	8
陈昭遇	chen zhao yu	8
陈景虹	chen jing hong	3
陈肇隆	chen zhao long	9
陈藏器	chen cang qi	21
陈述性记忆	chen shu xing ji yi	47
陈香露白露	chen xiang lu bai lu	2
陈香露白露片	chen xiang lu bai lu pian	2
降压片	jiang ya pian	7
降压袋泡茶	jiang ya dai pao cha	4
降压颗粒	jiang ya ke li	2
降气	jiang qi	17
降真	jiang zhen	5
降糖丸	jiang tang wan	2
降糖宁胶囊	jiang tang ning jiao nang	6
降糖甲片	jiang tang jia pian	2
降糖舒胶囊	jiang tang shu jiao nang	2
降糖通脉胶囊	jiang tang tong mai jiao nang	3
降纤酶	jiang xian mei	2
降结肠	jiang jie chang	28
降脂排毒胶囊	jiang zhi pai du jiao nang	3
降脂灵片	jiang zhi ling pian	2
降脂灵胶囊	jiang zhi ling jiao nang	4
降钙素基因相关肽	jiang gai su ji yin xiang guan tai	4
降香	jiang xiang	23
限制性心肌病	xian zhi xing xin ji bing	2
限制性片段长度多态性	xian zhi xing pian duan chang du duo tai xing	2
院前急救	yuan qian ji jiu	20
除皱术	chu zhou shu	2
除脂生发片	chu zhi sheng fa pian	2
除障则海甫片	chu zhang ze hai fu pian	5
除障则海甫胶囊	chu zhang ze hai fu jiao nang	3
陶道穴	tao dao xue	4
隆突性皮肤纤维肉瘤	long tu xing pi fu xian wei rou liu	4
隆鼻术	long bi shu	7
随体	sui ti	3
随意后注意	sui yi hou zhu yi	3
随意肌	sui yi ji	15
随意运动	sui yi yun dong	13
随时消毒	sui shi xiao du	1
随机婚配	sui ji hun pei	2
随机误差	sui ji wu cha	40
随诊	sui zhen	13
隐丹参酮	yin dan shen tong	7
隐匿阴茎	yin ni yin jing	5
隐孢子虫病	yin bao zi chong bing	14
隐形义齿	yin xing yi chi	4
隐性感染	yin xing gan ran	14
隐性梅毒	yin xing mei du	4
隐球菌病	yin qiu jun bing	32
隐白	yin bai	9
隐白穴	yin bai xue	3
隐睾	yin gao	8
隐睾症	yin gao zheng	11
隐翅虫皮炎	yin chi chong pi yan	1
隐耳	yin er	9
隐蔽抗原	yin bi kang yuan	2
隔代遗传	ge dai yi chuan	23
隔山消积颗粒	ge shan xiao ji ke li	5
隔离服	ge li fu	7
障眼明片	zhang yan ming pian	3
难治性贫血	nan zhi xing pin xue	1
难经	nan jing	7
雄激素不敏感综合征	xiong ji su bu min gan zong he zheng	4
雅司	ya si	2
雅司病	ya si bing	24
雅士利奶粉	ya shi li nai fen	2
雅施达	ya shi da	4
集落刺激因子	ji luo ci ji yin zi	48
雌二醇贴片	ci er chun tie pian	2
雌核发育	ci he fa yu	13
雌激素替代治疗	ci ji su ti dai zhi liao	5
雌雄间体	ci xiong jian ti	3
雪上一枝蒿	xue shang yi zhi hao	1
雪山胃宝丸	xue shan wei bao wan	2
雪梨膏	xue li gao	6
雪胆胃肠丸	xue dan wei chang wan	4
雪莲注射液	xue lian zhu she ye	2
雷丸	lei wan	3
雷公藤	lei gong teng	43
雷公藤双层片	lei gong teng shuang ceng pian	4
雷公藤多甙	lei gong teng duo dai	3
雷公藤多甙片	lei gong teng duo dai pian	2
雷公藤多苷片	lei gong teng duo gan pian	4
雷公藤总萜片	lei gong teng zong tie pian	4
雷公藤片	lei gong teng pian	5
雷公藤甲素	lei gong teng jia su	3
雷击死	lei ji si	5
雷尼替丁	lei ni ti ding	43
雷尼替丁胶囊	lei ni ti ding jiao nang	3
雷洛昔芬	lei luo xi fen	10
雷米普利片	lei mi pu li pian	2
雷诺病	lei nuo bing	3
雷诺考特	lei nuo kao te	4
雷贝拉唑	lei bei la zuo	5
雷贝拉唑钠肠溶片	lei bei la zuo na chang rong pian	3
雷贝拉唑钠肠溶胶囊	lei bei la zuo na chang rong jiao nang	3
雾化吸入	wu hua xi ru	8
雾化吸入剂	wu hua xi ru ji	2
雾化吸入器	wu hua xi ru qi	4
雾化器	wu hua qi	32
震颤法	zhen chan fa	3
霉菌性外耳道炎	mei jun xing wai er dao yan	5
霉菌性肺炎	mei jun xing fei yan	4
霉菌性角膜炎	mei jun xing jiao mo yan	3
霉菌感染	mei jun gan ran	28
霍乱病	huo luan bing	28
霍乱转筋	huo luan zhuan jin	2
霰粒肿	xian li zhong	12
露阴症	lu yin zheng	3
露龈笑	lu yin xiao	2
青壮年猝死综合征	qing zhuang nian cu si zong he zheng	5
青大将丸	qing da jiang wan	3
青少年牙周炎	qing shao nian ya zhou yan	2
青春型精神分裂症	qing chun xing jing shen fen lie zheng	4
青果丸	qing guo wan	2
青枝骨折	qing zhi gu zhe	3
青橄榄	qing gan lan	13
青洲大马路	qing zhou da ma lu	45
青灵	qing ling	3
青礞石	qing meng shi	1
青稞酒	qing ke jiu	48
青箱子	qing xiang zi	1
青草油	qing cao you	3
青葙子	qing xiang zi	4
青蒿琥酯	qing hao hu zhi	39
青蒿琥酯片	qing hao hu zhi pian	1
青蒿鳖甲汤	qing hao bie jia tang	1
青藏龙胆	qing zang long dan	2
青藤碱	qing teng jian	14
青霉病	qing mei bing	5
青霉素皮试剂	qing mei su pi shi ji	3
青霉素酶	qing mei su mei	15
青霉素钠	qing mei su na	5
青霉素钾	qing mei su jia	1
青霉胺	qing mei an	39
青风藤	qing feng teng	7
静功	jing gong	23
静心口服液	jing xin kou fu ye	5
静息能量消耗	jing xi neng liang xiao hao	2
静止期	jing zhi qi	24
静止龋	jing zhi qu	2
静纤毛	jing xian mao	1
静置培养	jing zhi pei yang	2
静脉丛	jing mai cong	19
静脉回流	jing mai hui liu	30
静脉推注	jing mai tui zhu	4
静脉滴注	jing mai di zhu	35
静脉瓣	jing mai ban	9
静脉留置针	jing mai liu zhi zhen	2
静脉石	jing mai shi	4
静脉穿刺	jing mai chuan ci	23
静脉窦	jing mai dou	37
静脉肾盂造影	jing mai shen yu zao ying	10
静脉血栓形成	jing mai xue shuan xing cheng	36
静脉麻醉	jing mai ma zui	3
静脉麻醉药	jing mai ma zui yao	5
靛玉红	dian yu hong	5
非何杰金氏淋巴瘤	fei he jie jin shi lin ba liu	20
非参数检验	fei can shu jian yan	7
非必需氨基酸	fei bi xu an ji suan	16
非感染性腹泻	fei gan ran xing fu xie	7
非接触眼压计	fei jie chu yan ya ji	4
非整倍体	fei zheng bei ti	45
非整倍性	fei zheng bei xing	13
非洛地平	fei luo di ping	2
非洛地平片	fei luo di ping pian	3
非洛地平缓释片	fei luo di ping huan shi pian	5
非洲锥虫病	fei zhou zhui chong bing	13
非淋球菌性尿道炎	fei lin qiu jun xing niao dao yan	3
非淋菌性尿道炎	fei lin jun xing niao dao yan	5
非溃疡性消化不良	fei kui yang xing xiao hua bu liang	2
非特异性免疫	fei te yi xing mian yi	12
非特异性尿道炎	fei te yi xing niao dao yan	2
非特异性睾丸炎	fei te yi xing gao wan yan	2
非特异性阴道炎	fei te yi xing yin dao yan	3
非胰岛素依赖型糖尿病	fei yi dao su yi lai xing tang niao bing	5
非诺贝特	fei nuo bei te	9
非诺贝特分散片	fei nuo bei te fen san pian	2
非诺贝特胶囊	fei nuo bei te jiao nang	3
非那甾胺	fei na zai an	4
非那西丁	fei na xi ding	26
非那雄胺	fei na xiong an	13
非那雄胺片	fei na xiong an pian	3
面先露	mian xian lu	2
面型	mian xing	7
面斜裂	mian xie lie	2
面横裂	mian heng lie	3
面神经核	mian shen jing he	2
面神经麻痹	mian shen jing ma bi	7
面肌	mian ji	2
面肌痉挛	mian ji jing luan	14
面肌萎缩	mian ji wei suo	2
面色萎黄	mian se wei huang	2
面部烧伤	mian bu shao shang	4
面部老化	mian bu lao hua	4
面部肉芽肿	mian bu rou ya zhong	2
面部除皱术	mian bu chu zhou shu	5
面颅骨	mian lu gu	2
革兰氏染色阳性	ge lan shi ran se yang xing	6
革螨	ge man	45
靶向制剂	ba xiang zhi ji	23
靶器官	ba qi guan	27
鞍上池	an shang chi	1
鞍区	an qu	6
鞍结节脑膜瘤	an jie jie nao mo liu	1
鞍背	an bei	22
鞘内注射	qiao nei zhu she	15
鞣酸加压素	rou suan jia ya su	3
鞣酸小檗碱	rou suan xiao bo jian	2
鞣酸苦参碱胶囊	rou suan ku shen jian jiao nang	4
鞣酸蛋白	rou suan dan bai	3
鞣酸蛋白散	rou suan dan bai san	2
鞣酸蛋白酵母散	rou suan dan bai jiao mu san	3
鞣酸软膏	rou suan ruan gao	4
鞭毛蛋白	bian mao dan bai	4
鞭虫	bian chong	39
鞭虫病	bian chong bing	20
韧带损伤	ren dai sun shang	38
韩文海	han wen hai	5
韩氏医通	han shi yi tong	2
音乐疗法	yin yue liao fa	26
顶交	ding jiao	3
顶体	ding ti	3
顶体反应	ding ti fan ying	5
顶泌汗腺	ding mi han xian	14
顶突	ding tu	12
项目反应理论	xiang mu fan ying li lun	4
项韧带	xiang ren dai	4
顺峰	shun feng	31
顺序效应	shun xu xiao ying	3
顺应性	shun ying xing	39
顺铂注射液	shun bo zhu she ye	2
须疮	xu chuang	1
顾方舟	gu fang zhou	49
顿服	dun fu	1
预激综合征	yu ji zong he zheng	3
预知子	yu zhi zi	1
预胶化淀粉	yu jiao hua dian fen	3
预防为主	yu fang wei zhu	14
预防口腔医学	yu fang kou qiang yi xue	4
预防接种工作规范	yu fang jie zhong gong zuo gui fan	8
预防接种异常反应	yu fang jie zhong yi chang fan ying	4
颅中窝	lu zhong wo	12
颅内动脉瘤	lu nei dong mai liu	8
颅内动静脉畸形	lu nei dong jing mai ji xing	5
颅内占位性病变	lu nei zhan wei xing bing bian	1
颅内压升高	lu nei ya sheng gao	17
颅内压增高	lu nei ya zeng gao	15
颅内高压	lu nei gao ya	15
颅前窝	lu qian wo	9
颅后窝	lu hou wo	8
颅咽管瘤	lu yan guan liu	8
颅底骨折	lu di gu zhe	4
颅痛宁颗粒	lu tong ning ke li	5
颅盖	lu gai	3
颅神经	lu shen jing	24
颅神经损害	lu shen jing sun hai	1
颅脑损伤	lu nao sun shang	31
颅裂	lu lie	1
颅骨修补术	lu gu xiu bu shu	5
颅骨线形骨折	lu gu xian xing gu zhe	2
颅骨缺损	lu gu que sun	3
颅骨骨折	lu gu gu zhe	46
颅骨骨瘤	lu gu gu liu	2
颈内动脉	jing nei dong mai	29
颈内动脉海绵窦瘘	jing nei dong mai hai mian dou lou	3
颈内静脉	jing nei jing mai	8
颈动脉体瘤	jing dong mai ti liu	4
颈动脉内膜切除术	jing dong mai nei mo qie chu shu	4
颈动脉内膜剥脱术	jing dong mai nei mo bo tuo shu	5
颈动脉狭窄	jing dong mai xia zhai	5
颈动脉瘤	jing dong mai liu	1
颈动脉硬化	jing dong mai ying hua	1
颈动脉窦	jing dong mai dou	13
颈动脉管	jing dong mai guan	4
颈动脉鞘	jing dong mai qiao	5
颈复康颗粒	jing fu kang ke li	5
颈外动脉	jing wai dong mai	5
颈外静脉	jing wai jing mai	6
颈总动脉	jing zong dong mai	18
颈曲	jing qu	3
颈椎半脱位	jing zhui ban tuo wei	6
颈椎病贴	jing zhui bing tie	3
颈椎结核	jing zhui jie he	2
颈椎脱位	jing zhui tuo wei	1
颈椎间盘	jing zhui jian pan	12
颈椎骨折	jing zhui gu zhe	21
颈淋巴结炎	jing lin ba jie yan	4
颈百劳	jing bai lao	3
颈肌	jing ji	3
颈腰康胶囊	jing yao kang jiao nang	2
颈舒颗粒	jing shu ke li	3
颈蹼	jing pu	3
颈部损伤	jing bu sun shang	4
颈部淋巴结结核	jing bu lin ba jie jie he	3
颈部烧伤	jing bu shao shang	1
颈部血管瘤	jing bu xue guan liu	3
颈静脉孔	jing jing mai kong	8
颈静脉怒张	jing jing mai nu zhang	3
颊肌	jia ji	5
颊脂垫	jia zhi dian	5
颊车	jia che	4
颊间隙	jia jian xi	3
颌下淋巴结	he xia lin ba jie	1
颌下腺	he xia xian	3
颌下腺炎	he xia xian yan	3
颌面部间隙感染	he mian bu jian xi gan ran	4
颌骨发育不全	he gu fa yu bu quan	1
颌骨囊肿	he gu nang zhong	4
颌骨骨髓炎	he gu gu sui yan	1
颏成形术	ke cheng xing shu	3
颏舌肌	ke she ji	2
颗粒剂	ke li ji	23
颗粒层	ke li ceng	34
颗粒细胞瘤	ke li xi bao liu	7
颚口线虫病	e kou xian chong bing	5
颜面再发性皮炎	yan mian zai fa xing pi yan	5
额外牙	e wai ya	2
额外肾	e wai shen	4
额尔古纳右旗	e er gu na you qi	13
额窦	e dou	24
额窦炎	e dou yan	2
额窦骨折	e dou gu zhe	3
颞下窝	nie xia wo	5
颞下颌关节	nie xia he guan jie	19
颞下颌关节强直	nie xia he guan jie qiang zhi	3
颞下颌关节炎	nie xia he guan jie yan	1
颞下颌关节脱位	nie xia he guan jie tuo wei	3
颞窝	nie wo	5
颞肌	nie ji	28
颞部	nie bu	23
颞部除皱术	nie bu chu zhou shu	3
颞骨骨折	nie gu gu zhe	1
颠茄合剂	dian qie he ji	4
颠茄流浸膏	dian qie liu jin gao	1
颠茄浸膏	dian qie jin gao	1
颠茄片	dian qie pian	6
颠茄草	dian qie cao	2
颤病	chan bing	3
颧骨骨折	quan gu gu zhe	7
颧髎	quan liao	4
风害	feng hai	47
风寒双离拐片	feng han shuang li guai pian	2
风寒双离拐胶囊	feng han shuang li guai jiao nang	3
风寒咳嗽	feng han ke sou	1
风寒感冒	feng han gan mao	2
风寒感冒冲剂	feng han gan mao chong ji	4
风寒感冒颗粒	feng han gan mao ke li	4
风市	feng shi	5
风府	feng fu	6
风府穴	feng fu xue	1
风池	feng chi	11
风池穴	feng chi xue	4
风温肺热病	feng wen fei re bing	3
风湿关节炎丸	feng shi guan jie yan wan	3
风湿关节炎片	feng shi guan jie yan pian	3
风湿安泰片	feng shi an tai pian	1
风湿定胶囊	feng shi ding jiao nang	4
风湿寒痛片	feng shi han tong pian	2
风湿性多肌痛	feng shi xing duo ji tong	5
风湿性心脏病	feng shi xing xin zang bing	30
风湿症	feng shi zheng	35
风湿痛药酒	feng shi tong yao jiu	2
风湿贴	feng shi tie	4
风湿马钱片	feng shi ma qian pian	2
风湿骨痛	feng shi gu tong	11
风湿骨痛胶囊	feng shi gu tong jiao nang	4
风湿骨痛药酒	feng shi gu tong yao jiu	3
风热咳嗽	feng re ke sou	1
风热感冒	feng re gan mao	5
风热感冒颗粒	feng re gan mao ke li	5
风疹减毒活疫苗	feng zhen jian du huo yi miao	3
风疹疫苗	feng zhen yi miao	14
风疹病毒	feng zhen bing du	14
风痛宁片	feng tong ning pian	2
风痱	feng fei	2
风痹	feng bi	21
风眩	feng xuan	14
风能胜湿	feng neng sheng shi	1
风门穴	feng men xue	5
飞沫传播	fei mo chuan bo	22
飞沫传染	fei mo chuan ran	33
飞行错觉	fei xing cuo jue	1
飞龙夺命丸	fei long duo ming wan	2
食亦	shi yi	5
食品理化检验	shi pin li hua jian yan	2
食团	shi tuan	6
食欲亢进	shi yu kang jin	6
食母生	shi mu sheng	5
食母生片	shi mu sheng pian	1
食源性疾病	shi yuan xing ji bing	19
食物嵌塞	shi wu qian se	7
食管扩张	shi guan kuo zhang	4
食管气管瘘	shi guan qi guan lou	4
食管炎	shi guan yan	20
食管狭窄	shi guan xia zhai	4
食管癌	shi guan ai	39
食管穿孔	shi guan chuan kong	1
食管裂孔	shi guan lie kong	2
食管裂孔疝	shi guan lie kong shan	10
食管裂孔疝修补术	shi guan lie kong shan xiu bu shu	4
食管造影	shi guan zao ying	4
食管闭锁	shi guan bi suo	1
食管静脉曲张	shi guan jing mai qu zhang	11
食糜	shi mi	44
食道平散	shi dao ping san	2
饥饿性酮症	ji e xing tong zheng	1
饮食疗法	yin shi liao fa	12
饮食美容	yin shi mei rong	2
首乌	shou wu	9
首乌延寿片	shou wu yan shou pian	3
首乌强身片	shou wu qiang shen pian	3
首乌藤	shou wu teng	2
首关消除	shou guan xiao chu	2
首明山胶囊	shou ming shan jiao nang	3
首过效应	shou guo xiao ying	14
香丹注射液	xiang dan zhu she ye	1
香加皮	xiang jia pi	3
香子兰	xiang zi lan	11
香砂六君丸	xiang sha liu jun wan	4
香砂六君子汤	xiang sha liu jun zi tang	1
香砂养胃丸	xiang sha yang wei wan	7
香砂养胃片	xiang sha yang wei pian	2
香砂和胃丸	xiang sha he wei wan	3
香砂平胃丸	xiang sha ping wei wan	3
香砂枳术丸	xiang sha zhi zhu wan	1
香精油	xiang jing you	37
香苏正胃丸	xiang su zheng wei wan	3
香草酸	xiang cao suan	20
香草醛	xiang cao quan	38
香菇多糖	xiang gu duo tang	9
香菊感冒颗粒	xiang ju gan mao ke li	3
香菊胶囊	xiang ju jiao nang	4
香薷散	xiang ru san	2
香连丸	xiang lian wan	1
馥感啉口服液	fu gan lin kou fu ye	2
马利兰片	ma li lan pian	3
马尾综合征	ma wei zong he zheng	3
马尿泡	ma niao pao	7
马尿酸	ma niao suan	36
马应龙八宝眼粉	ma ying long ba bao yan fen	2
马应龙痔疮膏	ma ying long zhi chuang gao	5
马应龙麝香痔疮膏	ma ying long she xiang zhi chuang gao	4
马拉硫磷	ma la liu lin	19
马方综合征	ma fang zong he zheng	2
马普替林	ma pu ti lin	4
马来酸依那普利片	ma lai suan yi na pu li pian	4
马来酸依那普利胶囊	ma lai suan yi na pu li jiao nang	3
马来酸咪达唑仑	ma lai suan mi da zuo lun	3
马来酸咪达唑仑片	ma lai suan mi da zuo lun pian	3
马来酸多潘立酮	ma lai suan duo pan li tong	3
马来酸左旋氨氯地平片	ma lai suan zuo xuan an lv di ping pian	3
马来酸氟伏沙明片	ma lai suan fu fu sha ming pian	2
马来酸氨氯地平片	ma lai suan an lv di ping pian	1
马来酸氯苯那敏	ma lai suan lv ben na min	5
马来酸氯苯那敏注射液	ma lai suan lv ben na min zhu she ye	3
马来酸氯苯那敏片	ma lai suan lv ben na min pian	4
马来酸罗格列酮	ma lai suan luo ge lie tong	1
马来酸罗格列酮片	ma lai suan luo ge lie tong pian	4
马桑叶	ma sang ye	2
马槟榔	ma bin lang	5
马氏杆	ma shi gan	3
马蔺子素胶囊	ma lin zi su jiao nang	2
马蹄肾	ma ti shen	1
马钱子	ma qian zi	45
马钱子散	ma qian zi san	2
马钱子碱	ma qian zi jian	28
马钱苷	ma qian gan	1
驱白巴布期片	qu bai ba bu qi pian	3
驱虫斑鸠菊	qu chong ban jiu ju	1
驱虫消食片	qu chong xiao shi pian	1
驱蛔灵糖浆	qu hui ling tang jiang	3
驱风	qu feng	20
驱风油	qu feng you	4
驴胶补血冲剂	lv jiao bu xue chong ji	3
驴胶补血颗粒	lv jiao bu xue ke li	5
驼峰鼻	tuo feng bi	6
骨不愈合	gu bu yu he	1
骨伤医院	gu shang yi yuan	7
骨关节结核	gu guan jie jie he	3
骨刺平片	gu ci ping pian	3
骨刺消痛液	gu ci xiao tong ye	2
骨刺消痛胶囊	gu ci xiao tong jiao nang	3
骨力胶囊	gu li jiao nang	3
骨化三醇胶丸	gu hua san chun jiao wan	2
骨化中心	gu hua zhong xin	7
骨化性纤维瘤	gu hua xing xian wei liu	1
骨化性肌炎	gu hua xing ji yan	2
骨友灵巴布膏	gu you ling ba bu gao	3
骨友灵搽剂	gu you ling cha ji	3
骨囊肿	gu nang zhong	9
骨坏死	gu huai si	15
骨基质	gu ji zhi	18
骨外膜	gu wai mo	3
骨密度测定	gu mi du ce ding	6
骨密质	gu mi zhi	3
骨小梁	gu xiao liang	5
骨巨细胞瘤	gu ju xi bao liu	2
骨康胶囊	gu kang jiao nang	4
骨性	gu xing	10
骨性标志	gu xing biao zhi	3
骨性结合	gu xing jie he	4
骨性联结	gu xing lian jie	2
骨愈灵胶囊	gu yu ling jiao nang	3
骨扫描	gu sao miao	3
骨折不愈合	gu zhe bu yu he	1
骨折愈合	gu zhe yu he	16
骨折畸形愈合	gu zhe ji xing yu he	5
骨折病	gu zhe bing	3
骨松质	gu song zhi	4
骨样骨瘤	gu yang gu liu	2
骨水泥	gu shui ni	28
骨溶解症	gu rong jie zheng	2
骨炎	gu yan	9
骨炎灵片	gu yan ling pian	2
骨瓜提取物注射液	gu gua ti qu wu zhu she ye	3
骨疏康胶囊	gu shu kang jiao nang	2
骨疏康颗粒	gu shu kang ke li	4
骨痂	gu jia	6
骨病	gu bing	25
骨痛	gu tong	42
骨痹	gu bi	1
骨瘤	gu liu	48
骨皮质	gu pi zhi	6
骨盆倾斜度	gu pen qing xie du	2
骨盆测量	gu pen ce liang	3
骨盆狭窄	gu pen xia zhai	2
骨盆骨折	gu pen gu zhe	19
骨盐	gu yan	2
骨硬化病	gu ying hua bing	2
骨科学	gu ke xue	19
骨移植	gu yi zhi	10
骨筋丸胶囊	gu jin wan jiao nang	4
骨筋膜室综合征	gu jin mo shi zong he zheng	4
骨筋膜室综合症	gu jin mo shi zong he zheng	4
骨管	gu guan	15
骨纤维异常增殖症	gu xian wei yi chang zeng zhi zheng	5
骨肌	gu ji	4
骨肽注射液	gu tai zhu she ye	3
骨胶原	gu jiao yuan	12
骨膜反应	gu mo fan ying	1
骨膜增生厚皮症	gu mo zeng sheng hou pi zheng	2
骨蒸潮热	gu zheng chao re	2
骨血管瘤	gu xue guan liu	2
骨质破坏	gu zhi po huai	5
骨赘	gu zhui	23
骨转移	gu zhuan yi	16
骨软骨瘤	gu ruan gu liu	7
骨通贴膏	gu tong tie gao	1
骨重建	gu chong jian	4
骨钙素	gu gai su	3
骨风宁胶囊	gu feng ning jiao nang	2
骨骺炎	gu hou yan	1
骨骼风痛片	gu ge feng tong pian	4
骨髓增生异常综合征	gu sui zeng sheng yi chang zong he zheng	8
骨髓瘤	gu sui liu	36
骨髓瘤细胞	gu sui liu xi bao	5
骨髓穿刺术	gu sui chuan ci shu	5
骨髓纤维化	gu sui xian wei hua	13
骨髓腔	gu sui qiang	11
骨髓象	gu sui xiang	1
骰骨	tou gu	10
骶尾部挫伤	di wei bu cuo shang	4
骶棘肌	di ji ji	1
骶椎腰化	di zhui yao hua	2
骶管裂孔	di guan lie kong	2
骶角	di jiao	2
骶骨骨折	di gu gu zhe	2
骶髂关节	di qia guan jie	6
骶髂关节炎	di qia guan jie yan	1
髀关穴	bi guan xue	2
髁突	ke tu	14
髂内动脉	qia nei dong mai	3
髂内静脉	qia nei jing mai	1
髂前上棘	qia qian shang ji	20
髂后上棘	qia hou shang ji	1
髂外动脉	qia wai dong mai	2
髂嵴	qia ji	6
髂总静脉	qia zong jing mai	11
髂窝脓肿	qia wo nong zhong	3
髂肌	qia ji	10
髂胫束	qia jing shu	1
髂腰肌	qia yao ji	5
髂骨致密性骨炎	qia gu zhi mi xing gu yan	2
髋关节炎	kuan guan jie yan	3
髋关节脱位	kuan guan jie tuo wei	2
髋离断假肢	kuan li duan jia zhi	3
髋肌	kuan ji	5
髋臼骨折	kuan jiu gu zhe	7
髌韧带	bin ren dai	2
髌骨骨折	bin gu gu zhe	4
髓内钉	sui nei ding	3
髓核	sui he	14
髓母细胞瘤	sui mu xi bao liu	8
髓腔	sui qiang	31
高乌甲素	gao wu jia su	2
高位截瘫	gao wei jie tan	15
高催乳素血症	gao cui ru su xue zheng	12
高出叶	gao chu ye	1
高危妊娠	gao wei ren shen	3
高压氧治疗	gao ya yang zhi liao	48
高压氧疗法	gao ya yang liao fa	3
高压灭菌器	gao ya mie jun qi	4
高压蒸汽灭菌	gao ya zheng qi mie jun	3
高原反应	gao yuan fan ying	43
高原性心脏病	gao yuan xing xin zang bing	6
高原性高血压	gao yuan xing gao xue ya	4
高原病	gao yuan bing	22
高原适应不全症	gao yuan shi ying bu quan zheng	3
高密度影	gao mi du ying	6
高密度脂蛋白胆固醇	gao mi du zhi dan bai dan gu chun	8
高尿酸血症	gao niao suan xue zheng	28
高干队	gao gan dui	8
高度近视	gao du jin shi	27
高弓足	gao gong zu	1
高效液相层析	gao xiao ye xiang ceng xi	16
高敏性	gao min xing	4
高树森	gao shu sen	4
高氟水	gao fu shui	3
高氧	gao yang	7
高氨血症	gao an xue zheng	4
高泌乳素血症	gao bi ru su xue zheng	2
高热惊厥	gao re jing jue	2
高甘油三酯血症	gao gan you san zhi xue zheng	2
高盐饮食	gao yan yin shi	2
高碘性甲状腺肿	gao dian xing jia zhuang xian zhong	5
高碳酸血症	gao tan suan xue zheng	21
高粘稠血症	gao nian chou xue zheng	2
高胡萝卜素血症	gao hu luo bo su xue zheng	1
高胰岛素血症	gao yi dao su xue zheng	37
高脂蛋白血症	gao zhi dan bai xue zheng	10
高脂血	gao zhi xue	2
高脂血症	gao zhi xue zheng	45
高苯丙氨酸血症	gao ben bing an suan xue zheng	4
高血压危象	gao xue ya wei xiang	16
高血压性心脏病	gao xue ya xing xin zang bing	14
高血压性脑病	gao xue ya xing nao bing	4
高血压速降丸	gao xue ya su jiang wan	2
高血压防治	gao xue ya fang zhi	4
高钙血症	gao gai xue zheng	19
高钠血症	gao na xue zheng	20
高钾血症	gao jia xue zheng	47
高铁血红蛋白血症	gao tie xue hong dan bai xue zheng	14
高锰酸钾外用片	gao meng suan jia wai yong pian	2
高镁血症	gao mei xue zheng	11
高频通气	gao pin tong qi	3
魄门	po men	2
鱼毒性	yu du xing	1
鱼石脂	yu shi zhi	2
鱼石脂软膏	yu shi zhi ruan gao	5
鱼精蛋白	yu jing dan bai	11
鱼肝油乳	yu gan you ru	3
鱼肝油酸钠	yu gan you suan na	3
鱼胆中毒	yu dan zhong du	6
鱼腥草注射液	yu xing cao zhu she ye	5
鱼腥草滴眼液	yu xing cao di yan ye	2
鱼腥草素	yu xing cao su	4
鱼腰	yu yao	2
鱼藤酮	yu teng tong	43
鱼金注射液	yu jin zhu she ye	3
鱼际	yu ji	20
鱼际穴	yu ji xue	4
鱼鳞病	yu lin bing	6
鲁南欣康	lu nan xin kang	2
鲁南贝特	lu nan bei te	1
鲑鱼降钙素	gui yu jiang gai su	3
鲑鱼降钙素注射液	gui yu jiang gai su zhu she ye	2
鲜竹沥	xian zhu li	5
鲨肝醇	sha gan chun	4
鲨肝醇片	sha gan chun pian	2
鳃裂瘘管	sai lie lou guan	2
鳖甲煎丸	bie jia jian wan	2
鳗钙	man gai	3
鳞屑	lin xie	38
鳞屑性睑缘炎	lin xie xing jian yuan yan	1
鸟分枝杆菌	niao fen zhi gan jun	5
鸟毒性	niao du xing	3
鸠尾	jiu wei	11
鸠尾穴	jiu wei xue	2
鸡尾酒疗法	ji wei jiu liao fa	38
鸡眼膏	ji yan gao	3
鸡蛋花	ji dan hua	38
鸡骨草	ji gu cao	24
鸡骨草胶囊	ji gu cao jiao nang	1
鸡鸣散	ji ming san	1
鸣管	ming guan	18
鸦胆子	ya dan zi	14
鸦胆子油	ya dan zi you	2
鸦胆子油乳注射液	ya dan zi you ru zhu she ye	3
鸦胆子油口服乳液	ya dan zi you kou fu ru ye	3
鸦胆子油软胶囊	ya dan zi you ruan jiao nang	3
鹅不食草	e bu shi cao	7
鹅去氧胆酸	e qu yang dan suan	12
鹅口疮	e kou chuang	39
鹅管石	e guan shi	3
鹤草芽	he cao ya	2
鹤草酚	he cao fen	3
鹰钩鼻	ying gou bi	30
鹿尾鞭酒	lu wei bian jiu	3
鹿瓜多肽注射液	lu gua duo tai zhu she ye	2
鹿筋壮骨酒	lu jin zhuang gu jiu	2
鹿茸参鞭酒	lu rong shen bian jiu	5
鹿茸口服液	lu rong kou fu ye	2
鹿茸洋参片	lu rong yang shen pian	4
鹿角片	lu jiao pian	4
鹿角霜	lu jiao shuang	6
鹿鞭回春胶囊	lu bian hui chun jiao nang	3
鹿鞭补酒	lu bian bu jiu	4
鹿首安神颗粒	lu shou an shen ke li	3
麝香保心丸	she xiang bao xin wan	1
麝香壮骨膏	she xiang zhuang gu gao	5
麝香心脑乐片	she xiang xin nao le pian	3
麝香心脑乐胶囊	she xiang xin nao le jiao nang	2
麝香心脑通胶囊	she xiang xin nao tong jiao nang	4
麝香抗栓丸	she xiang kang shuan wan	4
麝香接骨胶囊	she xiang jie gu jiao nang	5
麝香海马追风膏	she xiang hai ma zhui feng gao	3
麝香狗皮膏	she xiang gou pi gao	2
麝香痔疮栓	she xiang zhi chuang shuan	1
麝香祛痛搽剂	she xiang qu tong cha ji	2
麝香祛痛气雾剂	she xiang qu tong qi wu ji	2
麝香舒活精	she xiang shu huo jing	3
麝香草	she xiang cao	21
麝香跌打风湿膏	she xiang die da feng shi gao	2
麝香追风膏	she xiang zhui feng gao	4
麝香酮	she xiang tong	16
麝香镇痛膏	she xiang zhen tong gao	3
麝香风湿胶囊	she xiang feng shi jiao nang	4
麦克罗辛	mai ke luo xin	3
麦味地黄丸	mai wei di huang wan	3
麦味地黄口服液	mai wei di huang kou fu ye	3
麦氏点	mai shi dian	6
麦白霉素片	mai bai mei su pian	3
麦粒肿	mai li zhong	25
麦芽汁	mai ya zhi	20
麦角新碱	mai jiao xin jian	19
麦角胺	mai jiao an	29
麦角胺咖啡因	mai jiao an ka fei yin	4
麦角胺咖啡因片	mai jiao an ka fei yin pian	1
麦迪霉素	mai di mei su	9
麦迪霉素片	mai di mei su pian	3
麦门冬汤	mai men dong tang	2
麻仁丸	ma ren wan	3
麻仁润肠丸	ma ren run chang wan	5
麻仁润肠软胶囊	ma ren run chang ruan jiao nang	2
麻仁滋脾丸	ma ren zi pi wan	3
麻仁胶囊	ma ren jiao nang	3
麻仁软胶囊	ma ren ruan jiao nang	3
麻叶	ma ye	7
麻子仁丸	ma zi ren wan	2
麻杏止咳片	ma xing zhi ke pian	4
麻杏止咳糖浆	ma xing zhi ke tang jiang	4
麻杏石甘汤	ma xing shi gan tang	2
麻疹减毒活疫苗	ma zhen jian du huo yi miao	4
麻痹性斜视	ma bi xing xie shi	1
麻痹性痴呆	ma bi xing chi dai	4
麻痹性肠梗阻	ma bi xing chang geng zu	3
麻醉机	ma zui ji	7
麻醉诱导	ma zui you dao	4
麻风分枝杆菌	ma feng fen zhi gan jun	7
麻黄根	ma huang gen	7
麻黄汤	ma huang tang	34
麻黄浸膏	ma huang jin gao	2
麻黄碱苯海拉明	ma huang jian ben hai la ming	3
麻黄碱苯海拉明片	ma huang jian ben hai la ming pian	3
麻黄附子细辛汤	ma huang fu zi xi xin tang	1
黄世杰	huang shi jie	40
黄体化激素	huang ti hua ji su	14
黄体生成素	huang ti sheng cheng su	45
黄体血肿	huang ti xue zhong	2
黄体酮注射液	huang ti tong zhu she ye	4
黄体酮胶丸	huang ti tong jiao wan	2
黄体酮胶囊	huang ti tong jiao nang	4
黄嘌呤氧化酶	huang piao ling yang hua mei	36
黄宽	huang kuan	4
黄尿酸	huang niao suan	1
黄斑中心凹	huang ban zhong xin ao	4
黄斑出血	huang ban chu xue	6
黄斑前膜	huang ban qian mo	5
黄斑变性	huang ban bian xing	17
黄斑水肿	huang ban shui zhong	12
黄斑裂孔	huang ban lie kong	6
黄曲霉毒素	huang qu mei du su	25
黄杨宁片	huang yang ning pian	2
黄柏胶囊	huang bo jiao nang	2
黄栀花口服液	huang zhi hua kou fu ye	3
黄根	huang gen	7
黄氏响声丸	huang shi xiang sheng wan	3
黄热减毒活疫苗	huang re jian du huo yi miao	3
黄热病毒	huang re bing du	15
黄甲	huang jia	8
黄疸型肝炎	huang dan xing gan yan	2
黄瘤病	huang liu bing	3
黄皮	huang pi	10
黄竹斋	huang zhu zhai	11
黄素腺嘌呤二核苷酸	huang su xian piao ling er he gan suan	3
黄胸鼠	huang xiong shu	12
黄色瘤	huang se liu	6
黄色素细胞	huang se su xi bao	10
黄芩提取物	huang qin ti qu wu	2
黄芩汤	huang qin tang	4
黄芩素	huang qin su	29
黄芩素铝胶囊	huang qin su lv jiao nang	3
黄芩苷	huang qin gan	9
黄芪多糖	huang qi duo tang	1
黄芪建中汤	huang qi jian zhong tang	4
黄芪桂枝五物汤	huang qi gui zhi wu wu tang	4
黄芪注射液	huang qi zhu she ye	2
黄芪生脉饮	huang qi sheng mai yin	3
黄芪甲苷	huang qi jia gan	3
黄芪精	huang qi jing	1
黄芪精口服液	huang qi jing kou fu ye	4
黄芪颗粒	huang qi ke li	3
黄芫花	huang yuan hua	1
黄荆子	huang jing zi	1
黄药子	huang yao zi	3
黄萱益肝散	huang xuan yi gan san	4
黄葵胶囊	huang kui jiao nang	3
黄藤素片	huang teng su pian	4
黄藤素胶囊	huang teng su jiao nang	2
黄豆苷元	huang dou gan yuan	3
黄豆苷元片	huang dou gan yuan pian	5
黄连上清丸	huang lian shang qing wan	2
黄连上清片	huang lian shang qing pian	1
黄连上清胶囊	huang lian shang qing jiao nang	3
黄连清胃丸	huang lian qing wei wan	2
黄连羊肝丸	huang lian yang gan wan	4
黄连胶囊	huang lian jiao nang	2
黄连解毒丸	huang lian jie du wan	3
黄连解毒汤	huang lian jie du tang	1
黄连阿胶汤	huang lian e jiao tang	2
黄金搭档	huang jin da dang	36
黄金视宝	huang jin shi bao	2
黄韧带	huang ren dai	1
黄骨髓	huang gu sui	6
黄龙汤	huang long tang	4
黏液囊肿	nian ye nang zhong	4
黑头粉刺	hei tou fen ci	3
黑尿热	hei niao re	1
黑桃皇后	hei tao huang hou	40
黑棘皮病	hei ji pi bing	2
黑甲	hei jia	3
黑疸	hei dan	2
黑皮病	hei pi bing	1
黑种草子	hei zhong cao zi	2
黑穗病	hei sui bing	25
黑素体	hei su ti	11
黑线姬鼠	hei xian ji shu	20
黑老虎	hei lao hu	6
黑色素沉着	hei se su chen zhuo	1
黑色素痣	hei se su zhi	6
黑蒙	hei meng	7
黑蚂蚁	hei ma yi	12
黑豆馏油软膏	hei dou liu you ruan gao	3
黑骨藤追风活络胶囊	hei gu teng zhui feng huo luo jiao nang	3
黛力新	dai li xin	5
黛蛤散	dai ge san	2
鼓室成形术	gu shi cheng xing shu	1
鼓室硬化症	gu shi ying hua zheng	3
鼓槌体	gu chui ti	2
鼓膜修补术	gu mo xiu bu shu	1
鼓膜充血	gu mo chong xue	5
鼓膜炎	gu mo yan	7
鼓膜穿孔	gu mo chuan kong	15
鼠神经生长因子	shu shen jing sheng zhang yin zi	3
鼠药	shu yao	46
鼻中隔	bi zhong ge	43
鼻中隔偏曲	bi zhong ge pian qu	3
鼻中隔成形术	bi zhong ge cheng xing shu	2
鼻中隔溃疡	bi zhong ge kui yang	1
鼻中隔矫正术	bi zhong ge jiao zheng shu	1
鼻中隔穿孔	bi zhong ge chuan kong	2
鼻中隔脓肿	bi zhong ge nong zhong	2
鼻中隔软骨	bi zhong ge ruan gu	7
鼻内镜检查	bi nei jing jian cha	4
鼻再造术	bi zai zao shu	3
鼻前庭	bi qian ting	9
鼻前庭炎	bi qian ting yan	2
鼻咽炎	bi yan yan	11
鼻唇沟	bi chun gou	22
鼻干	bi gan	2
鼻息肉	bi xi rou	19
鼻息肉摘除术	bi xi rou zhai chu shu	2
鼻成形术	bi cheng xing shu	2
鼻损伤	bi sun shang	2
鼻整形术	bi zheng xing shu	4
鼻根	bi gen	33
鼻梅毒	bi mei du	2
鼻横沟	bi heng gou	3
鼻沟	bi gou	6
鼻泪管	bi lei guan	15
鼻渊	bi yuan	12
鼻渊糖浆	bi yuan tang jiang	2
鼻渊舒口服液	bi yuan shu kou fu ye	2
鼻渊通窍颗粒	bi yuan tong qiao ke li	2
鼻溢液	bi yi ye	2
鼻炎喷剂	bi yan pen ji	4
鼻炎宁胶囊	bi yan ning jiao nang	4
鼻炎宁颗粒	bi yan ning ke li	2
鼻炎康片	bi yan kang pian	6
鼻炎灵	bi yan ling	4
鼻炎灵片	bi yan ling pian	3
鼻炎片	bi yan pian	5
鼻煽	bi shan	3
鼻甲肥大	bi jia fei da	2
鼻疽	bi ju	40
鼻病	bi bing	10
鼻病毒	bi bing du	47
鼻病毒感染	bi bing du gan ran	4
鼻窦囊肿	bi dou nang zhong	3
鼻窦恶性肿瘤	bi dou e xing zhong liu	3
鼻窦炎口服液	bi dou yan kou fu ye	2
鼻端出火	bi duan chu huo	2
鼻翼缺损修复术	bi yi que sun xiu fu shu	2
鼻背动脉	bi bei dong mai	3
鼻腔冲洗	bi qiang chong xi	7
鼻腔异物	bi qiang yi wu	6
鼻腔恶性肿瘤	bi qiang e xing zhong liu	1
鼻舒适片	bi shu shi pian	2
鼻衄	bi nv	17
鼻通宁滴剂	bi tong ning di ji	2
鼻通滴鼻剂	bi tong di bi ji	2
鼻部囊肿	bi bu nang zhong	2
鼻饲法	bi si fa	3
鼻骨骨折	bi gu gu zhe	31
鼻高	bi gao	5
鼻鼾	bi han	10
鼾症	han zheng	9
齐一说	qi yi shuo	2
齐墩果酸	qi dun guo suan	18
齐墩果酸胶囊	qi dun guo suan jiao nang	3
齐多拉米双夫定片	qi duo la mi shuang fu ding pian	1
齿衄	chi nv	3
齿髓	chi sui	7
齿龈出血	chi yin chu xue	5
龈下刮治术	yin xia gua zhi shu	2
龈交穴	yin jiao xue	5
龈沟液	yin gou ye	1
龈炎	yin yan	1
龋病	qu bing	2
龋病学	qu bing xue	2
龙枣胶囊	long zao jiao nang	4
龙牙肝泰胶囊	long ya gan tai jiao nang	2
龙牡壮骨颗粒	long mu zhuang gu ke li	3
龙珠软膏	long zhu ruan gao	3
龙眼蜜	long yan mi	8
龙线虫病	long xian chong bing	23
龙胆泻肝丸	long dan xie gan wan	1
龙胆泻肝口服液	long dan xie gan kou fu ye	3
龙胆泻肝汤	long dan xie gan tang	5
龙胆泻肝片	long dan xie gan pian	2
龙胆泻肝胶囊	long dan xie gan jiao nang	3
龙胆泻肝软胶囊	long dan xie gan ruan jiao nang	3
龙胆碳酸氢钠	long dan tan suan qing na	2
龙胆紫溶液	long dan zi rong ye	4
龙胆花	long dan hua	11
龙胆苦苷	long dan ku gan	2
龙胆草	long dan cao	15
龙血竭	long xue jie	1
龙血竭片	long xue jie pian	3
龙血竭胶囊	long xue jie jiao nang	4
龙金通淋胶囊	long jin tong lin jiao nang	3
龙骨颈椎胶囊	long gu jing zhui jiao nang	3
龙鼓水道	long gu shui dao	42
龙齿	long chi	4
龚仁心	gong ren xin	35
龟头炎	gui tou yan	14
龟甲胶	gui jia jiao	6
龟鳖丸	gui bie wan	4
龟鹿二仙膏	gui lu er xian gao	2
龟鹿二胶丸	gui lu er jiao wan	2
